{"type":"FeatureCollection","features":[{"type":"Feature","properties":{},"geometry":{"type":"LineString","coordinates":[[79.004,33.772],[79.038,33.634],[78.911,33.608],[78.937,33.408],[78.812,33.526],[78.812,33.82],[78.732,34.043],[78.772,34.108],[78.989,34.207],[78.987,34.347],[78.691,34.531],[78.369,34.593],[78.309,34.643],[78.154,35.062],[78.024,35.274],[78.062,35.424],[78.006,35.517],[77.928,35.473],[77.788,35.505],[77.701,35.461],[77.431,35.472],[77.308,35.535],[76.932,35.592],[76.59,35.757],[76.564,35.913],[76.332,35.811],[76.172,35.817],[76.124,35.978],[75.973,36.012],[75.926,36.077],[76.041,36.238],[75.991,36.314],[76.005,36.459],[75.855,36.667],[75.639,36.764],[75.449,36.733],[75.377,36.925],[75.138,37.002],[74.96,36.98],[74.895,36.912],[74.824,37.02],[74.691,37.063],[74.546,37.033],[74.401,37.139],[74.392,37.175],[74.479,37.179],[74.522,37.239],[74.651,37.235],[74.743,37.303],[74.811,37.221],[74.936,37.24],[75.188,37.407],[74.949,37.563],[74.903,37.647],[74.991,37.784],[74.903,37.847],[74.937,37.889],[74.914,38.018],[74.815,38.079],[74.794,38.306],[74.865,38.389],[74.857,38.47],[74.355,38.674],[74.134,38.673],[74.061,38.605],[74.069,38.537],[73.942,38.539],[73.818,38.608],[73.704,38.875],[73.853,38.969],[73.617,39.232],[73.67,39.344],[73.655,39.438],[73.854,39.478],[73.956,39.598],[73.845,39.806],[73.994,40.046],[74.198,40.114],[74.362,40.099],[74.731,40.34],[74.884,40.328],[74.809,40.423],[74.86,40.519],[75.059,40.448],[75.226,40.447],[75.578,40.648],[75.697,40.445],[75.661,40.398],[75.697,40.299],[75.929,40.306],[76.068,40.396],[76.194,40.378],[76.278,40.454],[76.346,40.35],[76.5,40.443],[76.639,40.609],[76.65,40.745],[76.79,40.858],[76.782,40.941],[76.874,41.014],[77.058,41.049],[77.506,40.986],[77.855,41.069],[78.081,41.041],[78.374,41.276],[78.376,41.379],[78.683,41.538],[79.309,41.791],[79.432,41.782],[79.663,41.884],[79.779,41.887],[79.879,42.016],[80.276,42.06],[80.232,42.194],[80.294,42.252],[80.169,42.656],[80.273,42.827],[80.579,42.891],[80.384,43.034],[80.646,43.141],[80.779,43.11],[80.817,43.156],[80.769,43.289],[80.661,43.329],[80.736,43.479],[80.363,44.125],[80.4,44.258],[80.349,44.45],[80.407,44.602],[80.375,44.656],[80.521,44.733],[80.262,44.824],[80.015,44.794],[79.865,44.896],[80.113,45.038],[81.054,45.166],[81.688,45.351],[81.798,45.306],[81.816,45.201],[81.948,45.158],[82.297,45.238],[82.482,45.128],[82.562,45.129],[82.638,45.251],[82.647,45.436],[82.362,45.496],[82.318,45.571],[82.511,45.902],[82.573,46.173],[83.015,46.96],[83.041,47.212],[83.163,47.224],[83.923,46.974],[84.678,46.993],[84.779,46.932],[84.759,46.826],[84.964,46.864],[85.226,47.043],[85.523,47.061],[85.577,47.181],[85.696,47.225],[85.705,47.371],[85.609,47.499],[85.622,47.621],[85.536,47.943],[85.759,48.388],[86.231,48.425],[86.344,48.495],[86.596,48.536],[86.783,48.728],[86.759,48.794],[86.821,48.847],[86.731,48.972],[86.875,49.111],[87.168,49.133],[87.447,49.078],[87.525,49.129],[87.841,49.173],[87.841,49.046],[87.899,49.002],[87.759,48.882],[87.841,48.795],[88.089,48.706],[87.969,48.608],[87.983,48.569],[88.523,48.403],[88.595,48.344],[88.618,48.206],[88.834,48.11],[88.941,48.113],[89.078,47.996],[89.558,48.042],[89.782,47.828],[90.074,47.886],[90.134,47.738],[90.376,47.66],[90.351,47.619],[90.513,47.385],[90.49,47.322],[90.711,47.042],[90.917,46.948],[90.947,46.823],[91.044,46.722],[91.02,46.6],[91.072,46.573],[90.92,46.303],[91.031,46.029],[90.719,45.736],[90.674,45.495],[90.777,45.436],[90.816,45.301],[90.895,45.258],[90.89,45.197],[91.134,45.214],[91.278,45.135],[91.383,45.118],[91.462,45.159],[91.559,45.076],[91.701,45.062],[92.068,45.083],[92.239,45.016],[92.489,45.003],[92.883,45.046],[93.531,44.962],[94.214,44.664],[94.363,44.519],[94.607,44.451],[94.724,44.349],[95.021,44.257],[95.411,44.296],[95.336,44.021],[95.54,43.993],[95.863,43.421],[95.881,43.279],[96.357,42.907],[96.383,42.731],[97.172,42.798],[98.221,42.646],[99.498,42.571],[99.986,42.654],[100.255,42.641],[100.315,42.691],[100.836,42.678],[101.815,42.51],[102.077,42.233],[102.443,42.151],[102.713,42.161],[103.416,41.887],[103.863,41.802],[104.527,41.877],[104.524,41.664],[104.93,41.652],[105.012,41.581],[105.227,41.75],[105.573,41.887],[106.782,42.296],[107.263,42.36],[107.277,42.411],[107.472,42.466],[107.571,42.41],[108.248,42.463],[108.845,42.4],[109,42.458],[109.314,42.43],[109.518,42.457],[109.878,42.624],[110.108,42.646],[110.441,42.778],[110.99,43.317],[111.436,43.489],[111.59,43.499],[111.784,43.673],[111.958,43.692],[111.96,43.835],[111.808,43.996],[111.675,44.051],[111.421,44.383],[111.785,45.001],[111.981,45.092],[112.427,45.08],[112.608,44.926],[112.853,44.846],[113.638,44.745],[113.917,44.923],[114.08,44.941],[114.462,45.212],[114.545,45.389],[114.736,45.442],[114.938,45.383],[115.702,45.459],[116.031,45.686],[116.213,45.724],[116.282,45.807],[116.234,45.888],[116.29,45.991],[116.586,46.296],[116.842,46.394],[117.371,46.364],[117.444,46.528],[117.421,46.578],[117.599,46.612],[117.717,46.514],[118.31,46.737],[118.766,46.683],[118.869,46.773],[118.918,46.72],[118.991,46.75],[119.074,46.672],[119.363,46.614],[119.714,46.599],[119.928,46.71],[119.926,46.909],[119.801,46.994],[119.725,47.169],[119.309,47.424],[119.339,47.483],[119.149,47.534],[119.125,47.665],[118.767,47.773],[118.558,47.995],[118.167,48.039],[117.801,48.011],[117.372,47.654],[117.111,47.814],[116.875,47.888],[116.47,47.839],[116.258,47.879],[115.937,47.687],[115.592,47.919],[115.543,48.142],[115.836,48.253],[115.811,48.521],[116.083,48.814],[116.062,48.873],[116.71,49.829],[116.609,49.934],[116.217,50.028],[115.747,49.883],[115.403,49.9],[114.854,50.228],[114.313,50.284],[113.868,50.084],[113.586,50.016],[113.217,49.819],[113.101,49.679],[113.091,49.599],[112.767,49.501],[112.492,49.541],[111.964,49.407],[111.682,49.407],[111.498,49.349],[111.371,49.374],[110.956,49.191],[110.7,49.142],[110.401,49.255],[110.208,49.169],[109.544,49.233],[109.207,49.36],[108.555,49.336],[108.272,49.536],[108.072,49.59],[108.032,49.675],[107.949,49.678],[107.989,49.745],[107.978,49.946]]}},{"type":"Feature","properties":{},"geometry":{"type":"LineString","coordinates":[[-69.5,-17.505],[-69.491,-17.63],[-69.324,-17.805],[-69.299,-17.973],[-69.075,-18.022],[-69.15,-18.156],[-69.087,-18.233],[-69.03,-18.644],[-68.933,-18.883],[-68.979,-18.946],[-68.898,-19.067],[-68.439,-19.425],[-68.7,-19.73],[-68.543,-19.84],[-68.524,-19.916],[-68.574,-20.057],[-68.785,-20.098],[-68.71,-20.149],[-68.726,-20.231],[-68.668,-20.328],[-68.757,-20.407],[-68.693,-20.504],[-68.467,-20.629],[-68.565,-20.73],[-68.56,-20.891],[-68.421,-20.939],[-68.189,-21.297],[-68.189,-21.607],[-68.103,-21.753],[-68.085,-21.967],[-67.945,-22.102],[-67.948,-22.334],[-67.848,-22.549],[-67.876,-22.828],[-67.579,-22.901],[-67.184,-22.822],[-67.001,-23.003],[-67.336,-24.022],[-68.252,-24.396],[-68.308,-24.492],[-68.389,-24.502],[-68.444,-24.626],[-68.488,-24.602],[-68.565,-24.774],[-68.551,-24.866],[-68.458,-24.901],[-68.352,-25.117],[-68.502,-25.177],[-68.597,-25.441],[-68.398,-26.156],[-68.564,-26.301],[-68.584,-26.505],[-68.296,-26.891],[-68.316,-27.042],[-68.503,-27.075],[-68.582,-27.17],[-68.697,-27.107],[-68.811,-27.121],[-68.905,-27.367],[-69.007,-27.459],[-69.186,-27.966],[-69.3,-27.999],[-69.406,-28.209],[-69.476,-28.191],[-69.53,-28.312],[-69.655,-28.399],[-69.666,-28.573],[-69.745,-28.661],[-69.723,-28.803],[-69.795,-28.951],[-69.794,-29.099],[-69.908,-29.141],[-70.031,-29.3],[-69.906,-29.791],[-69.971,-30.084],[-69.85,-30.114],[-69.832,-30.191],[-69.944,-30.376],[-70.164,-30.365],[-70.134,-30.44],[-70.207,-30.505],[-70.327,-30.888],[-70.328,-30.958],[-70.255,-31.034],[-70.328,-31.04],[-70.414,-31.154],[-70.471,-31.098],[-70.561,-31.314],[-70.587,-31.567],[-70.43,-31.869],[-70.297,-31.884],[-70.234,-31.942],[-70.262,-32.044],[-70.38,-32.052],[-70.325,-32.138],[-70.317,-32.283],[-70.245,-32.309],[-70.239,-32.417],[-70.151,-32.486],[-70.149,-32.752],[-69.987,-32.879],[-70.035,-32.998],[-70.101,-33.03],[-70.099,-33.172],[-69.996,-33.302],[-69.913,-33.237],[-69.798,-33.286],[-69.775,-33.393],[-69.869,-33.552],[-69.885,-33.663],[-69.847,-33.717],[-69.906,-33.788],[-69.905,-33.952],[-69.849,-33.972],[-69.868,-34.139],[-69.812,-34.236],[-69.893,-34.286],[-70.049,-34.287],[-70.047,-34.409],[-70.314,-34.749],[-70.264,-34.798],[-70.362,-35.004],[-70.365,-35.154],[-70.567,-35.248],[-70.55,-35.297],[-70.419,-35.352],[-70.462,-35.383],[-70.397,-35.504],[-70.42,-35.644],[-70.338,-35.808],[-70.411,-35.887],[-70.371,-36.053],[-70.44,-36.154],[-70.575,-36.146],[-70.705,-36.271],[-70.708,-36.418],[-70.887,-36.401],[-70.936,-36.482],[-71.038,-36.486],[-71.046,-36.686],[-71.135,-36.687],[-71.185,-36.842],[-71.122,-36.947],[-71.2,-36.976],[-71.079,-37.104],[-71.197,-37.297],[-71.108,-37.465],[-71.18,-37.698],[-70.997,-38.071],[-70.971,-38.418],[-70.824,-38.568],[-70.926,-38.742],[-71.226,-38.803],[-71.401,-38.921],[-71.402,-39.327],[-71.541,-39.531],[-71.488,-39.593],[-71.599,-39.621],[-71.696,-39.584],[-71.674,-39.848],[-71.606,-39.913],[-71.673,-40.016],[-71.662,-40.094],[-71.789,-40.079],[-71.819,-40.202],[-71.664,-40.336],[-71.72,-40.428],[-71.791,-40.415],[-71.85,-40.628],[-71.951,-40.727],[-71.837,-40.959],[-71.899,-41.359],[-71.84,-41.575],[-71.918,-41.645],[-71.783,-41.871],[-71.726,-42.097],[-71.914,-42.178],[-72.012,-42.131],[-72.132,-42.282],[-72.048,-42.357],[-72.072,-42.43],[-72.026,-42.477],[-72.138,-42.581],[-72.102,-42.855],[-72.137,-43.009],[-72.053,-43.105],[-71.733,-43.188],[-71.743,-43.302],[-71.894,-43.323],[-71.947,-43.447],[-71.858,-43.462],[-71.87,-43.54],[-71.703,-43.596],[-71.695,-43.683],[-71.812,-43.749],[-71.737,-43.772],[-71.756,-43.826],[-71.647,-43.919],[-71.758,-44.072],[-71.852,-44.105],[-71.793,-44.319],[-71.855,-44.372],[-71.807,-44.407],[-71.204,-44.427],[-71.108,-44.54],[-71.197,-44.597],[-71.224,-44.745],[-71.282,-44.8],[-71.501,-44.743],[-71.85,-44.793],[-72.079,-44.769],[-72.063,-44.906],[-71.564,-44.986],[-71.454,-45.159],[-71.298,-45.293],[-71.506,-45.412],[-71.482,-45.502],[-71.736,-45.55],[-71.781,-45.649],[-71.759,-45.844],[-71.637,-45.892],[-71.602,-45.975],[-71.76,-46.114],[-71.906,-46.154],[-71.747,-46.243],[-71.669,-46.679],[-71.809,-46.784],[-71.94,-46.816],[-71.961,-46.95],[-71.905,-47.001],[-71.997,-47.061],[-71.861,-47.142],[-71.869,-47.222],[-72.032,-47.203],[-72.015,-47.274],[-72.084,-47.355],[-72.36,-47.47],[-72.306,-47.507],[-72.332,-47.602],[-72.536,-47.921],[-72.323,-48.076],[-72.287,-48.342],[-72.605,-48.482],[-72.564,-48.804],[-72.755,-48.928],[-72.988,-48.982],[-73.176,-49.215],[-73.083,-49.269],[-73.135,-49.306],[-73.465,-49.311],[-73.452,-49.386],[-73.531,-49.431],[-73.584,-49.538],[-73.51,-49.613],[-73.533,-49.69],[-73.444,-49.782],[-73.564,-49.925],[-73.467,-50.007],[-73.532,-50.141],[-73.279,-50.323],[-73.253,-50.562],[-73.173,-50.658],[-73.166,-50.753],[-73.052,-50.762],[-72.758,-50.619],[-72.63,-50.673],[-72.501,-50.603],[-72.294,-50.65],[-72.342,-50.744],[-72.242,-50.851],[-72.267,-51.017],[-72.398,-51.114],[-72.245,-51.244],[-72.309,-51.302],[-72.339,-51.476],[-72.439,-51.56],[-72.331,-51.587],[-72.286,-51.699],[-71.957,-51.856],[-71.962,-51.96],[-71.912,-51.998]]}},{"type":"Feature","properties":{},"geometry":{"type":"LineString","coordinates":[[28.899,-8.481],[28.962,-8.668],[28.861,-8.84],[28.623,-9.094],[28.372,-9.261],[28.521,-9.359],[28.512,-9.434],[28.574,-9.543],[28.618,-9.543],[28.586,-9.564],[28.628,-9.715],[28.696,-9.791],[28.626,-9.948],[28.625,-10.142],[28.569,-10.217],[28.628,-10.294],[28.632,-10.515],[28.7,-10.653],[28.553,-10.835],[28.358,-11.534],[28.496,-11.867],[28.742,-11.982],[29.031,-12.383],[29.257,-12.364],[29.494,-12.458],[29.528,-12.396],[29.447,-12.342],[29.481,-12.239],[29.806,-12.157],[29.801,-13.454],[29.638,-13.422],[29.621,-13.372],[29.686,-13.27],[29.583,-13.221],[29.203,-13.436],[29.142,-13.38],[29.016,-13.398],[28.962,-13.348],[28.925,-13.16],[28.845,-13.091],[28.819,-12.985],[28.674,-12.84],[28.561,-12.879],[28.494,-12.742],[28.532,-12.659],[28.342,-12.438],[27.981,-12.371],[27.963,-12.308],[27.866,-12.256],[27.66,-12.297],[27.566,-12.212],[27.46,-11.944],[27.233,-11.781],[27.205,-11.57],[27.032,-11.596],[27.047,-11.692],[26.973,-11.9],[26.729,-12.017],[26.443,-11.911],[26.314,-11.94],[26.005,-11.902],[25.875,-11.789],[25.739,-11.797],[25.649,-11.727],[25.513,-11.777],[25.495,-11.706],[25.36,-11.642],[25.289,-11.376],[25.345,-11.281],[25.332,-11.193],[24.745,-11.315],[24.521,-11.463],[24.313,-11.397],[24.41,-11.28],[24.398,-11.109],[24.318,-11.05],[24.143,-11.038],[24.132,-10.915],[23.998,-10.869],[23.864,-11.027],[23.476,-10.958],[23.085,-11.097],[22.864,-11.049],[22.717,-11.093],[22.53,-11.038],[22.48,-11.133],[22.239,-11.249],[22.246,-11.073],[22.164,-10.861],[22.322,-10.755],[22.264,-10.501],[22.314,-10.37],[22.207,-10.154],[22.16,-9.926],[22.025,-9.851],[21.875,-9.665],[21.791,-9.412],[21.855,-9.229],[21.833,-9.082],[21.94,-8.491],[21.859,-8.158],[21.754,-7.999],[21.86,-7.48],[21.784,-7.282],[20.542,-7.285],[20.543,-7.124],[20.631,-6.914],[20.333,-6.914],[20.311,-6.995],[19.542,-6.997],[19.566,-7.053],[19.49,-7.287],[19.536,-7.46],[19.468,-7.572],[19.375,-7.576],[19.373,-7.996],[18.795,-7.999],[18.768,-7.931],[18.531,-7.93],[18.526,-7.996],[18.125,-8.024],[18.118,-8.107],[18.007,-8.108],[17.899,-8.042],[17.624,-8.098],[17.528,-8.068],[17.543,-8.021],[17.309,-7.756],[17.288,-7.626],[17.148,-7.475],[17.181,-7.428],[17.101,-7.419],[17.094,-7.352],[16.998,-7.301],[16.946,-7.208],[16.921,-7.072],[16.969,-7.011],[16.739,-6.568],[16.688,-6.402],[16.725,-6.197],[16.614,-6.091],[16.58,-5.901],[16.32,-5.852],[14.959,-5.863],[14.596,-5.908],[14.037,-5.878],[13.98,-5.836],[13.452,-5.848],[13.341,-5.891],[13.181,-5.857]]}},{"type":"Feature","properties":{},"geometry":{"type":"LineString","coordinates":[[61.61,25.193],[61.704,25.677],[61.686,25.795],[61.776,25.819],[61.858,26.235],[62.124,26.318],[62.141,26.383],[62.278,26.354],[62.31,26.502],[62.435,26.566],[62.773,26.65],[63.181,26.634],[63.206,26.842],[63.291,26.892],[63.253,27.084],[63.342,27.123],[63.206,27.268],[62.933,27.213],[62.765,27.272],[62.84,27.474],[62.758,28],[62.781,28.267],[62.593,28.234],[62.405,28.417],[61.909,28.552],[61.581,28.881],[61.488,29.044],[61.511,29.089],[61.36,29.266],[61.359,29.384],[60.867,29.863],[61.809,30.839],[61.851,31.021],[61.771,31.318],[61.714,31.383],[60.844,31.498],[60.797,32.038],[60.858,32.235],[60.583,33.066],[60.591,33.163],[60.848,33.414],[60.854,33.49],[60.943,33.519],[60.666,33.568],[60.528,33.644],[60.505,33.739],[60.554,33.813],[60.507,34.134],[60.666,34.313],[60.915,34.32],[60.722,34.522],[60.971,34.644],[60.983,34.734],[61.065,34.813],[61.143,35.098],[61.104,35.279],[61.19,35.301],[61.289,35.626],[61.379,35.635],[61.406,35.564],[61.596,35.444],[61.803,35.411],[62.03,35.449],[62.259,35.298],[62.309,35.142],[62.465,35.289],[62.563,35.233],[62.722,35.255],[63.105,35.451],[63.095,35.626],[63.239,35.7],[63.13,35.775],[63.119,35.862],[63.343,35.857],[63.921,36.038],[64.064,36],[64.095,36.123],[64.181,36.171],[64.283,36.152],[64.337,36.225],[64.474,36.256],[64.624,36.447],[64.623,36.655],[64.798,36.929],[64.789,37.118],[65.073,37.244],[65.554,37.256],[65.651,37.356],[65.681,37.517],[65.781,37.571],[65.845,37.504],[66.29,37.325],[67.004,37.382],[67.246,37.184],[67.493,37.281],[67.564,37.214],[67.603,37.248],[67.744,37.225],[67.782,37.096],[67.886,37.061],[68.022,36.924],[68.187,37.021],[68.275,37.012],[68.295,37.108],[68.398,37.099],[68.412,37.148],[68.624,37.201],[68.664,37.275],[68.822,37.245],[68.831,37.327],[68.919,37.276],[68.888,37.339],[69,37.308],[69.125,37.163],[69.287,37.104],[69.451,37.225],[69.411,37.241],[69.38,37.451],[69.516,37.581],[69.899,37.615],[70.014,37.546],[70.162,37.54],[70.286,37.703],[70.161,37.934],[70.253,37.935],[70.464,38.112],[70.598,38.342],[70.686,38.375],[70.672,38.414],[70.93,38.431],[70.953,38.472],[71.363,38.249],[71.253,37.923],[71.335,37.888],[71.515,37.949],[71.592,37.903],[71.589,37.816],[71.529,37.764],[71.49,37.284],[71.429,37.076],[71.555,36.761],[71.677,36.676],[71.843,36.693],[72.306,36.979],[72.66,37.022],[72.794,37.227],[73.069,37.314],[73.151,37.401],[73.307,37.463],[73.776,37.435],[73.769,37.341],[73.62,37.263],[73.739,37.222],[74.197,37.339],[74.234,37.404],[74.364,37.429],[74.689,37.397],[74.914,37.239]]}},{"type":"Feature","properties":{},"geometry":{"type":"LineString","coordinates":[[12.094,50.323],[12.256,50.266],[12.327,50.168],[12.326,50.236],[12.519,50.394],[12.706,50.397],[12.819,50.454],[12.986,50.418],[13.027,50.5],[13.191,50.504],[13.248,50.588],[13.321,50.581],[13.38,50.641],[13.467,50.602],[13.556,50.708],[13.859,50.724],[13.908,50.791],[14.391,50.893],[14.404,50.933],[14.256,50.988],[14.306,51.053],[14.416,51.02],[14.506,51.048],[14.597,50.983],[14.567,50.918],[14.65,50.927],[14.619,50.858],[14.767,50.818],[14.828,50.866],[15.005,50.867],[15.021,50.968],[14.974,50.993],[15.022,51.028],[15.134,50.989],[15.173,51.019],[15.182,50.979],[15.295,50.954],[15.283,50.891],[15.38,50.779],[15.438,50.811],[15.695,50.737],[15.816,50.749],[15.871,50.67],[15.993,50.684],[16.01,50.602],[16.109,50.661],[16.37,50.644],[16.448,50.573],[16.204,50.426],[16.282,50.367],[16.362,50.377],[16.642,50.108],[16.725,50.099],[16.85,50.203],[17.03,50.229],[16.869,50.405],[16.89,50.439],[17.202,50.387],[17.442,50.248],[17.657,50.27],[17.726,50.318],[17.764,50.209],[17.605,50.169],[17.655,50.11],[17.75,50.102],[17.787,50.023],[17.875,49.979],[18.05,50.006],[18.042,50.059],[18.32,49.912],[18.577,49.914],[18.634,49.719],[18.81,49.674],[18.85,49.519],[18.979,49.5],[18.978,49.397],[19.201,49.409],[19.244,49.509],[19.466,49.61],[19.579,49.457],[19.652,49.451],[19.638,49.403],[19.79,49.407],[19.827,49.278],[19.771,49.206],[19.946,49.231],[20.081,49.175],[20.144,49.315],[20.308,49.343],[20.328,49.398],[20.567,49.378],[20.701,49.418],[20.916,49.296],[21.098,49.366],[21.049,49.405],[21.081,49.425],[21.613,49.437],[21.776,49.356],[21.833,49.385],[21.957,49.341],[22.038,49.211],[22.558,49.078]]}},{"type":"Feature","properties":{},"geometry":{"type":"LineString","coordinates":[[13.721,46.528],[14.08,46.49],[14.159,46.441],[14.428,46.446],[14.57,46.386],[14.594,46.438],[14.812,46.51],[14.871,46.616],[15.105,46.657],[15.496,46.617],[15.649,46.71],[15.85,46.723],[16.036,46.66],[15.986,46.831],[16.293,46.871],[16.351,46.841],[16.324,46.757],[16.426,46.692],[16.387,46.642],[16.533,46.508],[16.76,46.379],[16.838,46.38],[16.939,46.246],[17.158,46.178],[17.311,45.975],[17.577,45.941],[17.66,45.838],[17.863,45.768],[18.443,45.753],[18.571,45.807],[18.663,45.917],[18.803,45.887],[19.006,45.929],[19.102,46.025],[19.286,45.989],[19.56,46.172],[19.706,46.176],[19.801,46.128],[19.961,46.171],[20.201,46.151],[20.378,45.978],[20.592,45.894],[20.713,45.744],[20.801,45.764],[20.767,45.61],[20.824,45.533],[20.783,45.485],[21.049,45.316],[21.163,45.31],[21.514,45.151],[21.447,45.035],[21.367,45.008],[21.559,44.896],[21.369,44.867],[21.397,44.783],[21.588,44.763],[21.649,44.658],[21.994,44.636],[22.134,44.48],[22.314,44.664],[22.436,44.714],[22.717,44.602],[22.754,44.54],[22.59,44.549],[22.459,44.46],[22.567,44.308],[22.688,44.278],[22.693,44.214],[23.042,44.079],[23.003,44.018],[22.885,43.988],[22.843,43.905],[22.863,43.848],[22.967,43.817],[23.424,43.856],[24.18,43.685],[24.517,43.762],[24.706,43.715],[24.985,43.728],[25.416,43.625],[25.773,43.705],[26.144,43.986],[27.03,44.148],[27.276,44.133],[27.4,44.022],[27.656,44.043],[27.736,43.96],[27.919,44.006],[28.043,43.833],[28.258,43.764],[28.583,43.748]]}},{"type":"Feature","properties":{},"geometry":{"type":"LineString","coordinates":[[22.878,10.922],[23.009,10.699],[23.304,10.459],[23.669,9.867],[23.695,9.672],[23.623,9.535],[23.664,9.441],[23.652,9.28],[23.493,9.174],[23.449,9.025],[23.504,8.96],[23.583,8.989],[23.582,8.906],[23.498,8.778],[23.518,8.714],[24.244,8.696],[24.269,8.583],[24.166,8.478],[24.14,8.376],[24.177,8.316],[24.361,8.247],[24.46,8.271],[24.546,8.205],[24.804,8.193],[25.08,7.898],[25.186,7.902],[25.253,7.851],[25.296,7.65],[25.184,7.583],[25.207,7.498],[25.465,7.28],[25.814,7.147],[26.048,6.998],[26.101,6.841],[26.405,6.646],[26.289,6.469],[26.308,6.383],[26.524,6.221],[26.438,6.078],[26.514,6.11],[26.565,6.028],[26.809,5.98],[26.829,5.905],[27.001,5.863],[27.198,5.714],[27.234,5.588],[27.282,5.579],[27.236,5.419],[27.3,5.226],[27.458,5.084],[27.455,5.016],[27.534,4.926],[27.659,4.898],[27.707,4.79],[27.769,4.788],[27.788,4.601],[27.868,4.556],[28.033,4.561],[28.069,4.422],[28.116,4.448],[28.201,4.348],[28.336,4.351],[28.403,4.278],[28.651,4.424],[28.712,4.538],[28.777,4.562],[28.821,4.485],[29.013,4.498],[29.244,4.346],[29.433,4.526],[29.483,4.68],[29.615,4.656],[29.815,4.56],[29.795,4.379],[29.954,4.306],[29.945,4.244],[30.144,4.106],[30.209,3.959],[30.552,3.865],[30.563,3.611],[30.735,3.636],[30.768,3.683],[30.855,3.573],[30.85,3.499],[30.926,3.511],[30.934,3.406],[30.83,3.276],[30.764,3.067],[30.856,2.958],[30.879,2.85],[30.729,2.448],[30.827,2.442],[30.88,2.338],[30.971,2.412],[31.07,2.335],[31.05,2.304],[31.197,2.306],[31.203,2.229],[31.303,2.121],[31.037,1.766],[30.688,1.494],[30.456,1.213],[30.236,1.134],[30.219,0.996],[30.146,0.898],[29.961,0.826],[29.962,0.487],[29.858,0.367],[29.814,0.159],[29.773,0.172],[29.715,0.061],[29.628,-0.889],[29.578,-0.9],[29.566,-1.006],[29.597,-1.386],[29.734,-1.342],[29.803,-1.366],[29.841,-1.32],[29.908,-1.464],[29.975,-1.464],[30.171,-1.34],[30.359,-1.061],[30.641,-1.072],[30.751,-0.998],[34.021,-1.001],[37.603,-2.996],[37.675,-3.051],[37.72,-3.312],[37.608,-3.406],[37.614,-3.504],[37.738,-3.529],[37.782,-3.651],[39.204,-4.671]]}},{"type":"Feature","properties":{},"geometry":{"type":"LineString","coordinates":[[89.136,21.628],[89.032,21.789],[89.023,21.894],[89.069,21.926],[89.046,22.091],[89.097,22.143],[89.007,22.276],[88.998,22.466],[88.929,22.548],[88.971,22.847],[88.863,22.967],[88.87,23.088],[88.986,23.208],[88.721,23.252],[88.793,23.494],[88.749,23.467],[88.564,23.652],[88.603,23.862],[88.737,23.919],[88.753,24.03],[88.699,24.091],[88.739,24.245],[88.691,24.317],[88.498,24.321],[88.126,24.509],[88.044,24.677],[88.171,24.852],[88.138,24.921],[88.227,24.947],[88.338,24.867],[88.396,24.938],[88.463,25.08],[88.451,25.188],[88.806,25.166],[88.838,25.204],[88.941,25.166],[89.009,25.288],[88.844,25.363],[88.799,25.511],[88.694,25.468],[88.547,25.504],[88.451,25.594],[88.447,25.666],[88.28,25.802],[88.152,25.779],[88.111,25.836],[88.096,25.915],[88.183,26.034],[88.184,26.153],[88.351,26.22],[88.356,26.284],[88.457,26.369],[88.526,26.36],[88.483,26.461],[88.338,26.474],[88.409,26.632],[88.433,26.551],[88.616,26.466],[88.74,26.346],[88.672,26.265],[88.77,26.3],[88.849,26.232],[88.911,26.284],[89.051,26.239],[89.033,26.302],[88.918,26.368],[88.971,26.449],[89.126,26.336],[89.089,26.319],[89.153,26.138],[89.37,26.003],[89.409,26.027],[89.573,25.968],[89.636,26.071],[89.591,26.159],[89.678,26.225],[89.677,26.163],[89.739,26.156],[89.778,26.042],[89.856,25.988],[89.821,25.947],[89.866,25.936],[89.807,25.823],[89.864,25.641],[89.814,25.374],[89.845,25.289],[89.917,25.31],[90.438,25.147],[91.258,25.208],[91.482,25.139],[91.59,25.173],[91.649,25.127],[92.041,25.188],[92.332,25.079],[92.481,24.937],[92.497,24.889],[92.437,24.864],[92.248,24.896],[92.257,24.774],[92.191,24.565],[92.133,24.514],[92.135,24.414],[91.975,24.379],[91.989,24.319],[91.924,24.335],[91.897,24.153],[91.758,24.239],[91.734,24.148],[91.657,24.224],[91.612,24.102],[91.373,24.102],[91.367,24.004],[91.27,23.971],[91.223,23.764],[91.157,23.732],[91.207,23.513],[91.315,23.364],[91.34,23.105],[91.402,23.069],[91.378,23.207],[91.421,23.264],[91.614,22.943],[91.818,23.087],[91.769,23.274],[91.845,23.41],[91.964,23.497],[91.95,23.732],[92.031,23.645],[92.158,23.736],[92.212,23.652],[92.252,23.723],[92.289,23.696],[92.278,23.605],[92.384,23.278],[92.348,23.224],[92.375,22.942],[92.515,22.722],[92.606,22.163],[92.562,22.133],[92.669,21.297],[92.596,21.252],[92.554,21.374],[92.427,21.375],[92.363,21.473],[92.194,21.335],[92.201,21.141]]}},{"type":"Feature","properties":{},"geometry":{"type":"LineString","coordinates":[[38.598,17.993],[38.459,17.871],[38.258,17.533],[38.134,17.549],[38.111,17.481],[38.056,17.552],[37.917,17.447],[37.819,17.481],[37.736,17.377],[37.513,17.323],[37.517,17.187],[37.424,17.037],[37.307,17.061],[37.152,17.016],[36.996,17.074],[37.023,16.851],[36.896,16.518],[36.957,16.425],[36.973,16.269],[36.764,15.808],[36.698,15.753],[36.648,15.45],[36.543,15.235],[36.443,15.151],[36.545,14.261],[36.446,13.957],[36.487,13.839],[36.398,13.568],[36.249,13.368],[36.159,13.042],[36.143,12.708],[35.699,12.666],[35.381,12.161],[35.346,12.033],[35.236,11.901],[35.097,11.827],[35.058,11.721],[35.094,11.558],[34.964,11.257],[35.008,11.198],[34.933,10.957],[34.975,10.864],[34.864,10.735],[34.773,10.687],[34.773,10.746],[34.594,10.888],[34.44,10.784],[34.286,10.554],[34.348,10.232],[34.323,10.117],[34.231,10.03],[34.086,9.553],[34.121,8.577],[33.979,8.441],[33.853,8.426],[33.776,8.365],[33.626,8.471],[33.204,8.434],[33.161,8.362],[33.209,8.244],[33.166,8.197],[33.187,8.134],[33.105,8.093],[32.99,7.932],[33.05,7.794],[33.244,7.777],[33.338,7.713],[33.466,7.745],[33.718,7.659],[34.027,7.387],[34.023,7.247],[34.183,7.169],[34.199,7.055],[34.289,6.972],[34.469,6.918],[34.532,6.746],[34.702,6.682],[34.981,6.061],[34.986,5.878],[35.104,5.633],[35.29,5.508],[35.308,5.371],[35.356,5.35],[35.505,5.431],[35.836,5.319],[35.796,5.251],[35.831,5.154],[35.774,5.075],[35.774,4.799],[35.941,4.623],[35.951,4.521],[36.046,4.447],[36.888,4.435],[37.04,4.376],[38.121,3.612],[38.448,3.599],[38.529,3.654],[38.914,3.514],[39.085,3.534],[39.249,3.471],[39.329,3.502],[39.56,3.407],[39.595,3.501],[39.783,3.678],[39.867,3.869],[40.784,4.288],[41.161,3.946],[41.723,4.001],[41.844,3.948],[42.113,4.192],[42.86,4.307],[42.98,4.521],[43.164,4.671],[43.686,4.892],[43.982,4.963],[44.951,4.903],[46.617,6.677],[47.989,8.003],[46.995,8.006],[44.011,9.007],[43.628,9.354],[43.583,9.336],[43.438,9.419],[43.387,9.557],[43.275,9.646],[43.216,9.881],[43.077,9.931],[43.009,10.088],[42.853,10.215],[42.786,10.456],[42.663,10.633],[42.912,10.919],[43.254,11.477]]}},{"type":"Feature","properties":{},"geometry":{"type":"LineString","coordinates":[[34.962,29.361],[36.07,29.189],[36.501,29.503],[36.744,29.865],[37.503,30.002],[37.668,30.336],[38.001,30.504],[37.005,31.506],[39.005,32.006],[39.303,32.237],[38.795,33.378],[36.838,32.314],[36.4,32.382],[36.197,32.533],[36.082,32.517],[36.031,32.657],[35.929,32.722],[35.791,32.754],[35.644,32.69]]}},{"type":"Feature","properties":{},"geometry":{"type":"LineString","coordinates":[[101.148,21.571],[101.216,21.546],[101.194,21.413],[101.265,21.376],[101.228,21.312],[101.282,21.18],[101.569,21.248],[101.614,21.231],[101.608,21.18],[101.67,21.2],[101.785,21.143],[101.782,21.207],[101.851,21.249],[101.739,21.316],[101.748,21.478],[101.763,21.578],[101.833,21.621],[101.753,21.724],[101.785,21.825],[101.626,21.972],[101.574,22.109],[101.597,22.162],[101.539,22.24],[101.629,22.284],[101.691,22.472],[101.788,22.498],[101.879,22.382],[101.92,22.436],[102.027,22.455],[102.141,22.396],[102.251,22.413],[102.27,22.492],[102.415,22.633],[102.383,22.678],[102.484,22.774],[102.56,22.697],[102.61,22.723],[102.858,22.604],[102.929,22.482],[103.047,22.435],[103.171,22.547],[103.182,22.627],[103.28,22.673],[103.336,22.796],[103.433,22.742],[103.457,22.643],[103.528,22.584],[103.584,22.644],[103.567,22.707],[103.653,22.784],[103.965,22.499],[104.109,22.798],[104.266,22.829],[104.262,22.738],[104.37,22.686],[104.584,22.845],[104.604,22.81],[104.731,22.817],[104.861,22.937],[104.825,23.106],[104.882,23.116],[104.908,23.18],[105.241,23.261],[105.326,23.378],[105.554,23.16],[105.574,23.06],[105.724,23.048],[105.873,22.91],[105.987,22.936],[106.015,22.985],[106.135,22.989],[106.227,22.953],[106.282,22.859],[106.419,22.871],[106.52,22.935],[106.821,22.8],[106.713,22.587],[106.605,22.604],[106.554,22.454],[106.564,22.348],[106.658,22.324],[106.696,22.223],[106.683,21.969],[106.755,22.015],[106.933,21.928],[107.029,21.937],[107.02,21.822],[107.221,21.708],[107.301,21.731],[107.378,21.598],[107.454,21.658],[107.536,21.586],[107.786,21.667]]}},{"type":"Feature","properties":{},"geometry":{"type":"LineString","coordinates":[[-78.81,1.438],[-78.56,1.199],[-78.469,1.196],[-78.348,1.064],[-78.096,0.913],[-77.91,0.883],[-77.846,0.811],[-77.678,0.837],[-77.644,0.725],[-77.452,0.646],[-77.426,0.419],[-77.374,0.383],[-77.152,0.376],[-77.057,0.268],[-76.878,0.239],[-76.754,0.282],[-76.516,0.234],[-76.409,0.248],[-76.408,0.397],[-76.297,0.456],[-76.059,0.359],[-75.932,0.179],[-75.787,0.077],[-75.63,0.078],[-75.283,-0.108],[-75.215,-0.027],[-75.136,-0.049],[-74.891,-0.226],[-74.824,-0.169],[-74.759,-0.272],[-74.788,-0.316],[-74.64,-0.344],[-74.422,-0.544],[-74.382,-0.731],[-74.291,-0.833],[-74.346,-0.862],[-74.272,-0.972],[-74.106,-1.028],[-74.067,-0.992],[-74.035,-1.086],[-73.977,-1.073],[-73.857,-1.211],[-73.758,-1.189],[-73.592,-1.307],[-73.58,-1.414],[-73.498,-1.477],[-73.482,-1.554],[-73.528,-1.688],[-73.344,-1.8],[-73.252,-1.742],[-73.195,-1.786],[-73.114,-2.079],[-73.196,-2.222],[-73.147,-2.311],[-72.985,-2.34],[-72.939,-2.431],[-72.736,-2.374],[-72.709,-2.427],[-72.638,-2.335],[-72.397,-2.452],[-72.286,-2.441],[-72.268,-2.402],[-72.166,-2.41],[-72.066,-2.318],[-71.949,-2.329],[-71.741,-2.131],[-71.735,-2.19],[-71.664,-2.173],[-71.536,-2.23],[-71.513,-2.316],[-71.45,-2.258],[-71.42,-2.383],[-71.206,-2.349],[-71.11,-2.252],[-71.032,-2.271],[-71.02,-2.196],[-70.894,-2.217],[-70.704,-2.335],[-70.647,-2.454],[-70.576,-2.407],[-70.456,-2.497],[-70.351,-2.491],[-70.365,-2.559],[-70.283,-2.541],[-70.158,-2.671],[-70.1,-2.627],[-70.046,-2.721],[-70.725,-3.78],[-70.516,-3.861],[-70.323,-3.799],[-70.181,-3.938],[-70.126,-4.069],[-69.946,-4.224],[-69.461,-1.496],[-69.379,-1.35],[-69.38,-1.181],[-69.435,-0.994],[-69.529,-0.924],[-69.615,-0.751],[-69.573,-0.637],[-69.607,-0.517],[-69.928,-0.309],[-70.058,-0.157],[-70.045,0.586],[-69.798,0.6],[-69.678,0.679],[-69.608,0.646],[-69.464,0.74],[-69.35,0.637],[-69.294,0.668],[-69.287,0.621],[-69.209,0.616]]}},{"type":"Feature","properties":{},"geometry":{"type":"LineString","coordinates":[[7.589,47.585],[7.511,47.703],[7.624,47.973],[7.569,48.045],[7.579,48.12],[7.751,48.337],[7.831,48.642],[8.092,48.804],[8.228,48.964],[7.939,49.049],[7.652,49.045],[7.428,49.177],[7.288,49.111],[7.105,49.15],[7.044,49.112],[7.027,49.189],[6.931,49.221],[6.848,49.215],[6.839,49.155],[6.731,49.166],[6.541,49.426],[6.362,49.46],[6.359,49.574],[6.511,49.706],[6.524,49.809],[6.322,49.84],[6.173,49.952],[6.113,50.059],[6.138,50.17],[6.188,50.183],[6.173,50.233],[6.398,50.323],[6.345,50.379],[6.374,50.441],[6.354,50.488],[6.185,50.526],[6.271,50.621],[6.171,50.624],[6.108,50.723],[6.029,50.716],[5.978,50.798],[6.07,50.852],[6.08,50.916],[6.015,50.933],[6.022,50.979],[5.892,50.973],[5.864,51.044],[5.952,51.037],[6.17,51.158],[6.164,51.194],[6.084,51.172],[6.076,51.24],[6.223,51.364],[6.208,51.51],[6.094,51.604],[6.116,51.652],[5.955,51.739],[5.987,51.767],[5.948,51.825],[6.167,51.837],[6.11,51.893],[6.155,51.906],[6.404,51.828],[6.396,51.867],[6.746,51.906],[6.83,51.978],[6.692,52.067],[7.053,52.238],[7.066,52.386],[6.991,52.46],[6.761,52.46],[6.689,52.549],[6.759,52.565],[6.719,52.627],[6.764,52.651],[7.052,52.644],[7.07,52.815],[7.216,53.009],[7.193,53.316],[6.996,53.325],[6.896,53.452],[6.409,53.608]]}},{"type":"Feature","properties":{},"geometry":{"type":"LineString","coordinates":[[5.544,13.891],[6.161,13.643],[6.285,13.684],[6.423,13.605],[6.933,12.997],[7.091,12.995],[7.219,13.126],[7.38,13.1],[7.815,13.353],[8.122,13.304],[8.429,13.067],[8.542,13.075],[8.74,12.92],[8.985,12.847],[9.635,12.803],[9.93,13.133],[10.135,13.253],[10.724,13.386],[11.463,13.373],[11.82,13.273],[12.068,13.122],[12.478,13.057],[12.591,13.274],[12.801,13.366],[12.865,13.455],[12.843,13.487],[13.066,13.549],[13.205,13.528],[13.348,13.72],[13.625,13.718],[14.075,13.082],[14.199,12.501],[14.171,12.388],[14.214,12.348],[14.491,12.336],[14.612,12.179],[14.668,12.177],[14.619,12.036],[14.649,11.915],[14.558,11.715],[14.641,11.647],[14.618,11.506],[14.164,11.234],[14.004,11.283],[13.778,11.03],[13.768,10.932],[13.561,10.644],[13.462,10.172],[13.253,10.072],[13.231,9.866],[13.286,9.803],[13.239,9.579],[13.024,9.496],[12.848,9.36],[12.914,9.344],[12.918,9.276],[12.838,9.075],[12.794,8.766],[12.728,8.759],[12.688,8.661],[12.569,8.601],[12.386,8.613],[12.422,8.5],[12.254,8.408],[12.256,8.198],[12.199,8.087],[12.221,7.971],[12.037,7.725],[12.041,7.574],[11.75,7.271],[11.898,7.102],[11.588,6.892],[11.555,6.821],[11.581,6.719],[11.518,6.608],[11.437,6.591],[11.377,6.452],[11.124,6.438],[11.071,6.719],[10.883,6.828],[10.846,6.959],[10.62,7.054],[10.596,7.134],[10.513,6.878],[10.238,6.878],[10.165,7.021],[9.875,6.776],[9.796,6.802],[9.711,6.523],[9.612,6.522],[9.435,6.328],[9.363,6.326],[8.995,5.894],[8.939,5.905],[8.865,5.842],[8.889,5.781],[8.834,5.707],[8.922,5.595],[8.86,5.498],[8.825,5.189],[8.518,4.682]]}},{"type":"Feature","properties":{},"geometry":{"type":"LineString","coordinates":[[25.151,31.647],[25.042,31.5],[24.868,31.375],[24.869,31.156],[25.019,30.788],[24.929,30.511],[24.781,30.334],[24.706,30.156],[24.835,29.877],[24.813,29.784],[24.887,29.664],[24.878,29.506],[24.998,29.249],[25.001,19.999],[24.001,20.002],[24.002,19.5],[19.826,21.674],[15.996,23.498],[14.234,22.614],[13.544,23.168],[11.986,23.521],[11.559,24.302],[10.715,24.567],[10.422,24.477],[10.252,24.605],[10.219,24.751],[10.052,24.839],[10.037,25.323],[9.394,26.17],[9.499,26.357],[9.873,26.514],[9.932,26.862],[9.848,26.908],[9.734,27.316],[9.959,27.853],[9.789,28.255],[9.874,28.858],[9.766,29.429],[9.58,29.787],[9.302,30.123],[9.759,30.344],[9.882,30.348],[10.214,30.731],[10.291,30.914],[10.123,31.423],[10.139,31.51],[10.287,31.694],[10.514,31.748],[10.619,31.866],[10.625,31.971],[10.808,32.02],[10.883,32.139],[11.568,32.442],[11.575,32.517],[11.466,32.644],[11.526,33.173]]}},{"type":"Feature","properties":{},"geometry":{"type":"LineString","coordinates":[[87.843,49.171],[87.989,49.177],[88.162,49.272],[88.132,49.368],[88.221,49.462],[88.651,49.501],[88.731,49.451],[88.9,49.443],[88.888,49.544],[88.929,49.546],[89.003,49.463],[89.182,49.507],[89.231,49.537],[89.198,49.611],[89.227,49.638],[89.38,49.582],[89.46,49.65],[89.726,49.724],[89.651,49.795],[89.673,49.925],[89.985,49.972],[90.051,50.083],[90.502,50.223],[90.699,50.219],[90.748,50.298],[91.03,50.433],[91.448,50.471],[91.468,50.527],[91.788,50.695],[92.221,50.705],[92.384,50.875],[92.661,50.682],[92.76,50.713],[92.803,50.794],[92.975,50.791],[92.975,50.658],[93.104,50.597],[93.449,50.623],[94.275,50.569],[94.387,50.219],[94.516,50.161],[94.635,50.024],[94.976,50.056],[95.066,49.962],[95.423,49.956],[95.529,49.893],[95.817,50.022],[95.907,50.014],[95.96,49.944],[96.074,50.007],[96.379,49.894],[96.548,49.926],[96.601,49.864],[96.723,49.921],[96.997,49.894],[97.169,49.762],[97.341,49.734],[97.586,49.844],[97.594,49.928],[97.778,49.969],[97.864,49.933],[98.096,50.043],[98.29,50.294],[98.315,50.532],[98.063,50.631],[97.964,50.778],[98.013,50.856],[97.828,51.001],[97.959,51.223],[97.938,51.313],[98.057,51.453],[98.228,51.451],[98.335,51.718],[98.708,51.828],[98.93,52.144],[99.027,52.061],[99.323,51.948],[99.735,51.888],[99.947,51.751],[100.554,51.736],[101.274,51.521],[101.378,51.453],[101.575,51.488],[102.219,51.334],[102.154,51.245],[102.169,51.113],[102.258,50.981],[102.233,50.826],[102.356,50.723],[102.294,50.643],[102.328,50.569],[102.537,50.513],[102.613,50.414],[102.919,50.315],[103.245,50.303],[103.324,50.197],[103.454,50.206],[103.657,50.136],[103.821,50.199],[104.102,50.144],[104.25,50.176],[104.426,50.3],[105.116,50.395],[105.357,50.483],[105.989,50.411],[106.076,50.341],[106.253,50.298],[106.547,50.346],[106.738,50.326],[107.006,50.201],[107.078,50.085],[107.182,50.024],[107.984,49.944]]}},{"type":"Feature","properties":{},"geometry":{"type":"LineString","coordinates":[[38.49,-11.415],[38.235,-11.274],[37.952,-11.282],[37.864,-11.335],[37.792,-11.561],[37.458,-11.727],[37.126,-11.673],[37.026,-11.567],[36.83,-11.569],[36.678,-11.715],[36.562,-11.74],[36.49,-11.681],[36.19,-11.707],[36.163,-11.578],[35.838,-11.415],[35.704,-11.488],[35.653,-11.585],[35.57,-11.607],[35.419,-11.572],[34.626,-11.576],[34.614,-11.764],[34.368,-12.212],[34.524,-12.715],[34.566,-13.342],[34.658,-13.496],[34.866,-13.497],[35.095,-13.686],[35.877,-14.656],[35.881,-14.885],[35.924,-14.886],[35.8,-15.178],[35.867,-15.419],[35.814,-16.019],[35.709,-16.111],[35.537,-16.168],[35.403,-16.129],[35.288,-16.234],[35.245,-16.474],[35.137,-16.551],[35.278,-16.705],[35.308,-16.817],[35.291,-17.136],[35.084,-17.125],[35.053,-17.02],[35.139,-16.952],[35.144,-16.831],[35.038,-16.82],[34.925,-16.74],[34.594,-16.405],[34.57,-16.316],[34.447,-16.277],[34.424,-16.054],[34.256,-15.899],[34.263,-15.798],[34.425,-15.655],[34.437,-15.464],[34.59,-15.283],[34.566,-15.066],[34.606,-14.985],[34.522,-14.572],[34.359,-14.386],[34.097,-14.453],[34.074,-14.494],[33.921,-14.477],[33.826,-14.534],[33.724,-14.489],[33.678,-14.605],[33.479,-14.411],[33.304,-14.148],[33.292,-14.047],[33.162,-13.922],[33.028,-14.052],[32.899,-13.82],[32.775,-13.764],[32.833,-13.71],[32.786,-13.641],[32.68,-13.616],[32.691,-13.565],[32.832,-13.529],[32.941,-13.272],[33.02,-13.196],[32.986,-13.096],[33.034,-12.899],[32.968,-12.851],[32.959,-12.769],[33.046,-12.604],[33.15,-12.582],[33.192,-12.621],[33.28,-12.527],[33.371,-12.537],[33.546,-12.359],[33.484,-12.311],[33.374,-12.332],[33.273,-12.144],[33.331,-11.745],[33.314,-11.586],[33.231,-11.575],[33.244,-11.413],[33.293,-11.411],[33.412,-11.156],[33.299,-10.908],[33.251,-10.887],[33.344,-10.814],[33.511,-10.776],[33.703,-10.562],[33.568,-10.392],[33.555,-10.22],[33.324,-10.068],[33.39,-9.904],[33.361,-9.824],[33.239,-9.731],[33.207,-9.602],[33.118,-9.587],[33.093,-9.665],[33.061,-9.616],[32.993,-9.622],[33.017,-9.514],[32.948,-9.483],[32.946,-9.396],[32.998,-9.373],[33.193,-9.509],[33.314,-9.486],[33.438,-9.616],[33.756,-9.583],[33.919,-9.706],[33.957,-9.527],[34.039,-9.483],[34.325,-9.733],[34.523,-10.011],[34.583,-10.27],[34.576,-10.517],[34.676,-10.743],[34.593,-11.017],[34.615,-11.109],[34.71,-11.201],[34.764,-11.345],[34.891,-11.383],[34.963,-11.565]]}},{"type":"Feature","properties":{},"geometry":{"type":"LineString","coordinates":[[-67.701,-10.692],[-67.612,-10.532],[-67.418,-10.383],[-67.085,-10.275],[-66.634,-9.907],[-66.081,-9.775],[-66.036,-9.807],[-65.824,-9.756],[-65.803,-9.785],[-65.782,-9.732],[-65.57,-9.836],[-65.493,-9.719],[-65.39,-9.692],[-65.299,-9.843],[-65.337,-9.957],[-65.288,-10.209],[-65.448,-10.479],[-65.437,-10.625],[-65.38,-10.68],[-65.409,-10.799],[-65.325,-10.855],[-65.299,-10.973],[-65.334,-11.104],[-65.4,-11.164],[-65.361,-11.223],[-65.393,-11.266],[-65.326,-11.332],[-65.313,-11.493],[-65.231,-11.51],[-65.224,-11.583],[-65.169,-11.612],[-65.2,-11.744],[-65.149,-11.777],[-65.121,-11.694],[-65.064,-11.752],[-64.992,-12.008],[-64.812,-12.027],[-64.736,-12.153],[-64.691,-12.1],[-64.636,-12.201],[-64.485,-12.236],[-64.496,-12.368],[-64.281,-12.502],[-64.221,-12.476],[-64.154,-12.525],[-64.123,-12.495],[-63.934,-12.55],[-63.864,-12.472],[-63.678,-12.469],[-63.476,-12.564],[-63.331,-12.703],[-63.075,-12.65],[-62.998,-12.835],[-62.926,-12.852],[-62.779,-13.011],[-62.687,-12.967],[-62.644,-13.034],[-62.474,-13.069],[-62.385,-13.146],[-62.16,-13.118],[-62.112,-13.152],[-62.11,-13.261],[-61.874,-13.452],[-61.834,-13.545],[-61.594,-13.507],[-61.493,-13.553],[-61.338,-13.488],[-61.161,-13.527],[-61.06,-13.473],[-61.035,-13.543],[-60.471,-13.807],[-60.384,-13.984],[-60.482,-14.176],[-60.339,-14.524],[-60.433,-14.818],[-60.384,-15.093],[-60.571,-15.097],[-60.227,-15.479],[-60.16,-16.263],[-58.444,-16.33],[-58.327,-16.279],[-58.347,-16.506],[-58.477,-16.695],[-58.398,-17.248],[-58.204,-17.357],[-58.052,-17.378],[-57.74,-17.595],[-57.776,-17.649],[-57.681,-17.819],[-57.719,-17.844],[-57.521,-18.203],[-57.458,-18.205],[-57.456,-18.238],[-57.552,-18.239],[-57.772,-18.91],[-57.719,-18.913],[-57.705,-19.048],[-57.777,-19.046],[-58.122,-19.74],[-57.848,-19.979],[-58.159,-20.169]]}},{"type":"Feature","properties":{},"geometry":{"type":"LineString","coordinates":[[74.569,37.026],[74.553,36.962],[74.42,37.002],[74.038,36.815],[73.668,36.91],[72.563,36.823],[72.474,36.763],[72.176,36.712],[72.182,36.65],[71.796,36.492],[71.803,36.402],[71.628,36.462],[71.579,36.332],[71.339,36.205],[71.188,36.047],[71.385,35.942],[71.545,35.711],[71.509,35.621],[71.614,35.562],[71.649,35.425],[71.549,35.301],[71.664,35.196],[71.536,35.087],[71.493,34.956],[71.309,34.884],[71.226,34.744],[71.092,34.673],[71.089,34.559],[70.988,34.551],[71.001,34.463],[71.159,34.348],[71.086,34.06],[70.906,34.013],[70.891,33.966],[70.505,33.943],[70.003,34.053],[69.906,34.035],[69.869,33.93],[69.986,33.753],[70.138,33.733],[70.197,33.641],[70.168,33.521],[70.327,33.332],[70.145,33.203],[70.068,33.205],[70.029,33.136],[69.576,33.087],[69.505,33.034],[69.515,32.874],[69.395,32.774],[69.458,32.671],[69.248,32.444],[69.331,31.934],[69.03,31.646],[68.833,31.604],[68.707,31.781],[68.548,31.829],[68.44,31.791],[68.572,31.765],[68.531,31.727],[68.166,31.833],[67.981,31.636],[67.882,31.638],[67.732,31.529],[67.576,31.532],[67.615,31.428],[67.791,31.395],[67.778,31.332],[67.282,31.212],[67.056,31.243],[67.047,31.313],[66.974,31.322],[66.723,31.212],[66.684,31.086],[66.573,30.981],[66.396,30.941],[66.282,30.575],[66.352,30.445],[66.325,30.238],[66.238,30.071],[66.362,29.956],[66.257,29.852],[65.034,29.541],[64.661,29.588],[64.368,29.551],[64.193,29.488],[64.116,29.388],[63.587,29.504],[62.484,29.406],[60.869,29.861]]}},{"type":"Feature","properties":{},"geometry":{"type":"LineString","coordinates":[[20.262,46.118],[20.491,46.181],[20.629,46.131],[20.82,46.275],[21.059,46.239],[21.177,46.296],[21.197,46.391],[21.292,46.42],[21.261,46.495],[21.327,46.62],[21.405,46.621],[21.525,46.716],[21.488,46.753],[21.52,46.815],[21.605,46.857],[21.6,46.918],[21.696,47.001],[21.651,47.03],[21.791,47.12],[21.923,47.354],[22.01,47.381],[22.024,47.523],[22.181,47.593],[22.277,47.729],[22.421,47.744],[22.454,47.796],[22.658,47.778],[22.937,47.965],[22.938,48.011],[23.088,48.013],[23.157,48.107],[23.384,47.999],[23.777,47.982],[23.861,47.929],[23.97,47.961],[24.238,47.903],[24.428,47.959],[24.578,47.948],[24.919,47.712],[25.11,47.755],[25.23,47.881],[25.336,47.918],[26.159,47.985],[26.272,48.076],[26.316,48.186],[26.704,48.264],[27.042,48.123],[27.089,48.009],[27.168,47.982],[27.156,47.914],[27.211,47.895],[27.299,47.659],[27.428,47.575],[27.476,47.484],[27.579,47.455],[27.572,47.371],[27.725,47.283],[27.8,47.139],[28.082,46.981],[28.247,46.604],[28.209,46.498],[28.253,46.436],[28.201,46.308],[28.11,46.232],[28.142,46.184],[28.084,46.012],[28.167,45.666],[28.065,45.585],[28.147,45.556],[28.177,45.469],[28.279,45.431],[28.343,45.316],[28.695,45.22],[28.8,45.241],[28.756,45.269],[28.788,45.323],[28.941,45.277],[29.221,45.426],[29.423,45.435],[29.603,45.377],[29.667,45.302],[29.66,45.212]]}},{"type":"Feature","properties":{},"geometry":{"type":"LineString","coordinates":[[-70.035,-4.347],[-70.107,-4.253],[-70.201,-4.332],[-70.309,-4.241],[-70.324,-4.136],[-70.353,-4.166],[-70.438,-4.132],[-70.505,-4.181],[-70.54,-4.137],[-70.578,-4.195],[-70.624,-4.112],[-70.684,-4.173],[-70.766,-4.146],[-70.955,-4.383],[-70.994,-4.339],[-71.011,-4.382],[-71.077,-4.362],[-71.116,-4.399],[-71.169,-4.357],[-71.2,-4.41],[-71.287,-4.379],[-71.348,-4.456],[-71.47,-4.438],[-71.513,-4.485],[-71.902,-4.517],[-72.063,-4.602],[-72.132,-4.697],[-72.376,-4.784],[-72.402,-4.875],[-72.609,-5.001],[-72.625,-5.054],[-72.741,-5.051],[-72.894,-5.126],[-72.961,-5.649],[-73.126,-5.867],[-73.182,-6.047],[-73.148,-6.443],[-73.747,-6.88],[-73.807,-7.107],[-73.703,-7.307],[-73.892,-7.375],[-73.973,-7.346],[-73.928,-7.456],[-74.01,-7.547],[-73.833,-7.726],[-73.701,-7.783],[-73.714,-7.872],[-73.785,-7.875],[-73.772,-7.948],[-73.645,-8.024],[-73.533,-8.356],[-73.345,-8.475],[-73.344,-8.607],[-73.17,-8.71],[-72.964,-8.983],[-72.966,-9.143],[-73.205,-9.407],[-72.73,-9.413],[-72.366,-9.494],[-72.252,-9.66],[-72.271,-9.747],[-72.18,-9.801],[-72.151,-9.883],[-72.186,-10.004],[-71.299,-9.996],[-71.136,-9.861],[-71.002,-9.815],[-70.593,-9.444],[-70.516,-9.43],[-70.569,-9.57],[-70.614,-9.564],[-70.531,-9.726],[-70.628,-9.834],[-70.632,-11.009],[-70.533,-10.932],[-70.329,-11.069],[-69.929,-10.914],[-69.731,-10.965],[-69.395,-10.927],[-68.9,-11.015],[-68.786,-10.992],[-68.752,-11.008],[-68.784,-11.125],[-68.701,-11.135],[-68.281,-10.98],[-68.061,-10.676],[-67.846,-10.657],[-67.703,-10.695]]}},{"type":"Feature","properties":{},"geometry":{"type":"LineString","coordinates":[[98.744,10.345],[98.825,10.523],[98.787,10.682],[98.913,10.81],[99.007,10.832],[99.02,10.963],[99.078,10.949],[99.234,11.106],[99.469,11.52],[99.468,11.61],[99.569,11.637],[99.662,11.827],[99.583,11.886],[99.594,11.997],[99.544,12.058],[99.571,12.141],[99.473,12.134],[99.5,12.188],[99.413,12.466],[99.439,12.571],[99.245,12.724],[99.192,12.974],[99.112,13.056],[99.121,13.176],[99.213,13.216],[99.217,13.406],[99.119,13.879],[99.033,13.938],[98.972,14.084],[98.611,14.327],[98.448,14.606],[98.264,14.807],[98.234,15.047],[98.184,15.099],[98.204,15.225],[98.31,15.303],[98.414,15.26],[98.426,15.364],[98.58,15.353],[98.565,15.723],[98.618,15.97],[98.573,16.052],[98.638,16.047],[98.693,16.128],[98.853,16.134],[98.928,16.386],[98.861,16.475],[98.814,16.376],[98.69,16.285],[98.66,16.465],[98.478,16.735],[98.547,16.808],[98.52,16.868],[98.55,16.855],[98.488,16.982],[98.424,17.053],[98.343,17.049],[98.015,17.506],[97.778,17.703],[97.687,17.864],[97.752,17.972],[97.618,18.231],[97.643,18.29],[97.564,18.328],[97.501,18.276],[97.346,18.557],[97.362,18.584],[97.443,18.497],[97.527,18.489],[97.624,18.554],[97.775,18.57],[97.748,18.866],[97.677,18.934],[97.836,19.101],[97.793,19.402],[97.877,19.495],[97.87,19.571],[98.035,19.644],[98.05,19.808],[98.26,19.673],[98.51,19.712],[98.562,19.675],[98.837,19.816],[98.914,19.746],[99.032,19.833],[99.081,20.1],[99.191,20.128],[99.326,20.066],[99.539,20.149],[99.555,20.207],[99.454,20.388],[99.674,20.311],[99.809,20.336],[99.87,20.427],[99.959,20.455],[100.092,20.346]]}},{"type":"Feature","properties":{},"geometry":{"type":"LineString","coordinates":[[78.937,33.405],[79.104,33.22],[79.406,33.162],[79.356,32.965],[79.53,32.728],[79.465,32.61],[79.314,32.497],[79.166,32.493],[79.099,32.376],[78.971,32.351],[78.78,32.479],[78.761,32.636],[78.398,32.549],[78.477,32.425],[78.475,32.236],[78.771,31.981],[78.693,31.78],[78.844,31.61],[78.713,31.51],[78.793,31.443],[78.767,31.31],[78.881,31.294],[78.942,31.36],[79.006,31.326],[79.019,31.411],[79.093,31.438],[79.218,31.341],[79.304,31.146],[79.398,31.099],[79.423,31.028],[79.599,30.936],[79.749,30.99],[79.879,30.959],[80.084,30.792],[80.178,30.799],[80.25,30.74],[80.188,30.676],[80.228,30.622],[80.204,30.565],[80.607,30.475],[81.032,30.214],[80.943,30.181],[80.893,30.211],[80.746,30.021],[80.599,29.955],[80.54,29.846],[80.377,29.749],[80.407,29.596],[80.236,29.425],[80.307,29.311],[80.288,29.206],[80.24,29.215],[80.257,29.145],[80.147,29.108],[80.13,28.993],[80.055,28.917],[80.063,28.828],[80.509,28.567],[80.506,28.658],[80.577,28.686],[80.939,28.441],[81.194,28.367],[81.32,28.13],[81.422,28.166],[81.48,28.08],[81.88,27.857],[82.049,27.918],[82.435,27.676],[82.701,27.711],[82.769,27.502],[83.176,27.449],[83.316,27.336],[83.39,27.397],[83.396,27.479],[83.608,27.469],[83.858,27.352],[83.835,27.438],[84.04,27.445],[84.143,27.524],[84.298,27.388],[84.61,27.336],[84.685,27.209],[84.648,27.045],[84.844,27.015],[85.041,26.848],[85.184,26.867],[85.222,26.763],[85.334,26.736],[85.63,26.868],[85.729,26.796],[85.737,26.658],[85.856,26.57],[86.029,26.663],[86.207,26.586],[86.326,26.614],[86.738,26.42],[86.948,26.533]]}},{"type":"Feature","properties":{},"geometry":{"type":"LineString","coordinates":[[-92.247,14.548],[-92.155,14.676],[-92.186,14.844],[-92.142,14.898],[-92.15,14.994],[-92.066,15.078],[-92.211,15.262],[-91.729,16.075],[-90.432,16.1],[-90.459,16.253],[-90.391,16.341],[-90.42,16.36],[-90.379,16.365],[-90.396,16.416],[-90.634,16.484],[-90.632,16.584],[-90.716,16.727],[-90.803,16.805],[-90.921,16.83],[-90.955,16.899],[-90.986,16.868],[-91.063,16.903],[-91.279,17.18],[-91.437,17.238],[-90.984,17.256],[-90.983,17.82],[-89.142,17.819],[-89.218,15.89],[-88.911,15.894]]}},{"type":"Feature","properties":{},"geometry":{"type":"LineString","coordinates":[[7.532,43.789],[7.495,43.882],[7.708,44.079],[7.673,44.183],[7.348,44.132],[6.991,44.252],[6.877,44.377],[6.935,44.443],[6.853,44.541],[6.977,44.689],[7.072,44.692],[7.032,44.831],[6.747,44.919],[6.745,45.023],[6.662,45.04],[6.62,45.11],[6.761,45.168],[6.879,45.14],[6.962,45.215],[7.076,45.222],[7.182,45.416],[6.999,45.518],[6.989,45.643],[6.814,45.722],[6.809,45.831],[6.981,45.872],[7.039,45.932],[7.189,45.879],[7.55,45.991],[7.863,45.921],[7.882,45.978],[8.009,46.008],[8.043,46.098],[8.149,46.149],[8.108,46.281],[8.43,46.463],[8.467,46.4],[8.446,46.246],[8.618,46.12],[8.826,46.097],[8.853,46.057],[8.785,45.99],[8.898,45.953],[8.917,45.833],[9.036,45.826],[9.086,45.899],[8.997,45.973],[9.034,46.003],[9.009,46.039],[9.244,46.237],[9.298,46.349],[9.25,46.448],[9.297,46.504],[9.408,46.473],[9.459,46.508],[9.457,46.388],[9.543,46.307],[9.708,46.298],[9.742,46.359],[9.944,46.38],[10.063,46.223],[10.138,46.231],[10.177,46.273],[10.106,46.346],[10.163,46.415],[10.047,46.446],[10.05,46.54],[10.109,46.614],[10.233,46.64],[10.306,46.554],[10.471,46.552],[10.486,46.619],[10.385,46.685],[10.488,46.938],[10.357,46.997],[10.313,46.93],[10.243,46.932],[10.228,46.877],[10.109,46.85],[9.879,46.939],[9.876,47.023],[9.476,47.058],[9.513,47.1],[9.491,47.215],[9.673,47.395],[9.567,47.541]]}},{"type":"Feature","properties":{},"geometry":{"type":"LineString","coordinates":[[94.629,29.328],[94.751,29.268],[94.801,29.168],[94.881,29.182],[95.009,29.124],[94.984,29.174],[95.388,29.035],[95.547,29.139],[95.534,29.212],[95.591,29.255],[96.07,29.468],[96.235,29.254],[96.369,29.289],[96.395,29.255],[96.353,29.183],[96.119,29.079],[96.182,28.995],[96.151,28.93],[96.185,28.898],[96.344,29.033],[96.512,29.07],[96.476,28.975],[96.618,28.763],[96.467,28.685],[96.478,28.639],[96.342,28.553],[96.364,28.477],[96.263,28.411],[96.408,28.351],[96.461,28.422],[96.654,28.468],[96.784,28.373],[96.984,28.333],[97.135,28.381],[97.359,28.204],[97.316,28.089],[97.394,28.019],[97.368,27.897],[97.249,27.908],[96.886,27.606],[96.905,27.452],[97.159,27.121],[97.06,27.093],[96.898,27.172],[96.861,27.21],[96.884,27.255],[96.729,27.366],[96.61,27.367],[96.524,27.294],[96.194,27.271],[96.036,27.193],[95.931,27.046],[95.804,27.001],[95.718,26.891],[95.658,26.895],[95.611,26.821],[95.519,26.823],[95.441,26.709],[95.271,26.645],[95.246,26.68],[95.145,26.616],[95.066,26.48],[95.065,26.326],[95.113,26.109],[95.178,26.059],[95.021,25.929],[95.034,25.742],[94.885,25.572],[94.626,25.398],[94.576,25.214],[94.729,25.136],[94.734,25.025],[94.598,24.725],[94.539,24.709],[94.389,24.48],[94.154,23.86],[93.927,23.956],[93.819,23.935],[93.753,24.008],[93.482,23.965],[93.406,24.076],[93.339,24.078],[93.328,23.982],[93.384,23.921],[93.434,23.679],[93.403,23.378],[93.366,23.349],[93.386,23.14],[93.294,23.009],[93.138,23.048],[93.161,22.919],[93.098,22.79],[93.197,22.256],[93.142,22.237],[93.154,22.187],[93.044,22.202],[92.996,21.993],[92.943,22.028],[92.896,21.955],[92.866,22.049],[92.712,22.16],[92.68,22.027],[92.604,21.982]]}},{"type":"Feature","properties":{},"geometry":{"type":"LineString","coordinates":[[-117.123,32.536],[-114.719,32.718],[-114.81,32.504],[-111.046,31.333],[-108.208,31.333],[-108.209,31.783],[-106.401,31.75],[-106.214,31.475],[-105.949,31.362],[-105.39,30.862],[-105.207,30.802],[-104.901,30.573],[-104.856,30.406],[-104.677,30.173],[-104.68,29.946],[-104.453,29.596],[-104.205,29.479],[-104.045,29.331],[-103.774,29.266],[-103.726,29.193],[-103.543,29.149],[-103.375,29.024],[-103.118,28.996],[-102.977,29.19],[-102.862,29.224],[-102.899,29.258],[-102.882,29.353],[-102.819,29.397],[-102.67,29.743],[-102.385,29.77],[-102.306,29.889],[-102.077,29.799],[-101.626,29.766],[-101.542,29.815],[-101.532,29.764],[-101.405,29.773],[-101.356,29.661],[-101.301,29.649],[-101.302,29.576],[-101.222,29.611],[-101.219,29.54],[-101.045,29.466],[-101.007,29.378],[-100.794,29.257],[-100.763,29.171],[-100.668,29.113],[-100.624,28.92],[-100.325,28.505],[-100.357,28.481],[-100.279,28.278],[-100.071,28.151],[-99.994,27.999],[-99.882,27.906],[-99.836,27.775],[-99.505,27.57],[-99.472,27.401],[-99.518,27.308],[-99.434,27.216],[-99.459,27.047],[-99.381,27.004],[-99.349,26.882],[-99.268,26.858],[-99.171,26.543],[-99.089,26.495],[-99.085,26.401],[-98.799,26.369],[-98.707,26.265],[-98.445,26.226],[-98.197,26.059],[-97.648,26.029],[-97.419,25.844],[-97.35,25.849],[-97.352,25.913],[-97.262,25.964],[-97.14,25.966]]}},{"type":"Feature","properties":{},"geometry":{"type":"LineString","coordinates":[[11.34,2.17],[11.368,2.304],[11.678,2.327],[11.761,2.281],[12.336,2.318],[12.755,2.233],[13.255,2.266],[13.301,2.211],[13.291,2.078],[13.161,1.904],[13.194,1.813],[13.133,1.589],[13.251,1.337],[13.16,1.241],[13.268,1.224],[13.423,1.3],[13.517,1.27],[13.65,1.359],[13.779,1.372],[13.808,1.436],[14.189,1.391],[14.264,1.341],[14.288,1.156],[14.484,0.921],[14.474,0.831],[14.274,0.547],[14.096,0.543],[14.062,0.42],[13.963,0.353],[13.886,0.198],[13.942,-0.045],[13.848,-0.199],[13.902,-0.267],[13.943,-0.235],[14.129,-0.278],[14.178,-0.452],[14.307,-0.433],[14.409,-0.475],[14.519,-0.609],[14.401,-1.018],[14.482,-1.213],[14.445,-1.338],[14.505,-1.407],[14.454,-1.492],[14.481,-1.546],[14.384,-1.611],[14.468,-1.686],[14.416,-1.751],[14.43,-1.892],[14.258,-1.973],[14.25,-2.137],[14.155,-2.239],[14.256,-2.348],[14.157,-2.391],[14.108,-2.496],[13.866,-2.469],[13.932,-2.352],[13.762,-2.089],[13.618,-2.322],[13.483,-2.437],[13.041,-2.328],[12.984,-2.372],[13.034,-2.273],[12.968,-2.182],[12.921,-2.184],[12.821,-1.913],[12.65,-1.822],[12.585,-1.827],[12.507,-1.922],[12.438,-1.896],[12.452,-2.034],[12.517,-2.093],[12.478,-2.327],[12.053,-2.417],[11.952,-2.331],[11.735,-2.437],[11.677,-2.354],[11.574,-2.333],[11.648,-2.621],[11.543,-2.857],[11.643,-2.818],[11.804,-3.013],[11.718,-3.051],[11.701,-3.178],[11.973,-3.311],[11.839,-3.556],[11.926,-3.637],[11.868,-3.71],[11.683,-3.694],[11.587,-3.538],[11.497,-3.507],[11.431,-3.591],[11.226,-3.694],[11.14,-3.923]]}},{"type":"Feature","properties":{},"geometry":{"type":"LineString","coordinates":[[44.797,39.649],[44.606,39.781],[44.471,39.699],[44.416,39.425],[44.034,39.385],[44.098,39.206],[44.216,39.141],[44.159,39.002],[44.208,38.896],[44.303,38.834],[44.261,38.722],[44.314,38.638],[44.307,38.388],[44.435,38.396],[44.484,38.345],[44.405,38.272],[44.388,38.166],[44.223,37.9],[44.393,37.863],[44.456,37.775],[44.527,37.786],[44.618,37.728],[44.558,37.648],[44.614,37.603],[44.589,37.44],[44.815,37.305],[44.766,37.11],[44.91,37.024],[44.907,36.888],[44.844,36.808],[45.013,36.754],[45.064,36.686],[45.012,36.547],[45.09,36.428],[45.239,36.431],[45.279,36.381],[45.276,36.258],[45.368,36.086],[45.35,35.989],[45.558,36.002],[45.766,35.812],[46.096,35.866],[46.182,35.804],[46.35,35.806],[46.229,35.712],[46.019,35.676],[45.984,35.502],[46.146,35.314],[46.122,35.24],[46.19,35.222],[46.171,35.113],[46.041,35.058],[45.935,35.096],[45.879,35.035],[45.868,34.904],[45.773,34.914],[45.766,34.846],[45.689,34.815],[45.651,34.727],[45.722,34.557],[45.519,34.591],[45.526,34.503],[45.436,34.449],[45.488,34.336],[45.584,34.309],[45.567,34.151],[45.403,33.975],[45.508,33.943],[45.755,33.634],[45.747,33.592],[45.906,33.633],[45.949,33.557],[45.875,33.492],[45.997,33.496],[46.05,33.378],[46.182,33.26],[46.187,33.173],[46.047,33.101],[46.15,33.065],[46.107,32.968],[46.424,32.938],[47.138,32.463],[47.356,32.476],[47.434,32.398],[47.413,32.341],[47.529,32.229],[47.508,32.154],[47.69,32.024],[47.864,31.799],[47.697,31.408],[47.694,31.001],[48.036,30.998],[48.033,30.491],[48.161,30.415],[48.198,30.318],[48.274,30.329],[48.399,30.208],[48.379,30.129],[48.456,29.986],[48.745,29.853]]}},{"type":"Feature","properties":{},"geometry":{"type":"LineString","coordinates":[[-17.052,20.765],[-17.076,20.906],[-16.953,21.338],[-13,21.338],[-13.079,22.511],[-13.15,22.758],[-13.105,22.893],[-12.998,23.025],[-12.571,23.291],[-12,23.454],[-12.001,26],[-8.667,26],[-8.667,28.71],[-7.996,29.116],[-7.645,29.385],[-7.434,29.397],[-7.124,29.637],[-6.586,29.567],[-6.509,29.639],[-6.474,29.833],[-6.217,29.799],[-6.146,29.848],[-6.003,29.829],[-5.538,29.903],[-5.276,30.055],[-4.921,30.508],[-4.397,30.648],[-4.169,30.769],[-4.017,30.911],[-3.627,30.971],[-3.602,31.096],[-3.724,31.189],[-3.826,31.164],[-3.804,31.339],[-3.725,31.395],[-3.841,31.476],[-3.814,31.698],[-3.512,31.673],[-2.999,31.833],[-2.938,32.029],[-2.854,32.088],[-2.331,32.158],[-1.189,32.103],[-1.201,32.17],[-1.296,32.163],[-1.25,32.327],[-1.01,32.508],[-1.383,32.724],[-1.542,32.939],[-1.487,32.979],[-1.48,33.063],[-1.668,33.261],[-1.6,33.557],[-1.649,33.659],[-1.731,33.705],[-1.681,33.77],[-1.71,33.883],[-1.653,34.085],[-1.793,34.378],[-1.686,34.486],[-1.857,34.61],[-1.747,34.747],[-2.18,35.012],[-2.209,35.086]]}},{"type":"Feature","properties":{},"geometry":{"type":"LineString","coordinates":[[-60.109,5.232],[-59.969,5.058],[-60.026,4.707],[-60.152,4.573],[-60.147,4.518],[-59.866,4.49],[-59.676,4.389],[-59.729,4.211],[-59.636,4.146],[-59.651,4.077],[-59.584,3.972],[-59.516,3.942],[-59.584,3.894],[-59.596,3.79],[-59.668,3.761],[-59.668,3.7],[-59.849,3.596],[-59.81,3.362],[-59.95,3.072],[-59.99,2.823],[-59.901,2.377],[-59.73,2.278],[-59.752,1.865],[-59.631,1.846],[-59.673,1.763],[-59.527,1.717],[-59.242,1.384],[-58.928,1.303],[-58.899,1.23],[-58.807,1.186],[-58.695,1.287],[-58.506,1.273],[-58.467,1.344],[-58.502,1.456],[-58.382,1.479],[-58.312,1.603],[-58.009,1.514],[-57.977,1.66],[-57.915,1.643],[-57.754,1.721],[-57.554,1.701],[-57.423,1.91],[-57.325,1.975],[-57.237,1.947],[-57.089,2.023],[-57.011,1.926],[-56.783,1.873],[-56.724,1.921],[-56.554,1.903],[-56.47,1.944],[-56.563,2.024],[-56.692,2.027],[-56.884,2.297],[-57.09,2.772],[-57.206,2.848],[-57.184,2.952],[-57.228,2.961],[-57.238,3.141],[-57.285,3.14],[-57.3,3.384],[-57.422,3.383],[-57.473,3.338],[-57.647,3.361],[-57.656,3.524],[-57.836,3.665],[-57.876,3.809],[-58.047,4.008],[-58.069,4.165],[-57.954,4.288],[-57.959,4.403],[-57.839,4.655],[-57.918,4.832],[-57.688,5.011],[-57.288,5.017],[-57.322,5.07],[-57.295,5.166],[-57.229,5.141],[-57.188,5.175],[-57.242,5.266],[-57.286,5.23],[-57.287,5.311],[-57.335,5.314],[-57.249,5.486]]}},{"type":"Feature","properties":{},"geometry":{"type":"LineString","coordinates":[[23.999,19.5],[23.999,15.696],[23.616,15.759],[23.358,15.682],[23.118,15.711],[22.931,15.555],[22.999,15.357],[22.936,15.116],[22.849,15.078],[22.671,14.859],[22.703,14.691],[22.471,14.63],[22.384,14.554],[22.446,14.48],[22.444,14.272],[22.555,14.232],[22.555,14.126],[22.234,13.966],[22.084,13.779],[22.225,13.572],[22.294,13.359],[22.16,13.19],[21.943,13.054],[21.827,12.803],[21.953,12.644],[22.141,12.655],[22.223,12.747],[22.467,12.622],[22.384,12.465],[22.501,12.177],[22.477,12.034],[22.641,12.071],[22.562,11.622],[22.642,11.516],[22.776,11.462],[22.791,11.402],[22.931,11.416],[22.971,11.283],[22.881,10.925],[22.461,11],[22.245,10.911],[22.181,10.816],[22.048,10.831],[21.996,10.729],[21.719,10.639],[21.701,10.514],[21.748,10.407],[21.716,10.291],[21.639,10.223],[21.527,10.206],[21.372,9.974],[21.256,9.974],[21.103,9.773],[21.015,9.739],[20.985,9.606],[20.822,9.416],[20.678,9.36],[20.663,9.296],[20.541,9.322],[20.496,9.272],[20.515,9.209],[20.439,9.139],[20.329,9.104],[20.207,9.14],[20.142,9.112],[20.105,9.151],[19.895,9.042],[19.377,8.996],[19.199,9.021],[18.989,8.964],[18.869,8.849],[19.126,8.673],[18.838,8.288],[18.669,8.198],[18.589,8.04],[18.046,8.017],[17.884,7.958],[17.708,7.985]]}},{"type":"Feature","properties":{},"geometry":{"type":"LineString","coordinates":[[22.151,48.412],[22.159,48.58],[22.329,48.687],[22.377,48.852],[22.468,48.979],[22.537,48.996],[22.563,49.085],[22.884,49.006],[22.876,49.09],[22.7,49.166],[22.761,49.291],[22.656,49.52],[22.681,49.572],[23.146,49.983],[23.704,50.378],[23.992,50.407],[24.029,50.497],[24.133,50.544],[24.08,50.705],[23.953,50.795],[24.145,50.858],[23.966,50.949],[23.867,51.149],[23.636,51.301],[23.692,51.408],[23.539,51.593],[23.554,51.746],[23.628,51.801],[23.612,51.914],[23.673,51.991],[23.639,52.079],[23.493,52.174],[23.206,52.225],[23.169,52.282],[23.401,52.517],[23.931,52.709],[23.933,53.014],[23.878,53.084],[23.911,53.167],[23.64,53.559],[23.475,53.991],[23.517,54.047],[23.459,54.173],[23.066,54.308],[22.993,54.388],[21.412,54.326],[20.044,54.41],[19.602,54.477]]}},{"type":"Feature","properties":{},"geometry":{"type":"LineString","coordinates":[[103.09,18.137],[103.171,18.248],[103.281,18.284],[103.237,18.357],[103.305,18.421],[103.508,18.422],[103.873,18.279],[103.973,18.329],[104.276,17.852],[104.357,17.811],[104.465,17.645],[104.691,17.53],[104.789,17.415],[104.814,17.242],[104.742,17.018],[104.748,16.526],[105.013,16.252],[105.077,16.098],[105.422,16.012],[105.346,15.93],[105.401,15.807],[105.596,15.728],[105.638,15.656],[105.6,15.433],[105.475,15.361],[105.589,15.335],[105.596,15.275],[105.489,15.201],[105.469,15.113],[105.62,14.985],[105.557,14.954],[105.579,14.895],[105.513,14.809],[105.536,14.563],[105.442,14.432],[105.211,14.353],[105.283,14.178],[105.377,14.105],[105.559,14.168],[105.781,14.083],[105.91,13.933],[106.095,13.921],[106.174,14.072],[106.037,14.232],[105.998,14.367],[106.216,14.377],[106.254,14.494],[106.334,14.445]]}},{"type":"Feature","properties":{},"geometry":{"type":"LineString","coordinates":[[-8.751,41.964],[-8.621,42.055],[-8.206,42.154],[-8.192,42.093],[-8.107,42.076],[-8.243,41.919],[-8.144,41.826],[-8.059,41.834],[-7.921,41.943],[-7.886,41.873],[-7.712,41.919],[-7.605,41.893],[-7.635,41.841],[-7.517,41.89],[-7.414,41.831],[-7.175,41.919],[-7.194,41.99],[-6.903,41.951],[-6.777,41.999],[-6.742,41.949],[-6.548,41.949],[-6.581,41.887],[-6.512,41.874],[-6.54,41.689],[-6.35,41.683],[-6.185,41.589],[-6.322,41.398],[-6.499,41.277],[-6.646,41.249],[-6.806,41.043],[-6.931,41.037],[-6.797,40.867],[-6.837,40.586],[-6.789,40.528],[-6.843,40.457],[-6.776,40.367],[-7.015,40.22],[-7.014,40.131],[-6.936,40.117],[-6.873,40.021],[-7.006,39.69],[-7.546,39.679],[-7.513,39.606],[-7.312,39.473],[-7.353,39.398],[-7.247,39.191],[-7.171,39.163],[-7.164,39.105],[-7.051,39.113],[-6.985,39.049],[-7.071,38.905],[-7.039,38.861],[-7.284,38.72],[-7.271,38.618],[-7.361,38.439],[-7.3,38.431],[-7.125,38.189],[-6.952,38.215],[-7.002,38.176],[-7.029,38.03],[-7.121,38.044],[-7.269,37.976],[-7.295,37.854],[-7.426,37.747],[-7.522,37.56],[-7.413,37.188]]}},{"type":"Feature","properties":{},"geometry":{"type":"LineString","coordinates":[[9.731,47.537],[9.788,47.595],[9.862,47.535],[9.963,47.548],[10.088,47.458],[10.098,47.36],[10.231,47.381],[10.173,47.275],[10.329,47.308],[10.428,47.384],[10.474,47.44],[10.427,47.577],[10.473,47.591],[10.499,47.54],[10.883,47.54],[10.909,47.518],[10.868,47.49],[10.925,47.487],[10.978,47.399],[11.214,47.436],[11.269,47.402],[11.406,47.454],[11.435,47.519],[11.574,47.52],[11.638,47.597],[12.196,47.609],[12.177,47.702],[12.257,47.743],[12.253,47.687],[12.442,47.699],[12.518,47.632],[12.779,47.674],[12.831,47.619],[12.786,47.586],[12.81,47.552],[12.963,47.476],[13.053,47.496],[13.08,47.684],[12.911,47.724],[13.009,47.854],[12.758,48.124],[13.022,48.261],[13.395,48.366],[13.448,48.569],[13.727,48.518],[13.823,48.617],[13.835,48.703],[13.793,48.726],[13.835,48.772],[13.626,48.953],[13.521,48.979],[13.491,48.946],[13.32,49.1],[13.184,49.13],[13.027,49.298],[12.796,49.34],[12.665,49.429],[12.516,49.679],[12.403,49.743],[12.544,49.918],[12.261,50.054],[12.191,50.192],[12.098,50.244],[12.137,50.276],[12.093,50.323]]}},{"type":"Feature","properties":{},"geometry":{"type":"LineString","coordinates":[[97.348,28.223],[97.469,28.296],[97.471,28.391],[97.562,28.549],[97.631,28.484],[97.711,28.517],[97.801,28.346],[97.899,28.381],[98.019,28.278],[98.013,28.215],[98.152,28.138],[98.131,27.969],[98.204,27.916],[98.167,27.871],[98.233,27.825],[98.227,27.735],[98.316,27.542],[98.409,27.558],[98.433,27.689],[98.704,27.583],[98.686,27.466],[98.737,27.329],[98.692,27.202],[98.707,27.098],[98.762,27.064],[98.74,26.857],[98.778,26.785],[98.744,26.414],[98.665,26.254],[98.731,26.177],[98.664,26.098],[98.649,26.152],[98.568,26.123],[98.605,25.989],[98.711,25.856],[98.632,25.801],[98.531,25.846],[98.327,25.552],[98.165,25.623],[98.139,25.387],[97.941,25.214],[97.838,25.262],[97.723,25.083],[97.737,24.919],[97.8,24.851],[97.553,24.743],[97.531,24.441],[97.673,24.437],[97.718,24.358],[97.665,24.306],[97.749,24.283],[97.749,24.164],[97.536,23.94],[97.65,23.852],[98.064,24.089],[98.446,24.136],[98.596,24.078],[98.89,24.161],[98.893,24.099],[98.677,23.968],[98.689,23.801],[98.816,23.767],[98.886,23.613],[98.806,23.542],[98.915,23.417],[98.879,23.33],[98.94,23.314],[98.881,23.188],[99.059,23.168],[99.111,23.102],[99.356,23.135],[99.504,23.09],[99.566,22.938],[99.514,22.912],[99.446,22.95],[99.441,22.865],[99.328,22.745],[99.384,22.504],[99.261,22.391],[99.163,22.159],[99.359,22.093],[99.465,22.136],[99.644,22.099],[99.701,22.04],[99.749,22.075],[99.848,22.023],[99.881,22.061],[99.966,22.049]]}},{"type":"Feature","properties":{},"geometry":{"type":"LineString","coordinates":[[-83.132,14.993],[-83.282,14.98],[-83.388,15.025],[-83.449,14.979],[-83.502,15.015],[-83.619,14.869],[-83.691,14.883],[-83.707,14.838],[-83.87,14.776],[-83.921,14.799],[-83.932,14.753],[-84.104,14.792],[-84.101,14.73],[-84.186,14.713],[-84.241,14.763],[-84.27,14.667],[-84.366,14.708],[-84.48,14.618],[-84.701,14.676],[-84.813,14.826],[-84.907,14.809],[-85.055,14.659],[-85.032,14.574],[-85.151,14.566],[-85.202,14.407],[-85.159,14.333],[-85.315,14.281],[-85.529,14.05],[-85.731,13.963],[-85.732,13.829],[-85.916,13.911],[-86.021,14.001],[-86.016,14.066],[-86.119,14.033],[-86.33,13.76],[-86.53,13.793],[-86.761,13.753],[-86.695,13.297],[-86.897,13.254],[-86.913,13.092],[-87.02,12.989],[-87.063,13]]}},{"type":"Feature","properties":{},"geometry":{"type":"LineString","coordinates":[[27.455,5.017],[27.403,5.085],[27.084,5.204],[26.938,5.141],[26.868,5.029],[26.732,5.093],[26.494,5.045],[26.386,5.146],[26.292,5.141],[26.133,5.257],[26.057,5.193],[25.973,5.232],[25.9,5.167],[25.876,5.218],[25.826,5.196],[25.791,5.264],[25.749,5.242],[25.542,5.381],[25.362,5.315],[25.31,5.185],[25.344,5.112],[25.29,5.025],[25.134,5.018],[25.07,4.946],[24.965,4.988],[24.783,4.913],[24.66,4.917],[24.602,5.026],[24.46,5.106],[24.421,5.068],[24.394,5.116],[24.355,5.055],[24.401,5.03],[24.286,4.995],[24.256,4.929],[24.228,4.96],[24.152,4.9],[23.954,4.873],[23.942,4.81],[23.83,4.821],[23.584,4.734],[23.442,4.654],[23.426,4.592],[23.272,4.625],[23.173,4.731],[23.084,4.71],[22.975,4.831],[22.891,4.819],[22.856,4.707],[22.776,4.707],[22.69,4.484],[22.592,4.467],[22.613,4.369],[22.539,4.219],[22.455,4.145],[22.334,4.127],[21.743,4.295],[21.539,4.245],[21.283,4.334],[21.209,4.289],[20.965,4.434],[20.586,4.41],[20.456,4.519],[20.457,4.625],[20.343,4.766],[19.897,4.998],[19.834,5.091],[19.652,5.143],[19.427,5.135],[19.072,4.901],[18.75,4.389],[18.542,4.336],[18.647,4.028],[18.591,3.733],[18.625,3.479]]}},{"type":"Feature","properties":{},"geometry":{"type":"LineString","coordinates":[[18.225,2.424],[18.092,2.224],[18.071,1.529],[17.877,1.027],[17.895,0.6],[17.968,0.453],[17.948,0.347],[17.804,0.149],[17.715,-0.145],[17.746,-0.376],[17.715,-0.537],[17.327,-1.001],[17.122,-1.068],[16.875,-1.24],[16.519,-1.875],[16.196,-2.176],[16.237,-2.642],[16.182,-2.906],[16.227,-3.328],[15.903,-3.932],[15.542,-4.051],[15.459,-4.269],[15.21,-4.339],[14.92,-4.657],[14.83,-4.824],[14.661,-4.909],[14.489,-4.84],[14.419,-4.887],[14.428,-4.677],[14.365,-4.558],[14.488,-4.427],[14.399,-4.341],[14.41,-4.273],[14.181,-4.388],[14.069,-4.392],[13.965,-4.495],[13.819,-4.422],[13.729,-4.446],[13.73,-4.693],[13.606,-4.781],[13.502,-4.768],[13.41,-4.883],[13.376,-4.787],[13.195,-4.684],[13.139,-4.582],[13.057,-4.62],[12.896,-4.415],[12.769,-4.391],[12.65,-4.559],[12.395,-4.612],[12.335,-4.787],[12.253,-4.802],[12.206,-4.759],[12.166,-4.896],[12.026,-5.014]]}},{"type":"Feature","properties":{},"geometry":{"type":"LineString","coordinates":[[109.647,2.071],[109.622,1.966],[109.547,1.904],[109.586,1.801],[109.673,1.78],[109.67,1.613],[109.85,1.414],[109.949,1.396],[110.071,1.22],[110.199,1.176],[110.297,0.99],[110.396,0.982],[110.555,0.854],[110.64,0.904],[110.685,0.874],[110.806,0.907],[110.904,1.014],[111.236,1.086],[111.406,1.009],[111.503,1.025],[111.534,0.961],[111.667,1.039],[111.827,0.999],[111.95,1.13],[112.131,1.147],[112.205,1.454],[112.484,1.57],[113,1.573],[113.059,1.536],[112.987,1.415],[113.126,1.432],[113.355,1.359],[113.433,1.286],[113.562,1.314],[113.658,1.225],[113.931,1.445],[114.134,1.468],[114.2,1.423],[114.402,1.51],[114.563,1.434],[114.686,1.665],[114.694,1.829],[114.86,1.904],[114.868,2.044],[114.802,2.039],[114.776,2.147],[114.805,2.249],[114.939,2.286],[114.953,2.364],[115.237,2.523],[115.181,2.6],[115.083,2.611],[115.129,2.772],[115.088,2.833],[115.271,3.045],[115.321,2.986],[115.487,3.028],[115.552,3.159],[115.511,3.192],[115.536,3.323],[115.576,3.426],[115.628,3.432],[115.571,3.613],[115.616,3.861],[115.564,3.919],[115.629,3.982],[115.691,4.18],[115.814,4.235],[115.873,4.361],[116.054,4.277],[116.178,4.379],[116.36,4.368],[116.463,4.293],[116.57,4.386],[116.677,4.329],[116.743,4.373],[116.837,4.33],[117.233,4.359],[117.453,4.189],[117.9,4.177]]}},{"type":"Feature","properties":{},"geometry":{"type":"LineString","coordinates":[[86.946,26.532],[87.067,26.586],[87.138,26.41],[87.245,26.412],[87.328,26.348],[87.448,26.433],[87.6,26.38],[87.891,26.473],[88.008,26.365],[88.096,26.439],[88.195,26.754],[88.119,26.984],[87.993,27.114],[88.06,27.328],[88.057,27.533],[88.189,27.788],[88.194,27.848],[88.129,27.883],[88.146,27.955],[88.534,28.029],[88.629,28.119],[88.839,28.006],[88.881,27.843],[88.763,27.543],[88.783,27.438],[88.917,27.321]]}},{"type":"Feature","properties":{},"geometry":{"type":"LineString","coordinates":[[88.917,27.321],[88.798,27.246],[88.751,27.146],[88.864,27.092],[88.876,26.951],[88.933,26.985],[88.952,26.927],[89.031,26.928],[89.115,26.827],[89.367,26.859],[89.468,26.799],[89.533,26.812],[89.636,26.771],[89.632,26.718],[89.842,26.701],[89.851,26.74],[90.152,26.757],[90.217,26.851],[90.385,26.903],[90.688,26.773],[91.091,26.816],[91.314,26.778],[91.424,26.876],[91.497,26.873],[91.548,26.803],[91.713,26.8],[91.844,26.864],[91.905,26.806],[91.915,26.894],[92.032,26.852],[92.114,26.926],[92.01,27.105],[92.115,27.291],[92.008,27.472],[91.768,27.416],[91.621,27.549],[91.595,27.652],[91.659,27.733],[91.658,27.948],[91.419,28.011],[91.315,28.097],[91.087,27.97],[90.699,28.096],[90.371,28.08],[90.386,28.248],[90.024,28.325],[89.894,28.306],[89.793,28.194],[89.624,28.158],[89.487,28.058],[89.36,27.872],[89.226,27.795],[89.126,27.568],[88.971,27.474],[88.917,27.321]]}},{"type":"Feature","properties":{},"geometry":{"type":"LineString","coordinates":[[88.917,27.321]]}},{"type":"Feature","properties":{},"geometry":{"type":"LineString","coordinates":[[119.103,49.991],[119.322,50.097],[119.328,50.273],[119.367,50.31],[119.138,50.395],[119.242,50.445],[119.286,50.594],[119.502,50.742],[119.518,50.9],[119.746,51.073],[119.755,51.207],[119.817,51.214],[119.809,51.264],[119.92,51.336],[119.891,51.374],[119.956,51.39],[120.096,51.661],[120.488,51.877],[120.652,51.914],[120.712,51.983],[120.694,52.048],[120.776,52.114],[120.758,52.239],[120.622,52.34],[120.718,52.54],[120.44,52.637],[120.073,52.589],[120.026,52.633],[120.028,52.768],[120.273,52.857],[120.863,53.279],[121.208,53.271],[122.314,53.488],[122.409,53.437],[122.84,53.452],[123.262,53.554],[123.478,53.499],[123.504,53.549],[123.529,53.499],[123.609,53.544],[123.874,53.478],[124.104,53.34],[124.255,53.356],[124.401,53.212],[124.644,53.188],[124.851,53.089],[124.912,53.17],[125.165,53.193],[125.72,52.987],[125.651,52.875],[125.844,52.899],[125.97,52.763],[126.095,52.764],[126.035,52.721],[126.064,52.676],[125.973,52.641],[125.988,52.582],[126.186,52.54],[126.197,52.464],[126.34,52.389],[126.32,52.308],[126.436,52.28],[126.318,52.192],[126.557,52.13],[126.441,51.988],[126.633,51.753],[126.721,51.708],[126.729,51.638],[126.672,51.574],[126.802,51.537],[126.79,51.424],[126.914,51.379],[126.821,51.33],[126.81,51.275],[126.893,51.239],[126.86,51.307],[126.972,51.318],[126.898,51.187],[126.93,51.059],[127.297,50.732],[127.278,50.686],[127.367,50.571],[127.289,50.46],[127.353,50.413],[127.33,50.319],[127.585,50.208]]}},{"type":"Feature","properties":{},"geometry":{"type":"LineString","coordinates":[[102.139,22.398],[102.238,22.243],[102.516,22.029],[102.506,21.962],[102.608,21.926],[102.677,21.656],[102.813,21.726],[102.821,21.847],[102.867,21.711],[102.976,21.739],[103,21.581],[102.875,21.433],[102.947,21.449],[102.901,21.303],[102.823,21.257],[102.919,21.233],[102.967,21.079],[103.038,21.054],[103.171,20.847],[103.389,20.784],[103.456,20.826],[103.694,20.657],[103.789,20.749],[103.806,20.848],[104.035,20.905],[104.109,20.977],[104.301,20.898],[104.499,20.714],[104.645,20.658],[104.551,20.516],[104.471,20.537],[104.382,20.445],[104.622,20.414],[104.711,20.337],[104.683,20.217],[104.832,20.229],[104.944,20.181],[104.979,20.005],[104.893,19.989],[104.788,19.89],[104.848,19.851],[104.836,19.791],[104.713,19.746],[104.64,19.612],[104.516,19.606],[104.414,19.693],[104.321,19.66],[104.226,19.704],[104.135,19.659],[104.041,19.694]]}},{"type":"Feature","properties":{},"geometry":{"type":"LineString","coordinates":[[74.589,31.596],[74.641,31.458],[74.529,31.167],[74.691,31.065],[74.629,31.025],[74.556,31.063],[74.521,30.983],[74.37,30.893],[74.269,30.74],[74.102,30.614],[74.077,30.531],[73.933,30.481],[73.856,30.365],[73.934,30.314],[73.972,30.195],[73.799,30.071],[73.398,29.943],[73.27,29.562],[72.948,29.036],[72.39,28.785],[72.292,28.68],[72.207,28.403],[71.92,28.121],[71.897,27.962],[71.627,27.876],[71.226,27.846],[70.836,27.706],[70.738,27.731],[70.664,27.928],[70.583,28.007],[70.487,28.046],[70.368,28.021],[70.128,27.829],[70.034,27.595],[69.868,27.409],[69.58,27.173],[69.51,26.992],[69.506,26.754],[69.801,26.594],[70.085,26.595],[70.184,26.536],[70.174,26.244],[70.09,25.978],[70.282,25.707],[70.672,25.69],[70.678,25.402],[70.88,25.156],[70.944,24.931],[71.088,24.686],[70.977,24.596],[71.006,24.458],[71.106,24.416],[70.928,24.362],[70.864,24.317],[70.886,24.274],[70.714,24.235],[70.584,24.278],[70.579,24.432],[70.429,24.409],[70.12,24.31],[70.028,24.173],[69.724,24.171],[69.599,24.281],[69.228,24.269]]}},{"type":"Feature","properties":{},"geometry":{"type":"LineString","coordinates":[[-124.754,48.501],[-123.689,48.237],[-123.249,48.278],[-123.114,48.423],[-123.167,48.456],[-123.255,48.69],[-122.998,48.764],[-122.999,48.819],[-123.308,49],[-95.154,48.999],[-95.153,49.377],[-94.818,49.31],[-94.701,48.915],[-94.707,48.791],[-94.537,48.705],[-93.859,48.629],[-93.779,48.516],[-93.489,48.54],[-93.457,48.595],[-93.245,48.641],[-92.953,48.623],[-92.63,48.537],[-92.62,48.498],[-92.703,48.456],[-92.497,48.446],[-92.357,48.229],[-92.286,48.251],[-92.261,48.345],[-92.052,48.354],[-91.971,48.244],[-91.734,48.191],[-91.696,48.101],[-91.577,48.096],[-91.562,48.054],[-91.256,48.077],[-90.892,48.237],[-90.83,48.226],[-90.759,48.095],[-90.395,48.096]]}},{"type":"Feature","properties":{},"geometry":{"type":"LineString","coordinates":[[16.111,46.869],[16.296,47.018],[16.511,47.007],[16.443,47.031],[16.515,47.057],[16.468,47.095],[16.528,47.134],[16.453,47.149],[16.421,47.209],[16.492,47.28],[16.452,47.415],[16.623,47.436],[16.714,47.544],[16.645,47.632],[16.434,47.664],[16.451,47.698],[16.636,47.76],[16.762,47.685],[17.093,47.713],[17.074,47.819],[17.016,47.868],[17.091,47.888],[17.104,47.977],[17.191,48.023],[17.341,47.998],[17.572,47.825],[17.784,47.747],[18.655,47.758],[18.854,47.822],[18.767,47.878],[18.756,47.978],[18.849,48.051],[19.472,48.087],[19.524,48.206],[19.631,48.234],[19.938,48.135],[20.128,48.212],[20.15,48.26],[20.341,48.286],[20.51,48.538],[20.819,48.576],[21.12,48.492],[21.431,48.576],[21.614,48.498],[21.713,48.361],[21.778,48.341],[22.269,48.407],[22.26,48.361],[22.319,48.362],[22.379,48.246],[22.504,48.248],[22.621,48.102],[22.848,48.083],[22.887,48.037],[22.852,47.977],[22.895,47.954]]}},{"type":"Feature","properties":{},"geometry":{"type":"LineString","coordinates":[[20.983,40.856],[21.348,40.873],[21.42,40.919],[21.6,40.873],[21.694,40.938],[21.792,40.933],[21.916,41.095],[22.067,41.158],[22.586,41.119],[22.673,41.188],[22.725,41.144],[22.804,41.347],[23.181,41.323],[23.295,41.406],[23.344,41.369],[23.441,41.409],[23.636,41.378],[23.913,41.48],[24.054,41.456],[24.093,41.55],[24.185,41.517],[24.254,41.57],[24.318,41.519],[24.531,41.571],[24.613,41.43],[24.712,41.423],[24.809,41.352],[24.819,41.405],[24.909,41.411],[25.28,41.243],[25.568,41.322],[25.984,41.32],[26.14,41.355],[26.198,41.439],[26.137,41.629],[26.066,41.693],[26.231,41.75],[26.598,41.607],[26.636,41.363],[26.33,41.254],[26.311,41.117],[26.375,41.026],[26.33,40.987],[26.359,40.952],[26.222,40.891],[26.118,40.746],[26.047,40.735]]}},{"type":"Feature","properties":{},"geometry":{"type":"LineString","coordinates":[[15.502,7.529],[15.429,7.429],[15.46,7.396],[15.228,7.232],[15.059,6.779],[14.959,6.734],[14.8,6.34],[14.74,6.263],[14.553,6.193],[14.414,6.044],[14.489,5.917],[14.616,5.907],[14.589,5.598],[14.622,5.518],[14.532,5.294],[14.67,5.188],[14.735,4.618],[15.018,4.411],[15.094,4.278],[15.105,4.135],[15.188,4.062],[15.044,4.029],[15.077,3.921],[15.809,3.102],[15.939,3.106],[15.994,2.985],[16.039,2.991],[16.103,2.898],[16.089,2.513],[16.207,2.221],[16.105,2.2],[16.061,1.973],[16.162,1.722],[16.072,1.654],[16.006,1.77],[15.889,1.792],[15.704,1.931],[15.486,1.976],[15.342,1.919],[15.211,2.036],[15.146,2.038],[15.091,1.978],[14.98,2.032],[14.896,1.998],[14.867,2.111],[14.763,2.063],[14.579,2.208],[14.437,2.128],[14.344,2.175],[13.295,2.164]]}},{"type":"Feature","properties":{},"geometry":{"type":"LineString","coordinates":[[-82.655,42.55],[-82.809,42.413],[-83.086,42.301],[-83.169,42.046],[-83.072,41.86],[-82.697,41.684],[-82.425,41.676],[-81.249,42.225],[-80.097,42.396],[-78.986,42.821],[-78.915,42.924],[-79.081,43.085],[-79.054,43.263],[-79.185,43.466],[-78.702,43.638],[-76.802,43.634],[-76.435,44.105],[-76.058,44.345],[-75.864,44.403],[-75.436,44.762],[-74.991,44.987],[-74.829,45.019],[-71.494,45.021],[-71.396,45.205],[-71.44,45.239],[-71.309,45.301],[-71.14,45.253],[-70.965,45.356],[-70.879,45.239],[-70.815,45.426],[-70.64,45.405],[-70.725,45.495],[-70.693,45.572],[-70.417,45.718],[-70.408,45.81],[-70.259,45.908],[-70.24,45.957],[-70.312,45.986],[-70.306,46.079],[-70.254,46.123]]}},{"type":"Feature","properties":{},"geometry":{"type":"LineString","coordinates":[[-2.686,9.482],[-2.745,9.396],[-2.791,9.413],[-2.983,9.721],[-3.066,9.725],[-3.121,9.833],[-3.179,9.84],[-3.191,9.924],[-3.264,9.846],[-3.3,9.904],[-3.596,9.916],[-3.641,9.954],[-3.886,9.896],[-4.041,9.799],[-4.127,9.829],[-4.267,9.739],[-4.311,9.598],[-4.363,9.618],[-4.366,9.581],[-4.426,9.658],[-4.509,9.654],[-4.519,9.747],[-4.561,9.689],[-4.602,9.721],[-4.681,9.673],[-4.812,9.772],[-4.787,9.831],[-4.974,9.905],[-4.955,10.017],[-5.057,10.085],[-5.036,10.125],[-5.1,10.179],[-5.078,10.22],[-5.118,10.204],[-5.125,10.303],[-5.402,10.296],[-5.521,10.425],[-5.41,10.847],[-5.486,10.974],[-5.488,11.076],[-5.299,11.139],[-5.251,11.395],[-5.197,11.424],[-5.214,11.578],[-5.292,11.621],[-5.264,11.756],[-5.402,11.83],[-5.259,11.841],[-5.073,11.983],[-4.742,12.002],[-4.6,12.136],[-4.539,12.14],[-4.569,12.201],[-4.475,12.324],[-4.389,12.307],[-4.438,12.434],[-4.366,12.539],[-4.474,12.658],[-4.469,12.726],[-4.257,12.719],[-4.194,12.829],[-4.212,12.962],[-4.337,13.122],[-4.297,13.179],[-4.215,13.185],[-4.243,13.234],[-3.981,13.443],[-3.964,13.504],[-3.901,13.452],[-3.958,13.386],[-3.783,13.358],[-3.541,13.179],[-3.437,13.169],[-3.441,13.276]]}},{"type":"Feature","properties":{},"geometry":{"type":"LineString","coordinates":[[102.916,11.636],[102.914,11.752],[102.716,12.166],[102.788,12.44],[102.506,12.675],[102.519,12.998],[102.346,13.274],[102.341,13.558],[102.623,13.607],[102.562,13.679],[102.726,13.768],[102.791,13.937],[102.904,14.022],[102.945,14.191],[103.18,14.33],[103.612,14.404],[103.659,14.448],[103.706,14.388],[103.922,14.339],[104.16,14.368],[104.206,14.413],[104.557,14.363],[104.646,14.43],[104.806,14.448],[105.002,14.383],[104.993,14.317],[105.077,14.218],[105.211,14.351]]}},{"type":"Feature","properties":{},"geometry":{"type":"LineString","coordinates":[[-71.325,11.853],[-71.977,11.665],[-72.26,11.154],[-72.493,11.121],[-72.905,10.443],[-72.987,9.914],[-72.962,9.837],[-73.384,9.19],[-73.219,9.171],[-73.006,9.304],[-72.942,9.104],[-72.817,9.145],[-72.772,9.113],[-72.664,8.641],[-72.389,8.372],[-72.327,8.107],[-72.334,8.049],[-72.402,8.042],[-72.481,7.948],[-72.444,7.861],[-72.469,7.488],[-72.399,7.406],[-72.183,7.383],[-72.066,7.062],[-71.881,6.985],[-71.646,7.061],[-71.453,7.014],[-71.281,7.03],[-71.181,6.961],[-70.702,7.108],[-70.564,7.089],[-70.513,7.015],[-70.319,6.942],[-70.119,6.976],[-69.429,6.119],[-69.325,6.154],[-69.24,6.083],[-69.056,6.216],[-68.644,6.134],[-68.454,6.191],[-68.314,6.167],[-68.152,6.223],[-67.962,6.216],[-67.823,6.309],[-67.568,6.265],[-67.454,6.193]]}},{"type":"Feature","properties":{},"geometry":{"type":"LineString","coordinates":[[7.04,45.932],[6.929,46.065],[6.867,46.054],[6.884,46.126],[6.786,46.145],[6.844,46.271],[6.768,46.352],[6.809,46.415],[6.703,46.455],[6.311,46.401],[6.226,46.322],[6.303,46.246],[6.152,46.154],[5.966,46.14],[6,46.174],[5.968,46.213],[6.114,46.258],[6.159,46.37],[6.071,46.426],[6.162,46.558],[6.13,46.593],[6.458,46.781],[6.436,46.931],[6.703,47.039],[6.705,47.086],[7.062,47.345],[6.881,47.357],[7.006,47.451],[6.991,47.497],[7.198,47.495],[7.178,47.446],[7.247,47.421],[7.411,47.443],[7.432,47.496],[7.502,47.501],[7.501,47.551],[7.641,47.604],[7.672,47.579],[7.617,47.561],[7.672,47.543],[7.819,47.588],[8.092,47.561],[8.199,47.622],[8.341,47.574],[8.493,47.584],[8.46,47.597],[8.52,47.634],[8.576,47.599],[8.622,47.66],[8.474,47.644],[8.407,47.704],[8.566,47.807],[8.735,47.761],[8.725,47.698],[8.798,47.683],[8.772,47.718],[8.809,47.736],[8.893,47.651],[9.043,47.689],[9.262,47.663],[9.606,47.529],[9.728,47.535]]}},{"type":"Feature","properties":{},"geometry":{"type":"LineString","coordinates":[[42.207,37.322],[42.05,37.19],[41.557,37.086],[40.771,37.118],[39.826,36.756],[39.244,36.666],[38.726,36.702],[38.526,36.853],[38.244,36.914],[37.48,36.644],[37.128,36.659],[37.072,36.622],[36.988,36.758],[36.66,36.834],[36.549,36.483],[36.614,36.386],[36.596,36.332],[36.653,36.329],[36.69,36.236],[36.381,36.224],[36.38,36.023],[36.219,35.96],[36.168,35.818],[36.017,35.878],[36.002,35.932],[35.923,35.927]]}},{"type":"Feature","properties":{},"geometry":{"type":"LineString","coordinates":[[130.604,42.419],[130.515,42.602],[130.437,42.545],[130.426,42.602],[130.243,42.718],[130.252,42.893],[130.101,42.912],[130.136,42.962],[130.107,42.978],[129.992,42.962],[129.907,43.006],[129.758,42.73],[129.788,42.675],[129.743,42.641],[129.701,42.438],[129.591,42.445],[129.54,42.364],[129.342,42.446],[129.191,42.313],[129.21,42.217],[128.919,42.023],[128.729,42.047],[128.489,41.996],[128.29,42.039],[128.059,42.003],[128.102,41.796],[128.302,41.578],[128.156,41.383],[128.044,41.389],[128.001,41.446],[127.648,41.403],[127.539,41.464],[127.271,41.473],[127.287,41.501],[127.102,41.535],[127.179,41.587],[127.041,41.655],[127.078,41.682],[126.936,41.794],[126.787,41.692],[126.695,41.74],[126.722,41.698],[126.564,41.611],[126.584,41.569],[126.501,41.432],[126.527,41.358],[126.456,41.357],[126.279,41.153],[126.124,41.081],[126.073,40.973],[125.978,40.913],[126.012,40.896],[125.762,40.884],[125.653,40.822],[125.68,40.766],[125.564,40.778],[125.406,40.621],[125.286,40.648],[125.018,40.531],[125.04,40.457],[124.886,40.473],[124.372,40.093]]}},{"type":"Feature","properties":{},"geometry":{"type":"LineString","coordinates":[[134.741,48.268],[134.557,47.994],[134.767,47.707],[134.552,47.467],[134.302,47.416],[134.182,47.323],[134.147,47.249],[134.222,47.11],[134.136,47.078],[134.062,46.975],[134.019,46.667],[133.845,46.475],[133.928,46.392],[133.862,46.331],[133.91,46.314],[133.9,46.25],[133.687,46.143],[133.724,46.059],[133.661,45.934],[133.477,45.826],[133.508,45.778],[133.443,45.704],[133.488,45.683],[133.468,45.622],[133.149,45.45],[133.092,45.244],[133.113,45.12],[132.923,45.022],[131.989,45.242],[131.865,45.345],[131.754,45.213],[131.646,45.199],[131.648,45.11],[131.467,44.967],[131.118,44.926],[130.95,44.841],[131.096,44.691],[131.298,44.052],[131.231,43.974],[131.187,43.553],[131.304,43.456],[131.311,43.392],[131.191,43.197],[131.211,43.127],[131.105,43.036],[131.123,42.911],[131.015,42.855],[130.819,42.876],[130.771,42.832],[130.638,42.832],[130.405,42.718],[130.605,42.62],[130.56,42.501],[130.691,42.296]]}},{"type":"Feature","properties":{},"geometry":{"type":"LineString","coordinates":[[19.927,39.845],[19.97,39.801],[19.968,39.664],[20.026,39.698],[20.193,39.645],[20.264,39.669],[20.321,39.734],[20.291,39.807],[20.381,39.787],[20.414,39.824],[20.316,39.993],[20.394,39.999],[20.45,40.072],[20.672,40.098],[20.789,40.428],[20.849,40.479],[20.952,40.471],[21.041,40.562],[21.053,40.673],[20.962,40.772],[20.972,40.906],[20.735,40.911],[20.67,41.088],[20.594,41.096],[20.518,41.234],[20.493,41.331],[20.563,41.408],[20.456,41.526],[20.558,41.588],[20.514,41.732],[20.623,41.967],[20.524,42.214],[20.348,42.326],[20.245,42.329],[20.172,42.497],[20.058,42.564],[19.825,42.47],[19.747,42.543],[19.753,42.642],[19.654,42.626],[19.283,42.186],[19.4,42.105],[19.347,41.955],[19.368,41.851]]}},{"type":"Feature","properties":{},"geometry":{"type":"LineString","coordinates":[[104.039,19.693],[104.037,19.611],[104.122,19.494],[104.07,19.41],[103.965,19.389],[103.879,19.294],[104.171,19.193],[104.223,19.11],[104.526,18.977],[104.741,18.797],[105.139,18.703],[105.195,18.617],[105.146,18.594],[105.104,18.448],[105.192,18.378],[105.185,18.318],[105.319,18.26],[105.322,18.197],[105.394,18.15],[105.434,18.208],[105.5,18.18],[105.634,17.977],[105.615,17.871],[105.754,17.67],[105.861,17.619],[106.212,17.262],[106.312,17.291],[106.442,16.989],[106.561,16.997],[106.587,16.627]]}},{"type":"Feature","properties":{},"geometry":{"type":"LineString","coordinates":[[-69.568,-10.951],[-68.925,-11.997],[-68.675,-12.499],[-68.781,-12.618],[-68.733,-12.664],[-68.757,-12.715],[-68.847,-12.733],[-68.974,-12.863],[-68.962,-13.513],[-69.015,-13.638],[-69.088,-13.657],[-69.003,-13.754],[-68.977,-13.962],[-68.896,-14.034],[-68.853,-14.199],[-68.999,-14.243],[-68.981,-14.379],[-69.158,-14.505],[-69.157,-14.576],[-69.229,-14.576],[-69.242,-14.73],[-69.366,-14.802],[-69.382,-14.97],[-69.137,-15.246],[-69.268,-15.327],[-69.422,-15.618],[-69.212,-16.161],[-69.134,-16.224],[-68.965,-16.209],[-68.822,-16.34],[-69.034,-16.473],[-69.007,-16.653],[-69.166,-16.721],[-69.411,-17.021],[-69.388,-17.055],[-69.621,-17.191],[-69.651,-17.29],[-69.501,-17.379],[-69.5,-17.505],[-69.684,-17.664],[-69.815,-17.652],[-69.837,-17.686],[-69.769,-17.953],[-69.841,-18.129],[-69.988,-18.269],[-70.405,-18.348]]}},{"type":"Feature","properties":{},"geometry":{"type":"LineString","coordinates":[[20.586,69.058],[20.097,69.042],[20.315,68.928],[20.35,68.787],[19.956,68.544],[20.211,68.482],[19.938,68.338],[18.952,68.488],[18.612,68.475],[18.358,68.539],[18.097,68.509],[18.046,68.409],[18.155,68.166],[17.884,67.946],[17.274,68.091],[16.727,67.899],[16.508,67.609],[16.383,67.516],[16.192,67.5],[16.086,67.412],[16.361,67.238],[16.406,67.163],[16.354,67.018],[16.01,66.891],[15.626,66.606],[15.363,66.48],[15.468,66.284],[15.025,66.15],[14.505,66.133],[14.635,65.827],[14.501,65.586],[14.493,65.314],[14.369,65.247],[14.268,65.072],[13.663,64.583],[14.116,64.471],[14.147,64.174],[13.982,64.013],[13.23,64.093],[12.668,63.963],[12.139,63.584],[12.195,63.485],[11.936,63.272],[12.169,63.016],[12.029,62.893],[12.089,62.749],[12.012,62.601],[12.296,62.262],[12.124,61.729],[12.407,61.573],[12.53,61.566],[12.856,61.363],[12.655,61.063],[12.21,61.003],[12.606,60.48],[12.59,60.399],[12.488,60.295],[12.489,60.098],[12.148,59.891],[11.957,59.897],[11.815,59.846],[11.891,59.795],[11.903,59.708],[11.666,59.595],[11.798,59.245],[11.621,58.905],[11.432,58.889],[11.428,58.992],[11.3,59.106],[11.126,59.067],[11.032,58.965],[10.758,58.914]]}},{"type":"Feature","properties":{},"geometry":{"type":"LineString","coordinates":[[-53.836,-27.172],[-53.877,-27.119],[-54.092,-27.283],[-54.181,-27.25],[-54.234,-27.381],[-54.293,-27.432],[-54.346,-27.399],[-54.358,-27.457],[-54.399,-27.406],[-54.461,-27.412],[-54.455,-27.472],[-54.543,-27.491],[-54.592,-27.451],[-54.683,-27.554],[-54.811,-27.532],[-54.847,-27.614],[-54.902,-27.624],[-54.912,-27.737],[-55.004,-27.792],[-55.08,-27.779],[-55.019,-27.85],[-55.132,-27.887],[-55.186,-27.857],[-55.321,-27.922],[-55.448,-28.087],[-55.502,-28.076],[-55.559,-28.151],[-55.612,-28.121],[-55.765,-28.226],[-55.669,-28.32],[-55.692,-28.409],[-55.736,-28.362],[-55.891,-28.368],[-55.895,-28.47],[-56.018,-28.508],[-56.021,-28.599],[-56.2,-28.765],[-56.289,-28.785],[-56.307,-28.898],[-56.405,-28.962],[-56.427,-29.069],[-56.611,-29.159],[-56.696,-29.344],[-57.101,-29.761],[-57.289,-29.815],[-57.329,-29.988],[-57.498,-30.14],[-57.644,-30.194],[-57.626,-30.286],[-57.669,-30.355],[-57.887,-30.522],[-57.797,-30.884],[-57.913,-30.939],[-57.854,-31.066],[-57.989,-31.402],[-58.081,-31.467],[-57.977,-31.577],[-58.033,-31.776],[-58.202,-31.886],[-58.146,-31.996],[-58.183,-32.161],[-58.097,-32.296],[-58.199,-32.45]]}},{"type":"Feature","properties":{},"geometry":{"type":"LineString","coordinates":[[34.218,31.322],[34.489,30.691],[34.545,30.407],[34.614,30.365],[34.756,30.009],[34.904,29.486]]}},{"type":"Feature","properties":{},"geometry":{"type":"LineString","coordinates":[[-130.608,54.708],[-130.634,54.764],[-130.336,54.914],[-129.972,55.283],[-130.126,55.563],[-130.097,55.649],[-130.143,55.76],[-130.013,55.895],[-130.014,56.024],[-130.089,56.118],[-130.229,56.09],[-130.414,56.129],[-130.462,56.235],[-130.627,56.259],[-130.774,56.366],[-131.055,56.398],[-131.558,56.602],[-131.824,56.597],[-131.884,56.745],[-131.861,56.8],[-132.103,56.867],[-132.027,57.036],[-132.337,57.088],[-132.227,57.205],[-133.058,57.999],[-133.137,58.136],[-133.361,58.281],[-133.447,58.377],[-133.367,58.424],[-133.827,58.726],[-134.246,58.857],[-134.332,58.93],[-134.311,58.964],[-134.395,58.983],[-134.379,59.049],[-134.461,59.127],[-134.566,59.131],[-134.688,59.243],[-134.952,59.28],[-135.016,59.348],[-134.989,59.39],[-135.092,59.427],[-135.021,59.471],[-135.015,59.568],[-135.235,59.703],[-135.474,59.802],[-136.344,59.603],[-136.234,59.526],[-136.372,59.453],[-136.464,59.47],[-136.463,59.289],[-136.584,59.163],[-136.809,59.165],[-137.478,58.907],[-137.591,59.239],[-138.616,59.774],[-138.69,59.907],[-139.048,59.998],[-139.189,60.089],[-139.068,60.352],[-139.677,60.341],[-139.979,60.188],[-140.451,60.31],[-140.521,60.222],[-140.997,60.308],[-141.003,69.646]]}},{"type":"Feature","properties":{},"geometry":{"type":"LineString","coordinates":[[61.278,35.605],[61.229,35.678],[61.245,35.897],[61.123,35.975],[61.229,36.127],[61.15,36.315],[61.19,36.568],[61.157,36.65],[60.333,36.656],[60.029,37.037],[59.813,37.125],[59.62,37.132],[59.567,37.209],[59.477,37.219],[59.393,37.323],[59.339,37.539],[59.25,37.513],[58.823,37.704],[58.713,37.649],[58.563,37.709],[58.498,37.648],[58.389,37.636],[58.228,37.681],[58.174,37.796],[57.708,37.927],[57.45,37.939],[57.353,37.989],[57.371,38.093],[57.212,38.282],[57.059,38.194],[56.756,38.285],[56.614,38.241],[56.443,38.26],[56.322,38.185],[56.333,38.086],[56.23,38.071],[55.756,38.125],[55.443,38.086],[55.141,37.956],[54.833,37.746],[54.782,37.648],[54.787,37.519],[54.681,37.444],[54.571,37.451],[54.232,37.327],[53.902,37.351]]}},{"type":"Feature","properties":{},"geometry":{"type":"LineString","coordinates":[[-75.282,-0.108],[-75.418,-0.165],[-75.628,-0.111],[-75.623,-0.177],[-75.479,-0.234],[-75.409,-0.426],[-75.246,-0.554],[-75.293,-0.731],[-75.216,-0.966],[-75.332,-0.979],[-75.402,-0.923],[-75.562,-1.544],[-76.074,-2.131],[-76.661,-2.573],[-77.857,-2.984],[-78.206,-3.339],[-78.169,-3.45],[-78.232,-3.519],[-78.266,-3.418],[-78.337,-3.423],[-78.396,-3.739],[-78.541,-3.932],[-78.564,-4.096],[-78.672,-4.323],[-78.625,-4.437],[-78.666,-4.554],[-78.876,-4.677],[-78.919,-4.745],[-78.893,-4.85],[-78.978,-4.878],[-79.037,-4.996],[-79.291,-4.963],[-79.445,-4.8],[-79.517,-4.616],[-79.507,-4.518],[-79.65,-4.433],[-79.824,-4.476],[-79.899,-4.393],[-80.135,-4.283]]}},{"type":"Feature","properties":{},"geometry":{"type":"LineString","coordinates":[[28.011,70.067],[27.573,70.069],[27.069,69.909],[26.84,69.951],[26.471,69.936],[26.165,69.747],[25.989,69.707],[25.942,69.668],[25.976,69.63],[25.949,69.578],[25.853,69.547],[25.835,69.384],[25.714,69.256],[25.733,69.109],[25.809,69.011],[25.623,68.884],[25.419,68.889],[25.214,68.818],[25.103,68.635],[24.909,68.558],[24.754,68.66],[24.351,68.711],[23.976,68.833],[23.83,68.83],[23.693,68.712],[23.225,68.63],[23.064,68.696],[22.55,68.738],[22.398,68.711],[22.347,68.845],[21.682,69.285],[21.321,69.326],[21.097,69.239],[21.033,69.213],[21.113,69.108],[21.059,69.034],[20.738,69.096],[20.582,69.059],[20.867,69.005],[20.939,68.958],[20.895,68.894],[21.081,68.867],[21.407,68.744],[21.466,68.678],[21.897,68.57],[22.051,68.479],[22.824,68.388],[23.142,68.23],[23.151,68.123],[23.307,68.139],[23.394,68.043],[23.666,67.942],[23.483,67.863],[23.481,67.727],[23.554,67.588],[23.472,67.556],[23.431,67.466],[23.768,67.416],[23.773,67.314],[23.606,67.259],[23.572,67.157],[24.008,66.801],[23.89,66.743],[23.879,66.557],[23.647,66.448],[23.728,66.196],[23.931,66.136],[24.167,65.831],[24.121,65.78],[24.196,65.727],[24.164,65.691],[24.195,65.656],[24.136,65.513]]}},{"type":"Feature","properties":{},"geometry":{"type":"LineString","coordinates":[[18.851,49.518],[18.554,49.503],[18.381,49.331],[18.186,49.287],[18.098,49.06],[17.926,49.02],[17.887,48.928],[17.53,48.813],[17.456,48.847],[17.365,48.814],[17.206,48.876],[17.12,48.842],[16.942,48.617]]}},{"type":"Feature","properties":{},"geometry":{"type":"LineString","coordinates":[[-56.469,1.944],[-56.025,1.836],[-55.904,1.893],[-55.901,2.045],[-56.046,2.236],[-56.138,2.267],[-55.992,2.408],[-55.966,2.533],[-55.71,2.399],[-55.38,2.428],[-55.322,2.517],[-55.241,2.499],[-55.138,2.574],[-55.112,2.527],[-54.948,2.618],[-54.972,2.555],[-54.867,2.44],[-54.689,2.454],[-54.689,2.325],[-54.547,2.318],[-54.469,2.213],[-54.249,2.147],[-54.181,2.173],[-54.123,2.114],[-53.745,2.374],[-53.734,2.312],[-53.53,2.249],[-53.328,2.353],[-53.217,2.253],[-53.265,2.193],[-53.105,2.223],[-52.948,2.178],[-52.594,2.474],[-52.54,2.57],[-52.564,2.639],[-52.335,3.064],[-52.344,3.154],[-52.201,3.289],[-51.931,3.773],[-51.683,4.035]]}},{"type":"Feature","properties":{},"geometry":{"type":"LineString","coordinates":[[29.215,-3.337],[29.236,-3.916],[29.378,-4.134],[29.424,-4.449],[29.752,-4.461],[29.813,-4.36],[30.026,-4.269],[30.172,-4.087],[30.321,-3.787],[30.401,-3.786],[30.449,-3.546],[30.662,-3.419],[30.624,-3.371],[30.656,-3.329],[30.832,-3.261],[30.852,-3.145],[30.796,-3.049],[30.845,-2.976],[30.666,-2.976],[30.563,-2.893],[30.485,-2.947],[30.418,-2.862],[30.44,-2.747],[30.523,-2.648],[30.463,-2.686],[30.431,-2.653],[30.573,-2.399],[30.387,-2.298],[30.314,-2.35],[30.225,-2.339],[30.154,-2.431],[29.952,-2.309],[29.908,-2.693],[29.742,-2.802],[29.367,-2.825],[29.329,-2.654],[29.141,-2.589],[29.059,-2.605],[28.984,-2.8],[29.238,-3.058],[29.214,-3.334]]}},{"type":"Feature","properties":{},"geometry":{"type":"LineString","coordinates":[[-56.489,-22.086],[-56.396,-22.067],[-56.357,-22.163],[-56.206,-22.274],[-55.859,-22.283],[-55.746,-22.395],[-55.724,-22.553],[-55.609,-22.634],[-55.649,-22.811],[-55.629,-22.993],[-55.589,-23.122],[-55.538,-23.149],[-55.522,-23.603],[-55.442,-23.701],[-55.405,-23.965],[-55.189,-24.02],[-55.031,-23.994],[-54.628,-23.804],[-54.243,-24.052],[-54.338,-24.144],[-54.249,-24.354],[-54.331,-24.493],[-54.314,-24.622],[-54.449,-24.997],[-54.423,-25.143],[-54.617,-25.438],[-54.584,-25.637],[-54.646,-25.674],[-54.586,-25.826],[-54.601,-25.953],[-54.665,-25.982],[-54.633,-26.2],[-54.693,-26.428],[-54.794,-26.523],[-54.806,-26.664],[-54.924,-26.681],[-54.957,-26.778],[-55.129,-26.868],[-55.129,-26.949],[-55.414,-26.983],[-55.455,-27.095],[-55.602,-27.168],[-55.567,-27.249],[-55.6,-27.342],[-55.784,-27.434]]}},{"type":"Feature","properties":{},"geometry":{"type":"LineString","coordinates":[[-67.182,-22.821],[-67.012,-22.643],[-67.023,-22.524],[-66.775,-22.427],[-66.737,-22.227],[-66.293,-22.082],[-66.232,-21.787],[-66.077,-21.832],[-66.041,-21.917],[-65.926,-21.933],[-65.748,-22.112],[-64.988,-22.091],[-64.595,-22.212],[-64.539,-22.276],[-64.566,-22.361],[-64.431,-22.548],[-64.452,-22.648],[-64.36,-22.741],[-64.325,-22.874],[-64.252,-22.564],[-64.127,-22.41],[-63.941,-22.001],[-63.733,-22.003],[-63.701,-22.039],[-63.686,-22.003],[-62.809,-21.997],[-62.789,-22.123],[-62.624,-22.249],[-62.628,-22.303],[-62.247,-22.529],[-62.259,-22.604],[-62.19,-22.63],[-62.189,-22.711],[-62.029,-22.892],[-61.994,-23.003],[-61.782,-23.147],[-61.74,-23.244],[-61.517,-23.345],[-61.497,-23.414],[-61.116,-23.604],[-61.012,-23.811],[-60.614,-23.894],[-60.573,-23.951],[-60.286,-24.037],[-60.038,-24.01],[-59.481,-24.349]]}},{"type":"Feature","properties":{},"geometry":{"type":"LineString","coordinates":[[127.586,50.203],[127.488,50.042],[127.531,49.919],[127.512,49.81],[127.671,49.749],[127.687,49.671],[127.821,49.591],[127.974,49.602],[128.19,49.534],[128.623,49.569],[128.668,49.612],[128.802,49.559],[128.752,49.468],[128.992,49.441],[129.102,49.347],[129.199,49.39],[129.346,49.34],[129.383,49.425],[129.482,49.418],[129.555,49.285],[129.721,49.266],[129.732,49.192],[129.851,49.154],[129.833,49.117],[129.915,49.078],[129.906,49.037],[130.221,48.864],[130.417,48.896],[130.504,48.852],[130.666,48.868],[130.522,48.603],[130.614,48.566],[130.626,48.477],[130.758,48.488],[130.737,48.418],[130.832,48.296],[130.657,48.104],[130.889,47.9],[130.937,47.725],[130.995,47.686],[131.417,47.739],[131.537,47.719],[131.576,47.656],[131.678,47.699],[131.919,47.67],[132.341,47.743],[132.529,47.711],[132.586,47.741],[132.671,47.95],[132.809,47.942],[133.089,48.102],[133.507,48.071],[133.594,48.173],[133.696,48.187],[133.751,48.25],[133.978,48.26],[134.039,48.323],[134.418,48.39],[134.571,48.364],[134.735,48.266]]}},{"type":"Feature","properties":{},"geometry":{"type":"LineString","coordinates":[[-64.642,4.222],[-64.798,4.277],[-64.796,4.193],[-64.718,4.153],[-64.538,3.863],[-64.321,3.733],[-64.187,3.585],[-64.237,3.427],[-64.218,3.123],[-63.987,2.724],[-64.043,2.478],[-63.812,2.425],[-63.361,2.419],[-63.393,2.151],[-63.605,2.107],[-63.783,1.973],[-64.002,1.951],[-64.052,1.891],[-64.082,1.628],[-64.342,1.367],[-64.382,1.39],[-64.35,1.484],[-64.389,1.514],[-64.719,1.251],[-64.821,1.281],[-65.017,1.134],[-65.112,1.139],[-65.188,0.929],[-65.315,0.919],[-65.436,0.695],[-65.519,0.65],[-65.584,0.719],[-65.509,0.899],[-65.59,0.989],[-65.741,0.982],[-66.124,0.734],[-66.312,0.751],[-66.872,1.223]]}},{"type":"Feature","properties":{},"geometry":{"type":"LineString","coordinates":[[61.384,41.234],[61.273,41.161],[61.033,41.246],[61.002,41.208],[60.812,41.258],[60.488,41.219],[60.14,41.381],[60.078,41.454],[60.099,41.538],[60.186,41.599],[60.07,41.758],[60.123,41.805],[60.276,41.793],[60.129,41.919],[59.928,41.971],[60.025,42.015],[59.992,42.132],[60.056,42.201],[59.858,42.316],[59.457,42.293],[59.285,42.348],[59.259,42.452],[59.156,42.541],[58.952,42.541],[58.61,42.798],[58.563,42.663],[58.294,42.697],[58.143,42.631],[58.315,42.548],[58.511,42.301],[58.412,42.297],[58.406,42.398],[58.312,42.453],[58.027,42.504],[57.924,42.442],[57.964,42.367],[57.848,42.238],[57.869,42.191],[57.387,42.163],[57.246,42.095],[57.12,41.942],[56.978,41.885],[56.976,41.665],[57.043,41.467],[57.188,41.371],[57.05,41.263],[56,41.326]]}},{"type":"Feature","properties":{},"geometry":{"type":"LineString","coordinates":[[25.263,-17.801],[25.514,-17.863],[25.689,-17.808],[25.858,-17.912],[25.864,-17.977],[25.972,-18.006],[26.215,-17.884],[26.696,-18.076],[27.038,-17.959],[27.348,-17.575],[27.619,-17.337],[27.639,-17.225],[27.825,-16.959],[28.139,-16.824],[28.26,-16.724],[28.759,-16.552],[28.853,-16.394],[28.859,-16.056],[28.927,-15.972],[29.045,-15.95],[29.25,-15.775],[29.563,-15.662],[29.831,-15.616],[30.214,-15.665],[30.414,-15.634],[30.358,-15.555],[30.364,-15.344],[30.253,-15.219],[30.213,-14.981],[30.344,-14.968],[30.861,-14.758],[31.485,-14.62],[31.693,-14.504],[33.224,-14.012]]}},{"type":"Feature","properties":{},"geometry":{"type":"LineString","coordinates":[[6.362,49.46],[6.23,49.508],[5.978,49.449],[5.768,49.557],[5.473,49.506],[5.438,49.6],[5.315,49.618],[5.33,49.66],[5.276,49.699],[5.175,49.697],[4.991,49.804],[4.86,49.793],[4.881,49.915],[4.801,49.978],[4.895,50.14],[4.832,50.167],[4.697,50.091],[4.674,49.996],[4.511,49.947],[4.151,49.98],[4.153,50.034],[4.23,50.071],[4.201,50.132],[4.138,50.138],[4.216,50.265],[4.15,50.258],[4.033,50.356],[3.769,50.353],[3.706,50.306],[3.616,50.492],[3.28,50.538],[3.25,50.705],[3.15,50.79],[2.955,50.757],[2.903,50.696],[2.8,50.728],[2.603,50.853],[2.631,50.955],[2.542,51.091]]}},{"type":"Feature","properties":{},"geometry":{"type":"LineString","coordinates":[[21.381,-18.014],[21.165,-17.931],[20.807,-18.037],[20.548,-17.981],[20.332,-17.857],[20.037,-17.899],[19.813,-17.857],[19.763,-17.898],[19.663,-17.837],[19.56,-17.867],[19.243,-17.805],[18.924,-17.817],[18.638,-17.644],[18.453,-17.39],[14.207,-17.386],[13.981,-17.425],[13.526,-17.126],[13.493,-17.023],[13.161,-16.952],[12.888,-17.033],[12.558,-17.243],[12.452,-17.254],[12.422,-17.203],[12.247,-17.227],[12.169,-17.143],[12.086,-17.135],[11.822,-17.268],[11.77,-17.251]]}},{"type":"Feature","properties":{},"geometry":{"type":"LineString","coordinates":[[100.58,20.155],[100.51,19.885],[100.404,19.758],[100.49,19.538],[100.583,19.493],[100.652,19.552],[100.775,19.484],[100.904,19.624],[101.281,19.562],[101.202,19.357],[101.241,19.331],[101.258,19.128],[101.354,19.039],[101.252,18.89],[101.229,18.722],[101.268,18.681],[101.056,18.436],[101.182,18.331],[101.152,18.254],[101.191,18.054],[101.022,17.893],[100.91,17.593],[101.156,17.46],[101.23,17.528]]}},{"type":"Feature","properties":{},"geometry":{"type":"LineString","coordinates":[[106.459,11.67],[106.306,11.678],[106.043,11.777],[105.964,11.645],[105.869,11.67],[105.815,11.615],[105.901,11.442],[105.872,11.291],[106.11,11.061],[106.159,11.094],[106.191,11.053],[106.214,10.976],[106.153,10.974],[106.146,10.919],[106.203,10.771],[105.957,10.9],[105.933,10.834],[105.873,10.85],[105.779,11.023],[105.543,10.948],[105.43,10.966],[105.348,10.843],[105.102,10.956],[105.037,10.884],[105.098,10.716],[104.884,10.534],[104.598,10.534],[104.505,10.414],[104.447,10.422]]}},{"type":"Feature","properties":{},"geometry":{"type":"LineString","coordinates":[[77.821,35.5],[77.042,35.099],[77.063,35.021],[76.962,34.936],[76.918,34.688],[76.876,34.661],[76.722,34.746],[76.456,34.769],[76.179,34.59],[75.994,34.628],[75.806,34.508],[75.662,34.501],[75.243,34.626],[74.693,34.694],[74.38,34.783],[73.942,34.647],[73.947,34.565],[73.797,34.386],[73.849,34.319],[73.974,34.303],[74.022,34.209],[73.919,34.125],[73.914,34.069],[73.979,34.012],[74.245,34.019],[74.296,33.978],[74.231,33.881],[74.051,33.832],[73.991,33.744],[74.001,33.654],[74.182,33.517],[74.121,33.334],[74.018,33.267],[74.017,33.189],[74.184,33.042],[74.338,32.997],[74.36,32.776],[74.599,32.759],[74.713,32.839],[74.654,32.593],[74.718,32.476],[75.049,32.478],[75.355,32.303]]}},{"type":"Feature","properties":{},"geometry":{"type":"LineString","coordinates":[[-90.389,48.097],[-90.072,48.11],[-89.904,47.989],[-89.761,48.03],[-89.357,47.98],[-88.688,48.258],[-88.368,48.312],[-84.857,46.902],[-84.775,46.653],[-84.565,46.466],[-84.126,46.532],[-84.16,46.414],[-84.106,46.248],[-83.959,46.072],[-83.839,46.126],[-83.577,46.105],[-83.448,46.012],[-83.598,45.826],[-82.543,45.356],[-82.13,43.585],[-82.421,43.016]]}},{"type":"Feature","properties":{},"geometry":{"type":"LineString","coordinates":[[-53.38,-33.746],[-53.534,-33.657],[-53.52,-33.137],[-53.093,-32.73],[-53.566,-32.435],[-53.747,-32.056],[-54.067,-31.875],[-54.144,-31.911],[-54.464,-31.672],[-54.472,-31.577],[-54.593,-31.46],[-54.842,-31.423],[-55.017,-31.271],[-55.079,-31.329],[-55.227,-31.251],[-55.422,-30.963],[-55.582,-30.846],[-55.636,-30.856],[-55.642,-30.942],[-55.717,-30.942],[-55.837,-31.074],[-56.007,-31.082],[-56.002,-30.796],[-56.18,-30.6],[-56.625,-30.295],[-56.631,-30.236],[-56.801,-30.11],[-57.072,-30.109],[-57.214,-30.293],[-57.528,-30.274],[-57.608,-30.185]]}},{"type":"Feature","properties":{},"geometry":{"type":"LineString","coordinates":[[13.717,45.598],[13.851,45.585],[13.919,45.638],[13.789,45.754],[13.598,45.811],[13.632,45.991],[13.543,45.968],[13.48,46.011],[13.669,46.178],[13.416,46.213],[13.383,46.297],[13.596,46.441],[13.689,46.447],[13.719,46.527],[12.441,46.691],[12.285,46.788],[12.281,46.879],[12.146,46.913],[12.129,47.013],[12.231,47.072],[12.189,47.095],[11.756,46.978],[11.484,47.014],[11.171,46.967],[11.015,46.773],[10.742,46.794],[10.764,46.834],[10.679,46.875],[10.472,46.868]]}},{"type":"Feature","properties":{},"geometry":{"type":"LineString","coordinates":[[41.532,41.524],[41.723,41.496],[41.833,41.428],[41.968,41.519],[42.472,41.433],[42.598,41.583],[42.832,41.583],[42.788,41.508],[42.847,41.473],[42.893,41.507],[43.04,41.374],[43.205,41.309],[43.124,41.255],[43.199,41.255],[43.233,41.178],[43.452,41.171],[43.479,41.025],[43.672,40.928],[43.755,40.677],[43.554,40.471],[43.621,40.419],[43.594,40.337],[43.721,40.167],[43.658,40.109],[43.934,40.014],[44.286,40.046],[44.391,40.008],[44.696,39.79],[44.814,39.633]]}},{"type":"Feature","properties":{},"geometry":{"type":"LineString","coordinates":[[28.959,69.051],[28.432,68.897],[28.821,68.844],[28.458,68.532],[28.697,68.193],[29.357,68.083],[29.692,67.815],[30.029,67.695],[29.933,67.514],[29.546,67.311],[29.157,67.031],[29.088,66.97],[29.075,66.88],[29.544,66.5],[29.638,66.323],[29.906,66.132],[30.134,65.719],[30.124,65.665],[30.024,65.691],[29.722,65.638],[29.86,65.566],[29.746,65.514],[29.748,65.342],[29.596,65.249],[29.854,65.216],[29.823,65.149],[29.874,65.121],[29.629,65.063],[29.637,64.928],[29.805,64.794],[30.141,64.774],[30.121,64.731],[30.199,64.65],[29.975,64.581],[30.087,64.483],[30.052,64.405],[30.561,64.244],[30.548,64.175],[30.611,64.102],[30.595,64.047],[30.264,63.822],[29.993,63.744],[30.482,63.479],[30.796,63.402],[31.22,63.223],[31.282,63.109],[31.582,62.914]]}},{"type":"Feature","properties":{},"geometry":{"type":"LineString","coordinates":[[-12.058,14.725],[-12.391,14.85],[-12.486,15.016],[-12.632,15.101],[-12.697,15.088],[-12.783,15.15],[-12.788,15.209],[-12.853,15.211],[-12.893,15.262],[-12.841,15.299],[-12.932,15.368],[-12.96,15.504],[-13.066,15.48],[-13.092,15.583],[-13.235,15.625],[-13.219,15.702],[-13.284,15.765],[-13.325,15.929],[-13.398,16.059],[-13.469,16.108],[-13.506,16.081],[-13.489,16.149],[-13.671,16.098],[-13.711,16.185],[-13.848,16.114],[-13.875,16.198],[-13.973,16.237],[-13.964,16.326],[-14.225,16.548],[-14.336,16.577],[-14.345,16.639],[-14.907,16.635],[-14.981,16.693],[-15.042,16.63],[-15.102,16.669],[-15.113,16.584],[-15.407,16.544],[-15.457,16.583],[-15.67,16.481],[-15.894,16.513],[-16.052,16.481],[-16.124,16.553],[-16.281,16.52],[-16.383,16.228],[-16.469,16.181],[-16.489,16.054],[-16.507,16.094],[-16.543,16.061]]}},{"type":"Feature","properties":{},"geometry":{"type":"LineString","coordinates":[[3.524,15.357],[3.54,15.497],[3.727,15.653],[3.885,15.709],[4.07,16.294],[4.201,16.394],[4.199,16.821],[4.214,16.994],[4.253,16.994],[4.245,19.147],[3.332,18.976],[3.114,19.156],[3.277,19.39],[3.21,19.565],[3.233,19.82],[2.967,19.95],[2.412,20.058],[2.213,20.281],[2.098,20.219],[1.983,20.26],[1.905,20.234],[1.881,20.301],[1.805,20.303],[1.668,20.409],[1.628,20.571],[1.375,20.658],[1.317,20.738],[1.168,20.741],[1.169,21.102],[0.016,21.815]]}},{"type":"Feature","properties":{},"geometry":{"type":"LineString","coordinates":[[25.002,22],[31.271,21.998],[31.389,22.207],[31.456,22.232],[31.516,22.166],[31.454,21.998],[33.184,21.999]]}},{"type":"Feature","properties":{},"geometry":{"type":"LineString","coordinates":[[106.589,16.629],[106.67,16.584],[106.702,16.44],[106.78,16.431],[106.875,16.539],[106.882,16.419],[106.989,16.298],[107.133,16.274],[107.161,16.188],[107.334,16.057],[107.465,16.079],[107.475,16.021],[107.398,15.914],[107.204,15.86],[107.175,15.788],[107.399,15.496],[107.51,15.493],[107.518,15.426],[107.602,15.414],[107.695,15.271],[107.615,15.062],[107.468,15.025],[107.589,14.891],[107.514,14.804],[107.546,14.705]]}},{"type":"Feature","properties":{},"geometry":{"type":"LineString","coordinates":[[-12.082,13.708],[-11.969,13.53],[-11.872,13.468],[-11.888,13.379],[-11.816,13.308],[-11.739,13.411],[-11.598,13.365],[-11.517,13.114],[-11.435,13.076],[-11.42,12.959],[-11.378,12.988],[-11.418,12.837],[-11.383,12.727],[-11.447,12.686],[-11.416,12.582],[-11.452,12.551],[-11.366,12.499],[-11.374,12.405],[-11.486,12.437],[-11.736,12.381],[-11.908,12.429],[-11.969,12.391],[-12.099,12.41],[-12.346,12.301],[-12.446,12.387],[-12.579,12.36],[-12.633,12.438],[-12.766,12.437],[-12.901,12.547],[-12.964,12.471],[-13.038,12.473],[-13.061,12.64],[-15.218,12.685],[-15.685,12.43],[-16.209,12.461],[-16.399,12.358],[-16.684,12.36],[-16.717,12.323]]}},{"type":"Feature","properties":{},"geometry":{"type":"LineString","coordinates":[[22.935,41.341],[22.976,41.446],[22.953,41.634],[23.033,41.728],[22.896,41.885],[22.864,42.027],[22.521,42.149],[22.364,42.32],[22.456,42.34],[22.558,42.479],[22.439,42.575],[22.501,42.739],[22.442,42.822],[22.525,42.879],[22.746,42.894],[22.791,42.985],[22.966,43.102],[23.007,43.196],[22.904,43.231],[22.767,43.386],[22.543,43.473],[22.496,43.646],[22.359,43.817],[22.417,44.007],[22.623,44.071],[22.617,44.173],[22.681,44.226]]}},{"type":"Feature","properties":{},"geometry":{"type":"LineString","coordinates":[[81.599,50.736],[81.783,50.793],[82.15,50.711],[82.356,50.76],[82.499,50.721],[82.72,50.811],[82.761,50.911],[83.01,50.889],[83.139,51.002],[83.456,51.003],[83.973,50.802],[83.97,50.716],[84.171,50.596],[84.264,50.275],[84.363,50.212],[84.474,50.257],[84.56,50.196],[84.811,50.144],[84.852,50.092],[85.014,50.076],[85.058,50.014],[84.979,49.998],[84.978,49.913],[85.084,49.881],[85.259,49.591],[85.631,49.628],[85.691,49.564],[85.969,49.566],[85.969,49.489],[86.133,49.533],[86.191,49.473],[86.293,49.589],[86.481,49.651],[86.616,49.797],[86.775,49.789],[86.8,49.702],[86.682,49.67],[86.617,49.587],[86.847,49.522],[86.84,49.452],[86.964,49.392],[86.927,49.353],[87.053,49.254],[87.3,49.211],[87.349,49.092]]}},{"type":"Feature","properties":{},"geometry":{"type":"LineString","coordinates":[[25.586,-25.622],[25.358,-25.756],[25.029,-25.729],[24.898,-25.811],[24.677,-25.828],[24.446,-25.736],[24.349,-25.754],[24.189,-25.622],[24,-25.659],[23.998,-25.617],[23.905,-25.629],[23.453,-25.276],[23.194,-25.264],[23.071,-25.329],[23.013,-25.3],[22.838,-25.477],[22.817,-25.674],[22.73,-25.789],[22.768,-25.835],[22.703,-25.887],[22.713,-25.999],[22.658,-26.019],[22.533,-26.221],[22.416,-26.229],[22.354,-26.324],[22.249,-26.341],[22.056,-26.626],[21.77,-26.68],[21.771,-26.792],[21.667,-26.864],[21.381,-26.821],[21.129,-26.866],[20.897,-26.795],[20.69,-26.896]]}},{"type":"Feature","properties":{},"geometry":{"type":"LineString","coordinates":[[14.828,50.866],[14.966,51.054],[15.039,51.272],[14.954,51.47],[14.736,51.528],[14.755,51.67],[14.599,51.819],[14.693,51.899],[14.764,52.07],[14.687,52.114],[14.712,52.242],[14.582,52.286],[14.535,52.392],[14.636,52.491],[14.641,52.57],[14.127,52.842],[14.166,52.878],[14.149,52.963],[14.353,53.053],[14.38,53.191],[14.45,53.259],[14.308,53.546],[14.291,53.779],[14.193,53.914],[14.226,53.929]]}},{"type":"Feature","properties":{},"geometry":{"type":"LineString","coordinates":[[21.054,56.078],[21.218,56.09],[21.244,56.168],[21.354,56.24],[22.067,56.419],[22.691,56.357],[22.941,56.424],[23.096,56.306],[23.32,56.38],[23.525,56.334],[23.609,56.364],[23.949,56.332],[24.163,56.261],[24.332,56.311],[24.558,56.288],[24.9,56.451],[25.097,56.201],[25.691,56.15],[25.715,56.09],[26.191,55.868],[26.33,55.731],[26.614,55.675]]}},{"type":"Feature","properties":{},"geometry":{"type":"LineString","coordinates":[[21.054,56.078],[21.218,56.09],[21.244,56.168],[21.354,56.24],[22.067,56.419],[22.691,56.357],[22.941,56.424],[23.096,56.306],[23.32,56.38],[23.525,56.334],[23.609,56.364],[23.949,56.332],[24.163,56.261],[24.332,56.311],[24.558,56.288],[24.9,56.451],[25.097,56.201],[25.691,56.15],[25.715,56.09],[26.191,55.868],[26.33,55.731],[26.614,55.675]]}},{"type":"Feature","properties":{},"geometry":{"type":"LineString","coordinates":[[-60.729,5.206],[-60.652,5.178],[-60.58,4.947],[-60.712,4.781],[-60.885,4.712],[-60.985,4.521],[-61.307,4.523],[-61.282,4.451],[-61.499,4.403],[-61.549,4.252],[-61.757,4.247],[-61.849,4.161],[-61.996,4.17],[-62.149,4.093],[-62.438,4.184],[-62.536,4.124],[-62.555,4.027],[-62.746,4.032],[-62.781,3.902],[-62.732,3.682],[-62.875,3.56],[-62.987,3.601],[-63.343,3.961],[-63.423,3.966],[-63.482,3.858],[-63.608,3.944],[-63.841,3.96],[-64.012,3.885],[-64.13,4.113],[-64.336,4.154],[-64.582,4.122],[-64.639,4.222]]}},{"type":"Feature","properties":{},"geometry":{"type":"LineString","coordinates":[[60.026,52.001],[60.223,51.999],[60.487,52.155],[60.715,52.157],[61.062,52.343],[60.979,52.413],[60.971,52.495],[60.835,52.53],[60.835,52.636],[60.694,52.681],[60.732,52.75],[61.081,52.93],[60.997,52.979],[61.463,53.03],[61.621,52.953],[61.863,52.987],[61.967,52.938],[62.116,52.999],[62.144,53.081],[62.105,53.125],[61.781,53.181],[61.676,53.255],[61.538,53.216],[61.185,53.307],[61.152,53.375],[61.242,53.507],[61.425,53.442],[61.578,53.513],[61.539,53.593],[61.395,53.593],[61.344,53.548],[60.906,53.62],[60.908,53.66],[61.06,53.643],[61.074,53.711],[61.227,53.812],[61.119,53.883],[61.001,53.89],[61.014,53.947],[61.167,53.959],[61.223,53.914],[61.253,53.952],[61.216,54.026],[61.326,54.069],[61.451,54.065],[61.584,53.957],[61.642,54.002],[61.815,54.008],[61.855,53.952],[62.026,53.94],[62.025,54.025],[62.458,54.04],[62.47,54.002],[62.406,53.956],[62.548,53.879],[62.609,53.978],[62.566,54.033],[62.638,54.074],[63.11,54.096],[63.148,54.181],[63.326,54.183]]}},{"type":"Feature","properties":{},"geometry":{"type":"LineString","coordinates":[[9.537,30.234],[9.055,32.1],[8.349,32.533],[8.306,32.834],[8.09,33.114],[7.74,33.234],[7.724,33.439],[7.556,33.679],[7.493,33.888],[7.531,34.107],[7.641,34.205],[7.778,34.243],[7.851,34.423],[8.123,34.539],[8.253,34.648],[8.227,34.696],[8.29,34.758],[8.268,34.933],[8.329,35.109],[8.452,35.24],[8.308,35.339],[8.363,35.528],[8.262,35.822],[8.374,36.445],[8.184,36.524],[8.456,36.665],[8.476,36.744],[8.428,36.794],[8.655,36.838],[8.629,36.944]]}},{"type":"Feature","properties":{},"geometry":{"type":"LineString","coordinates":[[44.795,39.651],[44.889,39.606],[44.95,39.436],[45.063,39.373],[45.142,39.218],[45.31,39.198],[45.439,38.998],[46.167,38.84],[46.355,38.911],[46.54,38.873],[46.838,39.155],[47.026,39.189],[47.1,39.304],[47.292,39.377],[47.392,39.47],[47.976,39.72],[48.36,39.385],[48.189,39.333],[48.12,39.264],[48.135,39.209],[48.294,39.113],[48.313,39.008],[48.071,38.951],[48.014,38.906],[48.021,38.836],[48.244,38.728],[48.244,38.667],[48.328,38.603],[48.442,38.622],[48.628,38.392],[48.884,38.445]]}},{"type":"Feature","properties":{},"geometry":{"type":"LineString","coordinates":[[-8.796,12.008],[-8.832,11.662],[-8.703,11.659],[-8.64,11.499],[-8.534,11.494],[-8.514,11.43],[-8.359,11.372],[-8.41,11.342],[-8.355,11.329],[-8.371,11.284],[-8.475,11.291],[-8.553,11.204],[-8.678,10.962],[-8.557,10.968],[-8.483,11.06],[-8.351,11.057],[-8.29,11.008],[-8.327,10.769],[-8.269,10.5],[-8.215,10.422],[-8.122,10.437],[-8.09,10.353],[-7.981,10.335],[-7.94,10.243],[-8.009,10.099],[-8.11,10.047],[-8.161,9.944],[-8.104,9.861],[-8.138,9.496],[-8.02,9.387],[-7.842,9.417],[-7.92,9.199],[-7.732,9.082],[-7.91,9.009],[-7.956,8.801],[-7.794,8.757],[-7.677,8.625],[-7.646,8.378]]}},{"type":"Feature","properties":{},"geometry":{"type":"LineString","coordinates":[[23.475,-17.626],[23.202,-17.48],[22.488,-16.774],[22.145,-16.498],[22.121,-16.341],[21.999,-16.173],[21.998,-13.004],[24.021,-13.006],[23.886,-12.785],[23.943,-12.547],[24.052,-12.385],[24.035,-12.264],[23.975,-12.2],[24.016,-11.814],[23.966,-11.655],[24.084,-11.403],[24.025,-11.281],[23.987,-10.871]]}},{"type":"Feature","properties":{},"geometry":{"type":"LineString","coordinates":[[23.289,-17.999],[21.465,-18.304],[20.994,-18.318],[20.992,-21.997],[19.996,-22.001],[20.002,-24.766],[20.39,-25.037],[20.556,-25.38],[20.676,-25.463],[20.636,-25.487],[20.69,-25.591],[20.656,-25.623],[20.811,-25.883],[20.861,-26.134],[20.61,-26.454],[20.619,-26.767],[20.693,-26.897]]}},{"type":"Feature","properties":{},"geometry":{"type":"LineString","coordinates":[[29.426,-4.449],[29.349,-4.94],[29.632,-5.722],[29.496,-5.991],[29.55,-6.295],[29.733,-6.627],[30.083,-6.86],[30.304,-7.126],[30.456,-7.58],[30.669,-7.915],[30.77,-8.191],[28.897,-8.479]]}},{"type":"Feature","properties":{},"geometry":{"type":"LineString","coordinates":[[100.894,21.683],[101.123,21.77],[101.162,21.531],[100.844,21.306],[100.723,21.307],[100.672,21.128],[100.52,20.949],[100.526,20.871],[100.647,20.871],[100.532,20.805],[100.369,20.827],[100.254,20.746],[100.175,20.635],[100.091,20.349],[100.097,20.256],[100.16,20.235],[100.256,20.385],[100.333,20.389],[100.454,20.191],[100.581,20.158]]}},{"type":"Feature","properties":{},"geometry":{"type":"LineString","coordinates":[[13.834,48.773],[14.007,48.71],[14.068,48.601],[14.341,48.556],[14.469,48.65],[14.7,48.581],[14.726,48.692],[14.816,48.784],[14.971,48.774],[14.978,48.977],[15.026,49.019],[15.157,49],[15.16,48.945],[15.291,48.994],[15.689,48.863],[15.84,48.879],[16.103,48.75],[16.376,48.734],[16.458,48.812],[16.544,48.812],[16.656,48.788],[16.69,48.736],[16.919,48.703],[16.955,48.551],[16.864,48.467],[16.841,48.368],[16.95,48.278],[16.977,48.174],[17.068,48.144]]}},{"type":"Feature","properties":{},"geometry":{"type":"LineString","coordinates":[[-8.469,7.56],[-8.359,7.235],[-8.286,7.176],[-8.28,7],[-8.324,6.962],[-8.337,6.762],[-8.606,6.508],[-8.492,6.436],[-8.455,6.49],[-8.382,6.443],[-8.396,6.343],[-8.326,6.362],[-8.17,6.275],[-8.019,6.308],[-7.902,6.278],[-7.822,6.203],[-7.845,6.076],[-7.792,6.075],[-7.759,5.947],[-7.686,5.904],[-7.657,5.943],[-7.484,5.809],[-7.463,5.863],[-7.425,5.845],[-7.432,5.715],[-7.368,5.572],[-7.436,5.431],[-7.367,5.323],[-7.406,5.259],[-7.415,5.298],[-7.467,5.271],[-7.481,5.128],[-7.562,5.071],[-7.528,4.919],[-7.59,4.894],[-7.564,4.393],[-7.524,4.354]]}},{"type":"Feature","properties":{},"geometry":{"type":"LineString","coordinates":[[141.004,-2.605],[141.006,-6.333],[140.913,-6.439],[140.951,-6.484],[140.85,-6.617],[140.85,-6.703],[140.903,-6.856],[141.006,-6.893],[141.007,-9.101]]}},{"type":"Feature","properties":{},"geometry":{"type":"LineString","coordinates":[[0.381,10.273],[0.35,10.115],[0.4,10.028],[0.354,10.031],[0.349,9.672],[0.253,9.654],[0.285,9.591],[0.377,9.584],[0.229,9.57],[0.231,9.515],[0.299,9.505],[0.217,9.463],[0.276,9.419],[0.441,9.494],[0.552,9.406],[0.528,9.206],[0.448,9.032],[0.513,8.844],[0.488,8.794],[0.382,8.768],[0.466,8.6],[0.631,8.495],[0.728,8.316],[0.59,8.204],[0.63,7.706],[0.523,7.591],[0.511,7.461],[0.565,7.387],[0.647,7.4],[0.666,7.317],[0.608,7.014],[0.514,6.971],[0.564,6.918],[0.529,6.826],[0.646,6.731],[0.684,6.588]]}},{"type":"Feature","properties":{},"geometry":{"type":"LineString","coordinates":[[35.108,31.833],[35.22,31.808],[35.226,31.747],[34.986,31.633],[34.888,31.383],[34.939,31.35],[35.23,31.379],[35.384,31.487],[35.478,31.498],[35.398,31.252],[35.462,31.121],[35.156,30.438],[35.165,30.126],[35.102,30.044],[34.962,29.551]]}},{"type":"Feature","properties":{},"geometry":{"type":"LineString","coordinates":[[-59.638,-24.249],[-59.338,-24.488],[-58.798,-24.787],[-58.455,-24.854],[-58.338,-24.997],[-58.221,-24.939],[-57.981,-25.077],[-57.871,-25.088],[-57.553,-25.443],[-57.577,-25.578],[-57.751,-25.67],[-57.741,-25.728],[-57.82,-25.785],[-57.806,-25.839],[-57.874,-25.878],[-57.849,-25.918],[-57.903,-25.964],[-57.856,-26.002],[-58.078,-26.124],[-58.109,-26.198],[-58.152,-26.188],[-58.104,-26.236],[-58.172,-26.273],[-58.211,-26.426],[-58.181,-26.656],[-58.24,-26.65],[-58.246,-26.765],[-58.345,-26.817],[-58.321,-26.882],[-58.478,-26.939],[-58.51,-27.059],[-58.546,-27.046],[-58.564,-27.117],[-58.649,-27.153],[-58.602,-27.295]]}},{"type":"Feature","properties":{},"geometry":{"type":"LineString","coordinates":[[24.239,-17.478],[24.569,-17.534],[24.709,-17.498],[25.037,-17.585],[25.093,-17.679],[25.266,-17.798],[25.239,-17.913],[25.309,-18.066],[25.402,-18.135],[25.531,-18.404],[25.776,-18.619],[25.839,-18.829],[25.956,-18.914],[25.963,-19.106],[26.166,-19.528],[26.329,-19.581],[26.326,-19.654],[26.733,-19.932],[27.22,-20.092],[27.291,-20.242],[27.288,-20.495],[27.47,-20.465],[27.716,-20.51]]}},{"type":"Feature","properties":{},"geometry":{"type":"LineString","coordinates":[[-7.253,55.071],[-7.401,55.009],[-7.458,54.858],[-7.552,54.792],[-7.537,54.741],[-7.925,54.702],[-7.855,54.635],[-7.706,54.606],[-7.859,54.536],[-8.003,54.546],[-8.054,54.488],[-8.17,54.467],[-8.157,54.439],[-7.878,54.289],[-7.857,54.215],[-7.697,54.203],[-7.559,54.127],[-7.415,54.151],[-7.314,54.112],[-7.336,54.147],[-7.295,54.169],[-7.281,54.125],[-7.254,54.197],[-7.146,54.225],[-7.215,54.3],[-7.189,54.339],[-7.031,54.418],[-6.876,54.345],[-6.88,54.279],[-6.796,54.212],[-6.636,54.173],[-6.67,54.071],[-6.62,54.037],[-6.375,54.066],[-6.35,54.116],[-6.267,54.099]]}},{"type":"Feature","properties":{},"geometry":{"type":"LineString","coordinates":[[-82.564,9.569],[-82.635,9.488],[-82.833,9.612],[-82.876,9.559],[-82.834,9.497],[-82.935,9.472],[-82.929,9.063],[-82.889,9.074],[-82.711,8.928],[-82.914,8.763],[-82.832,8.627],[-82.831,8.474],[-83.049,8.323],[-82.931,8.255],[-82.896,8.029]]}},{"type":"Feature","properties":{},"geometry":{"type":"LineString","coordinates":[[6.012,50.757],[5.699,50.758],[5.639,50.843],[5.759,50.949],[5.723,50.965],[5.849,51.156],[5.563,51.222],[5.511,51.294],[5.228,51.265],[5.238,51.308],[5.14,51.321],[5.041,51.487],[4.93,51.399],[4.783,51.415],[4.84,51.421],[4.846,51.481],[4.801,51.501],[4.651,51.423],[4.542,51.427],[4.549,51.483],[4.487,51.481],[4.394,51.45],[4.428,51.362],[4.239,51.374],[4.161,51.294],[3.898,51.205],[3.608,51.304],[3.439,51.244],[3.381,51.273],[3.371,51.373]]}},{"type":"Feature","properties":{},"geometry":{"type":"LineString","coordinates":[[16.818,7.544],[16.63,7.677],[16.564,7.873],[16.412,7.793],[16.406,7.678],[16.076,7.594],[15.971,7.5],[15.783,7.458],[15.689,7.524],[15.499,7.527],[15.573,7.63],[15.58,7.758],[15.475,7.814],[15.202,8.486],[15.062,8.655],[14.971,8.678],[14.923,8.775],[14.357,9.188],[13.958,9.639],[14.191,9.982],[14.458,9.999],[14.776,9.921],[15.159,9.989],[15.422,9.927],[15.683,9.99]]}},{"type":"Feature","properties":{},"geometry":{"type":"LineString","coordinates":[[107.461,13.796],[107.629,13.543],[107.636,13.382],[107.483,13.021],[107.593,12.604],[107.548,12.354],[107.434,12.252],[107.35,12.334],[107.167,12.278],[106.981,12.086],[106.791,12.075],[106.717,11.969],[106.42,11.974],[106.471,11.869]]}},{"type":"Feature","properties":{},"geometry":{"type":"LineString","coordinates":[[2.844,12.394],[3.251,12.021],[3.312,11.89],[3.474,11.854],[3.606,11.692],[3.475,11.43],[3.739,11.117],[3.749,10.803],[3.847,10.703],[3.855,10.585],[3.794,10.406],[3.684,10.448],[3.582,10.275],[3.684,10.171],[3.609,9.948],[3.525,9.844],[3.347,9.809],[3.363,9.682],[3.263,9.636],[3.142,9.441],[3.17,9.274],[3.095,9.091],[2.788,9.054],[2.739,8.781],[2.763,8.519],[2.709,8.339],[2.754,8.207],[2.682,7.894]]}},{"type":"Feature","properties":{},"geometry":{"type":"LineString","coordinates":[[-16.561,13.59],[-15.489,13.589],[-15.459,13.704],[-15.364,13.781],[-15.251,13.745],[-15.07,13.826],[-14.864,13.784],[-14.719,13.612],[-14.632,13.667],[-14.54,13.653],[-14.473,13.534],[-14.338,13.454],[-13.973,13.583],[-13.886,13.546],[-13.798,13.407],[-13.867,13.323],[-14.114,13.286],[-14.187,13.233],[-14.351,13.238],[-14.574,13.363],[-14.689,13.351],[-14.769,13.427],[-14.954,13.473],[-15.117,13.596],[-15.279,13.377],[-15.505,13.398],[-15.809,13.349],[-15.809,13.16],[-16.69,13.165],[-16.749,13.061]]}},{"type":"Feature","properties":{},"geometry":{"type":"LineString","coordinates":[[-77.367,8.675],[-77.427,8.637],[-77.478,8.48],[-77.402,8.446],[-77.362,8.282],[-77.307,8.259],[-77.147,7.943],[-77.298,7.904],[-77.372,7.786],[-77.33,7.703],[-77.574,7.525],[-77.662,7.678],[-77.747,7.722],[-77.723,7.524],[-77.811,7.48],[-77.89,7.229]]}},{"type":"Feature","properties":{},"geometry":{"type":"LineString","coordinates":[[-62.64,-22.239],[-62.259,-21.057],[-62.269,-20.562],[-61.913,-20.08],[-61.742,-19.645],[-60.613,-19.459],[-59.991,-19.297],[-59.096,-19.349],[-58.151,-19.828],[-58.16,-20.181],[-58.119,-20.208],[-58.159,-20.255],[-58.097,-20.271],[-58.086,-20.371],[-57.991,-20.441],[-57.979,-20.711],[-57.92,-20.668],[-57.857,-20.739],[-57.943,-20.794],[-57.857,-20.839],[-57.92,-20.908],[-57.814,-20.972],[-57.857,-21.056],[-57.84,-21.206],[-57.908,-21.287],[-57.85,-21.337],[-57.954,-21.511],[-57.892,-21.689],[-57.941,-21.753],[-57.923,-21.895],[-57.982,-22.09]]}},{"type":"Feature","properties":{},"geometry":{"type":"LineString","coordinates":[[101.228,17.53],[101.412,17.685],[101.408,17.731],[101.484,17.756],[101.494,17.725],[101.584,17.788],[101.579,17.864],[101.727,17.909],[101.78,18.063],[101.907,18.034],[102.086,18.214],[102.179,18.194],[102.295,18.05],[102.422,17.982],[102.599,17.954],[102.59,17.842],[102.67,17.802],[102.672,17.862],[102.859,17.975],[103.038,17.988],[103.091,18.139]]}},{"type":"Feature","properties":{},"geometry":{"type":"LineString","coordinates":[[19.996,-28.422],[19.569,-28.526],[19.466,-28.7],[19.263,-28.742],[19.239,-28.806],[19.289,-28.902],[19.129,-28.961],[19.009,-28.932],[18.958,-28.868],[18.723,-28.837],[18.176,-28.909],[17.913,-28.779],[17.635,-28.772],[17.577,-28.681],[17.405,-28.714],[17.415,-28.579],[17.322,-28.468],[17.399,-28.377],[17.349,-28.237],[17.222,-28.245],[17.186,-28.108],[17.064,-28.029],[16.884,-28.096],[16.883,-28.177],[16.839,-28.169],[16.822,-28.267],[16.768,-28.268],[16.803,-28.364],[16.728,-28.496],[16.678,-28.461],[16.488,-28.58]]}},{"type":"Feature","properties":{},"geometry":{"type":"LineString","coordinates":[[-5.495,15.498],[-9.334,15.5],[-9.338,15.705],[-9.442,15.597],[-9.411,15.444],[-10.033,15.367],[-10.304,15.441],[-10.718,15.439],[-10.731,15.345],[-10.827,15.276],[-10.899,15.107],[-10.993,15.243],[-11.287,15.456],[-11.416,15.633],[-11.506,15.648],[-11.509,15.601],[-11.637,15.526],[-11.711,15.548],[-11.847,15.097],[-11.797,15.032],[-11.804,14.908],[-12.057,14.726]]}},{"type":"Feature","properties":{},"geometry":{"type":"LineString","coordinates":[[26.161,54.977],[25.882,54.944],[25.789,54.87],[25.804,54.814],[25.737,54.789],[25.764,54.579],[25.649,54.518],[25.636,54.427],[25.548,54.329],[25.705,54.335],[25.77,54.288],[25.808,54.244],[25.772,54.155],[25.534,54.147],[25.518,54.226],[25.577,54.24],[25.478,54.307],[25.392,54.256],[25.213,54.263],[25.179,54.186],[25.072,54.135],[24.84,54.142],[24.796,54.101],[24.841,54.034],[24.821,53.977],[24.612,53.992],[24.387,53.889],[24.176,53.968],[23.644,53.905],[23.504,53.948]]}},{"type":"Feature","properties":{},"geometry":{"type":"LineString","coordinates":[[26.161,54.977],[25.882,54.944],[25.789,54.87],[25.804,54.814],[25.737,54.789],[25.764,54.579],[25.649,54.518],[25.636,54.427],[25.548,54.329],[25.705,54.335],[25.77,54.288],[25.808,54.244],[25.772,54.155],[25.534,54.147],[25.518,54.226],[25.577,54.24],[25.478,54.307],[25.392,54.256],[25.213,54.263],[25.179,54.186],[25.072,54.135],[24.84,54.142],[24.796,54.101],[24.841,54.034],[24.821,53.977],[24.612,53.992],[24.387,53.889],[24.176,53.968],[23.644,53.905],[23.504,53.948]]}},{"type":"Feature","properties":{},"geometry":{"type":"LineString","coordinates":[[66.536,37.366],[66.517,37.405],[66.572,37.464],[66.517,37.522],[66.538,37.773],[66.666,37.937],[66.644,38.003],[66.424,38.044],[66.254,38.155],[65.895,38.281],[65.736,38.225],[65.564,38.268],[64.987,38.627],[64.632,38.761],[64.34,38.991],[64.174,38.955],[63.713,39.206],[63.526,39.394],[62.584,39.91],[62.441,40.031]]}},{"type":"Feature","properties":{},"geometry":{"type":"LineString","coordinates":[[66.536,37.366],[66.517,37.405],[66.572,37.464],[66.517,37.522],[66.538,37.773],[66.666,37.937],[66.644,38.003],[66.424,38.044],[66.254,38.155],[65.895,38.281],[65.736,38.225],[65.564,38.268],[64.987,38.627],[64.632,38.761],[64.34,38.991],[64.174,38.955],[63.713,39.206],[63.526,39.394],[62.584,39.91],[62.441,40.031]]}},{"type":"Feature","properties":{},"geometry":{"type":"LineString","coordinates":[[35.938,4.619],[34.388,4.61],[33.517,3.752],[33.184,3.766],[33.017,3.889],[32.719,3.756],[32.404,3.744],[32.195,3.612],[32.193,3.511],[32.094,3.533],[32.064,3.59],[31.951,3.594],[31.933,3.688],[31.799,3.826],[31.702,3.713],[31.541,3.654],[31.288,3.795],[31.177,3.795],[30.975,3.692],[30.859,3.491]]}},{"type":"Feature","properties":{},"geometry":{"type":"LineString","coordinates":[[50.773,51.769],[50.811,51.592],[50.683,51.573],[50.718,51.623],[50.603,51.64],[50.544,51.567],[50.549,51.469],[50.385,51.425],[50.363,51.317],[49.968,51.226],[49.804,51.11],[49.462,51.124],[49.364,50.98],[49.441,50.906],[49.426,50.851],[49.158,50.793],[48.83,50.597],[48.594,50.648],[48.697,50.592],[48.723,50.353],[48.811,50.194],[48.791,50.124],[48.88,50.102],[48.917,50.034],[48.797,49.942],[48.451,49.817],[48.252,49.87],[48.017,50.188],[47.634,50.455],[47.444,50.375]]}},{"type":"Feature","properties":{},"geometry":{"type":"LineString","coordinates":[[-13.301,9.036],[-13.187,9.087],[-13.086,9.05],[-12.944,9.181],[-12.945,9.283],[-12.798,9.298],[-12.745,9.395],[-12.681,9.417],[-12.656,9.543],[-12.519,9.711],[-12.503,9.862],[-12.456,9.888],[-12.235,9.939],[-12.125,9.876],[-11.898,9.928],[-11.895,9.996],[-11.214,9.998],[-10.873,9.577],[-10.814,9.396],[-10.657,9.306],[-10.737,9.083],[-10.572,9.057],[-10.586,8.813],[-10.469,8.65],[-10.619,8.546],[-10.701,8.275]]}},{"type":"Feature","properties":{},"geometry":{"type":"LineString","coordinates":[[26.401,-24.632],[26.555,-24.437],[26.852,-24.257],[26.97,-23.698],[27.006,-23.641],[27.067,-23.661],[27.062,-23.609],[27.145,-23.569],[27.131,-23.526],[27.198,-23.529],[27.345,-23.397],[27.526,-23.382],[27.601,-23.22],[27.747,-23.226],[27.774,-23.126],[27.936,-23.051],[27.939,-22.956],[28.033,-22.919],[28.046,-22.837],[28.298,-22.609],[28.64,-22.562],[28.918,-22.459],[29.024,-22.228],[29.377,-22.192]]}},{"type":"Feature","properties":{},"geometry":{"type":"LineString","coordinates":[[46.539,38.878],[46.495,38.96],[46.511,39.097],[46.416,39.201],[46.623,39.225],[46.381,39.425],[46.517,39.476],[46.541,39.564],[46.35,39.628],[46.204,39.598],[46.006,39.773],[45.857,39.824],[45.784,39.938],[45.596,39.978],[45.638,40.022],[45.901,40.018],[46.002,40.226],[45.533,40.461],[45.387,40.665],[45.444,40.738],[45.594,40.788],[45.618,40.872],[45.437,40.957],[45.439,41.023],[45.345,41.001],[45.157,41.086],[45.091,41.063],[45.081,41.116],[45.223,41.142],[45.148,41.201],[45.053,41.203],[45.023,41.299]]}},{"type":"Feature","properties":{},"geometry":{"type":"LineString","coordinates":[[72.194,41.004],[72.184,41.193],[72.053,41.159],[71.999,41.202],[71.893,41.194],[71.887,41.333],[71.764,41.462],[71.695,41.432],[71.691,41.556],[71.621,41.508],[71.66,41.429],[71.604,41.319],[71.438,41.349],[71.418,41.119],[71.35,41.166],[71.285,41.119],[71.243,41.196],[71.196,41.117],[71.055,41.195],[70.785,41.243],[70.793,41.358],[70.708,41.474],[70.481,41.411],[70.377,41.497],[70.187,41.528],[70.192,41.591],[70.47,41.713],[70.685,41.905],[70.844,41.925],[70.871,42.04],[70.987,42.044],[71.274,42.189],[71.059,42.305],[70.969,42.253]]}},{"type":"Feature","properties":{},"geometry":{"type":"LineString","coordinates":[[-60.11,5.227],[-60.207,5.274],[-60.446,5.175],[-60.732,5.203],[-61.392,5.944],[-61.261,6.109],[-61.108,6.197],[-61.096,6.272],[-61.158,6.334],[-61.127,6.438],[-61.205,6.574],[-61.134,6.711],[-60.941,6.723],[-60.901,6.814],[-60.713,6.758],[-60.637,6.836],[-60.408,6.948],[-60.368,6.93],[-60.289,7.057],[-60.279,7.121],[-60.367,7.18],[-60.456,7.196],[-60.536,7.124],[-60.617,7.194],[-60.592,7.339],[-60.72,7.529],[-60.59,7.637],[-60.531,7.806],[-60.337,7.847]]}},{"type":"Feature","properties":{},"geometry":{"type":"LineString","coordinates":[[99.462,6.421],[99.898,6.507],[100.023,6.417],[100.124,6.42],[100.215,6.711],[100.303,6.699],[100.337,6.583],[100.437,6.516],[100.661,6.448],[100.754,6.502],[100.834,6.419],[100.858,6.234],[100.99,6.278],[101.116,6.249],[101.076,6.151],[101.119,5.984],[100.99,5.788],[101.146,5.631],[101.256,5.706],[101.286,5.808],[101.57,5.917],[101.659,5.861],[101.692,5.764],[101.763,5.789],[101.834,5.743],[101.944,5.862],[101.951,5.974],[102.092,6.111],[102.096,6.235]]}},{"type":"Feature","properties":{},"geometry":{"type":"LineString","coordinates":[[70.347,40.43],[70.375,40.377],[70.558,40.343],[70.641,40.206],[71.217,40.269],[71.274,40.332],[71.563,40.206],[71.666,40.261],[71.711,40.146],[71.863,40.264],[72.042,40.247],[71.974,40.318],[72.174,40.46],[72.283,40.463],[72.241,40.426],[72.424,40.389],[72.453,40.464],[72.381,40.521],[72.384,40.615],[72.636,40.514],[72.69,40.583],[72.768,40.57],[72.804,40.675],[73.173,40.823],[73.035,40.879],[72.895,40.823],[72.882,40.877],[72.632,40.885],[72.506,41.015],[72.351,41.083],[72.319,41.032],[72.196,41.006]]}},{"type":"Feature","properties":{},"geometry":{"type":"LineString","coordinates":[[35.306,50.959],[35.489,50.676],[35.394,50.638],[35.441,50.512],[35.564,50.456],[35.635,50.358],[35.725,50.352],[35.866,50.431],[36.139,50.425],[36.298,50.284],[36.413,50.322],[36.64,50.213],[36.884,50.336],[37.131,50.348],[37.459,50.44],[37.494,50.351],[37.624,50.305],[37.605,50.217],[37.733,50.088],[37.925,50.025],[38.024,49.903]]}},{"type":"Feature","properties":{},"geometry":{"type":"LineString","coordinates":[[33.998,4.223],[34.088,4.097],[34.076,4.017],[34.13,3.954],[34.099,3.88],[34.224,3.878],[34.161,3.823],[34.199,3.804],[34.173,3.779],[34.264,3.786],[34.303,3.703],[34.361,3.738],[34.463,3.671],[34.456,3.524],[34.4,3.477],[34.454,3.182],[34.559,3.111],[34.591,2.939],[34.658,2.864],[34.759,2.845],[34.79,2.685],[34.937,2.502],[34.879,2.39],[35.026,1.92],[34.999,1.669],[34.792,1.394],[34.82,1.231],[34.685,1.206],[34.578,1.093],[34.527,1.113]]}},{"type":"Feature","properties":{},"geometry":{"type":"LineString","coordinates":[[-5.497,15.498],[-5.335,16.328],[-5.601,16.508],[-6.577,24.999],[-4.806,25],[-8.666,27.29]]}},{"type":"Feature","properties":{},"geometry":{"type":"LineString","coordinates":[[-54.604,2.329],[-54.524,2.336],[-54.484,2.428],[-54.375,2.485],[-54.201,2.781],[-54.161,2.956],[-54.206,3.145],[-54.001,3.448],[-53.995,3.623],[-54.053,3.632],[-54.124,3.786],[-54.191,3.809],[-54.36,4.035],[-54.332,4.142],[-54.407,4.19],[-54.452,4.509],[-54.42,4.593],[-54.486,4.899],[-54.297,5.241],[-54.011,5.546],[-54.021,5.659],[-53.965,5.765]]}},{"type":"Feature","properties":{},"geometry":{"type":"LineString","coordinates":[[13.625,13.717],[13.469,14.461],[13.673,14.549],[13.661,14.646],[13.794,14.733],[13.767,14.848],[13.859,15.038],[14.369,15.734],[15.489,16.9],[15.602,18.777],[15.754,19.933],[15.997,20.353],[15.576,20.766],[15.558,20.884],[15.627,20.955],[15.284,21.445],[15.203,21.496],[15.195,21.999],[14.999,23.001]]}},{"type":"Feature","properties":{},"geometry":{"type":"LineString","coordinates":[[18.539,3.076],[18.641,3.204],[18.633,3.451],[18.481,3.642],[18.398,3.578],[18.273,3.583],[18.196,3.483],[18.103,3.564],[17.989,3.539],[17.939,3.578],[17.859,3.536],[17.828,3.618],[17.615,3.63],[17.482,3.713],[17.347,3.611],[17.278,3.629],[17.033,3.54],[16.669,3.538],[16.577,3.461],[16.483,3.157],[16.512,3.061],[16.466,2.923],[16.502,2.849],[16.207,2.222]]}},{"type":"Feature","properties":{},"geometry":{"type":"LineString","coordinates":[[-85.732,11.063],[-85.614,11.214],[-84.903,10.941],[-84.674,11.078],[-84.444,10.959],[-84.351,10.991],[-84.218,10.871],[-84.196,10.784],[-84.013,10.791],[-83.919,10.708],[-83.667,10.793],[-83.645,10.925]]}},{"type":"Feature","properties":{},"geometry":{"type":"LineString","coordinates":[[35.644,32.69],[35.557,32.641],[35.553,32.394],[35.432,32.416],[35.404,32.508],[35.223,32.552],[35.08,32.471],[35.027,32.241],[34.962,32.2],[35.031,31.895],[34.963,31.859],[34.979,31.822],[35.108,31.833],[34.988,31.837],[35.043,31.879],[35.001,31.987]]}},{"type":"Feature","properties":{},"geometry":{"type":"LineString","coordinates":[[42.357,37.108],[42.582,37.153],[42.791,37.385],[42.956,37.322],[43.15,37.378],[43.495,37.25],[43.834,37.205],[44.014,37.321],[44.116,37.316],[44.262,37.242],[44.268,37.168],[44.193,37.1],[44.255,36.987],[44.317,36.971],[44.351,37.048],[44.638,37.188],[44.788,37.149]]}},{"type":"Feature","properties":{},"geometry":{"type":"LineString","coordinates":[[70.969,42.253],[70.873,42.313],[70.963,42.388],[70.996,42.487],[71.086,42.476],[71.031,42.574],[71.167,42.604],[71.176,42.695],[71.275,42.76],[71.359,42.746],[71.425,42.804],[71.597,42.764],[71.87,42.843],[72.124,42.757],[72.297,42.774],[72.505,42.688],[72.757,42.656],[72.909,42.548],[73.157,42.56],[73.334,42.509],[73.344,42.429],[73.52,42.408],[73.433,42.621],[73.584,43.039],[73.913,43.123],[73.973,43.224],[74.059,43.188],[74.235,43.207],[74.201,43.269]]}},{"type":"Feature","properties":{},"geometry":{"type":"LineString","coordinates":[[75.676,42.806],[75.803,42.941],[76.617,42.9],[76.977,42.996],[77.35,42.897],[77.46,42.93],[77.591,42.888],[77.73,42.915],[77.829,42.871],[77.898,42.9],[78.337,42.853],[78.489,42.887],[79.028,42.76],[79.186,42.797],[79.215,42.679],[79.357,42.608],[79.444,42.472],[79.953,42.434],[80.234,42.196]]}},{"type":"Feature","properties":{},"geometry":{"type":"LineString","coordinates":[[70.982,40.245],[70.974,40.181],[70.661,40.104],[70.644,39.989],[70.504,39.908],[70.467,39.936],[70.542,40.046],[70.008,40.219],[69.606,40.112],[69.541,40.131],[69.484,40.036],[69.526,39.932],[69.425,39.902],[69.338,39.996],[69.265,39.86],[69.249,39.754],[69.309,39.692],[69.332,39.518],[69.378,39.558],[69.446,39.531],[69.708,39.588],[70.003,39.534],[70.053,39.58],[70.163,39.554],[70.228,39.625],[70.235,39.526],[70.492,39.608],[70.634,39.581],[70.674,39.508]]}},{"type":"Feature","properties":{},"geometry":{"type":"LineString","coordinates":[[-87.695,13.819],[-87.79,13.898],[-88.007,13.87],[-88.122,13.991],[-88.469,13.854],[-88.502,13.98],[-88.698,14.037],[-88.753,14.136],[-88.826,14.096],[-88.884,14.196],[-88.959,14.191],[-89.027,14.331],[-89.124,14.324],[-89.347,14.431]]}},{"type":"Feature","properties":{},"geometry":{"type":"LineString","coordinates":[[27.568,-30.404],[27.738,-30.598],[28.098,-30.659],[28.147,-30.449],[28.255,-30.363],[28.216,-30.289],[28.378,-30.16],[28.833,-30.089],[29.169,-29.914],[29.122,-29.821],[29.169,-29.667],[29.294,-29.622],[29.297,-29.494],[29.426,-29.426],[29.455,-29.342],[29.326,-29.084],[29.23,-29.071],[28.954,-28.88],[28.871,-28.764],[28.713,-28.685],[28.699,-28.613]]}},{"type":"Feature","properties":{},"geometry":{"type":"LineString","coordinates":[[-7.648,8.38],[-7.748,8.376],[-7.819,8.488],[-7.853,8.424],[-7.949,8.502],[-8.182,8.502],[-8.242,8.447],[-8.249,8.247],[-8.068,8.163],[-7.988,8.192],[-8.007,8.109],[-7.948,8.019],[-8.05,8.032],[-8.119,7.868],[-8.08,7.806],[-8.105,7.723],[-8.212,7.545],[-8.403,7.619],[-8.469,7.56],[-8.556,7.619],[-8.557,7.692],[-8.67,7.697],[-8.709,7.513],[-8.849,7.353],[-8.844,7.271],[-8.941,7.287],[-9.111,7.194],[-9.204,7.381],[-9.305,7.417]]}},{"type":"Feature","properties":{},"geometry":{"type":"LineString","coordinates":[[55.199,22.7],[55.242,23.118],[55.565,23.774],[55.558,23.888],[55.473,23.968],[56.025,24.076],[55.949,24.235],[55.777,24.235],[55.833,24.338],[55.779,24.564],[55.844,24.65],[55.808,24.878],[55.915,24.973],[56.009,24.975],[56.051,24.866],[55.983,24.863],[56.062,24.745],[56.141,24.74],[56.191,24.83],[56.336,24.897],[56.373,24.979]]}},{"type":"Feature","properties":{},"geometry":{"type":"LineString","coordinates":[[57.794,51.12],[57.75,51.072],[57.742,50.914],[57.569,50.926],[57.482,50.865],[57.351,50.908],[57.186,51.109],[56.873,51.058],[56.774,51.091],[56.7,51.056],[56.729,50.978],[56.626,50.986],[56.503,51.082],[56.344,50.894],[56.173,50.913],[56.116,50.739],[55.693,50.533],[55.498,50.662],[55.37,50.652],[55.259,50.711],[55.088,50.816],[55.082,50.894],[54.948,50.904],[54.647,51.037],[54.558,51.015],[54.567,50.957],[54.519,50.931],[54.674,50.874],[54.658,50.722],[54.702,50.607],[54.52,50.528]]}},{"type":"Feature","properties":{},"geometry":{"type":"LineString","coordinates":[[68.144,41.051],[68.135,40.936],[68.016,40.814],[68.455,40.598],[68.632,40.608],[68.652,40.672],[68.59,40.73],[68.568,40.861],[68.594,40.92],[68.724,40.979],[68.774,41.077],[68.898,41.161],[69.063,41.216],[69.056,41.379],[69.248,41.471],[69.419,41.475],[69.425,41.554],[69.642,41.673],[69.936,41.714],[70.145,41.831],[70.373,42.064],[70.488,42.1],[70.624,42.02],[70.753,42.201],[70.969,42.253]]}},{"type":"Feature","properties":{},"geometry":{"type":"LineString","coordinates":[[15.679,9.992],[15.5,10.1],[15.301,10.302],[15.217,10.48],[15.134,10.528],[15.15,10.619],[15.058,10.8],[15.017,11.189],[15.051,11.397],[15.14,11.525],[15.062,11.687],[15.111,11.781],[15.041,11.883],[15.08,11.984],[15.036,12.094],[14.963,12.092],[14.89,12.158],[14.902,12.379],[14.845,12.448],[14.823,12.635],[14.707,12.654],[14.715,12.71],[14.615,12.759],[14.577,12.739],[14.557,12.83]]}},{"type":"Feature","properties":{},"geometry":{"type":"LineString","coordinates":[[-67.454,6.193],[-67.492,6.119],[-67.413,5.993],[-67.618,5.797],[-67.652,5.676],[-67.613,5.539],[-67.85,5.308],[-67.791,5.055],[-67.877,4.543],[-67.792,4.428],[-67.806,4.228],[-67.619,3.763],[-67.489,3.723],[-67.388,3.493],[-67.307,3.456],[-67.291,3.398],[-67.384,3.259],[-67.843,2.868],[-67.846,2.792]]}},{"type":"Feature","properties":{},"geometry":{"type":"LineString","coordinates":[[9.81,2.345],[9.839,2.251],[10.021,2.167],[11.342,2.169],[11.354,1.002],[9.803,1.003],[9.707,1.07],[9.543,0.976]]}},{"type":"Feature","properties":{},"geometry":{"type":"LineString","coordinates":[[91.661,27.765],[91.978,27.729],[92.118,27.813],[92.254,27.816],[92.261,27.874],[92.323,27.794],[92.358,27.844],[92.386,27.805],[92.415,27.86],[92.453,27.826],[92.555,27.867],[92.718,27.974],[92.726,28.047],[92.661,28.069],[92.695,28.133],[92.881,28.2],[93.137,28.39],[93.228,28.633],[93.743,28.699],[94.049,28.864],[94.037,28.975],[94.134,28.968],[94.29,29.148],[94.542,29.222],[94.631,29.327]]}},{"type":"Feature","properties":{},"geometry":{"type":"LineString","coordinates":[[81.025,30.196],[81.109,30.025],[81.223,30.01],[81.302,30.084],[81.291,30.131],[81.378,30.167],[81.421,30.385],[81.542,30.331],[81.637,30.424],[81.803,30.364],[82.101,30.342],[82.107,30.231],[82.179,30.191],[82.178,30.064],[82.558,29.943],[82.855,29.669],[82.992,29.673],[83.093,29.583],[83.195,29.631],[83.283,29.551],[83.284,29.474],[83.379,29.466],[83.553,29.186],[83.672,29.16],[83.721,29.229],[83.913,29.29],[84.114,29.262],[84.186,29.206],[84.158,29.135],[84.203,29.057],[84.256,29.042],[84.237,28.919],[84.396,28.859],[84.481,28.737],[84.636,28.703],[84.707,28.661],[84.706,28.601],[84.847,28.544],[84.954,28.544],[85.06,28.641],[85.19,28.603],[85.102,28.447],[85.115,28.304],[85.377,28.264],[85.459,28.302],[85.62,28.251],[85.718,28.339],[85.747,28.237],[85.886,28.152],[86.014,27.883],[86.137,27.932],[86.094,28.086],[86.184,28.164],[86.226,28.007],[86.445,27.908],[86.535,27.955],[86.572,28.106],[86.686,28.112],[86.933,27.951],[87.039,27.961],[87.193,27.823],[87.404,27.861],[87.394,27.809],[87.546,27.846],[87.721,27.805],[87.869,27.919],[88.149,27.864]]}},{"type":"Feature","properties":{},"geometry":{"type":"LineString","coordinates":[[29.896,46.551],[29.969,46.575],[29.95,46.814],[29.576,46.943],[29.614,47.084],[29.539,47.067],[29.498,47.115],[29.573,47.145],[29.579,47.329],[29.501,47.346],[29.479,47.294],[29.416,47.288],[29.359,47.378],[29.249,47.458],[29.189,47.438],[29.143,47.51],[29.258,47.764],[29.194,47.809],[29.258,47.875],[29.142,47.986],[29.004,47.933],[28.878,48.01]]}},{"type":"Feature","properties":{},"geometry":{"type":"LineString","coordinates":[[31.784,52.108],[31.898,52.096],[31.926,52.037],[32.225,52.079],[32.336,52.157],[32.394,52.335],[32.924,52.247],[33.205,52.38],[33.498,52.367],[33.535,52.293],[33.818,52.367],[34.098,52.152],[34.073,52.06],[34.109,51.96],[34.383,51.844]]}},{"type":"Feature","properties":{},"geometry":{"type":"LineString","coordinates":[[31.3,-22.418],[31.562,-23.187],[31.551,-23.477],[31.684,-23.614],[31.77,-23.857],[31.876,-23.927],[31.886,-24.171],[32.016,-24.459],[31.988,-25.504],[32.02,-25.65],[31.919,-25.814],[31.969,-25.959],[31.878,-25.996],[31.422,-25.728],[31.321,-25.755],[31.128,-25.914],[31.06,-26.098],[30.802,-26.462],[30.819,-26.811],[30.899,-26.772],[30.98,-26.904],[30.983,-27.029],[31.162,-27.203],[31.569,-27.314],[31.988,-27.316],[31.959,-27.113],[32.007,-26.809],[32.333,-26.86],[32.891,-26.847]]}},{"type":"Feature","properties":{},"geometry":{"type":"LineString","coordinates":[[-66.874,1.225],[-67.077,1.173],[-67.072,1.625],[-67.335,2.111],[-67.424,2.144],[-67.644,2],[-67.806,1.788],[-67.915,1.745],[-68.009,1.767],[-68.089,1.934],[-68.187,2.02],[-68.277,1.838],[-68.143,1.723],[-69.38,1.726],[-69.556,1.784],[-69.842,1.714]]}},{"type":"Feature","properties":{},"geometry":{"type":"LineString","coordinates":[[27.371,57.536],[27.087,57.562],[26.891,57.634],[26.829,57.583],[26.517,57.524],[26.038,57.785],[26.036,57.848],[25.801,57.866],[25.749,57.931],[25.623,57.916],[25.295,58.084],[25.263,58.065],[25.3,58.014],[25.247,57.993],[25.18,58.07],[25.104,58.074],[24.312,57.871]]}},{"type":"Feature","properties":{},"geometry":{"type":"LineString","coordinates":[[-9.303,7.418],[-9.404,7.381],[-9.422,7.425],[-9.487,7.367],[-9.357,7.621],[-9.364,7.788],[-9.437,7.901],[-9.406,8.021],[-9.428,8.058],[-9.459,8.033],[-9.465,8.17],[-9.52,8.185],[-9.484,8.346],[-9.582,8.414],[-9.661,8.391],[-9.632,8.465],[-9.69,8.491],[-9.712,8.434],[-9.759,8.568],[-9.791,8.509],[-9.919,8.498],[-10.051,8.42],[-10.059,8.509],[-10.11,8.53],[-10.218,8.478],[-10.386,8.495],[-10.518,8.328],[-10.67,8.334],[-10.7,8.274]]}},{"type":"Feature","properties":{},"geometry":{"type":"LineString","coordinates":[[30.926,55.603],[30.757,55.597],[30.49,55.8],[30.226,55.866],[30.141,55.828],[29.928,55.852],[29.823,55.775],[29.719,55.783],[29.494,55.689],[29.359,55.789],[29.407,55.896],[29.464,55.911],[29.412,55.958],[29.059,56.033],[28.847,55.943],[28.754,55.954],[28.646,56.094],[28.388,56.096],[28.313,56.05],[28.168,56.149]]}},{"type":"Feature","properties":{},"geometry":{"type":"LineString","coordinates":[[30.926,55.603],[30.757,55.597],[30.49,55.8],[30.226,55.866],[30.141,55.828],[29.928,55.852],[29.823,55.775],[29.719,55.783],[29.494,55.689],[29.359,55.789],[29.407,55.896],[29.464,55.911],[29.412,55.958],[29.059,56.033],[28.847,55.943],[28.754,55.954],[28.646,56.094],[28.388,56.096],[28.313,56.05],[28.168,56.149]]}},{"type":"Feature","properties":{},"geometry":{"type":"LineString","coordinates":[[46.452,41.897],[46.24,42.001],[45.961,42.024],[45.91,42.105],[45.648,42.205],[45.757,42.482],[45.553,42.55],[45.352,42.529],[45.159,42.706],[45.06,42.693],[44.887,42.76],[44.797,42.616],[44.684,42.739],[44.535,42.758],[44.287,42.713],[44.221,42.637],[44.054,42.618],[43.961,42.558],[43.736,42.639],[43.833,42.748],[43.393,42.899]]}},{"type":"Feature","properties":{},"geometry":{"type":"LineString","coordinates":[[46.452,41.897],[46.24,42.001],[45.961,42.024],[45.91,42.105],[45.648,42.205],[45.757,42.482],[45.553,42.55],[45.352,42.529],[45.159,42.706],[45.06,42.693],[44.887,42.76],[44.797,42.616],[44.684,42.739],[44.535,42.758],[44.287,42.713],[44.221,42.637],[44.054,42.618],[43.961,42.558],[43.736,42.639],[43.833,42.748],[43.393,42.899]]}},{"type":"Feature","properties":{},"geometry":{"type":"LineString","coordinates":[[46.452,41.897],[46.24,42.001],[45.961,42.024],[45.91,42.105],[45.648,42.205],[45.757,42.482],[45.553,42.55],[45.352,42.529],[45.159,42.706],[45.06,42.693],[44.887,42.76],[44.797,42.616],[44.684,42.739],[44.535,42.758],[44.287,42.713],[44.221,42.637],[44.054,42.618],[43.961,42.558],[43.736,42.639],[43.833,42.748],[43.393,42.899]]}},{"type":"Feature","properties":{},"geometry":{"type":"LineString","coordinates":[[0.918,10.996],[0.879,10.8],[0.803,10.714],[0.777,10.377],[1.355,9.995],[1.374,9.647],[1.338,9.543],[1.391,9.488],[1.417,9.321],[1.567,9.17],[1.619,9.044],[1.625,8.548],[1.661,8.497],[1.613,8.375],[1.643,6.996],[1.549,6.995],[1.623,6.758],[1.575,6.68],[1.749,6.457],[1.8,6.281]]}},{"type":"Feature","properties":{},"geometry":{"type":"LineString","coordinates":[[61.678,51.265],[61.549,51.216],[61.411,50.793],[60.698,50.662],[60.312,50.693],[60.17,50.775],[60.165,50.846],[60.044,50.863],[59.984,50.838],[59.946,50.689],[59.82,50.547],[59.543,50.478],[59.466,50.533],[59.586,50.584],[59.493,50.629],[58.932,50.684],[58.77,50.802],[58.666,50.805],[58.67,50.869],[58.567,50.909],[58.61,51.038],[58.391,51.079],[58.337,51.156]]}},{"type":"Feature","properties":{},"geometry":{"type":"LineString","coordinates":[[48.42,28.545],[47.689,28.539],[47.603,28.635],[47.46,28.999],[46.542,29.104],[46.414,29.062],[44.73,29.198],[43.999,29.46]]}},{"type":"Feature","properties":{},"geometry":{"type":"LineString","coordinates":[[32.492,-21.345],[32.358,-21.131],[32.521,-20.914],[32.502,-20.599],[32.551,-20.555],[32.666,-20.557],[32.874,-20.274],[32.905,-20.099],[32.953,-20.036],[33.027,-20.031],[33.059,-19.78],[32.973,-19.733],[32.966,-19.649],[32.842,-19.682],[32.851,-19.494],[32.782,-19.462],[32.884,-19.095],[32.839,-19.023],[32.716,-19.022],[32.699,-18.944],[32.735,-18.919],[32.707,-18.829],[32.928,-18.769],[32.95,-18.69],[32.888,-18.531],[33.021,-18.46],[33.001,-18.405]]}},{"type":"Feature","properties":{},"geometry":{"type":"LineString","coordinates":[[0.229,15.002],[0.237,14.888],[0.193,14.836],[0.241,14.752],[0.167,14.523],[0.411,14.246],[0.351,14.127],[0.465,13.914],[0.617,13.778],[0.62,13.687],[0.781,13.684],[0.774,13.644],[0.902,13.623],[0.995,13.568],[1.032,13.463],[1.285,13.35],[1.203,13.367],[1.179,13.313],[0.992,13.372],[0.989,13.047],[1.117,13.011],[1.578,12.63],[1.872,12.609],[1.989,12.731],[2.143,12.694],[2.221,12.594],[2.264,12.419],[2.058,12.357],[2.398,11.895]]}},{"type":"Feature","properties":{},"geometry":{"type":"LineString","coordinates":[[30.414,-15.634],[30.423,-16.009],[30.929,-16.002],[31.001,-16.065],[31.138,-15.995],[31.277,-16.019],[31.429,-16.164],[31.722,-16.215],[31.899,-16.356],[31.908,-16.418],[32.378,-16.47],[32.701,-16.601],[32.708,-16.684],[32.768,-16.718],[32.982,-16.709],[32.939,-16.842],[32.843,-16.936],[33.045,-17.346]]}},{"type":"Feature","properties":{},"geometry":{"type":"LineString","coordinates":[[47.135,48.249],[47.096,48.21],[47.138,48.17],[47.122,48.102],[47.215,48.071],[47.063,47.996],[47.183,47.874],[47.15,47.806],[47.39,47.686],[47.428,47.843],[47.681,47.767],[48.096,47.771],[48.241,47.675],[48.444,47.437],[48.547,47.417],[48.721,47.098],[49.027,46.776],[48.941,46.704],[48.765,46.691],[48.711,46.76],[48.603,46.773],[48.478,46.667],[48.554,46.642],[48.561,46.565],[48.74,46.558],[49.223,46.346]]}},{"type":"Feature","properties":{},"geometry":{"type":"LineString","coordinates":[[70.674,39.508],[70.748,39.399],[70.922,39.435],[70.998,39.401],[71.097,39.511],[71.275,39.517],[71.48,39.62],[71.553,39.567],[71.515,39.499],[71.543,39.461],[71.757,39.462],[71.774,39.391],[71.731,39.338],[71.773,39.278],[72.077,39.375],[72.109,39.288],[72.23,39.245],[72.249,39.192],[72.342,39.336],[72.539,39.382],[73.154,39.353],[73.491,39.47],[73.67,39.459]]}},{"type":"Feature","properties":{},"geometry":{"type":"LineString","coordinates":[[56.001,41.328],[55.653,41.267],[55.457,41.287],[54.972,41.802],[54.957,41.913],[54.756,42.062],[54.173,42.337],[53.464,42.272],[53.015,42.139],[52.439,41.742]]}},{"type":"Feature","properties":{},"geometry":{"type":"LineString","coordinates":[[106.332,14.445],[106.411,14.458],[106.543,14.599],[106.571,14.514],[106.734,14.443],[106.847,14.305],[106.968,14.324],[107.05,14.443],[107.116,14.403],[107.249,14.503],[107.304,14.603],[107.451,14.553],[107.549,14.707]]}},{"type":"Feature","properties":{},"geometry":{"type":"LineString","coordinates":[[27.513,51.63],[27.72,51.593],[27.671,51.507],[27.747,51.466],[27.851,51.62],[28.088,51.565],[28.259,51.661],[28.359,51.531],[28.476,51.58],[28.627,51.566],[28.661,51.452],[28.753,51.411],[28.821,51.542],[29.124,51.636],[29.181,51.618],[29.243,51.538],[29.236,51.466],[29.354,51.375]]}},{"type":"Feature","properties":{},"geometry":{"type":"LineString","coordinates":[[0,42.71],[-0.147,42.831],[-0.278,42.863],[-0.532,42.802],[-0.694,42.911],[-0.729,42.986],[-0.91,42.969],[-1.244,43.063],[-1.26,43.13],[-1.34,43.059],[-1.416,43.069],[-1.434,43.104],[-1.351,43.214],[-1.371,43.286],[-1.696,43.319],[-1.769,43.397]]}},{"type":"Feature","properties":{},"geometry":{"type":"LineString","coordinates":[[-54.598,-25.574],[-54.538,-25.571],[-54.431,-25.687],[-54.38,-25.577],[-54.284,-25.549],[-54.247,-25.596],[-54.188,-25.583],[-54.203,-25.531],[-54.098,-25.494],[-54.092,-25.594],[-54.073,-25.552],[-54.011,-25.557],[-53.954,-25.648],[-53.895,-25.629],[-53.863,-25.681],[-53.827,-25.953],[-53.65,-26.256],[-53.712,-26.361],[-53.701,-26.498],[-53.763,-26.711],[-53.699,-26.889],[-53.836,-27.172]]}},{"type":"Feature","properties":{},"geometry":{"type":"LineString","coordinates":[[67.367,39.294],[67.382,39.21],[67.695,39.135],[67.709,38.997],[68.113,38.998],[68.196,38.854],[68.083,38.794],[68.072,38.541],[68.127,38.424],[68.384,38.196],[68.278,37.959],[68.151,37.928],[68.073,37.765],[67.838,37.506],[67.841,37.276],[67.78,37.186]]}},{"type":"Feature","properties":{},"geometry":{"type":"LineString","coordinates":[[38.024,49.904],[38.185,49.951],[38.184,50.066],[38.314,50.073],[38.376,49.988],[38.499,49.952],[38.687,49.979],[38.696,49.928],[38.945,49.808],[39.193,49.878],[39.274,49.752],[39.581,49.731],[39.64,49.616],[39.797,49.553],[40.127,49.605]]}},{"type":"Feature","properties":{},"geometry":{"type":"LineString","coordinates":[[43.393,42.899],[43.145,42.964],[43.011,43.057],[43.021,43.104],[42.857,43.178],[42.626,43.143],[42.415,43.239],[42.181,43.236],[42.058,43.186],[41.59,43.223],[41.393,43.346],[41.044,43.375],[40.685,43.546],[40.543,43.509],[40.163,43.58],[40.078,43.547],[40.007,43.402]]}},{"type":"Feature","properties":{},"geometry":{"type":"LineString","coordinates":[[43.393,42.899],[43.145,42.964],[43.011,43.057],[43.021,43.104],[42.857,43.178],[42.626,43.143],[42.415,43.239],[42.181,43.236],[42.058,43.186],[41.59,43.223],[41.393,43.346],[41.044,43.375],[40.685,43.546],[40.543,43.509],[40.163,43.58],[40.078,43.547],[40.007,43.402]]}},{"type":"Feature","properties":{},"geometry":{"type":"LineString","coordinates":[[30.769,-8.193],[30.901,-8.46],[31.041,-8.59],[31.133,-8.616],[31.221,-8.577],[31.285,-8.623],[31.376,-8.582],[31.563,-8.699],[31.573,-8.819],[31.684,-8.909],[31.786,-8.885],[31.956,-8.931],[31.934,-9.019],[31.98,-9.071],[32.056,-9.041],[32.249,-9.132],[32.426,-9.13],[32.545,-9.267],[32.742,-9.282],[32.94,-9.406]]}},{"type":"Feature","properties":{},"geometry":{"type":"LineString","coordinates":[[45.022,41.298],[45.279,41.456],[45.477,41.441],[45.771,41.343],[45.709,41.29],[45.813,41.226],[46.031,41.17],[46.243,41.206],[46.521,41.05],[46.67,41.155],[46.694,41.312],[46.334,41.482],[46.299,41.55],[46.347,41.571],[46.237,41.595],[46.194,41.686],[46.219,41.757],[46.332,41.759],[46.451,41.896]]}},{"type":"Feature","properties":{},"geometry":{"type":"LineString","coordinates":[[31.587,62.913],[31.26,62.508],[30.948,62.311],[30.65,62.195],[29.214,61.253],[28.813,61.103],[28.639,60.966],[28.389,60.887],[27.811,60.548]]}},{"type":"Feature","properties":{},"geometry":{"type":"LineString","coordinates":[[28.166,56.151],[28.238,56.271],[28.19,56.441],[28.113,56.506],[28.153,56.554],[28.033,56.593],[28.005,56.691],[27.886,56.747],[27.935,56.827],[27.807,56.879],[27.64,56.848],[27.778,57.066],[27.701,57.119],[27.846,57.17],[27.861,57.302],[27.527,57.439],[27.547,57.536],[27.371,57.536]]}},{"type":"Feature","properties":{},"geometry":{"type":"LineString","coordinates":[[-58.601,-27.296],[-57.791,-27.292],[-57.129,-27.49],[-56.909,-27.418],[-56.745,-27.506],[-56.571,-27.449],[-56.378,-27.588],[-56.273,-27.466],[-56.268,-27.387],[-56.138,-27.309],[-55.898,-27.329],[-55.789,-27.432]]}},{"type":"Feature","properties":{},"geometry":{"type":"LineString","coordinates":[[-2.832,11.004],[-2.817,10.915],[-2.933,10.624],[-2.855,10.453],[-2.768,10.417],[-2.845,10.321],[-2.752,10.26],[-2.803,10.179],[-2.737,9.82],[-2.794,9.729],[-2.745,9.653],[-2.769,9.568],[-2.676,9.471],[-2.668,9.377],[-2.716,9.312],[-2.661,9.258],[-2.767,9.135],[-2.773,9.055],[-2.652,9.009],[-2.597,8.843],[-2.62,8.789],[-2.585,8.781]]}},{"type":"Feature","properties":{},"geometry":{"type":"LineString","coordinates":[[23.294,-17.999],[23.398,-18.194],[23.52,-18.267],[23.571,-18.467],[23.616,-18.485],[23.916,-18.201],[24.196,-18.021],[24.3,-18.03],[24.363,-17.949],[24.419,-17.955],[24.496,-18.059],[24.56,-18.057],[24.727,-17.894],[24.953,-17.789],[25.06,-17.832],[25.165,-17.783],[25.265,-17.798]]}},{"type":"Feature","properties":{},"geometry":{"type":"LineString","coordinates":[[28.013,41.982],[27.83,42.001],[27.835,41.948],[27.706,41.978],[27.567,41.908],[27.288,42.101],[27.229,42.108],[27.202,42.061],[27.056,42.088],[26.843,41.972],[26.625,41.983],[26.561,41.929],[26.542,41.828],[26.375,41.819],[26.332,41.749],[26.358,41.713]]}},{"type":"Feature","properties":{},"geometry":{"type":"LineString","coordinates":[[69.098,40.224],[69.321,40.212],[69.232,40.282],[69.339,40.328],[69.211,40.559],[69.332,40.602],[69.335,40.738],[69.406,40.802],[69.54,40.779],[69.733,40.639],[69.823,40.716],[70.317,40.894],[70.431,41.05],[70.732,40.81],[70.656,40.829],[70.653,40.782],[70.796,40.726]]}},{"type":"Feature","properties":{},"geometry":{"type":"LineString","coordinates":[[-89.151,15.074],[-89.225,14.865],[-89.131,14.715],[-89.152,14.587],[-89.239,14.581],[-89.355,14.428],[-89.573,14.413],[-89.59,14.322],[-89.541,14.274]]}},{"type":"Feature","properties":{},"geometry":{"type":"LineString","coordinates":[[27.712,-20.507],[27.731,-20.748],[27.686,-21.071],[27.912,-21.318],[28.016,-21.566],[28.289,-21.587],[28.498,-21.662],[28.568,-21.631],[29.061,-21.798],[29.061,-22.022],[29.157,-22.077],[29.257,-22.066]]}},{"type":"Feature","properties":{},"geometry":{"type":"LineString","coordinates":[[27.928,70.088],[27.998,69.994],[28.323,69.888],[28.38,69.828],[29.128,69.686],[29.3,69.48],[28.83,69.24],[28.782,69.15],[28.81,69.102],[29.034,69.029],[29.254,69.12],[29.322,69.246],[29.31,69.315],[29.945,69.431],[30.098,69.503],[30.185,69.583],[30.073,69.631],[30.103,69.663],[30.529,69.546],[30.91,69.549],[30.955,69.681],[30.857,69.794]]}},{"type":"Feature","properties":{},"geometry":{"type":"LineString","coordinates":[[-87.743,18.173],[-88.035,18.169],[-88.03,18.42],[-88.288,18.421],[-88.3,18.483],[-88.469,18.488],[-88.84,17.879],[-89.036,18.006],[-89.143,17.956],[-89.142,17.819]]}},{"type":"Feature","properties":{},"geometry":{"type":"LineString","coordinates":[[79.337,51.669],[79.983,50.826],[80.078,50.758],[80.035,50.833],[80.065,50.86],[80.136,50.819],[80.199,50.888],[80.468,50.968],[80.487,51.058],[80.431,51.119],[80.439,51.197],[80.633,51.214],[80.688,51.314],[80.872,51.259],[80.932,51.284],[80.94,51.221],[81.041,51.181],[81.184,51.196],[81.076,50.948],[81.425,50.966],[81.49,50.841],[81.441,50.76],[81.599,50.736]]}},{"type":"Feature","properties":{},"geometry":{"type":"LineString","coordinates":[[46.452,41.897],[46.568,41.883],[46.592,41.792],[46.761,41.864],[46.771,41.797],[46.926,41.718],[47.043,41.558],[47.161,41.561],[47.286,41.312],[47.572,41.211],[47.66,41.236],[47.767,41.196],[47.92,41.226],[47.908,41.291],[48.023,41.362],[48.074,41.468],[48.4,41.589],[48.586,41.838]]}},{"type":"Feature","properties":{},"geometry":{"type":"LineString","coordinates":[[2.316,11.679],[2.005,11.419],[1.869,11.446],[1.609,11.388],[1.569,11.453],[1.412,11.453],[1.328,11.351],[1.351,11.303],[1.275,11.315],[1.265,11.246],[1.138,11.265],[1.156,11.163],[1.058,11.131],[1.114,11.025],[0.979,11.08],[0.968,10.996],[0.666,10.996],[0.504,10.937],[0.504,11.007],[0.015,11.106]]}},{"type":"Feature","properties":{},"geometry":{"type":"LineString","coordinates":[[38.795,33.375],[41.004,34.419],[41.229,34.788],[41.214,35.22],[41.278,35.496],[41.384,35.625],[41.378,35.839],[41.255,36.055],[41.29,36.356],[41.403,36.526],[41.835,36.599],[42.375,37.062]]}},{"type":"Feature","properties":{},"geometry":{"type":"LineString","coordinates":[[29.374,-22.191],[29.768,-22.136],[30.307,-22.346],[30.908,-22.289],[31.156,-22.322],[31.297,-22.416],[32.41,-21.311],[32.489,-21.347]]}},{"type":"Feature","properties":{},"geometry":{"type":"LineString","coordinates":[[39.302,32.236],[40.003,32.061],[41.436,31.365],[42.978,30.728],[43.063,30.415],[43.658,30.379],[43.591,29.604],[43.999,29.459]]}},{"type":"Feature","properties":{},"geometry":{"type":"LineString","coordinates":[[-15.012,10.958],[-14.687,11.51],[-14.515,11.512],[-14.276,11.679],[-13.995,11.641],[-13.878,11.669],[-13.856,11.747],[-13.792,11.686],[-13.709,11.715],[-13.709,12.013],[-13.968,12.155]]}},{"type":"Feature","properties":{},"geometry":{"type":"LineString","coordinates":[[-71.753,19.706],[-71.692,19.486],[-71.699,19.4],[-71.767,19.332],[-71.629,19.22],[-71.635,19.158],[-71.856,18.953],[-71.784,18.96],[-71.719,18.884],[-71.713,18.762],[-71.832,18.623],[-72.003,18.601],[-71.885,18.477],[-71.907,18.438],[-71.695,18.322],[-71.769,18.202],[-71.781,18.042]]}},{"type":"Feature","properties":{},"geometry":{"type":"LineString","coordinates":[[71.064,54.192],[71.186,54.103],[71.336,54.215],[71.483,54.194],[71.501,54.113],[71.654,54.11],[71.749,54.154],[71.768,54.255],[71.889,54.258],[72.033,54.236],[72.122,54.133],[72.191,54.136],[72.206,54.2],[72.085,54.229],[72.134,54.315],[72.052,54.388],[72.197,54.374],[72.36,54.244],[72.322,54.186],[72.509,54.143],[72.378,54.087],[72.446,54.026],[72.393,53.931],[72.469,53.909],[72.57,53.988],[72.731,53.962],[72.669,54.064],[72.526,54.051],[72.613,54.145],[72.975,54.128],[73.069,53.989],[73.314,53.952],[73.546,53.959],[73.542,54.015],[73.627,54.039],[73.612,54.078],[73.764,54.066],[73.712,53.875],[73.443,53.876],[73.414,53.836],[73.461,53.816],[73.356,53.79],[73.33,53.693],[73.239,53.644],[73.282,53.614],[73.254,53.58],[73.414,53.528],[73.37,53.467],[73.437,53.436]]}},{"type":"Feature","properties":{},"geometry":{"type":"LineString","coordinates":[[42.943,11.003],[42.808,10.989],[42.752,11.077],[42.634,11.098],[42.408,11.003],[42.128,11],[41.96,10.932],[41.791,10.982],[41.812,11.255],[41.76,11.511],[41.829,11.742],[41.949,11.817],[42.456,12.529],[42.699,12.364],[42.819,12.44],[42.808,12.526],[42.881,12.628],[43.123,12.709]]}},{"type":"Feature","properties":{},"geometry":{"type":"LineString","coordinates":[[67.366,39.294],[67.411,39.299],[67.443,39.486],[67.514,39.496],[67.51,39.555],[67.71,39.626],[68.353,39.537],[68.54,39.555],[68.63,39.656],[68.64,39.856],[68.722,39.871],[68.761,39.828],[68.813,39.878],[68.775,39.987],[68.853,39.874],[68.909,39.891],[68.785,40.071],[68.998,40.07],[68.987,40.149]]}},{"type":"Feature","properties":{},"geometry":{"type":"LineString","coordinates":[[31.199,54.461],[31.083,54.506],[31.185,54.642],[31.025,54.652],[31.005,54.712],[30.78,54.797],[30.845,54.881],[30.834,54.944],[30.947,54.969],[30.925,55.033],[31.03,55.043],[31.005,55.143],[30.814,55.293],[30.939,55.399],[30.901,55.459],[30.939,55.492],[30.926,55.603]]}},{"type":"Feature","properties":{},"geometry":{"type":"LineString","coordinates":[[38.493,-11.416],[38.651,-11.284],[38.774,-11.262],[38.898,-11.172],[39.268,-11.168],[39.508,-10.995],[40.007,-10.806],[40.436,-10.479]]}},{"type":"Feature","properties":{},"geometry":{"type":"LineString","coordinates":[[-68.888,47.188],[-68.498,47.306],[-68.397,47.295],[-68.307,47.364],[-68.186,47.333],[-67.793,47.07],[-67.747,45.929],[-67.79,45.882],[-67.757,45.833],[-67.806,45.785],[-67.799,45.701],[-67.43,45.593]]}},{"type":"Feature","properties":{},"geometry":{"type":"LineString","coordinates":[[-6.647,10.665],[-6.685,10.492],[-6.632,10.436],[-6.648,10.365],[-6.944,10.353],[-6.977,10.151],[-7.133,10.225],[-7.346,10.25],[-7.351,10.338],[-7.431,10.338],[-7.487,10.462],[-7.534,10.42],[-7.641,10.447],[-7.775,10.328],[-7.754,10.294],[-7.819,10.207],[-7.975,10.166]]}},{"type":"Feature","properties":{},"geometry":{"type":"LineString","coordinates":[[28.701,-28.614],[28.651,-28.569],[28.402,-28.626],[28.35,-28.697],[28.175,-28.699],[28.011,-28.884],[27.93,-28.853],[27.88,-28.912],[27.749,-28.909],[27.35,-29.482],[27.013,-29.642]]}},{"type":"Feature","properties":{},"geometry":{"type":"LineString","coordinates":[[25.547,51.923],[25.179,51.96],[24.885,51.899],[24.397,51.887],[24.279,51.738],[24.043,51.61],[23.954,51.585],[23.897,51.636],[23.667,51.641],[23.609,51.608],[23.646,51.521],[23.603,51.531]]}},{"type":"Feature","properties":{},"geometry":{"type":"LineString","coordinates":[[-67.855,2.79],[-67.752,2.84],[-67.607,2.796],[-67.568,2.683],[-67.503,2.677],[-67.321,2.468],[-67.192,2.393],[-67.211,2.241],[-67.109,2.094],[-67.134,1.988],[-66.992,1.696],[-66.874,1.222]]}},{"type":"Feature","properties":{},"geometry":{"type":"LineString","coordinates":[[-10.266,8.488],[-10.302,8.19],[-10.498,8.136],[-10.602,8.035],[-10.6,7.773],[-10.692,7.738],[-10.863,7.531],[-11.103,7.384],[-11.189,7.258],[-11.305,7.217],[-11.421,6.942],[-11.489,6.926]]}},{"type":"Feature","properties":{},"geometry":{"type":"LineString","coordinates":[[104.444,10.424],[104.086,10.168],[104.111,10.343],[104.055,10.448],[103.997,10.483],[103.924,10.398],[103.841,10.402],[103.832,10.312],[103.921,10.255],[103.969,10.086],[103.897,10.032]]}},{"type":"Feature","properties":{},"geometry":{"type":"LineString","coordinates":[[-80.131,-4.281],[-80.387,-4.478],[-80.478,-4.428],[-80.336,-4.199],[-80.469,-4.201],[-80.505,-4.081],[-80.467,-3.987],[-80.316,-4.013],[-80.15,-3.88],[-80.221,-3.763],[-80.254,-3.421],[-80.369,-3.369]]}},{"type":"Feature","properties":{},"geometry":{"type":"LineString","coordinates":[[114.095,4.59],[114.246,4.522],[114.311,4.429],[114.329,4.271],[114.454,4.262],[114.503,4.146],[114.641,4.019],[114.805,4.142],[114.848,4.279],[114.805,4.279],[114.879,4.39],[114.781,4.739],[114.979,4.832],[115.019,4.896]]}},{"type":"Feature","properties":{},"geometry":{"type":"LineString","coordinates":[[1.486,42.602],[1.371,42.737],[1.216,42.726],[0.762,42.876],[0.698,42.847],[0.713,42.709],[0.408,42.746],[0.333,42.701],[0.223,42.754],[0.005,42.709]]}},{"type":"Feature","properties":{},"geometry":{"type":"LineString","coordinates":[[6.133,50.127],[6.103,50.169],[5.97,50.169],[5.731,49.894],[5.776,49.873],[5.748,49.793],[5.899,49.663],[5.809,49.545]]}},{"type":"Feature","properties":{},"geometry":{"type":"LineString","coordinates":[[66.108,54.645],[67.246,54.807],[67.323,54.868],[67.581,54.854],[67.924,54.983],[68.205,54.966],[68.331,55.081],[68.244,55.105],[68.2,55.178],[68.626,55.202],[68.727,55.367]]}},{"type":"Feature","properties":{},"geometry":{"type":"LineString","coordinates":[[25.548,51.921],[26.092,51.918],[26.181,51.861],[26.437,51.857],[26.457,51.813],[26.65,51.82],[26.933,51.75],[27.18,51.763],[27.2,51.67],[27.299,51.654],[27.279,51.598],[27.513,51.63]]}},{"type":"Feature","properties":{},"geometry":{"type":"LineString","coordinates":[[31.376,53.121],[31.266,53.022],[31.581,52.803],[31.595,52.738],[31.5,52.69],[31.653,52.553],[31.565,52.516],[31.63,52.371],[31.587,52.319],[31.717,52.262],[31.704,52.199],[31.783,52.166],[31.784,52.108]]}},{"type":"Feature","properties":{},"geometry":{"type":"LineString","coordinates":[[44.775,39.706],[45.062,39.779],[45.171,39.681],[45.189,39.572],[45.282,39.609],[45.326,39.538],[45.458,39.494],[45.725,39.58],[45.811,39.556],[45.829,39.443],[45.78,39.365],[46,39.264],[45.97,39.166],[46.178,38.842]]}},{"type":"Feature","properties":{},"geometry":{"type":"LineString","coordinates":[[-56.486,-22.082],[-56.642,-22.266],[-56.707,-22.215],[-56.834,-22.298],[-56.882,-22.239],[-57.098,-22.24],[-57.207,-22.186],[-57.371,-22.218],[-57.595,-22.182],[-57.651,-22.097],[-57.827,-22.145],[-57.983,-22.089]]}},{"type":"Feature","properties":{},"geometry":{"type":"LineString","coordinates":[[52.583,51.464],[52.501,51.51],[52.347,51.781],[52.106,51.664],[51.874,51.674],[51.781,51.594],[51.803,51.5],[51.682,51.455],[51.591,51.545],[51.437,51.469],[51.303,51.48],[51.259,51.551],[51.391,51.569],[51.39,51.638],[51.258,51.694],[50.939,51.689],[50.772,51.769]]}},{"type":"Feature","properties":{},"geometry":{"type":"LineString","coordinates":[[3.208,42.435],[2.971,42.487],[2.712,42.415],[2.698,42.34],[2.523,42.351],[2.29,42.439],[2.065,42.367],[1.961,42.462],[1.756,42.507]]}},{"type":"Feature","properties":{},"geometry":{"type":"LineString","coordinates":[[-2.581,8.78],[-2.488,8.198],[-2.591,8.172],[-2.589,8.041],[-2.774,7.947],[-2.924,7.596],[-2.949,7.229],[-3.224,6.819],[-3.186,6.716],[-3.249,6.611],[-3.169,6.256],[-3.006,5.858],[-3.014,5.708],[-2.949,5.713],[-2.938,5.614],[-2.853,5.644],[-2.764,5.59]]}},{"type":"Feature","properties":{},"geometry":{"type":"LineString","coordinates":[[39.039,47.867],[39.768,47.831],[39.82,47.97],[39.776,48.026],[39.869,48.041],[39.848,48.113],[40.01,48.259],[39.999,48.297],[39.838,48.313],[39.921,48.368]]}},{"type":"Feature","properties":{},"geometry":{"type":"LineString","coordinates":[[-3.439,13.276],[-3.232,13.288],[-3.263,13.715],[-3.096,13.684],[-3.044,13.611],[-2.878,13.657],[-2.904,13.824],[-2.842,14.028],[-2.472,14.29],[-2.107,14.152],[-2.006,14.189],[-1.973,14.54],[-1.367,14.764],[-1.092,14.809],[-0.714,15.09],[-0.431,15.083],[-0.391,15.008],[-0.237,15.078],[-0.007,14.999]]}},{"type":"Feature","properties":{},"geometry":{"type":"LineString","coordinates":[[47.446,50.377],[47.317,50.294],[47.343,50.242],[47.281,50.182],[47.357,50.09],[47.303,50.032],[47.188,49.944],[46.929,49.864],[46.796,49.34],[47.026,49.236],[47.063,49.143],[46.954,49.013],[46.779,48.937],[46.499,48.418],[47.135,48.249]]}},{"type":"Feature","properties":{},"geometry":{"type":"LineString","coordinates":[[32.737,53.439],[32.737,53.343],[32.463,53.308],[32.498,53.278],[32.437,53.206],[32.223,53.106],[31.931,53.096],[31.801,53.126],[31.776,53.194],[31.616,53.218],[31.423,53.209],[31.376,53.121]]}},{"type":"Feature","properties":{},"geometry":{"type":"LineString","coordinates":[[116.709,49.829],[117.17,49.653],[117.494,49.623],[117.873,49.508],[118.583,49.927],[119.096,49.989]]}},{"type":"Feature","properties":{},"geometry":{"type":"LineString","coordinates":[[-58.2,-32.454],[-58.12,-32.869],[-58.132,-33.064],[-58.374,-33.134],[-58.382,-33.31],[-58.477,-33.582],[-58.43,-33.938],[-58.263,-34.174]]}},{"type":"Feature","properties":{},"geometry":{"type":"LineString","coordinates":[[-89.522,14.227],[-89.686,14.17],[-89.741,14.04],[-89.854,14.06],[-90.019,13.94],[-90.107,13.834],[-90.096,13.746]]}},{"type":"Feature","properties":{},"geometry":{"type":"LineString","coordinates":[[39.039,47.868],[38.838,47.853],[38.751,47.684],[38.339,47.601],[38.281,47.506],[38.286,47.396],[38.208,47.319],[38.319,47.278],[38.216,47.195],[38.236,47.109]]}},{"type":"Feature","properties":{},"geometry":{"type":"LineString","coordinates":[[26.613,55.675],[26.627,55.593],[26.545,55.511],[26.569,55.468],[26.456,55.341],[26.82,55.281],[26.669,55.218],[26.616,55.125],[26.284,55.148],[26.161,54.977]]}},{"type":"Feature","properties":{},"geometry":{"type":"LineString","coordinates":[[26.613,55.675],[26.627,55.593],[26.545,55.511],[26.569,55.468],[26.456,55.341],[26.82,55.281],[26.669,55.218],[26.616,55.125],[26.284,55.148],[26.161,54.977]]}},{"type":"Feature","properties":{},"geometry":{"type":"LineString","coordinates":[[39.669,48.588],[39.727,48.762],[39.804,48.818],[39.976,48.789],[40.077,48.864],[39.767,48.904],[39.694,48.973],[39.703,49.035],[39.939,49.055],[39.966,49.124],[40.082,49.184]]}},{"type":"Feature","properties":{},"geometry":{"type":"LineString","coordinates":[[-10.654,11.896],[-10.516,12.048],[-10.511,12.116],[-10.357,12.166],[-10.329,12.224],[-9.702,12.029],[-9.628,12.166],[-9.467,12.249],[-9.342,12.252]]}},{"type":"Feature","properties":{},"geometry":{"type":"LineString","coordinates":[[62.442,40.031],[62.441,40.184],[62.355,40.42],[62.201,40.486],[62.123,40.584],[61.996,40.849],[61.975,41],[61.893,41.112],[61.611,41.268],[61.425,41.303],[61.386,41.236]]}},{"type":"Feature","properties":{},"geometry":{"type":"LineString","coordinates":[[13.092,-4.634],[13.073,-4.674],[12.821,-4.737],[12.701,-4.925],[12.623,-4.932],[12.607,-4.998],[12.463,-5.051],[12.465,-5.096],[12.542,-5.127],[12.527,-5.724],[12.281,-5.735],[12.201,-5.78]]}},{"type":"Feature","properties":{},"geometry":{"type":"LineString","coordinates":[[-70.253,46.12],[-70.288,46.203],[-70.192,46.353],[-70.051,46.439],[-70.009,46.698],[-69.232,47.471],[-69.049,47.436],[-69.045,47.264],[-68.892,47.188]]}},{"type":"Feature","properties":{},"geometry":{"type":"LineString","coordinates":[[75.691,54.11],[76.207,54.259],[76.186,54.296],[76.239,54.359],[76.488,54.326],[76.657,54.368],[76.699,54.445],[76.924,54.476],[76.925,54.438],[76.779,54.394],[76.865,54.318],[76.721,54.153],[76.393,54.164],[76.522,53.994],[77.801,53.346]]}},{"type":"Feature","properties":{},"geometry":{"type":"LineString","coordinates":[[-68.618,-52.644],[-68.638,-54.886]]}},{"type":"Feature","properties":{},"geometry":{"type":"LineString","coordinates":[[69.231,24.269],[69.08,24.297],[68.988,24.257],[68.921,24.325],[68.858,24.242],[68.825,24.333],[68.753,24.321],[68.747,23.97],[68.362,23.974],[68.326,23.912],[68.291,23.944],[68.214,23.868],[68.186,23.688],[68.135,23.648]]}},{"type":"Feature","properties":{},"geometry":{"type":"LineString","coordinates":[[113.863,22.461],[113.945,22.52],[114.05,22.508],[114.395,22.609],[114.499,22.449],[114.503,22.144],[113.881,22.144],[113.822,22.218],[113.861,22.459]]}},{"type":"Feature","properties":{},"geometry":{"type":"LineString","coordinates":[[-71.917,-51.996],[-69.998,-51.996],[-69.461,-52.144],[-69.234,-52.143],[-68.829,-52.28],[-68.437,-52.328],[-68.428,-52.378]]}},{"type":"Feature","properties":{},"geometry":{"type":"LineString","coordinates":[[27.521,48.465],[27.771,48.448],[27.949,48.33],[28.086,48.308],[28.094,48.229],[28.357,48.241],[28.371,48.196],[28.313,48.139],[28.419,48.169],[28.461,48.071]]}},{"type":"Feature","properties":{},"geometry":{"type":"LineString","coordinates":[[47.947,30.014],[47.717,30.084],[47.351,30.082],[47.17,30.015],[46.941,29.585],[46.546,29.104]]}},{"type":"Feature","properties":{},"geometry":{"type":"LineString","coordinates":[[107.545,14.708],[107.478,14.431],[107.423,14.435],[107.379,14.356],[107.342,14.124],[107.372,14.018],[107.448,14.003],[107.474,13.93]]}},{"type":"Feature","properties":{},"geometry":{"type":"LineString","coordinates":[[-89.151,15.074],[-88.981,15.136],[-88.668,15.35],[-88.215,15.724]]}},{"type":"Feature","properties":{},"geometry":{"type":"LineString","coordinates":[[34.21,51.259],[34.634,51.242],[34.67,51.179],[34.735,51.173],[35.074,51.221],[35.121,51.202],[35.171,51.055],[35.375,51.039],[35.297,51],[35.306,50.959]]}},{"type":"Feature","properties":{},"geometry":{"type":"LineString","coordinates":[[7.445,20.846],[11.985,23.522]]}},{"type":"Feature","properties":{},"geometry":{"type":"LineString","coordinates":[[30.574,-2.398],[30.7,-2.347],[30.829,-2.358],[30.894,-2.076],[30.808,-1.929],[30.84,-1.671],[30.739,-1.437],[30.562,-1.327],[30.512,-1.164],[30.469,-1.158],[30.484,-1.061]]}},{"type":"Feature","properties":{},"geometry":{"type":"LineString","coordinates":[[29.354,51.375],[29.483,51.39],[29.524,51.454],[29.67,51.499],[29.851,51.436],[30.176,51.492],[30.348,51.405],[30.335,51.345],[30.384,51.307],[30.549,51.253]]}},{"type":"Feature","properties":{},"geometry":{"type":"LineString","coordinates":[[-11.373,12.408],[-11.441,12.363],[-11.431,12.282],[-11.494,12.175],[-11.32,12.025],[-11.178,12.016],[-11.041,12.211],[-10.929,12.224],[-10.791,12.106],[-10.732,11.92],[-10.652,11.894]]}},{"type":"Feature","properties":{},"geometry":{"type":"LineString","coordinates":[[-0.002,11.109],[-0.285,11.167],[-0.28,11.121],[-0.352,11.069],[-0.415,11.103],[-0.431,11.038],[-0.572,10.989],[-0.618,10.912],[-0.651,10.984],[-0.802,11.009],[-0.864,10.97],[-0.902,11.007],[-1.414,11.026],[-2.834,11.001]]}},{"type":"Feature","properties":{},"geometry":{"type":"LineString","coordinates":[[2.719,6.365],[2.742,6.622],[2.799,6.689],[2.725,6.954],[2.798,7.04],[2.748,7.099],[2.758,7.419],[2.807,7.417],[2.81,7.493],[2.741,7.567],[2.742,7.809],[2.684,7.896]]}},{"type":"Feature","properties":{},"geometry":{"type":"LineString","coordinates":[[54.524,50.529],[54.398,50.626],[54.506,50.857],[54.204,50.967],[54.133,51.106],[53.957,51.193],[53.678,51.228],[53.596,51.361],[53.639,51.393],[53.357,51.507]]}},{"type":"Feature","properties":{},"geometry":{"type":"LineString","coordinates":[[-4.806,25],[-2.448,23.487],[-0.001,21.825]]}},{"type":"Feature","properties":{},"geometry":{"type":"LineString","coordinates":[[-69.843,1.714],[-69.842,1.062],[-69.765,1.096],[-69.27,1.038],[-69.14,0.867],[-69.182,0.724],[-69.125,0.645],[-69.209,0.619]]}},{"type":"Feature","properties":{},"geometry":{"type":"LineString","coordinates":[[99.968,22.05],[99.973,21.734],[100.172,21.654],[100.107,21.586],[100.116,21.526],[100.213,21.433]]}},{"type":"Feature","properties":{},"geometry":{"type":"LineString","coordinates":[[-12.245,14.764],[-12.148,14.646],[-12.219,14.545],[-12.202,14.401],[-12.095,14.363],[-12.113,14.325],[-12.031,14.279],[-11.979,14.161],[-12.015,14.013],[-11.942,13.904],[-11.948,13.83],[-12.08,13.709]]}},{"type":"Feature","properties":{},"geometry":{"type":"LineString","coordinates":[[100.89,21.685],[100.666,21.479],[100.485,21.458],[100.379,21.539],[100.216,21.435]]}},{"type":"Feature","properties":{},"geometry":{"type":"LineString","coordinates":[[32.736,53.439],[32.444,53.572],[32.415,53.646],[32.511,53.684],[32.462,53.723],[32.12,53.82],[31.896,53.778],[31.763,53.804]]}},{"type":"Feature","properties":{},"geometry":{"type":"LineString","coordinates":[[34.378,4.601],[34.498,4.738],[35.321,5.024],[35.31,4.908],[35.476,4.914],[35.421,4.771],[35.51,4.616],[35.606,4.605],[35.666,4.692],[35.698,4.621]]}},{"type":"Feature","properties":{},"geometry":{"type":"LineString","coordinates":[[62.024,43.486],[63.211,43.636],[64.458,43.548],[64.931,43.738],[65.268,43.433],[65.527,43.317],[65.822,42.877],[66.124,42.997],[66.071,42.424]]}},{"type":"Feature","properties":{},"geometry":{"type":"LineString","coordinates":[[62.024,43.486],[63.211,43.636],[64.458,43.548],[64.931,43.738],[65.268,43.433],[65.527,43.317],[65.822,42.877],[66.124,42.997],[66.071,42.424]]}},{"type":"Feature","properties":{},"geometry":{"type":"LineString","coordinates":[[45.022,41.298],[44.955,41.262],[44.834,41.287],[44.864,41.215],[44.634,41.232],[44.578,41.186],[44.461,41.186],[44.193,41.236],[44.158,41.188],[43.782,41.116],[43.488,41.111]]}},{"type":"Feature","properties":{},"geometry":{"type":"LineString","coordinates":[[45.022,41.298],[44.955,41.262],[44.834,41.287],[44.864,41.215],[44.634,41.232],[44.578,41.186],[44.461,41.186],[44.193,41.236],[44.158,41.188],[43.782,41.116],[43.488,41.111]]}},{"type":"Feature","properties":{},"geometry":{"type":"LineString","coordinates":[[20.002,-24.766],[19.998,-28.426]]}},{"type":"Feature","properties":{},"geometry":{"type":"LineString","coordinates":[[56,41.326],[55.997,45.003]]}},{"type":"Feature","properties":{},"geometry":{"type":"LineString","coordinates":[[30.801,51.944],[30.662,51.824],[30.628,51.711],[30.518,51.598],[30.644,51.371],[30.55,51.253]]}},{"type":"Feature","properties":{},"geometry":{"type":"LineString","coordinates":[[22.602,55.072],[22.062,55.028],[22.01,55.088],[21.504,55.193],[21.381,55.287],[21.267,55.249]]}},{"type":"Feature","properties":{},"geometry":{"type":"LineString","coordinates":[[27.521,48.465],[27.419,48.417],[27.343,48.443],[27.234,48.368],[27.054,48.407],[27.049,48.365],[26.969,48.359],[26.854,48.405],[26.791,48.382],[26.803,48.297],[26.703,48.345],[26.635,48.259]]}},{"type":"Feature","properties":{},"geometry":{"type":"LineString","coordinates":[[29.235,-1.693],[29.127,-1.86],[29.171,-2.1],[29.115,-2.248],[28.993,-2.286],[28.958,-2.362],[28.864,-2.41],[28.889,-2.654],[29.025,-2.739]]}},{"type":"Feature","properties":{},"geometry":{"type":"LineString","coordinates":[[-6.224,10.257],[-6.158,10.416],[-6.171,10.495],[-6.248,10.522],[-6.189,10.63],[-6.235,10.667],[-6.223,10.721],[-6.414,10.69],[-6.382,10.591],[-6.43,10.548],[-6.645,10.667]]}},{"type":"Feature","properties":{},"geometry":{"type":"LineString","coordinates":[[64.604,54.391],[64.738,54.341],[64.958,54.409],[65.106,54.316],[65.216,54.319],[65.219,54.528],[65.476,54.563],[65.483,54.638],[65.758,54.601],[65.844,54.685],[65.967,54.714],[65.991,54.618],[66.108,54.643]]}},{"type":"Feature","properties":{},"geometry":{"type":"LineString","coordinates":[[64.604,54.391],[64.738,54.341],[64.958,54.409],[65.106,54.316],[65.216,54.319],[65.219,54.528],[65.476,54.563],[65.483,54.638],[65.758,54.601],[65.844,54.685],[65.967,54.714],[65.991,54.618],[66.108,54.643]]}},{"type":"Feature","properties":{},"geometry":{"type":"LineString","coordinates":[[115.028,4.819],[115.101,4.382],[115.349,4.314],[115.274,4.449],[115.283,4.612],[115.223,4.805],[115.146,4.903]]}},{"type":"Feature","properties":{},"geometry":{"type":"LineString","coordinates":[[97.88,9.528],[98.077,9.509],[98.197,9.569],[98.375,9.881],[98.451,9.937],[98.554,9.937],[98.744,10.352]]}},{"type":"Feature","properties":{},"geometry":{"type":"LineString","coordinates":[[2.314,11.679],[2.392,11.939],[2.474,11.989],[2.404,12.084],[2.378,12.24],[2.681,12.288],[2.712,12.349],[2.839,12.396]]}},{"type":"Feature","properties":{},"geometry":{"type":"LineString","coordinates":[[75.357,32.304],[75.381,32.27],[75.306,32.149],[74.814,32.02],[74.784,31.944],[74.701,31.947],[74.538,31.816],[74.513,31.729],[74.592,31.599]]}},{"type":"Feature","properties":{},"geometry":{"type":"LineString","coordinates":[[1.756,42.507],[1.58,42.445],[1.453,42.486],[1.529,42.659],[1.605,42.666],[1.779,42.624],[1.809,42.582],[1.754,42.507]]}},{"type":"Feature","properties":{},"geometry":{"type":"LineString","coordinates":[[74.201,43.269],[74.566,43.133],[74.752,42.993],[75.21,42.853],[75.676,42.806]]}},{"type":"Feature","properties":{},"geometry":{"type":"LineString","coordinates":[[33.04,-17.357],[32.954,-17.5],[33.043,-17.614],[32.946,-17.975],[33.001,-18.183],[32.969,-18.247],[33.073,-18.349],[33.004,-18.411]]}},{"type":"Feature","properties":{},"geometry":{"type":"LineString","coordinates":[[22.785,54.365],[22.694,54.473],[22.698,54.589],[22.741,54.728],[22.868,54.831],[22.835,54.902],[22.641,54.966],[22.602,55.072]]}},{"type":"Feature","properties":{},"geometry":{"type":"LineString","coordinates":[[27.844,59.16],[27.725,58.988],[27.494,58.882],[27.423,58.801],[27.543,58.414],[27.465,58.298],[27.474,58.214],[27.673,58.079],[27.669,58.01]]}},{"type":"Feature","properties":{},"geometry":{"type":"LineString","coordinates":[[70.47,55.297],[70.843,55.302],[70.803,55.251],[70.998,55.096],[70.968,54.893],[71.025,54.849],[71.013,54.798],[71.279,54.69],[71.288,54.634],[71.16,54.596],[71.214,54.326],[70.997,54.339],[70.998,54.278],[71.075,54.271],[71.066,54.193]]}},{"type":"Feature","properties":{},"geometry":{"type":"LineString","coordinates":[[16.818,7.546],[16.876,7.574],[16.874,7.627],[17.059,7.663],[17.073,7.705],[17.126,7.679],[17.273,7.829],[17.71,7.987]]}},{"type":"Feature","properties":{},"geometry":{"type":"LineString","coordinates":[[31.784,52.108],[31.362,52.117],[31.252,52.046],[30.963,52.081],[30.931,52.033],[30.972,52.006],[30.801,51.944]]}},{"type":"Feature","properties":{},"geometry":{"type":"LineString","coordinates":[[35.623,23.126],[35.227,22.771],[34.969,22.849],[34.714,22.289],[34.172,22.197],[34.018,21.768],[33.572,21.723],[33.191,21.989]]}},{"type":"Feature","properties":{},"geometry":{"type":"LineString","coordinates":[[34.526,1.114],[34.411,0.822],[34.313,0.768],[34.265,0.644],[34.159,0.604],[34.102,0.343],[34.004,0.235]]}},{"type":"Feature","properties":{},"geometry":{"type":"LineString","coordinates":[[34.383,51.843],[34.433,51.733],[34.099,51.666],[34.234,51.547],[34.204,51.407],[34.299,51.369]]}},{"type":"Feature","properties":{},"geometry":{"type":"LineString","coordinates":[[3.526,15.359],[3.033,15.433],[3.021,15.342],[1.313,15.287],[0.975,14.979],[0.695,14.942],[0.512,15.001],[0.397,14.961],[0.011,14.992]]}},{"type":"Feature","properties":{},"geometry":{"type":"LineString","coordinates":[[3.604,11.694],[3.688,11.75],[3.617,11.92],[3.672,11.976],[3.637,12.108],[3.658,12.529],[3.953,12.749],[4.105,12.996],[4.143,13.477],[4.248,13.481],[4.47,13.687],[4.886,13.781],[4.924,13.736],[5.289,13.753],[5.365,13.848],[5.545,13.892]]}},{"type":"Feature","properties":{},"geometry":{"type":"LineString","coordinates":[[27.371,57.536],[27.348,57.596],[27.406,57.614],[27.413,57.691],[27.527,57.723],[27.546,57.818],[27.821,57.866],[27.684,57.926],[27.67,58.01]]}},{"type":"Feature","properties":{},"geometry":{"type":"LineString","coordinates":[[31.866,54.002],[31.762,54.103],[31.332,54.238],[31.312,54.351],[31.195,54.46]]}},{"type":"Feature","properties":{},"geometry":{"type":"LineString","coordinates":[[24.237,-17.479],[21.374,-18.016]]}},{"type":"Feature","properties":{},"geometry":{"type":"LineString","coordinates":[[71.033,40.163],[71.19,40.043],[71.265,40.058],[71.195,39.993],[71.233,39.893],[71.031,39.894],[71.078,39.98],[70.975,39.995],[71.032,40.059],[70.976,40.091],[71.033,40.163]]}},{"type":"Feature","properties":{},"geometry":{"type":"LineString","coordinates":[[34.005,0.237],[33.907,0.103],[33.976,-0.134],[33.919,-0.449],[33.924,-1.001]]}},{"type":"Feature","properties":{},"geometry":{"type":"LineString","coordinates":[[-9.313,12.503],[-9.156,12.486],[-8.982,12.394],[-8.942,12.337],[-8.98,12.223],[-8.89,12.145],[-8.904,12.044],[-8.799,12.008]]}},{"type":"Feature","properties":{},"geometry":{"type":"LineString","coordinates":[[4.246,19.147],[5.813,19.446],[7.452,20.852]]}},{"type":"Feature","properties":{},"geometry":{"type":"LineString","coordinates":[[113.572,22.204],[113.572,22.203]]}},{"type":"Feature","properties":{},"geometry":{"type":"LineString","coordinates":[[113.572,22.203],[113.604,22.118],[113.566,22.092],[113.528,22.176],[113.572,22.203]]}},{"type":"Feature","properties":{},"geometry":{"type":"LineString","coordinates":[[113.572,22.203],[113.573,22.203]]}},{"type":"Feature","properties":{},"geometry":{"type":"LineString","coordinates":[[55.997,45.003],[58.57,45.571],[59.458,45.152]]}},{"type":"Feature","properties":{},"geometry":{"type":"LineString","coordinates":[[-60.339,7.845],[-60.232,7.967],[-60.023,8.041],[-59.975,8.181],[-59.801,8.275],[-59.99,8.535]]}},{"type":"Feature","properties":{},"geometry":{"type":"LineString","coordinates":[[51.999,18.999],[55,20],[55.666,22],[55.199,22.7],[54.999,22.499],[52,23],[51.749,23.866],[51.116,24.266],[51.111,24.556],[50.969,24.578],[50.832,24.749]]}},{"type":"Feature","properties":{},"geometry":{"type":"LineString","coordinates":[[-5.521,10.434],[-5.802,10.419],[-5.887,10.364],[-5.889,10.276],[-5.956,10.284],[-6.007,10.191],[-6.223,10.258]]}},{"type":"Feature","properties":{},"geometry":{"type":"LineString","coordinates":[[68.723,55.368],[68.88,55.343],[68.954,55.283],[69.007,55.314],[68.939,55.37],[68.953,55.445],[69.168,55.401],[69.233,55.333],[69.351,55.394],[69.673,55.354],[69.846,55.295],[69.949,55.204],[70.239,55.139],[70.398,55.209],[70.47,55.297]]}},{"type":"Feature","properties":{},"geometry":{"type":"LineString","coordinates":[[27.35,55.826],[27.282,55.787],[27.156,55.846],[26.99,55.835],[26.85,55.711],[26.614,55.675]]}},{"type":"Feature","properties":{},"geometry":{"type":"LineString","coordinates":[[27.35,55.826],[27.282,55.787],[27.156,55.846],[26.99,55.835],[26.85,55.711],[26.614,55.675]]}},{"type":"Feature","properties":{},"geometry":{"type":"LineString","coordinates":[[-2.762,5.589],[-2.717,5.352],[-2.773,5.35],[-2.784,5.28],[-2.734,5.113],[-2.927,5.1]]}},{"type":"Feature","properties":{},"geometry":{"type":"LineString","coordinates":[[28.168,56.149],[27.929,56.113],[27.647,55.924],[27.601,55.792]]}},{"type":"Feature","properties":{},"geometry":{"type":"LineString","coordinates":[[28.168,56.149],[27.929,56.113],[27.647,55.924],[27.601,55.792]]}},{"type":"Feature","properties":{},"geometry":{"type":"LineString","coordinates":[[60.944,51.62],[60.528,51.627],[60.387,51.673],[60.497,51.802],[60.168,51.9],[60.064,51.874],[60.002,51.958],[60.024,52.001]]}},{"type":"Feature","properties":{},"geometry":{"type":"LineString","coordinates":[[127,38.225],[127.222,38.318],[128.003,38.306]]}},{"type":"Feature","properties":{},"geometry":{"type":"LineString","coordinates":[[13.179,-5.856],[12.989,-5.87],[12.812,-5.96],[12.378,-6.052]]}},{"type":"Feature","properties":{},"geometry":{"type":"LineString","coordinates":[[73.437,53.436],[73.601,53.573],[73.663,53.568],[73.677,53.619],[73.811,53.598],[73.918,53.654],[74.081,53.632],[74.088,53.574],[74.247,53.602],[74.284,53.528],[74.429,53.479],[74.484,53.584],[74.439,53.61],[74.466,53.693],[74.647,53.688],[74.675,53.764],[74.758,53.767],[74.812,53.844],[75.034,53.807],[75.457,53.994],[75.384,54.067],[75.501,54.115],[75.691,54.111]]}},{"type":"Feature","properties":{},"geometry":{"type":"LineString","coordinates":[[18.541,3.074],[18.22,2.427]]}},{"type":"Feature","properties":{},"geometry":{"type":"LineString","coordinates":[[107.783,21.667],[107.864,21.648],[107.953,21.539],[108.06,21.528],[108.119,21.449]]}},{"type":"Feature","properties":{},"geometry":{"type":"LineString","coordinates":[[29.258,36.205],[29.404,36.151],[29.46,36.187],[29.6,36.165],[29.661,36.096],[29.596,36.03]]}},{"type":"Feature","properties":{},"geometry":{"type":"LineString","coordinates":[[-13.175,27.667],[-8.667,27.667]]}},{"type":"Feature","properties":{},"geometry":{"type":"LineString","coordinates":[[104.095,1.311],[104.078,1.425],[103.944,1.408],[103.808,1.464],[103.686,1.434],[103.603,1.278]]}},{"type":"Feature","properties":{},"geometry":{"type":"LineString","coordinates":[[60.64,44.605],[61.083,44.379],[61.151,44.209],[62.024,43.486]]}},{"type":"Feature","properties":{},"geometry":{"type":"LineString","coordinates":[[0.383,10.273],[0.393,10.308],[0.325,10.301],[0.286,10.414],[0.196,10.398],[0.135,10.509],[0.001,10.605]]}},{"type":"Feature","properties":{},"geometry":{"type":"LineString","coordinates":[[66.072,42.424],[66.037,42.423],[66.029,42.003],[66.526,42.003],[66.72,41.175],[67.071,41.144]]}},{"type":"Feature","properties":{},"geometry":{"type":"LineString","coordinates":[[77.801,53.345],[78.453,52.708],[79.337,51.669]]}},{"type":"Feature","properties":{},"geometry":{"type":"LineString","coordinates":[[-67.424,45.595],[-67.411,45.53],[-67.485,45.494],[-67.416,45.399],[-67.461,45.272],[-67.342,45.15],[-67.275,45.199],[-67.205,45.184]]}},{"type":"Feature","properties":{},"geometry":{"type":"LineString","coordinates":[[-87.696,13.818],[-87.783,13.527],[-87.718,13.508],[-87.713,13.453],[-87.816,13.405]]}},{"type":"Feature","properties":{},"geometry":{"type":"LineString","coordinates":[[1.203,6.101],[1.201,6.16],[1.1,6.161],[1.027,6.238],[1,6.328],[0.905,6.329],[0.792,6.412],[0.726,6.504],[0.743,6.578],[0.686,6.593]]}},{"type":"Feature","properties":{},"geometry":{"type":"LineString","coordinates":[[56.08,26.066],[56.159,26.084],[56.186,26.015],[56.147,25.666],[56.215,25.615],[56.27,25.636]]}},{"type":"Feature","properties":{},"geometry":{"type":"LineString","coordinates":[[56.08,26.066],[56.159,26.084],[56.186,26.015],[56.147,25.666],[56.215,25.615],[56.27,25.636]]}},{"type":"Feature","properties":{},"geometry":{"type":"LineString","coordinates":[[34.268,31.217],[34.371,31.295],[34.389,31.395],[34.559,31.533],[34.49,31.597]]}},{"type":"Feature","properties":{},"geometry":{"type":"LineString","coordinates":[[28.878,48.01],[28.816,48.121],[28.643,48.154],[28.551,48.161],[28.461,48.071]]}},{"type":"Feature","properties":{},"geometry":{"type":"LineString","coordinates":[[14.528,-22.685],[14.675,-22.639],[14.668,-22.984],[14.732,-23.24],[14.458,-23.154]]}},{"type":"Feature","properties":{},"geometry":{"type":"LineString","coordinates":[[53.357,51.507],[53.156,51.515],[52.944,51.449],[52.77,51.504],[52.678,51.453],[52.583,51.464]]}},{"type":"Feature","properties":{},"geometry":{"type":"LineString","coordinates":[[67.071,41.143],[67.934,41.194]]}},{"type":"Feature","properties":{},"geometry":{"type":"LineString","coordinates":[[8.41,55.086],[8.564,54.981],[8.572,54.922],[8.699,54.893],[8.941,54.906],[9.224,54.854],[9.254,54.809],[9.579,54.879],[10.031,54.766]]}},{"type":"Feature","properties":{},"geometry":{"type":"LineString","coordinates":[[42.209,37.32],[42.351,37.234],[42.374,37.06]]}},{"type":"Feature","properties":{},"geometry":{"type":"LineString","coordinates":[[63.901,54.198],[64.02,54.238],[63.993,54.311],[64.602,54.393]]}},{"type":"Feature","properties":{},"geometry":{"type":"LineString","coordinates":[[27.016,-29.643],[27.328,-30.139],[27.399,-30.132],[27.381,-30.318]]}},{"type":"Feature","properties":{},"geometry":{"type":"LineString","coordinates":[[39.67,48.588],[39.851,48.558],[39.838,48.484],[39.921,48.368]]}},{"type":"Feature","properties":{},"geometry":{"type":"LineString","coordinates":[[29.598,-1.384],[29.456,-1.504],[29.361,-1.51],[29.233,-1.693]]}},{"type":"Feature","properties":{},"geometry":{"type":"LineString","coordinates":[[27.031,37.839],[27.149,37.756],[26.973,37.649]]}},{"type":"Feature","properties":{},"geometry":{"type":"LineString","coordinates":[[25.586,-25.624],[25.871,-24.911],[25.868,-24.74]]}},{"type":"Feature","properties":{},"geometry":{"type":"LineString","coordinates":[[-82.421,43.013],[-82.521,42.619],[-82.65,42.554]]}},{"type":"Feature","properties":{},"geometry":{"type":"LineString","coordinates":[[28.123,36.491],[28.337,36.544],[28.495,36.469]]}},{"type":"Feature","properties":{},"geometry":{"type":"LineString","coordinates":[[70.522,39.888],[70.716,39.868],[70.727,39.823],[70.597,39.766],[70.522,39.888]]}},{"type":"Feature","properties":{},"geometry":{"type":"LineString","coordinates":[[60.944,51.62],[60.934,51.555],[61.016,51.482],[61.497,51.428]]}},{"type":"Feature","properties":{},"geometry":{"type":"LineString","coordinates":[[40.14,49.601],[40.053,49.478],[40.18,49.327],[40.167,49.249],[40.081,49.184]]}},{"type":"Feature","properties":{},"geometry":{"type":"LineString","coordinates":[[128.003,38.306],[128.244,38.395],[128.304,38.475],[128.304,38.584],[128.364,38.621]]}},{"type":"Feature","properties":{},"geometry":{"type":"LineString","coordinates":[[70.794,40.725],[70.346,40.43]]}},{"type":"Feature","properties":{},"geometry":{"type":"LineString","coordinates":[[40.989,2.821],[40.998,-0.866],[41.555,-1.592],[41.558,-1.672]]}},{"type":"Feature","properties":{},"geometry":{"type":"LineString","coordinates":[[-13.696,12.293],[-13.721,12.256],[-13.859,12.279],[-13.971,12.154]]}},{"type":"Feature","properties":{},"geometry":{"type":"LineString","coordinates":[[9.677,42.953],[9.452,43.182]]}},{"type":"Feature","properties":{},"geometry":{"type":"LineString","coordinates":[[14.554,12.828],[14.508,12.878],[14.526,12.975],[14.443,13.085],[14.075,13.082]]}},{"type":"Feature","properties":{},"geometry":{"type":"LineString","coordinates":[[-9.344,12.25],[-9.294,12.362],[-9.401,12.456],[-9.311,12.504]]}},{"type":"Feature","properties":{},"geometry":{"type":"LineString","coordinates":[[36.694,45.432],[36.531,45.137]]}},{"type":"Feature","properties":{},"geometry":{"type":"LineString","coordinates":[[19.296,39.87],[19.465,39.934],[19.663,39.931]]}},{"type":"Feature","properties":{},"geometry":{"type":"LineString","coordinates":[[29.896,46.551],[30.134,46.416]]}},{"type":"Feature","properties":{},"geometry":{"type":"LineString","coordinates":[[27.306,36.766],[27.281,36.649],[27.434,36.563]]}},{"type":"Feature","properties":{},"geometry":{"type":"LineString","coordinates":[[-13.694,12.294],[-13.643,12.458],[-13.717,12.574],[-13.713,12.676]]}},{"type":"Feature","properties":{},"geometry":{"type":"LineString","coordinates":[[12.407,43.916],[12.409,43.955],[12.51,43.987],[12.488,43.906],[12.408,43.914]]}},{"type":"Feature","properties":{},"geometry":{"type":"LineString","coordinates":[[27.052,37.505],[27.179,37.252]]}},{"type":"Feature","properties":{},"geometry":{"type":"LineString","coordinates":[[9.599,47.064],[9.634,47.131],[9.534,47.274]]}},{"type":"Feature","properties":{},"geometry":{"type":"LineString","coordinates":[[106.47,11.871],[106.423,11.761],[106.459,11.665]]}},{"type":"Feature","properties":{},"geometry":{"type":"LineString","coordinates":[[63.326,54.183],[63.737,54.26],[63.903,54.197]]}},{"type":"Feature","properties":{},"geometry":{"type":"LineString","coordinates":[[34.699,-12.012],[34.786,-12.033],[34.711,-12.124],[34.675,-12.093],[34.699,-12.011]]}},{"type":"Feature","properties":{},"geometry":{"type":"LineString","coordinates":[[-0.002,10.608],[-0.072,10.637],[-0.084,10.699],[-0.002,10.918]]}},{"type":"Feature","properties":{},"geometry":{"type":"LineString","coordinates":[[41.914,3.99],[41.34,3.171],[40.986,2.833]]}},{"type":"Feature","properties":{},"geometry":{"type":"LineString","coordinates":[[32.134,-26.839],[32.129,-26.506],[32.061,-26.261],[32.103,-26.162],[32.09,-26.009],[31.967,-25.957]]}},{"type":"Feature","properties":{},"geometry":{"type":"LineString","coordinates":[[26.219,38.324],[26.2,38.176],[26.298,38.112]]}},{"type":"Feature","properties":{},"geometry":{"type":"LineString","coordinates":[[26.119,39.387],[26.338,39.427],[26.445,39.399]]}},{"type":"Feature","properties":{},"geometry":{"type":"LineString","coordinates":[[69.097,40.224],[68.642,40.185]]}},{"type":"Feature","properties":{},"geometry":{"type":"LineString","coordinates":[[27.151,37.064],[27.204,36.951],[27.355,36.93]]}},{"type":"Feature","properties":{},"geometry":{"type":"LineString","coordinates":[[-87.301,12.987],[-87.065,13]]}},{"type":"Feature","properties":{},"geometry":{"type":"LineString","coordinates":[[124.131,39.829],[124.341,39.978],[124.371,40.096]]}},{"type":"Feature","properties":{},"geometry":{"type":"LineString","coordinates":[[34.658,-12.002],[34.615,-12.075],[34.562,-12.015],[34.597,-11.969],[34.658,-12.002]]}},{"type":"Feature","properties":{},"geometry":{"type":"LineString","coordinates":[[25.589,40.036],[25.676,39.814]]}},{"type":"Feature","properties":{},"geometry":{"type":"LineString","coordinates":[[27.73,36.641],[27.844,36.703],[27.913,36.63]]}},{"type":"Feature","properties":{},"geometry":{"type":"LineString","coordinates":[[26.353,38.701],[26.309,38.649],[26.306,38.484]]}},{"type":"Feature","properties":{},"geometry":{"type":"LineString","coordinates":[[31.866,54.002],[31.764,53.803]]}},{"type":"Feature","properties":{},"geometry":{"type":"LineString","coordinates":[[17.166,48.013],[17.083,48.04],[17.065,48.144]]}},{"type":"Feature","properties":{},"geometry":{"type":"LineString","coordinates":[[25.85,40.404],[25.625,40.254]]}},{"type":"Feature","properties":{},"geometry":{"type":"LineString","coordinates":[[26.403,-24.631],[25.869,-24.744]]}},{"type":"Feature","properties":{},"geometry":{"type":"LineString","coordinates":[[71.78,39.989],[71.818,39.988],[71.786,39.908],[71.695,39.931],[71.78,39.989]]}},{"type":"Feature","properties":{},"geometry":{"type":"LineString","coordinates":[[58.338,51.156],[58.172,51.054],[58.002,51.085]]}},{"type":"Feature","properties":{},"geometry":{"type":"LineString","coordinates":[[27.844,59.16],[27.897,59.286],[28.189,59.353]]}},{"type":"Feature","properties":{},"geometry":{"type":"LineString","coordinates":[[1.995,42.461],[1.994,42.462]]}},{"type":"Feature","properties":{},"geometry":{"type":"LineString","coordinates":[[1.994,42.462],[2.028,42.509],[2.051,42.458],[1.994,42.462]]}},{"type":"Feature","properties":{},"geometry":{"type":"LineString","coordinates":[[1.994,42.462]]}},{"type":"Feature","properties":{},"geometry":{"type":"LineString","coordinates":[[68.144,41.051],[68.028,41.044],[67.934,41.194]]}},{"type":"Feature","properties":{},"geometry":{"type":"LineString","coordinates":[[70.587,40.999],[70.584,41.001]]}},{"type":"Feature","properties":{},"geometry":{"type":"LineString","coordinates":[[126.807,38.001],[127,38.225]]}},{"type":"Feature","properties":{},"geometry":{"type":"LineString","coordinates":[[107.473,13.934],[107.463,13.796]]}},{"type":"Feature","properties":{},"geometry":{"type":"LineString","coordinates":[[126.687,37.833],[126.606,37.763],[126.428,37.835],[126.241,37.825],[126.104,37.695]]}},{"type":"Feature","properties":{},"geometry":{"type":"LineString","coordinates":[[26.69,39.076],[26.69,38.979],[26.585,38.881]]}},{"type":"Feature","properties":{},"geometry":{"type":"LineString","coordinates":[[-3.104,5.086],[-3.092,5.121],[-2.882,5.114]]}},{"type":"Feature","properties":{},"geometry":{"type":"LineString","coordinates":[[9.829,42.486],[9.794,42.663]]}},{"type":"Feature","properties":{},"geometry":{"type":"LineString","coordinates":[[27.564,-30.404],[27.46,-30.312],[27.379,-30.317]]}},{"type":"Feature","properties":{},"geometry":{"type":"LineString","coordinates":[[126.689,37.832],[126.687,37.948],[126.807,38.001]]}},{"type":"Feature","properties":{},"geometry":{"type":"LineString","coordinates":[[45.556,40.665],[45.585,40.644],[45.541,40.61],[45.498,40.654],[45.557,40.665]]}},{"type":"Feature","properties":{},"geometry":{"type":"LineString","coordinates":[[61.68,51.267],[61.582,51.303],[61.5,51.43]]}},{"type":"Feature","properties":{},"geometry":{"type":"LineString","coordinates":[[27.601,55.792],[27.351,55.826]]}},{"type":"Feature","properties":{},"geometry":{"type":"LineString","coordinates":[[27.601,55.792],[27.351,55.826]]}},{"type":"Feature","properties":{},"geometry":{"type":"LineString","coordinates":[[34.299,51.369],[34.28,51.292],[34.21,51.259]]}},{"type":"Feature","properties":{},"geometry":{"type":"LineString","coordinates":[[1.803,6.28],[1.636,6.218]]}},{"type":"Feature","properties":{},"geometry":{"type":"LineString","coordinates":[[45.03,41.084],[45.059,41.053],[45.017,41.031],[44.98,41.071],[45.03,41.084]]}},{"type":"Feature","properties":{},"geometry":{"type":"LineString","coordinates":[[45.03,41.084],[45.059,41.053],[45.017,41.031],[44.98,41.071],[45.03,41.084]]}},{"type":"Feature","properties":{},"geometry":{"type":"LineString","coordinates":[[29.255,-22.063],[29.372,-22.192]]}},{"type":"Feature","properties":{},"geometry":{"type":"LineString","coordinates":[[28.016,59.479],[28.189,59.353]]}},{"type":"Feature","properties":{},"geometry":{"type":"LineString","coordinates":[[47.953,30.008],[48.111,30.034],[48.322,29.901]]}},{"type":"Feature","properties":{},"geometry":{"type":"LineString","coordinates":[[-0.005,11.099],[-0.097,11.092],[-0.151,11.139]]}},{"type":"Feature","properties":{},"geometry":{"type":"LineString","coordinates":[[0.003,10.964],[0.036,11.063],[0.001,11.097]]}},{"type":"Feature","properties":{},"geometry":{"type":"LineString","coordinates":[[58.001,51.085],[57.794,51.12]]}},{"type":"Feature","properties":{},"geometry":{"type":"LineString","coordinates":[[9.036,41.341],[9.268,41.293],[9.4,41.411]]}},{"type":"Feature","properties":{},"geometry":{"type":"LineString","coordinates":[[7.391,43.729],[7.44,43.758]]}},{"type":"Feature","properties":{},"geometry":{"type":"LineString","coordinates":[[51.111,24.556],[51.215,24.62]]}},{"type":"Feature","properties":{},"geometry":{"type":"LineString","coordinates":[[45.212,41.006],[45.213,41.004]]}},{"type":"Feature","properties":{},"geometry":{"type":"LineString","coordinates":[[-2.915,35.274],[-2.963,35.275],[-2.947,35.329]]}},{"type":"Feature","properties":{},"geometry":{"type":"LineString","coordinates":[[8.68,47.693],[8.681,47.693]]}},{"type":"Feature","properties":{},"geometry":{"type":"LineString","coordinates":[[68.987,40.149],[68.864,40.142]]}},{"type":"Feature","properties":{},"geometry":{"type":"LineString","coordinates":[[124.65,38.025],[124.755,37.988],[124.829,37.759]]}},{"type":"Feature","properties":{},"geometry":{"type":"LineString","coordinates":[[-5.346,35.842],[-5.396,35.916]]}},{"type":"Feature","properties":{},"geometry":{"type":"LineString","coordinates":[[35.256,31.808],[35.256,31.807]]}},{"type":"Feature","properties":{},"geometry":{"type":"LineString","coordinates":[[35.256,31.807]]}},{"type":"Feature","properties":{},"geometry":{"type":"LineString","coordinates":[[35.256,31.807],[35.256,31.808]]}},{"type":"Feature","properties":{},"geometry":{"type":"LineString","coordinates":[[124.743,37.997],[124.829,37.759]]}},{"type":"Feature","properties":{},"geometry":{"type":"LineString","coordinates":[[34.975,29.576],[34.98,29.546]]}},{"type":"Feature","properties":{},"geometry":{"type":"LineString","coordinates":[[27.796,60.546],[27.748,60.452],[27.685,60.433],[27.725,60.391],[27.499,60.255]]}},{"type":"Feature","properties":{},"geometry":{"type":"LineString","coordinates":[[26.044,43.904],[26.07,43.929]]}},{"type":"Feature","properties":{},"geometry":{"type":"LineString","coordinates":[[125.638,37.664],[125.708,37.693],[125.769,37.657]]}},{"type":"Feature","properties":{},"geometry":{"type":"LineString","coordinates":[[-0.001,10.928],[-0.001,10.961]]}},{"type":"Feature","properties":{},"geometry":{"type":"LineString","coordinates":[[-5.364,36.151],[-5.384,36.151]]}},{"type":"Feature","properties":{},"geometry":{"type":"LineString","coordinates":[[124.65,38.025],[124.743,37.997]]}},{"type":"Feature","properties":{},"geometry":{"type":"LineString","coordinates":[[18.461,42.546],[18.554,42.606],[18.573,42.72],[18.473,42.787],[18.489,42.955],[18.652,43.077],[18.645,43.18],[18.697,43.266],[18.889,43.366],[19.003,43.269],[19.101,43.31],[18.954,43.53],[19.027,43.57],[19.249,43.537],[19.271,43.599],[19.338,43.617],[19.378,43.575],[19.524,43.602],[19.212,43.998],[19.516,43.964],[19.621,44.038],[19.308,44.264],[19.146,44.301],[19.094,44.388],[19.147,44.432],[19.126,44.511],[19.279,44.664],[19.369,44.879],[19.182,44.918],[19.028,44.856],[18.868,44.857],[18.761,44.915],[18.787,44.994],[18.734,45],[18.691,45.088],[18.501,45.057],[18.254,45.145],[18.172,45.082],[18.015,45.142],[17.84,45.044],[17.661,45.117],[17.517,45.104],[17.451,45.158],[17.18,45.146],[16.975,45.237],[16.738,45.196],[16.539,45.227],[16.313,44.995],[15.947,45.215],[15.771,45.186],[15.724,45.042],[15.769,44.982],[15.719,44.93],[15.761,44.774],[15.932,44.713],[16.026,44.617],[16.025,44.541],[16.103,44.545],[16.14,44.388],[16.213,44.357],[16.251,44.185],[17.039,43.578],[17.244,43.484],[17.303,43.311],[17.69,43.004],[17.588,42.932],[17.627,42.912],[17.564,42.926],[17.654,42.887],[17.714,42.922],[17.844,42.901],[18.181,42.676],[18.409,42.635],[18.461,42.546]]}},{"type":"Feature","properties":{},"geometry":{"type":"LineString","coordinates":[[22.374,42.327],[22.286,42.362],[22.184,42.268],[21.452,42.256],[21.25,42.155],[21.143,42.238],[20.739,42.059],[20.627,41.942]]}},{"type":"Feature","properties":{},"geometry":{"type":"LineString","coordinates":[[19.229,43.535],[19.238,43.489],[19.468,43.389],[19.709,43.181],[20.359,42.932],[20.21,42.764],[20.012,42.767],[20.085,42.563]]}},{"type":"Feature","properties":{},"geometry":{"type":"LineString","coordinates":[[18.839,45.907],[18.969,45.753],[18.978,45.664],[18.909,45.57],[19.107,45.513],[19.017,45.488],[19.042,45.419],[18.999,45.375],[19.427,45.213],[19.281,45.173],[19.142,45.21],[19.162,45.158],[19.081,45.156],[19.113,45.037],[19.034,44.985],[19.129,44.95],[18.956,44.853]]}},{"type":"Feature","properties":{},"geometry":{"type":"LineString","coordinates":[[16.606,46.477],[16.313,46.531],[16.303,46.4],[16.123,46.4],[16.011,46.307],[15.62,46.191],[15.625,46.102],[15.723,46.053],[15.694,45.866],[15.311,45.716],[15.41,45.67],[15.314,45.609],[15.395,45.522],[15.34,45.459],[15.155,45.413],[14.946,45.533],[14.822,45.464],[14.612,45.639],[14.535,45.496],[14.374,45.463],[14.051,45.495],[13.668,45.429],[13.59,45.486]]}},{"type":"Feature","properties":{},"geometry":{"type":"LineString","coordinates":[[53.089,16.631],[51.999,18.999],[50.786,18.789],[49.118,18.618],[48.185,18.167],[47.599,17.452],[47.467,17.115],[47.184,16.951],[47.001,16.951],[46.749,17.284],[46.37,17.234],[46.098,17.25],[45.399,17.333],[45.218,17.433],[44.173,17.412],[44.115,17.343],[44.024,17.375],[43.939,17.306],[43.91,17.359],[43.755,17.354],[43.626,17.479],[43.438,17.526],[43.181,17.333],[43.274,17.271],[43.17,17.207],[43.133,17.091],[43.124,16.921],[43.233,16.794],[43.183,16.748],[43.206,16.672],[43.098,16.677],[43.064,16.546],[42.804,16.378]]}},{"type":"Feature","properties":{},"geometry":{"type":"LineString","coordinates":[[35.1,33.095],[35.309,33.106],[35.349,33.063],[35.499,33.093],[35.569,33.292],[35.619,33.249],[35.794,33.351],[35.934,33.467],[35.941,33.528],[36.059,33.579],[35.935,33.646],[36.064,33.82],[36.155,33.856],[36.381,33.834],[36.292,33.926],[36.62,34.198],[36.532,34.378],[36.548,34.428],[36.449,34.51],[36.351,34.501],[36.457,34.636],[36.322,34.692],[36.269,34.63],[35.981,34.656]]}},{"type":"Feature","properties":{},"geometry":{"type":"LineString","coordinates":[[35.623,33.246],[35.667,33.247],[35.614,32.895],[35.663,32.777],[35.644,32.69]]}},{"type":"Feature","properties":{},"geometry":{"type":"LineString","coordinates":[[35.556,32.39],[35.573,32.223],[35.516,32.041],[35.556,31.764],[35.478,31.498]]}},{"type":"Feature","properties":{},"geometry":{"type":"LineString","coordinates":[[42.395,12.465],[42.218,12.765],[42.056,12.801],[41.644,13.386],[41.307,13.58],[40.942,14.082],[40.259,14.411],[40.213,14.387],[40.123,14.549],[39.928,14.416],[39.771,14.545],[39.583,14.605],[39.509,14.549],[39.539,14.494],[39.373,14.539],[39.346,14.466],[39.251,14.41],[39.261,14.517],[39.155,14.652],[39.035,14.64],[38.888,14.499],[38.45,14.417],[38.259,14.681],[38.023,14.731],[37.912,14.894],[37.528,14.185],[37.313,14.447],[37.134,14.409],[37.068,14.265],[36.74,14.322],[36.545,14.258]]}},{"type":"Feature","properties":{},"geometry":{"type":"LineString","coordinates":[[30.134,46.417],[29.86,46.347],[29.732,46.479],[29.627,46.369],[29.499,46.433],[29.479,46.492],[29.393,46.416],[29.324,46.477],[29.309,46.405],[29.224,46.365],[29.203,46.545],[28.994,46.478],[28.932,46.428],[28.947,46.282],[29.041,46.194],[28.957,46.106],[28.972,46.007],[28.756,45.96],[28.755,45.838],[28.527,45.714],[28.489,45.665],[28.556,45.587],[28.511,45.569],[28.524,45.519],[28.282,45.525],[28.205,45.452]]}},{"type":"Feature","properties":{},"geometry":{"type":"LineString","coordinates":[[24.258,8.679],[24.58,8.935],[24.555,9.065],[24.616,9.384],[24.744,9.479],[24.743,9.733],[24.973,9.963],[25.071,10.285],[25.822,10.419],[25.931,10.373],[25.928,10.172],[26.043,10.116],[26.214,9.91],[26.292,9.663],[26.369,9.571],[26.642,9.488],[27.123,9.609],[27.9,9.603],[28.034,9.335],[28.759,9.337],[28.793,9.469],[29.022,9.714],[29.522,9.738],[29.52,10.07],[29.914,10.294],[29.997,10.289],[30.602,9.924],[30.831,9.711],[31.322,9.76],[31.803,10.307],[31.997,10.63],[32.473,11.028],[32.396,11.197],[32.393,11.694],[32.174,11.905],[32.724,11.906],[32.724,12.219],[33.306,12.203],[33.26,12.148],[33.138,11.583],[33.306,10.816],[33.247,10.71],[33.479,10.635],[33.785,10.333],[33.88,10.167],[33.952,10.166],[33.988,9.929],[33.883,9.641],[33.892,9.485],[34.114,9.488]]}}]}