{"type":"FeatureCollection","features":[{"type":"Feature","properties":{},"geometry":{"type":"Polygon","coordinates":[[[-86.229,43],[-86.217,42.728],[-86.271,42.46],[-86.355,42.28],[-86.494,42.127],[-86.62,41.912],[-86.669,41.861],[-86.805,41.773],[-86.989,41.692],[-87.223,41.625],[-87.398,41.637],[-87.433,41.658],[-87.425,41.682],[-87.445,41.669],[-87.511,41.706],[-87.569,41.772],[-87.65,41.949],[-87.67,42.067],[-87.748,42.114],[-87.817,42.241],[-87.83,42.353],[-87.799,42.474],[-87.811,42.637],[-87.773,42.713],[-87.765,42.786],[-87.838,42.867],[-87.847,42.978],[-87.904,43.023],[-87.87,43.078],[-87.897,43.123],[-87.878,43.179],[-87.91,43.234],[-87.876,43.358],[-87.798,43.478],[-87.797,43.561],[-87.707,43.677],[-87.695,43.761],[-87.732,43.833],[-87.727,43.918],[-87.642,44.097],[-87.542,44.145],[-87.506,44.184],[-87.498,44.227],[-87.539,44.278],[-87.551,44.326],[-87.523,44.365],[-87.477,44.541],[-87.368,44.683],[-87.327,44.782],[-87.333,44.803],[-87.411,44.84],[-87.444,44.889],[-87.494,44.856],[-87.529,44.863],[-87.556,44.83],[-87.571,44.853],[-87.594,44.851],[-87.677,44.791],[-87.76,44.654],[-87.861,44.62],[-87.945,44.538],[-87.996,44.543],[-88.045,44.576],[-88.016,44.65],[-87.99,44.666],[-87.989,44.717],[-87.842,44.878],[-87.836,44.943],[-87.638,44.997],[-87.631,45.061],[-87.597,45.102],[-87.602,45.163],[-87.517,45.229],[-87.341,45.422],[-87.279,45.539],[-87.166,45.669],[-87.092,45.697],[-87.051,45.821],[-86.979,45.92],[-86.959,45.894],[-87.004,45.829],[-86.974,45.684],[-86.949,45.71],[-86.852,45.728],[-86.787,45.817],[-86.77,45.871],[-86.666,45.842],[-86.582,45.893],[-86.55,45.891],[-86.539,45.849],[-86.576,45.801],[-86.564,45.779],[-86.629,45.784],[-86.669,45.709],[-86.714,45.685],[-86.684,45.634],[-86.624,45.605],[-86.608,45.615],[-86.622,45.661],[-86.592,45.674],[-86.582,45.71],[-86.536,45.722],[-86.524,45.758],[-86.354,45.809],[-86.323,45.899],[-86.28,45.94],[-86.225,45.961],[-86.091,45.972],[-85.917,45.929],[-85.92,45.964],[-85.887,45.974],[-85.797,45.986],[-85.674,45.974],[-85.529,46.101],[-85.321,46.102],[-85.267,46.074],[-85.176,46.068],[-85.015,46.021],[-84.914,45.934],[-84.858,45.917],[-84.832,45.883],[-84.752,45.851],[-84.705,45.863],[-84.726,45.882],[-84.732,45.914],[-84.714,45.931],[-84.733,45.963],[-84.686,45.984],[-84.683,46.036],[-84.643,46.056],[-84.549,46.035],[-84.528,45.981],[-84.504,45.999],[-84.468,45.984],[-84.452,46.014],[-84.386,46.006],[-84.363,45.988],[-84.345,46.002],[-84.172,45.978],[-84.146,45.986],[-84.008,45.957],[-83.904,45.97],[-83.896,46.009],[-83.947,46.038],[-83.988,46.041],[-84.051,46.099],[-84.029,46.143],[-84.144,46.187],[-84.231,46.176],[-84.262,46.208],[-84.179,46.257],[-84.215,46.292],[-84.223,46.353],[-84.265,46.431],[-84.323,46.498],[-84.408,46.504],[-84.469,46.445],[-84.562,46.42],[-84.598,46.431],[-84.59,46.454],[-84.654,46.494],[-84.819,46.457],[-84.913,46.48],[-84.934,46.499],[-85.024,46.492],[-85.051,46.526],[-85.018,46.562],[-85.014,46.716],[-84.956,46.785],[-85.049,46.767],[-85.162,46.779],[-85.263,46.762],[-85.501,46.684],[-85.881,46.704],[-86.093,46.669],[-86.145,46.686],[-86.435,46.559],[-86.471,46.56],[-86.647,46.431],[-86.659,46.456],[-86.708,46.456],[-86.761,46.495],[-86.79,46.491],[-86.828,46.453],[-86.871,46.456],[-86.942,46.494],[-86.965,46.536],[-87.013,46.549],[-87.132,46.506],[-87.35,46.512],[-87.392,46.539],[-87.39,46.606],[-87.465,46.627],[-87.471,46.653],[-87.59,46.75],[-87.606,46.801],[-87.667,46.823],[-87.678,46.848],[-87.722,46.841],[-87.746,46.878],[-87.817,46.904],[-88.081,46.929],[-88.198,46.908],[-88.253,46.845],[-88.295,46.83],[-88.246,46.901],[-88.147,46.954],[-88.138,46.969],[-88.162,46.971],[-88.348,46.873],[-88.389,46.875],[-88.405,46.83],[-88.484,46.765],[-88.454,46.794],[-88.478,46.849],[-88.444,46.99],[-88.492,47.044],[-88.519,47.041],[-88.52,47.117],[-88.636,47.143],[-88.622,47.212],[-88.649,47.234],[-88.886,47.111],[-88.957,47.022],[-89.069,46.995],[-89.131,47.004],[-89.217,46.934],[-89.323,46.883],[-89.422,46.852],[-89.802,46.829],[-90.038,46.683],[-90.298,46.615],[-90.341,46.617],[-90.448,46.568],[-90.664,46.639],[-90.755,46.702],[-90.73,46.678],[-90.769,46.673],[-90.741,46.659],[-90.788,46.63],[-90.916,46.593],[-90.95,46.602],[-90.909,46.663],[-90.856,46.702],[-90.88,46.751],[-90.862,46.79],[-90.811,46.823],[-90.779,46.891],[-90.759,46.896],[-90.795,46.946],[-90.829,46.941],[-90.862,46.967],[-90.93,46.939],[-90.978,46.948],[-91.057,46.891],[-91.096,46.887],[-91.113,46.862],[-91.139,46.861],[-91.144,46.876],[-91.201,46.855],[-91.205,46.888],[-91.392,46.786],[-91.416,46.793],[-91.5,46.765],[-91.598,46.756],[-91.775,46.708],[-91.946,46.686],[-91.993,46.704],[-92.012,46.697],[-92.11,46.769],[-92.073,46.814],[-91.823,46.932],[-91.715,47.005],[-91.674,47.015],[-91.57,47.096],[-91.374,47.202],[-91.107,47.427],[-90.787,47.613],[-90.514,47.715],[-90.207,47.776],[-89.837,47.888],[-89.705,47.947],[-89.687,47.971],[-89.662,47.966],[-89.637,47.993],[-89.586,47.989],[-89.576,48.015],[-89.519,48.028],[-89.501,48.053],[-89.462,48.044],[-89.457,48.065],[-89.41,48.079],[-89.45,48.091],[-89.343,48.113],[-89.339,48.14],[-89.311,48.146],[-89.291,48.183],[-89.301,48.203],[-89.264,48.204],[-89.263,48.263],[-89.231,48.312],[-89.199,48.324],[-89.243,48.388],[-89.197,48.456],[-89.139,48.484],[-88.759,48.581],[-88.757,48.555],[-88.837,48.479],[-88.865,48.382],[-88.897,48.383],[-88.939,48.314],[-88.746,48.366],[-88.693,48.508],[-88.633,48.523],[-88.624,48.625],[-88.54,48.645],[-88.552,48.699],[-88.509,48.716],[-88.545,48.741],[-88.547,48.765],[-88.48,48.854],[-88.361,48.836],[-88.314,48.761],[-88.35,48.678],[-88.516,48.558],[-88.556,48.546],[-88.591,48.49],[-88.56,48.487],[-88.56,48.43],[-88.521,48.435],[-88.508,48.478],[-88.483,48.471],[-88.489,48.522],[-88.467,48.526],[-88.43,48.574],[-88.391,48.541],[-88.356,48.575],[-88.312,48.582],[-88.332,48.657],[-88.284,48.604],[-88.229,48.637],[-88.253,48.595],[-88.204,48.607],[-88.103,48.712],[-88.119,48.759],[-88.106,48.793],[-88.254,48.872],[-88.234,48.923],[-88.271,48.971],[-88.257,48.998],[-88.242,48.968],[-88.183,48.966],[-88.122,49.001],[-88.075,48.992],[-88.036,49.022],[-88.033,48.989],[-87.956,48.951],[-87.85,48.922],[-87.791,48.931],[-87.781,48.905],[-87.744,48.912],[-87.671,48.895],[-87.65,48.863],[-87.576,48.886],[-87.547,48.834],[-87.444,48.844],[-87.392,48.808],[-87.308,48.8],[-87.29,48.768],[-87.209,48.765],[-87.176,48.784],[-87.124,48.772],[-87.045,48.789],[-87.003,48.775],[-87.002,48.806],[-86.971,48.81],[-86.934,48.779],[-86.856,48.751],[-86.703,48.81],[-86.618,48.785],[-86.632,48.742],[-86.552,48.732],[-86.531,48.753],[-86.435,48.777],[-86.431,48.747],[-86.402,48.752],[-86.382,48.738],[-86.406,48.723],[-86.356,48.663],[-86.311,48.651],[-86.326,48.621],[-86.263,48.584],[-86.225,48.429],[-86.182,48.402],[-86.186,48.342],[-86.131,48.241],[-86.1,48.221],[-86.077,48.167],[-86.009,48.091],[-85.933,48.059],[-85.934,48.039],[-85.907,48.035],[-85.86,47.985],[-85.666,47.929],[-85.557,47.926],[-85.409,47.924],[-85.316,47.954],[-85.196,47.963],[-84.961,47.969],[-84.923,47.966],[-84.904,47.946],[-84.888,47.962],[-84.849,47.953],[-84.838,47.918],[-84.932,47.855],[-84.938,47.832],[-84.892,47.79],[-84.939,47.741],[-84.991,47.717],[-84.967,47.681],[-85.007,47.651],[-85.005,47.616],[-85.028,47.611],[-84.95,47.564],[-84.916,47.515],[-84.813,47.487],[-84.709,47.429],[-84.692,47.379],[-84.672,47.364],[-84.63,47.365],[-84.579,47.289],[-84.696,47.19],[-84.691,47.164],[-84.727,47.141],[-84.703,47.105],[-84.774,47.046],[-84.781,46.986],[-84.72,46.956],[-84.667,46.96],[-84.612,46.904],[-84.59,46.906],[-84.591,46.933],[-84.569,46.946],[-84.516,46.931],[-84.447,46.939],[-84.351,46.883],[-84.393,46.833],[-84.476,46.851],[-84.544,46.825],[-84.545,46.756],[-84.569,46.737],[-84.548,46.699],[-84.523,46.695],[-84.499,46.74],[-84.466,46.758],[-84.422,46.696],[-84.474,46.671],[-84.59,46.566],[-84.59,46.543],[-84.537,46.514],[-84.517,46.482],[-84.475,46.475],[-84.466,46.501],[-84.415,46.526],[-84.281,46.516],[-84.173,46.553],[-84.111,46.54],[-84.075,46.504],[-84.119,46.375],[-84.05,46.326],[-83.883,46.335],[-83.858,46.294],[-83.761,46.297],[-83.686,46.269],[-83.598,46.284],[-83.549,46.248],[-83.515,46.257],[-83.207,46.198],[-83.17,46.203],[-83.142,46.187],[-83.092,46.196],[-83.048,46.177],[-82.978,46.172],[-82.944,46.189],[-82.837,46.181],[-82.785,46.197],[-82.708,46.194],[-82.63,46.218],[-82.683,46.187],[-82.681,46.167],[-82.522,46.179],[-82.453,46.203],[-82.436,46.18],[-82.322,46.19],[-82.319,46.178],[-82.379,46.173],[-82.307,46.146],[-82.276,46.158],[-82.225,46.149],[-82.135,46.117],[-82.108,46.133],[-81.97,46.102],[-81.714,46.104],[-81.777,46.063],[-81.761,46.013],[-81.743,46.068],[-81.661,46.079],[-81.654,46.114],[-81.621,46.123],[-81.541,46.091],[-81.543,46.06],[-81.701,46.014],[-81.586,46.041],[-81.504,46.042],[-81.645,46.015],[-81.568,46.006],[-81.67,45.946],[-81.491,46.021],[-81.511,45.981],[-81.497,45.975],[-81.442,45.996],[-81.251,45.958],[-81.202,45.965],[-81.165,45.998],[-81.197,46.007],[-81.241,45.983],[-81.219,46.01],[-81.161,46.016],[-81.149,45.992],[-81.185,45.941],[-81.155,45.926],[-81.124,45.946],[-81.051,45.956],[-80.936,45.938],[-80.893,45.953],[-80.859,45.927],[-80.807,45.951],[-80.8,45.908],[-80.772,45.928],[-80.754,45.924],[-80.731,45.861],[-80.674,45.848],[-80.716,45.825],[-80.67,45.814],[-80.638,45.777],[-80.638,45.729],[-80.59,45.693],[-80.607,45.685],[-80.577,45.676],[-80.58,45.654],[-80.516,45.628],[-80.525,45.6],[-80.501,45.569],[-80.412,45.586],[-80.43,45.626],[-80.4,45.607],[-80.377,45.565],[-80.394,45.471],[-80.356,45.432],[-80.366,45.404],[-80.35,45.383],[-80.334,45.379],[-80.326,45.396],[-80.336,45.436],[-80.305,45.427],[-80.311,45.387],[-80.291,45.361],[-80.249,45.363],[-80.233,45.341],[-80.165,45.34],[-80.192,45.376],[-80.128,45.412],[-80.059,45.383],[-80.037,45.314],[-80.129,45.238],[-80.109,45.191],[-80.061,45.214],[-79.989,45.148],[-80.031,45.123],[-80.101,45.128],[-80.068,45.104],[-80.076,45.094],[-80.005,45.066],[-79.998,45.029],[-79.935,45.013],[-79.914,44.945],[-79.87,44.958],[-79.829,44.936],[-79.834,44.907],[-79.795,44.893],[-79.818,44.869],[-79.769,44.852],[-79.784,44.818],[-79.738,44.804],[-79.707,44.833],[-79.737,44.866],[-79.683,44.879],[-79.678,44.842],[-79.722,44.787],[-79.66,44.752],[-79.739,44.745],[-79.762,44.763],[-79.877,44.768],[-79.885,44.812],[-79.941,44.809],[-79.914,44.845],[-79.946,44.866],[-80.017,44.856],[-80.059,44.812],[-80.104,44.82],[-80.113,44.753],[-80.037,44.729],[-79.987,44.683],[-80.007,44.637],[-79.997,44.557],[-80.09,44.468],[-80.235,44.521],[-80.436,44.555],[-80.49,44.594],[-80.584,44.612],[-80.65,44.726],[-80.744,44.724],[-80.806,44.703],[-80.934,44.593],[-80.945,44.611],[-80.883,44.756],[-80.893,44.791],[-80.998,44.809],[-81.116,44.752],[-81.133,44.758],[-81.111,44.793],[-81.022,44.838],[-80.996,44.872],[-81.004,44.919],[-80.949,44.964],[-81.037,44.963],[-81.049,44.942],[-81.031,44.933],[-81.071,44.905],[-81.101,44.926],[-81.15,44.911],[-81.11,44.96],[-81.198,44.972],[-81.186,45],[-81.202,45.016],[-81.235,44.995],[-81.254,45.002],[-81.266,45.104],[-81.326,45.158],[-81.329,45.179],[-81.278,45.224],[-81.284,45.249],[-81.458,45.24],[-81.626,45.251],[-81.632,45.274],[-81.695,45.265],[-81.72,45.216],[-81.6,45.182],[-81.576,45.193],[-81.591,45.152],[-81.566,45.146],[-81.462,45.048],[-81.434,44.983],[-81.419,44.998],[-81.4,44.99],[-81.377,45.001],[-81.362,44.991],[-81.372,44.975],[-81.35,44.973],[-81.368,44.921],[-81.35,44.878],[-81.326,44.868],[-81.323,44.829],[-81.284,44.817],[-81.272,44.709],[-81.298,44.695],[-81.267,44.657],[-81.266,44.623],[-81.377,44.513],[-81.405,44.438],[-81.479,44.422],[-81.546,44.353],[-81.581,44.347],[-81.616,44.219],[-81.669,44.142],[-81.745,44.084],[-81.712,43.933],[-81.726,43.681],[-81.698,43.488],[-81.746,43.346],[-81.885,43.253],[-82.009,43.206],[-82.076,43.128],[-82.176,43.072],[-82.415,43.015],[-82.478,43.11],[-82.526,43.272],[-82.549,43.461],[-82.598,43.577],[-82.63,43.791],[-82.696,43.927],[-82.793,44.021],[-82.952,44.067],[-83.025,44.049],[-83.073,44.005],[-83.247,43.987],[-83.302,43.932],[-83.397,43.921],[-83.343,43.91],[-83.339,43.894],[-83.388,43.852],[-83.473,43.716],[-83.506,43.7],[-83.517,43.724],[-83.535,43.724],[-83.58,43.669],[-83.672,43.602],[-83.879,43.664],[-83.946,43.73],[-83.934,43.835],[-83.905,43.856],[-83.916,43.911],[-83.854,43.992],[-83.832,44.004],[-83.759,43.991],[-83.74,44.01],[-83.697,43.998],[-83.663,44.052],[-83.594,44.056],[-83.539,44.255],[-83.476,44.284],[-83.448,44.279],[-83.456,44.255],[-83.399,44.318],[-83.333,44.336],[-83.321,44.59],[-83.286,44.689],[-83.304,44.824],[-83.328,44.882],[-83.43,44.939],[-83.461,45.006],[-83.438,45.058],[-83.412,45.074],[-83.376,45.079],[-83.322,45.04],[-83.267,45.038],[-83.317,45.072],[-83.298,45.094],[-83.316,45.155],[-83.358,45.169],[-83.409,45.238],[-83.389,45.281],[-83.49,45.356],[-83.581,45.358],[-83.668,45.381],[-83.703,45.417],[-83.826,45.433],[-83.915,45.491],[-84.109,45.508],[-84.201,45.629],[-84.321,45.672],[-84.475,45.664],[-84.567,45.727],[-84.762,45.804],[-84.821,45.761],[-84.99,45.773],[-84.942,45.725],[-85.083,45.628],[-85.11,45.581],[-85.106,45.528],[-85.059,45.457],[-85.005,45.43],[-84.912,45.411],[-85.012,45.377],[-85.159,45.378],[-85.326,45.316],[-85.386,45.268],[-85.397,45.204],[-85.376,45.096],[-85.395,44.994],[-85.422,44.92],[-85.528,44.772],[-85.567,44.762],[-85.545,44.834],[-85.506,44.879],[-85.478,44.97],[-85.495,44.997],[-85.527,44.989],[-85.536,44.938],[-85.566,44.908],[-85.545,44.891],[-85.577,44.872],[-85.614,44.782],[-85.656,44.856],[-85.604,44.965],[-85.606,44.988],[-85.642,44.989],[-85.574,45.055],[-85.611,45.143],[-85.564,45.157],[-85.537,45.198],[-85.556,45.218],[-85.644,45.18],[-85.697,45.098],[-85.759,45.059],[-85.828,44.954],[-85.865,44.95],[-85.942,44.98],[-85.993,44.917],[-86.075,44.913],[-86.092,44.748],[-86.167,44.745],[-86.265,44.701],[-86.229,44.583],[-86.261,44.486],[-86.267,44.365],[-86.398,44.171],[-86.525,44.072],[-86.499,44.009],[-86.451,43.956],[-86.461,43.918],[-86.43,43.809],[-86.436,43.779],[-86.524,43.693],[-86.546,43.642],[-86.353,43.25],[-86.342,43.238],[-86.332,43.252],[-86.252,43.266],[-86.289,43.235],[-86.329,43.225],[-86.234,43.005],[-86.229,43]]]}},{"type":"Feature","properties":{},"geometry":{"type":"Polygon","coordinates":[[[-81.655,42.478],[-81.557,42.558],[-81.446,42.61],[-81.307,42.658],[-81.14,42.673],[-80.898,42.662],[-80.522,42.573],[-80.378,42.577],[-80.101,42.543],[-80.049,42.555],[-80.145,42.574],[-80.303,42.58],[-80.342,42.602],[-80.44,42.599],[-80.449,42.623],[-80.381,42.681],[-80.34,42.669],[-80.326,42.703],[-80.264,42.759],[-80.197,42.792],[-79.837,42.825],[-79.722,42.863],[-79.64,42.843],[-79.584,42.859],[-79.488,42.851],[-79.455,42.878],[-79.347,42.868],[-79.179,42.879],[-79.092,42.842],[-79.088,42.863],[-79.04,42.879],[-78.942,42.891],[-78.915,42.924],[-78.933,42.951],[-79.026,42.992],[-79.044,43.016],[-79.031,43.057],[-79.079,43.092],[-79.064,43.103],[-79.045,43.088],[-78.915,43.071],[-78.888,43.049],[-78.937,42.972],[-78.905,42.946],[-78.863,42.847],[-78.871,42.786],[-79.04,42.709],[-79.145,42.57],[-79.201,42.563],[-79.364,42.489],[-79.534,42.369],[-79.731,42.278],[-80.136,42.123],[-80.116,42.147],[-80.071,42.159],[-80.092,42.171],[-80.164,42.114],[-80.293,42.051],[-80.52,41.976],[-81.035,41.839],[-81.348,41.727],[-81.563,41.58],[-81.724,41.497],[-81.812,41.504],[-81.862,41.484],[-81.996,41.513],[-82.047,41.51],[-82.184,41.479],[-82.251,41.445],[-82.376,41.428],[-82.467,41.388],[-82.585,41.427],[-82.68,41.496],[-82.668,41.468],[-82.61,41.427],[-82.694,41.465],[-82.76,41.453],[-82.804,41.479],[-82.925,41.429],[-82.964,41.451],[-82.978,41.436],[-82.993,41.456],[-83.059,41.462],[-82.974,41.468],[-82.948,41.491],[-82.86,41.503],[-82.822,41.495],[-82.797,41.509],[-82.708,41.511],[-82.702,41.541],[-82.789,41.543],[-82.834,41.589],[-82.853,41.551],[-82.889,41.53],[-82.956,41.529],[-83.029,41.561],[-83.07,41.605],[-83.235,41.652],[-83.321,41.711],[-83.345,41.695],[-83.462,41.722],[-83.457,41.759],[-83.439,41.77],[-83.424,41.759],[-83.421,41.814],[-83.392,41.85],[-83.349,41.89],[-83.337,41.885],[-83.303,41.938],[-83.253,41.939],[-83.267,41.982],[-83.223,41.984],[-83.199,42.031],[-83.179,42.015],[-83.198,42.076],[-83.146,42.237],[-83.118,42.276],[-83.011,42.35],[-82.937,42.365],[-82.888,42.398],[-82.866,42.456],[-82.881,42.495],[-82.872,42.538],[-82.832,42.572],[-82.786,42.574],[-82.776,42.594],[-82.811,42.617],[-82.816,42.643],[-82.766,42.657],[-82.719,42.693],[-82.628,42.675],[-82.642,42.639],[-82.609,42.574],[-82.649,42.548],[-82.602,42.513],[-82.543,42.513],[-82.477,42.498],[-82.464,42.481],[-82.419,42.498],[-82.427,42.456],[-82.402,42.388],[-82.485,42.314],[-82.762,42.31],[-82.942,42.344],[-82.999,42.319],[-83.057,42.314],[-83.099,42.256],[-83.122,42.065],[-82.917,41.985],[-82.828,41.985],[-82.698,42.035],[-82.628,42.035],[-82.552,41.988],[-82.502,41.914],[-82.485,42.022],[-82.416,42.105],[-82.09,42.248],[-81.921,42.26],[-81.919,42.287],[-81.857,42.321],[-81.894,42.257],[-81.856,42.256],[-81.806,42.379],[-81.656,42.478],[-81.655,42.478]]]}},{"type":"Feature","properties":{},"geometry":{"type":"Polygon","coordinates":[[[-98.435,53.047],[-98.476,53.059],[-98.53,53.051],[-98.604,53.065],[-98.69,53.062],[-98.781,53.084],[-98.822,53.034],[-98.857,53.035],[-98.917,53.068],[-99.031,53.043],[-99.06,53.061],[-99.082,53.117],[-99.132,53.13],[-99.207,53.186],[-99.251,53.188],[-99.206,53.263],[-99.224,53.279],[-99.216,53.33],[-99.187,53.384],[-99.102,53.421],[-99.075,53.454],[-99.086,53.49],[-99.019,53.578],[-99.05,53.607],[-98.97,53.693],[-99.008,53.773],[-98.952,53.819],[-98.963,53.851],[-98.908,53.879],[-98.838,53.893],[-98.755,53.888],[-98.711,53.872],[-98.691,53.836],[-98.453,53.861],[-98.353,53.855],[-98.217,53.826],[-98.067,53.765],[-97.996,53.693],[-97.884,53.703],[-97.883,53.739],[-98.038,53.776],[-98.108,53.853],[-98.258,53.894],[-98.271,53.964],[-98.317,53.989],[-98.283,54.053],[-98.231,54.088],[-98.209,54.176],[-98.152,54.223],[-98.151,54.258],[-98.103,54.313],[-98.036,54.349],[-98.042,54.393],[-98.011,54.414],[-97.965,54.404],[-97.907,54.35],[-97.987,54.311],[-97.914,54.304],[-97.847,54.323],[-97.796,54.301],[-97.869,54.248],[-97.954,54.234],[-98.007,54.201],[-98.074,54.206],[-98.139,54.186],[-98.177,54.084],[-98.15,54.048],[-98.198,54.042],[-98.227,54.005],[-98.13,53.964],[-98.103,53.923],[-98.079,53.923],[-98.033,53.943],[-98.045,53.966],[-98.027,53.986],[-97.902,54.041],[-97.84,54.019],[-97.732,54.086],[-97.73,54.038],[-97.78,53.993],[-97.937,53.986],[-97.978,53.961],[-97.971,53.921],[-97.932,53.898],[-97.957,53.855],[-97.897,53.83],[-97.884,53.773],[-97.818,53.72],[-97.812,53.651],[-97.832,53.616],[-97.667,53.475],[-97.676,53.413],[-97.592,53.367],[-97.563,53.264],[-97.42,53.168],[-97.444,53.144],[-97.413,53.049],[-97.327,53.013],[-97.385,52.982],[-97.389,52.956],[-97.431,52.962],[-97.435,52.948],[-97.38,52.908],[-97.4,52.865],[-97.322,52.764],[-97.201,52.687],[-97.192,52.63],[-97.095,52.476],[-97.101,52.436],[-97.035,52.42],[-97.052,52.379],[-97.025,52.35],[-97.068,52.329],[-97.04,52.319],[-97.003,52.259],[-97.031,52.24],[-97.088,52.24],[-97.034,52.19],[-97.025,52.151],[-96.957,52.101],[-96.961,52.069],[-96.858,52.006],[-96.824,51.961],[-96.872,51.874],[-96.852,51.861],[-96.776,51.858],[-96.702,51.813],[-96.685,51.773],[-96.784,51.755],[-96.544,51.543],[-96.577,51.498],[-96.485,51.395],[-96.421,51.339],[-96.371,51.332],[-96.258,51.213],[-96.267,51.199],[-96.331,51.196],[-96.358,51.17],[-96.313,51.111],[-96.401,51.11],[-96.425,51.084],[-96.391,51.025],[-96.344,50.758],[-96.381,50.71],[-96.355,50.664],[-96.296,50.619],[-96.42,50.627],[-96.501,50.675],[-96.513,50.725],[-96.537,50.728],[-96.569,50.701],[-96.559,50.666],[-96.602,50.658],[-96.584,50.576],[-96.618,50.552],[-96.558,50.462],[-96.662,50.398],[-96.769,50.378],[-96.915,50.422],[-96.97,50.563],[-96.935,50.594],[-96.975,50.626],[-96.987,50.694],[-96.968,50.79],[-96.939,50.818],[-96.978,50.886],[-96.907,50.984],[-96.944,51.046],[-96.914,51.09],[-96.841,51.105],[-96.821,51.178],[-96.746,51.238],[-96.675,51.253],[-96.606,51.337],[-96.651,51.347],[-96.699,51.334],[-96.711,51.372],[-96.766,51.342],[-96.769,51.318],[-96.878,51.213],[-96.954,51.18],[-96.986,51.183],[-96.981,51.259],[-96.909,51.312],[-96.923,51.348],[-96.864,51.414],[-96.83,51.426],[-96.808,51.474],[-96.727,51.554],[-96.723,51.606],[-96.795,51.599],[-96.77,51.661],[-96.829,51.679],[-96.825,51.729],[-96.904,51.723],[-96.999,51.671],[-97.09,51.662],[-97.086,51.634],[-97.136,51.586],[-97.12,51.514],[-97.208,51.447],[-97.259,51.431],[-97.285,51.462],[-97.274,51.54],[-97.303,51.613],[-97.219,51.795],[-97.243,51.872],[-97.33,51.992],[-97.332,52.036],[-97.36,52.046],[-97.422,52.04],[-97.511,51.992],[-97.537,51.917],[-97.588,51.922],[-97.571,51.966],[-97.61,51.994],[-97.509,52.068],[-97.487,52.131],[-97.557,52.134],[-97.646,52.1],[-97.672,52.105],[-97.678,52.151],[-97.771,52.123],[-97.771,52.088],[-97.715,52.082],[-97.81,51.919],[-97.761,51.877],[-97.764,51.86],[-97.909,51.892],[-97.922,51.929],[-97.968,51.925],[-98.026,51.944],[-98.047,51.964],[-98.049,52.094],[-98.141,52.138],[-98.128,52.185],[-98.191,52.288],[-98.221,52.305],[-98.326,52.318],[-98.415,52.364],[-98.465,52.421],[-98.467,52.501],[-98.617,52.575],[-98.645,52.62],[-98.715,52.642],[-98.736,52.673],[-98.783,52.692],[-98.83,52.748],[-98.818,52.785],[-98.898,52.851],[-98.91,52.904],[-98.863,52.938],[-98.73,52.973],[-98.525,52.998],[-98.435,53.047]]]}},{"type":"Feature","properties":{},"geometry":{"type":"Polygon","coordinates":[[[-75.812,44.503],[-75.781,44.487],[-75.763,44.451],[-75.805,44.414],[-75.832,44.411],[-75.857,44.376],[-76.053,44.261],[-76.167,44.228],[-76.364,44.121],[-76.358,44.086],[-76.307,44.066],[-76.306,44.027],[-76.265,44.065],[-76.209,44.083],[-76.203,44.068],[-76.147,44.069],[-76.162,44.045],[-76.125,44.053],[-76.206,43.998],[-76.209,43.98],[-76.153,43.971],[-76.09,44.009],[-76.057,44.006],[-76.066,43.979],[-76.136,43.949],[-76.14,43.912],[-76.214,43.86],[-76.239,43.872],[-76.229,43.895],[-76.302,43.861],[-76.241,43.817],[-76.208,43.736],[-76.213,43.649],[-76.192,43.673],[-76.169,43.662],[-76.213,43.62],[-76.214,43.592],[-76.191,43.578],[-76.305,43.516],[-76.416,43.535],[-76.494,43.478],[-76.636,43.424],[-76.688,43.381],[-76.71,43.334],[-76.749,43.347],[-76.832,43.31],[-76.929,43.296],[-76.944,43.254],[-76.979,43.259],[-76.989,43.284],[-77.03,43.276],[-77.15,43.298],[-77.389,43.291],[-77.571,43.249],[-77.747,43.342],[-78.115,43.388],[-78.191,43.378],[-78.462,43.389],[-78.634,43.368],[-78.743,43.337],[-78.89,43.32],[-79.077,43.268],[-79.145,43.264],[-79.345,43.188],[-79.412,43.208],[-79.578,43.209],[-79.738,43.258],[-79.769,43.289],[-79.772,43.333],[-79.626,43.476],[-79.588,43.565],[-79.511,43.595],[-79.468,43.647],[-79.362,43.643],[-79.138,43.777],[-79.092,43.826],[-79.033,43.831],[-78.947,43.868],[-78.861,43.859],[-78.604,43.909],[-78.487,43.9],[-78.261,43.958],[-77.916,43.983],[-77.805,44.017],[-77.678,44.001],[-77.679,44.013],[-77.737,44.024],[-77.704,44.041],[-77.675,44.031],[-77.598,44.04],[-77.539,44.019],[-77.537,44.007],[-77.581,44.003],[-77.486,43.942],[-77.335,43.968],[-77.289,43.954],[-77.255,43.969],[-77.251,43.956],[-77.284,43.939],[-77.328,43.954],[-77.275,43.911],[-77.17,43.954],[-77.233,43.88],[-77.134,43.856],[-76.911,43.935],[-76.848,43.943],[-76.864,43.958],[-76.934,43.947],[-77.006,43.957],[-77.031,43.931],[-77.042,43.948],[-77.01,44],[-76.909,44.039],[-76.847,44.118],[-76.981,44.054],[-77.092,44.056],[-77.128,44.034],[-77.079,44.11],[-77.077,44.179],[-77.182,44.146],[-77.258,44.143],[-77.297,44.114],[-77.266,44.103],[-77.318,44.09],[-77.338,44.095],[-77.314,44.152],[-77.409,44.143],[-77.583,44.079],[-77.567,44.114],[-77.332,44.18],[-77.302,44.166],[-77.227,44.189],[-77.191,44.165],[-77.011,44.211],[-77.003,44.201],[-77.044,44.175],[-77.047,44.129],[-76.928,44.196],[-76.887,44.178],[-76.998,44.145],[-77.07,44.092],[-77.028,44.084],[-77.045,44.06],[-76.984,44.071],[-76.847,44.154],[-76.688,44.217],[-76.631,44.233],[-76.609,44.221],[-76.503,44.228],[-76.479,44.256],[-76.447,44.243],[-76.306,44.31],[-76.187,44.326],[-76.092,44.363],[-75.977,44.384],[-75.814,44.502],[-75.812,44.503]]]}},{"type":"Feature","properties":{},"geometry":{"type":"Polygon","coordinates":[[[-85.77,12.113],[-85.642,12.036],[-85.582,12.044],[-85.435,11.866],[-85.415,11.885],[-85.358,11.876],[-85.301,11.835],[-85.273,11.797],[-85.187,11.751],[-85.05,11.572],[-84.927,11.436],[-84.901,11.43],[-84.892,11.369],[-84.851,11.337],[-84.864,11.311],[-84.836,11.311],[-84.79,11.27],[-84.776,11.223],[-84.782,11.133],[-84.765,11.105],[-84.78,11.072],[-84.824,11.043],[-84.901,11.025],[-84.922,11.029],[-84.934,11.054],[-84.981,11.05],[-84.992,11.069],[-85.121,11.081],[-85.164,11.103],[-85.194,11.09],[-85.251,11.101],[-85.292,11.133],[-85.476,11.181],[-85.55,11.239],[-85.626,11.249],[-85.735,11.352],[-85.775,11.413],[-85.791,11.498],[-85.842,11.59],[-85.851,11.577],[-85.866,11.594],[-85.863,11.61],[-85.844,11.604],[-85.86,11.692],[-85.87,11.69],[-85.868,11.656],[-85.914,11.711],[-85.912,11.73],[-85.884,11.755],[-85.882,11.807],[-85.926,11.881],[-85.911,11.897],[-85.894,11.876],[-85.897,11.9],[-85.93,11.92],[-85.937,11.951],[-85.907,12.041],[-85.874,12.09],[-85.837,12.086],[-85.782,12.119],[-85.771,12.113],[-85.77,12.113]]]}},{"type":"Feature","properties":{},"geometry":{"type":"Polygon","coordinates":[[[-103.292,56.286],[-103.286,56.325],[-103.311,56.355],[-103.29,56.374],[-103.309,56.391],[-103.182,56.487],[-103.261,56.504],[-103.307,56.454],[-103.297,56.51],[-103.322,56.551],[-103.3,56.578],[-103.259,56.578],[-103.234,56.594],[-103.188,56.527],[-103.149,56.548],[-103.15,56.664],[-103.11,56.721],[-103.138,56.798],[-103.104,56.877],[-103.062,56.885],[-103.043,56.869],[-103.072,56.813],[-103.048,56.757],[-103.082,56.723],[-103.066,56.653],[-103.109,56.607],[-103.09,56.55],[-103.102,56.507],[-103.133,56.488],[-103.112,56.472],[-102.961,56.521],[-102.933,56.608],[-102.753,56.797],[-102.765,56.703],[-102.877,56.626],[-102.874,56.591],[-102.769,56.639],[-102.732,56.68],[-102.67,56.686],[-102.702,56.763],[-102.631,56.793],[-102.584,56.788],[-102.574,56.769],[-102.554,56.779],[-102.537,56.957],[-102.544,57.001],[-102.587,57.012],[-102.568,57.069],[-102.642,57.099],[-102.719,57.074],[-102.774,57.087],[-102.741,57.121],[-102.687,57.14],[-102.754,57.166],[-102.676,57.2],[-102.668,57.25],[-102.754,57.24],[-102.767,57.273],[-102.814,57.285],[-102.822,57.319],[-102.984,57.261],[-102.904,57.326],[-102.91,57.356],[-102.96,57.368],[-102.899,57.411],[-102.934,57.448],[-102.848,57.461],[-102.69,57.534],[-102.655,57.596],[-102.69,57.598],[-102.686,57.652],[-102.721,57.684],[-102.619,57.721],[-102.604,57.685],[-102.565,57.676],[-102.411,57.848],[-102.345,57.878],[-102.312,57.871],[-102.288,57.901],[-102.239,57.903],[-102.135,57.944],[-102.12,57.983],[-102.166,57.992],[-102.174,58.032],[-102.111,58.06],[-102.094,58.043],[-102.072,58.05],[-102.087,58.1],[-102.021,58.128],[-101.951,58.123],[-102.065,57.965],[-101.965,57.941],[-101.862,57.997],[-101.856,58.114],[-101.771,58.155],[-101.833,58.061],[-101.768,57.946],[-101.834,57.909],[-101.941,57.789],[-101.909,57.777],[-101.872,57.825],[-101.822,57.847],[-101.776,57.816],[-101.709,57.88],[-101.737,57.905],[-101.704,57.933],[-101.662,57.884],[-101.594,57.923],[-101.572,57.905],[-101.515,57.925],[-101.551,57.896],[-101.523,57.877],[-101.529,57.839],[-101.547,57.793],[-101.643,57.754],[-101.659,57.705],[-101.722,57.684],[-101.719,57.649],[-101.764,57.597],[-101.889,57.557],[-101.942,57.5],[-102.079,57.502],[-102.099,57.491],[-102.082,57.426],[-102.107,57.383],[-102.164,57.346],[-102.119,57.327],[-101.956,57.343],[-101.95,57.315],[-101.828,57.295],[-101.854,57.238],[-101.914,57.232],[-101.925,57.259],[-102.072,57.188],[-102.053,57.161],[-102.07,57.118],[-101.981,57.049],[-101.985,57.021],[-101.972,57.041],[-101.949,57.031],[-101.956,56.983],[-102.058,56.977],[-102.126,56.928],[-102.123,56.908],[-102.187,56.845],[-102.294,56.866],[-102.361,56.809],[-102.431,56.789],[-102.425,56.755],[-102.354,56.775],[-102.325,56.758],[-102.227,56.756],[-102.27,56.749],[-102.295,56.724],[-102.369,56.738],[-102.432,56.697],[-102.499,56.638],[-102.472,56.619],[-102.406,56.628],[-102.42,56.596],[-102.564,56.603],[-102.584,56.548],[-102.649,56.548],[-102.782,56.491],[-102.803,56.508],[-102.836,56.503],[-102.882,56.463],[-102.948,56.453],[-102.907,56.404],[-102.979,56.35],[-103.069,56.363],[-103.086,56.438],[-103.108,56.441],[-103.231,56.343],[-103.215,56.305],[-103.238,56.265],[-103.276,56.265],[-103.292,56.282],[-103.292,56.286]]]}},{"type":"Feature","properties":{},"geometry":{"type":"Polygon","coordinates":[[[-64.433,54.775],[-64.364,54.736],[-64.336,54.695],[-64.282,54.68],[-64.247,54.635],[-64.249,54.619],[-64.297,54.623],[-64.302,54.579],[-64.35,54.559],[-64.372,54.494],[-64.301,54.499],[-64.245,54.413],[-64.15,54.386],[-64.121,54.302],[-64.09,54.279],[-64.022,54.297],[-64.002,54.269],[-63.921,54.245],[-63.884,54.165],[-63.847,54.149],[-63.784,54.075],[-63.664,54.049],[-63.56,54.047],[-63.522,54.056],[-63.521,54.069],[-63.745,54.115],[-63.635,54.116],[-63.338,54.076],[-63.319,54.101],[-63.243,54.119],[-63.427,54.138],[-63.402,54.15],[-63.269,54.133],[-63.172,54.138],[-63.068,54.117],[-63.097,54.107],[-63.196,54.119],[-63.205,54.111],[-63.15,54.087],[-63.264,54.074],[-63.156,54.055],[-63.067,53.995],[-63.158,53.981],[-63.131,53.962],[-63.142,53.954],[-63.248,53.951],[-63.246,53.98],[-63.273,53.994],[-63.449,54.014],[-63.492,53.99],[-63.529,54.005],[-63.419,54.027],[-63.232,54.006],[-63.197,54.019],[-63.201,54.038],[-63.432,54.058],[-63.594,54.022],[-63.674,54.031],[-63.679,54.018],[-63.605,53.971],[-63.356,53.913],[-63.595,53.934],[-63.699,53.904],[-63.795,53.911],[-63.777,53.873],[-63.715,53.857],[-63.736,53.85],[-63.878,53.835],[-63.954,53.854],[-64.095,53.838],[-64.115,53.848],[-64.105,53.886],[-64.164,53.933],[-64.117,53.962],[-64.146,53.985],[-64.151,54.024],[-64.286,54.016],[-64.362,54.058],[-64.538,54.058],[-64.512,54.118],[-64.525,54.13],[-64.598,54.107],[-64.684,54.11],[-64.713,54.093],[-64.694,54.055],[-64.61,54.046],[-64.589,54.025],[-64.671,54.004],[-64.689,53.984],[-64.672,53.962],[-64.739,53.914],[-64.807,53.917],[-64.848,53.94],[-64.923,53.926],[-64.994,53.889],[-65,53.867],[-65.122,53.883],[-65.108,53.861],[-65.144,53.863],[-65.163,53.842],[-65.115,53.832],[-65.045,53.779],[-65.196,53.832],[-65.273,53.838],[-65.287,53.832],[-65.251,53.827],[-65.222,53.787],[-65.335,53.749],[-65.243,53.684],[-65.158,53.687],[-65.199,53.66],[-65.187,53.638],[-65.22,53.613],[-65.168,53.614],[-65.166,53.558],[-65.076,53.511],[-65.122,53.489],[-65.14,53.527],[-65.23,53.597],[-65.239,53.566],[-65.21,53.537],[-65.286,53.491],[-64.991,53.472],[-64.953,53.446],[-64.97,53.426],[-65.081,53.421],[-65.269,53.468],[-65.422,53.455],[-65.438,53.488],[-65.586,53.506],[-65.568,53.542],[-65.605,53.563],[-65.384,53.525],[-65.367,53.544],[-65.434,53.593],[-65.369,53.601],[-65.356,53.567],[-65.298,53.595],[-65.345,53.633],[-65.326,53.654],[-65.464,53.741],[-65.449,53.748],[-65.315,53.675],[-65.323,53.704],[-65.418,53.773],[-65.298,53.778],[-65.322,53.82],[-65.283,53.855],[-65.312,53.901],[-65.392,53.958],[-65.378,53.923],[-65.404,53.879],[-65.519,53.94],[-65.577,53.993],[-65.517,53.975],[-65.452,53.924],[-65.433,53.969],[-65.502,54.034],[-65.534,54.021],[-65.547,54.05],[-65.585,54.056],[-65.677,54.126],[-65.755,54.112],[-65.735,54.074],[-65.772,54.089],[-66.025,54.299],[-66.061,54.294],[-66.092,54.343],[-66.142,54.346],[-66.197,54.384],[-66.195,54.404],[-66.231,54.4],[-66.27,54.426],[-66.279,54.434],[-66.237,54.433],[-66.24,54.454],[-66.344,54.536],[-66.479,54.596],[-66.432,54.497],[-66.373,54.433],[-66.177,54.343],[-66.266,54.364],[-66.284,54.349],[-66.325,54.374],[-66.41,54.392],[-66.452,54.387],[-66.481,54.357],[-66.462,54.312],[-66.364,54.294],[-66.321,54.27],[-66.322,54.254],[-66.362,54.266],[-66.382,54.248],[-66.405,54.274],[-66.462,54.289],[-66.376,54.201],[-66.348,54.188],[-66.33,54.203],[-66.319,54.191],[-66.305,54.11],[-66.357,54.181],[-66.472,54.223],[-66.466,54.244],[-66.504,54.282],[-66.55,54.389],[-66.595,54.424],[-66.468,54.396],[-66.458,54.412],[-66.53,54.443],[-66.558,54.479],[-66.619,54.466],[-66.627,54.528],[-66.587,54.538],[-66.494,54.504],[-66.54,54.534],[-66.642,54.561],[-66.702,54.602],[-66.545,54.549],[-66.662,54.616],[-66.641,54.624],[-66.6,54.604],[-66.626,54.659],[-66.556,54.61],[-66.519,54.613],[-66.525,54.644],[-66.483,54.636],[-66.545,54.692],[-66.484,54.672],[-66.542,54.735],[-66.509,54.741],[-66.541,54.786],[-66.519,54.807],[-66.457,54.783],[-66.429,54.744],[-66.404,54.757],[-66.329,54.74],[-66.614,54.903],[-66.673,54.979],[-66.56,54.932],[-66.574,54.963],[-66.531,54.963],[-66.653,55.056],[-66.566,55.015],[-66.549,55.026],[-66.591,55.063],[-66.577,55.07],[-66.421,54.972],[-66.585,55.091],[-66.585,55.114],[-66.515,55.076],[-66.54,55.123],[-66.452,55.029],[-66.426,55.016],[-66.406,55.024],[-66.293,54.966],[-66.345,54.929],[-66.414,54.951],[-66.332,54.905],[-66.341,54.877],[-66.387,54.875],[-66.443,54.913],[-66.412,54.878],[-66.454,54.888],[-66.449,54.878],[-66.414,54.856],[-66.379,54.855],[-66.384,54.801],[-66.469,54.851],[-66.508,54.916],[-66.553,54.896],[-66.307,54.732],[-66.346,54.696],[-66.428,54.728],[-66.325,54.663],[-66.398,54.67],[-66.389,54.65],[-66.3,54.647],[-66.212,54.593],[-66.189,54.55],[-66.172,54.563],[-66.153,54.552],[-66.115,54.488],[-66.167,54.511],[-66.199,54.508],[-66.279,54.587],[-66.454,54.642],[-66.396,54.583],[-66.247,54.487],[-66.122,54.443],[-66.059,54.386],[-66.047,54.334],[-66.031,54.354],[-65.978,54.342],[-65.987,54.308],[-65.914,54.248],[-65.892,54.289],[-65.914,54.316],[-65.885,54.315],[-65.811,54.178],[-65.742,54.151],[-65.674,54.146],[-65.693,54.181],[-65.669,54.186],[-65.624,54.118],[-65.544,54.066],[-65.457,54.052],[-65.428,54.006],[-65.36,53.967],[-65.415,54.043],[-65.325,54.011],[-65.367,54.042],[-65.334,54.049],[-65.2,53.994],[-65.152,53.953],[-65.13,54.016],[-65.043,54.024],[-65.087,54.059],[-65.124,54.048],[-65.308,54.087],[-65.308,54.106],[-65.262,54.119],[-65.217,54.084],[-65.086,54.072],[-65.002,54.044],[-64.962,54.061],[-64.74,54.021],[-64.73,54.029],[-64.794,54.063],[-64.771,54.072],[-64.85,54.088],[-64.907,54.124],[-64.939,54.116],[-64.993,54.159],[-65.025,54.226],[-65.003,54.255],[-65.037,54.322],[-65.13,54.396],[-65.124,54.452],[-65.231,54.454],[-65.282,54.436],[-65.312,54.459],[-65.315,54.475],[-65.278,54.468],[-65.256,54.483],[-65.283,54.612],[-65.263,54.657],[-65.177,54.625],[-65.156,54.664],[-65.128,54.659],[-65.138,54.562],[-65.186,54.604],[-65.236,54.606],[-65.233,54.533],[-65.177,54.538],[-65.152,54.486],[-65.136,54.518],[-65.086,54.483],[-65.11,54.445],[-65.103,54.392],[-64.941,54.301],[-64.946,54.291],[-64.998,54.302],[-64.987,54.229],[-64.95,54.175],[-64.887,54.136],[-64.87,54.136],[-64.883,54.167],[-64.823,54.157],[-64.804,54.166],[-64.732,54.113],[-64.631,54.116],[-64.605,54.145],[-64.641,54.167],[-64.636,54.186],[-64.558,54.203],[-64.564,54.148],[-64.472,54.156],[-64.466,54.181],[-64.517,54.189],[-64.504,54.215],[-64.422,54.207],[-64.439,54.181],[-64.421,54.159],[-64.396,54.158],[-64.396,54.181],[-64.368,54.181],[-64.307,54.14],[-64.162,54.168],[-64.221,54.214],[-64.297,54.226],[-64.263,54.248],[-64.316,54.298],[-64.366,54.276],[-64.404,54.229],[-64.506,54.244],[-64.499,54.272],[-64.418,54.296],[-64.423,54.359],[-64.392,54.358],[-64.38,54.403],[-64.434,54.412],[-64.436,54.472],[-64.405,54.49],[-64.339,54.623],[-64.395,54.677],[-64.379,54.712],[-64.445,54.753],[-64.433,54.782],[-64.433,54.775]]]}},{"type":"Feature","properties":{},"geometry":{"type":"Polygon","coordinates":[[[-100.425,53.146],[-100.384,53.099],[-100.148,53.074],[-100.039,53.042],[-100.014,53.011],[-99.944,52.987],[-99.844,52.961],[-99.735,52.959],[-99.796,52.859],[-99.725,52.913],[-99.686,52.918],[-99.658,52.903],[-99.731,52.816],[-99.689,52.788],[-99.713,52.733],[-99.664,52.691],[-99.674,52.591],[-99.635,52.532],[-99.699,52.45],[-99.687,52.422],[-99.738,52.373],[-99.735,52.343],[-99.824,52.275],[-99.858,52.27],[-99.818,52.182],[-99.839,52.085],[-99.8,52.043],[-99.755,52.056],[-99.739,52.018],[-99.733,51.951],[-99.754,51.903],[-99.812,51.899],[-99.803,51.744],[-99.749,51.751],[-99.72,51.73],[-99.686,51.87],[-99.634,51.848],[-99.621,51.824],[-99.657,51.749],[-99.644,51.679],[-99.604,51.666],[-99.606,51.619],[-99.648,51.617],[-99.668,51.6],[-99.709,51.621],[-99.757,51.573],[-99.791,51.572],[-99.858,51.644],[-99.946,51.694],[-99.954,51.796],[-99.937,51.81],[-99.909,51.805],[-99.886,51.849],[-99.941,51.919],[-99.933,51.983],[-99.966,52.043],[-100.005,52.044],[-100.025,52.026],[-99.963,51.836],[-99.998,51.808],[-99.979,51.744],[-99.997,51.719],[-100.046,51.719],[-100.049,51.781],[-100.141,51.909],[-100.113,51.971],[-100.156,52.018],[-100.142,52.119],[-100.171,52.195],[-100.148,52.243],[-100.177,52.278],[-100.129,52.387],[-100.007,52.453],[-100.003,52.486],[-100.027,52.511],[-99.979,52.559],[-100.005,52.596],[-100.049,52.596],[-100.07,52.623],[-100.047,52.651],[-100.071,52.671],[-100.038,52.749],[-100.049,52.798],[-100.122,52.808],[-100.137,52.795],[-100.189,52.815],[-100.191,52.85],[-100.216,52.856],[-100.25,52.898],[-100.296,52.861],[-100.288,52.842],[-100.363,52.81],[-100.369,52.778],[-100.287,52.794],[-100.258,52.76],[-100.281,52.723],[-100.217,52.649],[-100.263,52.603],[-100.294,52.631],[-100.282,52.653],[-100.339,52.639],[-100.359,52.648],[-100.332,52.716],[-100.366,52.715],[-100.433,52.749],[-100.438,52.795],[-100.404,52.838],[-100.451,52.868],[-100.433,52.923],[-100.404,52.941],[-100.429,52.972],[-100.517,52.947],[-100.554,52.969],[-100.543,52.998],[-100.564,53.004],[-100.605,52.986],[-100.657,52.998],[-100.726,52.971],[-100.715,52.953],[-100.633,52.924],[-100.595,52.881],[-100.616,52.839],[-100.679,52.829],[-100.658,52.814],[-100.674,52.751],[-100.726,52.755],[-100.828,52.734],[-100.852,52.766],[-100.798,52.801],[-100.806,52.82],[-100.896,52.806],[-100.944,52.781],[-100.958,52.793],[-100.926,52.821],[-100.925,52.848],[-101.013,52.866],[-101.008,52.898],[-100.958,52.944],[-101.007,52.962],[-100.976,52.978],[-100.976,53.009],[-101.081,53.046],[-101.113,53.086],[-101.057,53.138],[-100.974,53.155],[-100.913,53.133],[-100.946,53.096],[-100.827,53.073],[-100.746,53.094],[-100.667,53.085],[-100.643,53.118],[-100.614,53.104],[-100.594,53.134],[-100.556,53.132],[-100.566,53.177],[-100.432,53.149],[-100.425,53.146]]]}},{"type":"Feature","properties":{},"geometry":{"type":"Polygon","coordinates":[[[-99.152,51.774],[-99.131,51.721],[-99.068,51.712],[-99.04,51.693],[-99.052,51.654],[-99.03,51.571],[-98.993,51.523],[-98.962,51.411],[-98.896,51.338],[-98.879,51.336],[-98.876,51.368],[-98.91,51.589],[-98.949,51.603],[-98.993,51.655],[-98.956,51.706],[-98.882,51.696],[-98.851,51.722],[-98.81,51.696],[-98.781,51.615],[-98.722,51.571],[-98.779,51.521],[-98.757,51.47],[-98.798,51.432],[-98.801,51.401],[-98.774,51.393],[-98.744,51.319],[-98.704,51.298],[-98.65,51.302],[-98.562,51.283],[-98.577,51.246],[-98.55,51.216],[-98.576,51.192],[-98.654,51.174],[-98.66,51.117],[-98.637,51.098],[-98.691,51.079],[-98.717,51.098],[-98.737,51.081],[-98.691,51.056],[-98.719,51.034],[-98.757,51.043],[-98.775,51.033],[-98.756,50.989],[-98.771,50.967],[-98.726,50.956],[-98.758,50.922],[-98.695,50.885],[-98.569,50.896],[-98.391,50.831],[-98.317,50.757],[-98.278,50.749],[-98.257,50.712],[-98.218,50.708],[-98.199,50.676],[-98.116,50.617],[-98.074,50.531],[-97.953,50.457],[-97.929,50.359],[-97.941,50.332],[-98.187,50.212],[-98.338,50.179],[-98.429,50.184],[-98.498,50.201],[-98.556,50.25],[-98.575,50.333],[-98.512,50.4],[-98.534,50.451],[-98.585,50.5],[-98.59,50.556],[-98.626,50.579],[-98.618,50.601],[-98.697,50.701],[-98.729,50.773],[-98.806,50.848],[-98.856,50.873],[-98.834,50.966],[-98.863,50.979],[-98.883,50.955],[-98.912,50.964],[-98.961,51.049],[-99.014,51.078],[-99.018,51.134],[-98.992,51.16],[-98.959,51.117],[-98.897,51.084],[-98.891,51.019],[-98.84,51.012],[-98.846,51.052],[-98.779,51.101],[-98.8,51.113],[-98.85,51.088],[-98.877,51.144],[-98.847,51.204],[-98.848,51.262],[-98.93,51.23],[-98.92,51.185],[-98.941,51.179],[-98.979,51.208],[-99.024,51.286],[-99.054,51.274],[-99.082,51.309],[-99.11,51.366],[-99.112,51.499],[-99.15,51.548],[-99.198,51.544],[-99.232,51.56],[-99.257,51.524],[-99.311,51.643],[-99.344,51.617],[-99.388,51.644],[-99.467,51.636],[-99.47,51.6],[-99.499,51.581],[-99.484,51.558],[-99.502,51.499],[-99.529,51.503],[-99.556,51.631],[-99.517,51.665],[-99.567,51.681],[-99.535,51.746],[-99.507,51.754],[-99.486,51.786],[-99.436,51.808],[-99.375,51.766],[-99.323,51.761],[-99.318,51.778],[-99.226,51.626],[-99.141,51.641],[-99.134,51.668],[-99.191,51.758],[-99.175,51.795],[-99.154,51.78],[-99.152,51.774]]]}},{"type":"Feature","properties":{},"geometry":{"type":"Polygon","coordinates":[[[-88.38,50.293],[-88.333,50.278],[-88.288,50.227],[-88.218,50.222],[-88.157,50.129],[-88.148,50.097],[-88.171,50.084],[-88.202,50.124],[-88.238,50.124],[-88.205,50.048],[-88.23,49.981],[-88.197,49.983],[-88.144,50.043],[-88.096,49.993],[-88.042,49.997],[-88.004,49.961],[-88.037,49.94],[-88.054,49.966],[-88.088,49.92],[-88.197,49.906],[-88.092,49.889],[-88.107,49.805],[-88.137,49.804],[-88.151,49.783],[-88.102,49.746],[-88.106,49.646],[-88.174,49.584],[-88.146,49.401],[-88.192,49.47],[-88.213,49.468],[-88.227,49.436],[-88.275,49.479],[-88.297,49.467],[-88.341,49.475],[-88.429,49.361],[-88.469,49.421],[-88.452,49.459],[-88.511,49.441],[-88.492,49.518],[-88.529,49.536],[-88.551,49.573],[-88.567,49.571],[-88.572,49.533],[-88.527,49.468],[-88.621,49.413],[-88.706,49.437],[-88.733,49.43],[-88.799,49.477],[-88.748,49.523],[-88.727,49.586],[-88.682,49.588],[-88.668,49.609],[-88.614,49.588],[-88.576,49.595],[-88.579,49.629],[-88.608,49.646],[-88.658,49.643],[-88.719,49.608],[-88.753,49.649],[-88.757,49.58],[-88.795,49.54],[-88.827,49.542],[-88.926,49.507],[-88.956,49.477],[-88.981,49.538],[-89.024,49.544],[-89.052,49.585],[-89.02,49.596],[-88.963,49.545],[-88.93,49.548],[-88.913,49.532],[-88.904,49.541],[-88.894,49.617],[-88.928,49.643],[-88.912,49.671],[-88.935,49.669],[-88.948,49.693],[-88.914,49.757],[-88.947,49.765],[-88.989,49.7],[-89.038,49.736],[-89.056,49.707],[-89.059,49.77],[-89.082,49.751],[-89.108,49.756],[-89.102,49.814],[-89.07,49.867],[-89.051,49.852],[-89.054,49.801],[-88.989,49.766],[-88.966,49.803],[-88.93,49.813],[-88.939,49.846],[-88.983,49.863],[-88.981,49.886],[-88.883,49.901],[-88.848,49.94],[-88.891,49.956],[-88.87,49.984],[-88.939,50.017],[-88.945,50.042],[-88.871,50.048],[-88.836,50.099],[-88.821,50.184],[-88.676,50.277],[-88.602,50.274],[-88.554,50.219],[-88.487,50.251],[-88.456,50.223],[-88.406,50.216],[-88.385,50.159],[-88.27,50.127],[-88.282,50.188],[-88.317,50.191],[-88.333,50.232],[-88.364,50.225],[-88.434,50.271],[-88.419,50.294],[-88.384,50.293],[-88.38,50.293]]]}},{"type":"Feature","properties":{},"geometry":{"type":"Polygon","coordinates":[[[-94.55,49.965],[-94.519,49.908],[-94.561,49.862],[-94.506,49.827],[-94.501,49.784],[-94.457,49.725],[-94.437,49.714],[-94.39,49.724],[-94.36,49.706],[-94.334,49.72],[-94.312,49.691],[-94.272,49.685],[-94.316,49.646],[-94.381,49.628],[-94.251,49.588],[-94.397,49.602],[-94.418,49.586],[-94.332,49.539],[-94.316,49.506],[-94.235,49.5],[-94.072,49.451],[-94.081,49.441],[-94.175,49.45],[-94.085,49.375],[-94.014,49.366],[-94.02,49.353],[-94.057,49.353],[-94.026,49.318],[-94.031,49.247],[-94.113,49.191],[-94.148,49.191],[-94.146,49.211],[-94.089,49.236],[-94.074,49.27],[-94.168,49.318],[-94.216,49.32],[-94.199,49.392],[-94.222,49.422],[-94.297,49.372],[-94.324,49.376],[-94.263,49.428],[-94.262,49.454],[-94.222,49.465],[-94.306,49.483],[-94.487,49.472],[-94.586,49.452],[-94.62,49.469],[-94.694,49.418],[-94.751,49.421],[-94.808,49.335],[-94.778,49.311],[-94.759,49.338],[-94.732,49.344],[-94.722,49.326],[-94.68,49.365],[-94.616,49.344],[-94.565,49.35],[-94.562,49.336],[-94.611,49.326],[-94.622,49.308],[-94.512,49.257],[-94.494,49.231],[-94.434,49.231],[-94.382,49.268],[-94.319,49.285],[-94.316,49.267],[-94.284,49.256],[-94.293,49.224],[-94.255,49.239],[-94.251,49.195],[-94.28,49.169],[-94.01,49.174],[-94.052,49.164],[-94.056,49.144],[-94.113,49.108],[-94.174,49.089],[-94.212,49.089],[-94.245,49.117],[-94.313,49.114],[-94.325,49.061],[-94.445,48.986],[-94.455,48.964],[-94.584,48.944],[-94.664,48.857],[-94.783,48.851],[-94.825,48.862],[-94.896,48.901],[-94.949,48.961],[-95.004,48.975],[-95.071,48.955],[-95.13,48.899],[-95.267,48.887],[-95.322,48.925],[-95.332,48.968],[-95.321,48.988],[-95.234,49.015],[-95.29,49.075],[-95.269,49.144],[-95.235,49.17],[-95.165,49.17],[-95.133,49.185],[-95.112,49.146],[-94.961,49.189],[-94.931,49.222],[-94.921,49.269],[-94.948,49.325],[-94.992,49.345],[-95.059,49.336],[-95.084,49.363],[-95.014,49.364],[-94.967,49.393],[-94.944,49.381],[-94.916,49.388],[-94.912,49.417],[-94.938,49.43],[-94.907,49.462],[-94.854,49.463],[-94.844,49.484],[-94.864,49.511],[-94.829,49.521],[-94.787,49.512],[-94.678,49.548],[-94.613,49.622],[-94.645,49.639],[-94.748,49.624],[-94.769,49.597],[-94.862,49.564],[-94.853,49.537],[-94.931,49.52],[-94.971,49.486],[-95.123,49.444],[-95.165,49.466],[-95.093,49.538],[-95.106,49.566],[-95.173,49.584],[-95.179,49.613],[-95.095,49.652],[-95.068,49.631],[-94.946,49.617],[-94.988,49.584],[-94.979,49.571],[-94.891,49.567],[-94.805,49.624],[-94.819,49.641],[-94.899,49.644],[-94.82,49.692],[-94.664,49.71],[-94.519,49.697],[-94.516,49.711],[-94.565,49.741],[-94.535,49.78],[-94.601,49.852],[-94.598,49.873],[-94.708,49.937],[-94.689,49.978],[-94.62,49.998],[-94.552,49.968],[-94.55,49.965]]]}},{"type":"Feature","properties":{},"geometry":{"type":"Polygon","coordinates":[[[-100.128,54.254],[-100.106,54.223],[-99.997,54.203],[-99.998,54.161],[-99.95,54.164],[-99.948,54.189],[-99.915,54.206],[-99.833,54.206],[-99.794,54.187],[-99.976,54.113],[-100.099,54.107],[-100.17,54.051],[-100.204,54.064],[-100.242,54.033],[-100.236,54.001],[-100.198,53.987],[-100.12,54.005],[-100.132,53.96],[-100.071,53.967],[-100.035,53.946],[-100.061,53.916],[-100.177,53.879],[-100.11,53.798],[-100.089,53.796],[-100.081,53.83],[-100.029,53.86],[-99.961,53.858],[-99.865,53.922],[-99.811,53.91],[-99.736,54.011],[-99.658,54.053],[-99.596,54.058],[-99.617,54.019],[-99.579,54.003],[-99.637,53.956],[-99.706,53.934],[-99.723,53.869],[-99.706,53.854],[-99.742,53.783],[-99.799,53.777],[-99.851,53.828],[-99.848,53.851],[-99.871,53.853],[-99.937,53.81],[-99.933,53.781],[-99.895,53.773],[-99.922,53.731],[-99.996,53.749],[-100.022,53.697],[-100.127,53.664],[-100.196,53.687],[-100.182,53.646],[-100.256,53.64],[-100.265,53.624],[-100.188,53.584],[-100.191,53.609],[-100.164,53.616],[-100.068,53.571],[-100.055,53.55],[-100.013,53.556],[-99.961,53.496],[-99.975,53.438],[-99.886,53.413],[-99.922,53.355],[-99.964,53.36],[-99.985,53.341],[-99.909,53.312],[-99.933,53.263],[-99.843,53.22],[-99.766,53.246],[-99.767,53.297],[-99.744,53.315],[-99.68,53.293],[-99.541,53.3],[-99.431,53.364],[-99.374,53.358],[-99.414,53.194],[-99.36,53.191],[-99.33,53.158],[-99.44,53.144],[-99.426,53.109],[-99.376,53.108],[-99.383,53.061],[-99.409,53.048],[-99.546,53.044],[-99.564,53.075],[-99.51,53.083],[-99.504,53.105],[-99.58,53.095],[-99.57,53.131],[-99.628,53.199],[-99.656,53.192],[-99.663,53.168],[-99.623,53.154],[-99.626,53.14],[-99.687,53.141],[-99.728,53.123],[-99.731,53.154],[-99.762,53.162],[-99.806,53.116],[-99.909,53.077],[-100.029,53.099],[-100.086,53.127],[-100.301,53.155],[-100.383,53.23],[-100.377,53.268],[-100.412,53.301],[-100.436,53.304],[-100.501,53.27],[-100.617,53.331],[-100.619,53.351],[-100.704,53.353],[-100.797,53.403],[-100.845,53.406],[-100.878,53.435],[-100.931,53.445],[-100.911,53.479],[-100.859,53.493],[-100.819,53.527],[-100.777,53.517],[-100.732,53.526],[-100.683,53.48],[-100.642,53.494],[-100.622,53.468],[-100.597,53.466],[-100.574,53.535],[-100.626,53.535],[-100.668,53.556],[-100.656,53.584],[-100.587,53.596],[-100.505,53.544],[-100.471,53.56],[-100.457,53.596],[-100.406,53.613],[-100.381,53.604],[-100.346,53.616],[-100.325,53.587],[-100.292,53.592],[-100.282,53.646],[-100.328,53.719],[-100.383,53.773],[-100.454,53.785],[-100.467,53.813],[-100.216,53.887],[-100.171,53.928],[-100.294,53.904],[-100.316,53.885],[-100.362,53.893],[-100.39,53.868],[-100.437,53.859],[-100.466,53.899],[-100.516,53.901],[-100.521,53.936],[-100.486,53.96],[-100.429,53.967],[-100.356,53.941],[-100.34,53.919],[-100.256,53.947],[-100.257,53.962],[-100.284,53.962],[-100.313,53.987],[-100.33,54.025],[-100.262,54.083],[-100.387,54.195],[-100.364,54.224],[-100.309,54.235],[-100.231,54.175],[-100.189,54.251],[-100.155,54.267],[-100.126,54.259],[-100.128,54.254]]]}},{"type":"Feature","properties":{},"geometry":{"type":"Polygon","coordinates":[[[-68.173,51.771],[-68.168,51.706],[-68.194,51.668],[-68.314,51.602],[-68.236,51.562],[-68.297,51.557],[-68.286,51.478],[-68.229,51.467],[-68.256,51.441],[-68.255,51.371],[-68.162,51.293],[-68.241,51.261],[-68.246,51.218],[-68.325,51.206],[-68.338,51.117],[-68.369,51.151],[-68.493,51.119],[-68.63,51.014],[-68.668,50.953],[-68.659,50.883],[-68.741,50.762],[-68.736,50.68],[-68.758,50.728],[-68.747,50.832],[-68.7,50.921],[-68.79,51.001],[-68.799,51.054],[-68.858,51.082],[-68.889,51.121],[-69.001,51.171],[-69.116,51.263],[-69.126,51.305],[-69.176,51.28],[-69.179,51.397],[-69.144,51.426],[-69.161,51.442],[-69.146,51.503],[-69.108,51.531],[-69.119,51.571],[-69.354,51.756],[-69.362,51.798],[-69.306,51.761],[-69.258,51.818],[-69.264,51.727],[-69.169,51.649],[-69.11,51.628],[-69.088,51.714],[-69.107,51.775],[-69.084,51.841],[-69.118,51.897],[-69.085,51.93],[-69.053,51.851],[-69.076,51.771],[-69.062,51.687],[-69.019,51.618],[-68.974,51.609],[-68.872,51.673],[-68.857,51.749],[-68.825,51.676],[-68.795,51.666],[-68.747,51.683],[-68.718,51.664],[-68.695,51.687],[-68.632,51.686],[-68.593,51.703],[-68.616,51.783],[-68.566,51.731],[-68.532,51.729],[-68.491,51.838],[-68.496,51.92],[-68.52,51.957],[-68.507,51.989],[-68.461,51.904],[-68.459,51.838],[-68.437,51.879],[-68.397,51.905],[-68.384,51.895],[-68.459,51.797],[-68.477,51.721],[-68.548,51.673],[-68.477,51.661],[-68.445,51.685],[-68.411,51.687],[-68.353,51.629],[-68.296,51.635],[-68.209,51.707],[-68.184,51.75],[-68.196,51.79],[-68.176,51.775],[-68.173,51.771]]]}},{"type":"Feature","properties":{},"geometry":{"type":"Polygon","coordinates":[[[-102.112,63.034],[-102.072,63.07],[-101.989,63.059],[-101.956,63.081],[-102.045,63.101],[-102.145,63.08],[-102.19,63.106],[-102.193,63.165],[-102.131,63.184],[-101.986,63.192],[-101.859,63.228],[-101.794,63.262],[-101.763,63.307],[-101.783,63.318],[-101.673,63.389],[-101.644,63.385],[-101.645,63.361],[-101.594,63.379],[-101.607,63.406],[-101.523,63.384],[-101.516,63.398],[-101.614,63.44],[-101.595,63.465],[-101.434,63.443],[-101.428,63.424],[-101.385,63.417],[-101.386,63.386],[-101.335,63.374],[-101.283,63.402],[-101.285,63.433],[-101.386,63.447],[-101.41,63.468],[-101.301,63.5],[-101.261,63.477],[-101.205,63.471],[-101.096,63.376],[-101.067,63.451],[-101.087,63.48],[-100.989,63.429],[-100.976,63.498],[-100.897,63.544],[-100.815,63.498],[-100.777,63.582],[-100.745,63.552],[-100.681,63.561],[-100.608,63.487],[-100.671,63.34],[-100.739,63.308],[-100.841,63.333],[-100.86,63.316],[-100.807,63.296],[-100.818,63.273],[-101.031,63.322],[-101.075,63.286],[-101.046,63.272],[-101.063,63.235],[-100.993,63.227],[-101.143,63.158],[-101.069,63.053],[-100.821,63.009],[-100.842,62.96],[-100.945,62.897],[-100.975,62.893],[-100.969,62.913],[-100.998,62.916],[-101.081,62.869],[-101.132,62.862],[-101.058,62.836],[-101.046,62.797],[-100.968,62.786],[-101.025,62.768],[-101.047,62.73],[-101.12,62.698],[-101.148,62.698],[-101.149,62.723],[-101.186,62.714],[-101.285,62.642],[-101.343,62.661],[-101.423,62.651],[-101.433,62.735],[-101.329,62.753],[-101.306,62.818],[-101.324,62.897],[-101.417,62.952],[-101.475,62.933],[-101.427,62.913],[-101.395,62.843],[-101.496,62.783],[-101.494,62.68],[-101.547,62.659],[-101.553,62.783],[-101.707,62.806],[-101.729,62.777],[-101.766,62.78],[-101.795,62.826],[-101.777,62.865],[-101.838,62.886],[-101.897,62.892],[-101.942,62.854],[-101.992,62.859],[-101.972,62.893],[-102.036,62.927],[-101.991,62.941],[-101.989,62.966],[-102.113,63.029],[-102.112,63.034]]]}},{"type":"Feature","properties":{},"geometry":{"type":"Polygon","coordinates":[[[-70.38,64.571],[-70.464,64.568],[-70.58,64.629],[-70.63,64.628],[-70.667,64.608],[-70.8,64.626],[-70.679,64.644],[-70.657,64.689],[-70.598,64.703],[-70.705,64.725],[-70.726,64.754],[-70.789,64.771],[-70.784,64.787],[-70.876,64.807],[-70.959,64.781],[-71.051,64.775],[-71.094,64.738],[-71.097,64.663],[-71.164,64.628],[-71.279,64.643],[-71.341,64.619],[-71.386,64.641],[-71.42,64.639],[-71.45,64.609],[-71.485,64.616],[-71.536,64.596],[-71.821,64.669],[-71.929,64.75],[-71.909,64.778],[-71.847,64.793],[-71.982,64.801],[-71.971,64.849],[-72.032,64.879],[-72.001,64.894],[-72.067,64.896],[-72.015,64.945],[-71.932,64.947],[-71.982,64.908],[-71.921,64.896],[-71.835,64.929],[-71.771,64.925],[-71.787,64.904],[-71.927,64.873],[-71.941,64.843],[-71.779,64.803],[-71.649,64.824],[-71.729,64.86],[-71.822,64.862],[-71.803,64.882],[-71.518,64.875],[-71.417,64.89],[-71.393,64.908],[-71.454,64.911],[-71.519,64.939],[-71.549,64.932],[-71.672,64.973],[-71.668,64.994],[-71.619,64.998],[-71.614,65.04],[-71.551,65.031],[-71.523,65.046],[-71.578,65.165],[-71.721,65.211],[-71.65,65.291],[-71.685,65.339],[-71.791,65.373],[-71.74,65.429],[-71.643,65.351],[-71.595,65.343],[-71.584,65.317],[-71.503,65.3],[-71.484,65.277],[-71.412,65.289],[-71.29,65.268],[-71.286,65.231],[-71.153,65.192],[-71.118,65.149],[-71.019,65.148],[-70.996,65.12],[-70.896,65.123],[-70.886,65.105],[-70.962,65.109],[-70.869,65.088],[-70.808,65.094],[-70.781,65.062],[-70.706,65.043],[-70.659,64.991],[-70.68,64.962],[-70.615,64.94],[-70.643,64.912],[-70.614,64.873],[-70.405,64.747],[-70.412,64.722],[-70.346,64.7],[-70.416,64.684],[-70.431,64.663],[-70.507,64.661],[-70.461,64.65],[-70.483,64.626],[-70.442,64.598],[-70.354,64.598],[-70.381,64.572],[-70.38,64.571]]]}},{"type":"Feature","properties":{},"geometry":{"type":"Polygon","coordinates":[[[-72.771,51.343],[-72.832,51.295],[-72.958,51.267],[-73.058,51.222],[-73.132,51.165],[-73.056,51.17],[-73.065,51.138],[-73.039,51.14],[-72.876,51.224],[-72.872,51.241],[-72.734,51.27],[-72.737,51.237],[-72.709,51.258],[-72.62,51.236],[-72.737,51.199],[-72.775,51.21],[-72.941,51.138],[-73.02,51.081],[-73.042,51.089],[-73.082,50.998],[-73.106,51.026],[-73.149,50.953],[-73.125,51.027],[-73.146,51.033],[-73.172,50.96],[-73.221,50.946],[-73.307,50.862],[-73.48,50.772],[-73.506,50.738],[-73.543,50.731],[-73.396,50.895],[-73.343,50.932],[-73.217,50.98],[-73.211,51.004],[-73.239,51.026],[-73.172,51.087],[-73.15,51.073],[-73.19,51.04],[-73.143,51.06],[-73.111,51.104],[-73.135,51.111],[-73.132,51.144],[-73.176,51.166],[-73.484,50.924],[-73.584,50.798],[-73.632,50.766],[-73.576,50.841],[-73.598,50.846],[-73.623,50.831],[-73.685,50.747],[-73.683,50.721],[-73.735,50.69],[-73.826,50.548],[-73.824,50.504],[-73.802,50.499],[-73.822,50.442],[-73.784,50.394],[-73.796,50.372],[-73.769,50.36],[-73.737,50.373],[-73.737,50.358],[-73.819,50.356],[-73.846,50.461],[-73.871,50.425],[-73.811,50.323],[-73.815,50.221],[-73.995,50.139],[-74.109,50.067],[-74.104,50.058],[-74.044,50.074],[-74.07,50.046],[-74.174,50.034],[-74.176,50.048],[-74.21,50.047],[-74.204,50.06],[-74.103,50.085],[-73.97,50.197],[-73.924,50.206],[-73.933,50.189],[-73.911,50.184],[-73.821,50.23],[-73.831,50.272],[-73.856,50.261],[-73.899,50.278],[-73.921,50.373],[-73.916,50.383],[-73.852,50.358],[-73.895,50.415],[-73.854,50.511],[-73.862,50.555],[-73.813,50.613],[-73.796,50.678],[-73.872,50.628],[-73.891,50.573],[-73.925,50.553],[-73.932,50.485],[-73.881,50.507],[-73.923,50.431],[-73.98,50.482],[-74.011,50.482],[-74.109,50.41],[-74.136,50.343],[-74.209,50.282],[-74.229,50.283],[-74.148,50.353],[-74.125,50.409],[-74.073,50.455],[-74.028,50.576],[-74.003,50.592],[-74.005,50.65],[-73.886,50.84],[-73.833,50.878],[-73.846,50.906],[-73.909,50.868],[-73.93,50.872],[-73.916,50.932],[-73.859,50.958],[-73.873,50.969],[-73.928,50.95],[-73.939,50.98],[-73.858,50.979],[-73.819,51.021],[-73.725,51.027],[-73.617,51.084],[-73.557,51.149],[-73.365,51.241],[-73.323,51.285],[-73.251,51.283],[-73.238,51.308],[-73.138,51.342],[-73.072,51.386],[-73.005,51.399],[-72.946,51.387],[-72.924,51.361],[-73.009,51.354],[-73.097,51.314],[-73.171,51.249],[-72.911,51.354],[-72.885,51.354],[-72.871,51.337],[-72.778,51.364],[-72.772,51.35],[-72.771,51.343]]]}},{"type":"Feature","properties":{},"geometry":{"type":"Polygon","coordinates":[[[-102.934,58.525],[-102.973,58.5],[-102.924,58.454],[-102.87,58.458],[-102.799,58.437],[-102.762,58.399],[-102.862,58.299],[-102.885,58.308],[-102.865,58.348],[-102.882,58.354],[-103.013,58.264],[-102.978,58.24],[-103.034,58.223],[-103.036,58.202],[-102.987,58.198],[-102.923,58.219],[-102.891,58.208],[-102.956,58.154],[-103.062,58.113],[-103.017,58.165],[-103.071,58.166],[-103.134,58.12],[-103.249,58.094],[-103.274,58.045],[-103.248,58.044],[-103.246,58.03],[-103.304,57.964],[-103.255,57.951],[-103.304,57.882],[-103.247,57.859],[-103.237,57.822],[-103.151,57.865],[-103.22,57.774],[-103.316,57.699],[-103.405,57.664],[-103.269,57.803],[-103.311,57.796],[-103.319,57.847],[-103.355,57.871],[-103.529,57.865],[-103.539,57.899],[-103.596,57.873],[-103.607,57.848],[-103.681,57.829],[-103.744,57.764],[-103.805,57.782],[-103.867,57.755],[-103.828,57.809],[-103.763,57.828],[-103.672,57.882],[-103.634,57.929],[-103.735,57.954],[-103.773,57.917],[-103.827,57.946],[-103.754,57.976],[-103.73,58.015],[-103.562,58.051],[-103.554,58.084],[-103.589,58.09],[-103.517,58.119],[-103.537,58.139],[-103.658,58.081],[-103.656,58.104],[-103.692,58.111],[-103.726,58.076],[-103.795,58.059],[-103.756,58.103],[-103.65,58.143],[-103.626,58.196],[-103.65,58.222],[-103.591,58.281],[-103.547,58.298],[-103.594,58.305],[-103.697,58.256],[-103.584,58.373],[-103.635,58.397],[-103.558,58.451],[-103.505,58.414],[-103.362,58.423],[-103.234,58.456],[-103.197,58.495],[-103.25,58.516],[-103.182,58.57],[-103.156,58.564],[-103.171,58.518],[-103.071,58.542],[-103.022,58.521],[-102.919,58.548],[-102.932,58.531],[-102.934,58.525]]]}},{"type":"Feature","properties":{},"geometry":{"type":"Polygon","coordinates":[[[-99.704,56.756],[-99.618,56.735],[-99.56,56.775],[-99.506,56.775],[-99.487,56.803],[-99.522,56.82],[-99.532,56.853],[-99.474,56.825],[-99.44,56.828],[-99.431,56.871],[-99.386,56.906],[-99.393,56.961],[-99.328,57.003],[-99.261,56.976],[-99.234,56.926],[-99.191,56.91],[-99.157,56.916],[-99.137,56.996],[-99.067,57.058],[-99.015,57.062],[-99.032,57.095],[-98.965,57.067],[-99.066,56.924],[-99.047,56.913],[-99.008,56.923],[-98.955,56.901],[-98.908,56.922],[-98.855,56.915],[-98.844,56.943],[-98.897,56.968],[-98.865,57.008],[-98.917,57.075],[-98.858,57.085],[-98.778,57.056],[-98.714,57.074],[-98.695,57.138],[-98.64,57.167],[-98.638,57.197],[-98.669,57.21],[-98.62,57.243],[-98.685,57.267],[-98.781,57.251],[-98.884,57.274],[-98.742,57.289],[-98.585,57.274],[-98.537,57.257],[-98.479,57.301],[-98.482,57.321],[-98.521,57.309],[-98.54,57.318],[-98.512,57.364],[-98.541,57.394],[-98.517,57.462],[-98.582,57.517],[-98.629,57.528],[-98.598,57.592],[-98.535,57.628],[-98.511,57.602],[-98.544,57.598],[-98.579,57.558],[-98.557,57.537],[-98.515,57.545],[-98.505,57.515],[-98.468,57.557],[-98.399,57.567],[-98.357,57.635],[-98.306,57.659],[-98.221,57.658],[-98.166,57.676],[-98.116,57.666],[-98.176,57.631],[-98.255,57.621],[-98.184,57.596],[-98.251,57.517],[-98.331,57.509],[-98.389,57.484],[-98.35,57.469],[-98.255,57.48],[-98.285,57.457],[-98.242,57.436],[-98.24,57.395],[-98.195,57.38],[-98.105,57.372],[-98.016,57.409],[-97.984,57.4],[-97.986,57.366],[-98.15,57.326],[-98.169,57.275],[-98.147,57.228],[-98.231,57.161],[-98.205,57.131],[-98.225,57.11],[-98.352,57.072],[-98.418,57.095],[-98.527,57.076],[-98.575,57.083],[-98.651,56.974],[-98.747,56.95],[-98.764,56.891],[-98.807,56.862],[-98.799,56.826],[-98.857,56.844],[-98.943,56.811],[-98.991,56.843],[-98.991,56.868],[-99.065,56.879],[-99.1,56.794],[-99.137,56.797],[-99.179,56.764],[-99.202,56.768],[-99.204,56.728],[-99.252,56.704],[-99.316,56.739],[-99.39,56.72],[-99.452,56.739],[-99.57,56.739],[-99.564,56.699],[-99.509,56.693],[-99.57,56.677],[-99.53,56.649],[-99.573,56.623],[-99.633,56.643],[-99.633,56.703],[-99.732,56.721],[-99.743,56.75],[-99.719,56.757],[-99.704,56.756]]]}},{"type":"Feature","properties":{},"geometry":{"type":"Polygon","coordinates":[[[-100.106,59.858],[-100.054,59.875],[-99.997,59.969],[-100.037,60.007],[-99.964,60.053],[-99.889,60.062],[-99.874,60.041],[-99.814,60.069],[-99.862,60.113],[-99.783,60.223],[-99.735,60.241],[-99.704,60.306],[-99.719,60.348],[-99.693,60.358],[-99.678,60.331],[-99.654,60.345],[-99.65,60.372],[-99.692,60.4],[-99.647,60.447],[-99.713,60.472],[-99.758,60.564],[-99.821,60.599],[-99.772,60.599],[-99.686,60.533],[-99.636,60.532],[-99.624,60.506],[-99.566,60.5],[-99.542,60.476],[-99.482,60.519],[-99.562,60.54],[-99.548,60.576],[-99.501,60.574],[-99.468,60.54],[-99.406,60.555],[-99.406,60.57],[-99.456,60.58],[-99.459,60.604],[-99.437,60.621],[-99.394,60.61],[-99.384,60.671],[-99.354,60.703],[-99.297,60.714],[-99.329,60.753],[-99.243,60.754],[-99.222,60.769],[-99.238,60.793],[-99.085,60.824],[-98.881,60.797],[-98.825,60.803],[-98.79,60.82],[-98.832,60.831],[-98.707,60.871],[-98.692,60.844],[-98.735,60.789],[-98.904,60.775],[-98.919,60.74],[-98.948,60.736],[-99.101,60.768],[-99.176,60.684],[-99.342,60.658],[-99.309,60.619],[-99.326,60.591],[-99.269,60.586],[-99.293,60.526],[-99.197,60.557],[-99.152,60.508],[-99.158,60.472],[-99.192,60.471],[-99.211,60.509],[-99.304,60.474],[-99.326,60.476],[-99.315,60.51],[-99.36,60.508],[-99.449,60.446],[-99.389,60.442],[-99.481,60.358],[-99.459,60.321],[-99.542,60.308],[-99.424,60.285],[-99.396,60.297],[-99.403,60.324],[-99.309,60.349],[-99.272,60.339],[-99.249,60.308],[-99.279,60.268],[-99.273,60.217],[-99.205,60.155],[-99.108,60.106],[-99.182,60.083],[-99.311,60.093],[-99.335,60.142],[-99.432,60.145],[-99.441,60.208],[-99.501,60.205],[-99.642,60.251],[-99.682,60.226],[-99.688,60.163],[-99.614,60.146],[-99.523,60.164],[-99.505,60.128],[-99.564,60.126],[-99.619,60.09],[-99.584,60.041],[-99.63,60.023],[-99.67,59.952],[-99.657,59.92],[-99.609,59.933],[-99.622,59.901],[-99.595,59.872],[-99.626,59.861],[-99.652,59.806],[-99.609,59.802],[-99.554,59.849],[-99.501,59.799],[-99.43,59.812],[-99.38,59.805],[-99.44,59.738],[-99.426,59.704],[-99.472,59.607],[-99.544,59.581],[-99.591,59.585],[-99.556,59.62],[-99.58,59.666],[-99.499,59.708],[-99.531,59.762],[-99.648,59.758],[-99.735,59.777],[-99.744,59.8],[-99.846,59.8],[-99.966,59.843],[-99.994,59.824],[-99.936,59.804],[-99.937,59.754],[-99.991,59.683],[-99.979,59.659],[-99.934,59.65],[-100.039,59.591],[-100.059,59.649],[-100.197,59.676],[-100.222,59.713],[-100.196,59.754],[-100.256,59.783],[-100.202,59.797],[-100.125,59.714],[-100.081,59.715],[-100.066,59.783],[-100.107,59.787],[-100.137,59.853],[-100.112,59.857],[-100.106,59.858]]]}},{"type":"Feature","properties":{},"geometry":{"type":"Polygon","coordinates":[[[-100.686,46.683],[-100.64,46.665],[-100.604,46.621],[-100.557,46.622],[-100.543,46.584],[-100.57,46.446],[-100.534,46.336],[-100.563,46.273],[-100.545,46.226],[-100.604,46.148],[-100.601,46.131],[-100.556,46.121],[-100.588,46.077],[-100.529,46.002],[-100.395,45.889],[-100.332,45.916],[-100.312,45.908],[-100.368,45.837],[-100.298,45.73],[-100.296,45.692],[-100.418,45.627],[-100.455,45.555],[-100.422,45.524],[-100.311,45.491],[-100.296,45.434],[-100.255,45.388],[-100.299,45.325],[-100.245,45.242],[-100.259,45.167],[-100.309,45.084],[-100.296,45.066],[-100.244,45.062],[-100.286,44.995],[-100.356,45.017],[-100.397,45.005],[-100.401,44.934],[-100.376,44.877],[-100.502,44.761],[-100.576,44.74],[-100.664,44.794],[-100.686,44.789],[-100.597,44.708],[-100.624,44.625],[-100.598,44.588],[-100.541,44.573],[-100.475,44.612],[-100.491,44.575],[-100.467,44.547],[-100.55,44.484],[-100.45,44.485],[-100.42,44.498],[-100.386,44.466],[-100.396,44.434],[-100.455,44.447],[-100.562,44.431],[-100.615,44.469],[-100.658,44.513],[-100.62,44.51],[-100.571,44.542],[-100.635,44.551],[-100.686,44.584],[-100.662,44.659],[-100.689,44.674],[-100.666,44.7],[-100.705,44.741],[-100.758,44.728],[-100.776,44.759],[-100.853,44.767],[-100.934,44.743],[-100.957,44.753],[-101.013,44.718],[-101.126,44.734],[-101.219,44.708],[-101.143,44.764],[-101.05,44.756],[-101.001,44.767],[-100.967,44.784],[-100.98,44.812],[-100.915,44.827],[-100.9,44.803],[-100.858,44.802],[-100.871,44.858],[-100.807,44.807],[-100.76,44.813],[-100.747,44.834],[-100.789,44.88],[-100.761,44.889],[-100.626,44.848],[-100.581,44.791],[-100.555,44.784],[-100.527,44.813],[-100.543,44.893],[-100.462,44.852],[-100.427,44.882],[-100.476,45.047],[-100.457,45.052],[-100.426,45.033],[-100.398,45.048],[-100.335,45.051],[-100.357,45.116],[-100.319,45.179],[-100.331,45.208],[-100.303,45.222],[-100.295,45.256],[-100.336,45.309],[-100.372,45.316],[-100.38,45.344],[-100.505,45.37],[-100.612,45.33],[-100.715,45.328],[-100.444,45.402],[-100.344,45.356],[-100.305,45.383],[-100.378,45.481],[-100.477,45.508],[-100.614,45.657],[-100.666,45.65],[-100.632,45.675],[-100.592,45.678],[-100.549,45.633],[-100.483,45.6],[-100.456,45.615],[-100.423,45.683],[-100.337,45.69],[-100.415,45.86],[-100.433,45.875],[-100.491,45.879],[-100.543,45.925],[-100.576,46.003],[-100.62,46.028],[-100.622,46.064],[-100.667,46.101],[-100.652,46.131],[-100.688,46.161],[-100.584,46.22],[-100.587,46.286],[-100.561,46.33],[-100.578,46.399],[-100.624,46.421],[-100.6,46.445],[-100.596,46.566],[-100.638,46.61],[-100.781,46.664],[-100.814,46.714],[-100.726,46.683],[-100.694,46.688],[-100.686,46.683]]]}},{"type":"Feature","properties":{},"geometry":{"type":"Polygon","coordinates":[[[-94.214,64.091],[-94.329,63.986],[-94.247,63.933],[-94.513,64.015],[-94.577,64.008],[-94.722,64.037],[-94.848,64.099],[-94.973,64.124],[-95.184,64.073],[-95.311,64.073],[-95.495,64.04],[-95.607,64.052],[-95.699,64.034],[-95.815,64.034],[-95.865,64.062],[-95.824,64.073],[-95.834,64.097],[-95.919,64.099],[-95.969,64.128],[-96.048,64.141],[-96.061,64.173],[-96.204,64.16],[-96.248,64.169],[-96.272,64.186],[-96.248,64.199],[-96.169,64.183],[-96.146,64.192],[-96.317,64.249],[-96.277,64.255],[-96.169,64.222],[-96.104,64.229],[-96.077,64.266],[-96.19,64.261],[-96.274,64.298],[-96.165,64.284],[-96.068,64.311],[-95.974,64.309],[-95.772,64.276],[-95.745,64.293],[-95.672,64.301],[-95.544,64.282],[-95.488,64.301],[-95.394,64.299],[-95.215,64.276],[-95.08,64.213],[-94.942,64.232],[-94.824,64.227],[-94.807,64.209],[-94.708,64.218],[-94.586,64.19],[-94.682,64.171],[-94.627,64.139],[-94.242,64.129],[-94.201,64.108],[-94.214,64.091]]]}},{"type":"Feature","properties":{},"geometry":{"type":"Polygon","coordinates":[[[-54.969,4.955],[-54.962,4.921],[-54.975,4.881],[-54.941,4.876],[-54.923,4.919],[-54.903,4.899],[-54.872,4.897],[-54.839,4.94],[-54.838,4.902],[-54.812,4.917],[-54.798,4.903],[-54.828,4.896],[-54.827,4.884],[-54.785,4.878],[-54.804,4.856],[-54.807,4.824],[-54.832,4.819],[-54.822,4.788],[-54.845,4.742],[-54.861,4.744],[-54.858,4.782],[-54.884,4.811],[-54.887,4.779],[-54.912,4.775],[-54.906,4.746],[-54.934,4.747],[-54.947,4.733],[-54.915,4.64],[-54.875,4.683],[-54.857,4.681],[-54.87,4.64],[-54.856,4.595],[-54.891,4.594],[-54.876,4.569],[-54.893,4.565],[-54.911,4.607],[-54.93,4.613],[-54.954,4.509],[-54.951,4.631],[-54.961,4.648],[-54.987,4.629],[-54.985,4.665],[-55.011,4.681],[-55.014,4.64],[-55.001,4.621],[-55.016,4.608],[-55.021,4.573],[-55.044,4.561],[-55.061,4.572],[-55.074,4.558],[-55.071,4.528],[-55.042,4.513],[-55.057,4.494],[-55.072,4.504],[-55.117,4.454],[-55.136,4.454],[-55.139,4.479],[-55.178,4.495],[-55.223,4.476],[-55.207,4.491],[-55.222,4.514],[-55.192,4.532],[-55.194,4.546],[-55.224,4.53],[-55.227,4.547],[-55.29,4.545],[-55.303,4.512],[-55.366,4.489],[-55.324,4.524],[-55.311,4.566],[-55.343,4.583],[-55.34,4.61],[-55.311,4.586],[-55.287,4.596],[-55.279,4.627],[-55.238,4.593],[-55.245,4.633],[-55.276,4.661],[-55.267,4.678],[-55.281,4.681],[-55.294,4.66],[-55.296,4.689],[-55.281,4.708],[-55.261,4.708],[-55.287,4.721],[-55.267,4.741],[-55.276,4.759],[-55.236,4.75],[-55.205,4.787],[-55.202,4.811],[-55.174,4.823],[-55.162,4.904],[-55.149,4.918],[-55.154,4.987],[-55.089,4.999],[-55.07,4.976],[-54.993,4.977],[-54.972,4.958],[-54.969,4.955]]]}},{"type":"Feature","properties":{},"geometry":{"type":"Polygon","coordinates":[[[-97.084,64.744],[-97.037,64.705],[-97.109,64.706],[-97.139,64.664],[-97.027,64.583],[-97.077,64.562],[-97.088,64.61],[-97.201,64.664],[-97.454,64.716],[-97.49,64.705],[-97.382,64.689],[-97.356,64.662],[-97.588,64.668],[-97.606,64.681],[-97.533,64.708],[-97.607,64.723],[-97.723,64.728],[-97.746,64.68],[-97.791,64.662],[-97.861,64.695],[-97.934,64.698],[-97.991,64.654],[-97.973,64.609],[-98.102,64.683],[-98.2,64.641],[-98.308,64.656],[-98.338,64.634],[-98.392,64.629],[-98.381,64.503],[-98.289,64.46],[-98.029,64.435],[-98.359,64.432],[-98.45,64.485],[-98.55,64.5],[-98.586,64.523],[-98.477,64.388],[-98.514,64.36],[-98.579,64.384],[-98.632,64.377],[-98.807,64.396],[-98.873,64.426],[-98.952,64.42],[-99.034,64.391],[-99.116,64.445],[-99.076,64.503],[-99.152,64.555],[-99.2,64.53],[-99.207,64.477],[-99.296,64.474],[-99.554,64.546],[-99.773,64.547],[-99.809,64.598],[-99.985,64.636],[-100.082,64.623],[-100.16,64.588],[-100.17,64.556],[-100.24,64.541],[-100.415,64.56],[-100.519,64.541],[-100.61,64.572],[-100.723,64.576],[-100.749,64.597],[-100.797,64.599],[-100.743,64.619],[-100.487,64.634],[-100.299,64.668],[-100.307,64.627],[-100.394,64.603],[-100.384,64.579],[-100.338,64.594],[-100.328,64.575],[-100.281,64.576],[-100.203,64.611],[-100.194,64.668],[-100.091,64.661],[-100.006,64.675],[-99.891,64.657],[-99.781,64.609],[-99.593,64.643],[-99.467,64.612],[-99.17,64.616],[-99.017,64.533],[-98.904,64.523],[-98.62,64.613],[-98.525,64.614],[-98.453,64.594],[-98.501,64.682],[-98.453,64.679],[-98.358,64.709],[-98.293,64.703],[-98.219,64.669],[-98.095,64.723],[-97.994,64.73],[-97.933,64.714],[-97.906,64.734],[-97.661,64.788],[-97.514,64.799],[-97.387,64.79],[-97.227,64.708],[-97.199,64.714],[-97.268,64.775],[-97.255,64.805],[-97.224,64.799],[-97.195,64.747],[-97.113,64.761],[-97.091,64.748],[-97.084,64.744]]]}},{"type":"Feature","properties":{},"geometry":{"type":"Polygon","coordinates":[[[-74.561,48.806],[-74.567,48.778],[-74.519,48.778],[-74.483,48.741],[-74.561,48.704],[-74.595,48.652],[-74.592,48.56],[-74.56,48.593],[-74.542,48.582],[-74.479,48.595],[-74.514,48.563],[-74.482,48.525],[-74.442,48.583],[-74.384,48.584],[-74.391,48.539],[-74.424,48.537],[-74.435,48.518],[-74.361,48.479],[-74.303,48.406],[-74.277,48.41],[-74.221,48.464],[-74.191,48.466],[-74.243,48.421],[-74.231,48.403],[-74.247,48.385],[-74.114,48.403],[-74.094,48.388],[-74.109,48.368],[-74.061,48.338],[-74.154,48.366],[-74.226,48.365],[-74.248,48.351],[-74.25,48.302],[-74.282,48.374],[-74.332,48.391],[-74.357,48.426],[-74.427,48.469],[-74.515,48.494],[-74.537,48.472],[-74.528,48.409],[-74.461,48.366],[-74.443,48.317],[-74.487,48.266],[-74.503,48.277],[-74.481,48.343],[-74.551,48.396],[-74.568,48.434],[-74.601,48.428],[-74.599,48.394],[-74.654,48.44],[-74.671,48.42],[-74.667,48.361],[-74.702,48.348],[-74.689,48.396],[-74.712,48.476],[-74.731,48.482],[-74.716,48.409],[-74.729,48.371],[-74.775,48.498],[-74.855,48.528],[-74.87,48.599],[-74.954,48.551],[-74.925,48.577],[-74.931,48.597],[-74.974,48.558],[-74.987,48.516],[-74.974,48.477],[-74.935,48.475],[-74.926,48.493],[-74.917,48.474],[-74.964,48.46],[-75.016,48.48],[-75.036,48.425],[-75.004,48.418],[-74.98,48.388],[-74.942,48.392],[-74.941,48.342],[-74.987,48.354],[-75.013,48.384],[-75.037,48.363],[-75.029,48.332],[-75.066,48.347],[-75.06,48.459],[-75.094,48.421],[-75.077,48.393],[-75.103,48.283],[-75.138,48.256],[-75.151,48.296],[-75.107,48.354],[-75.128,48.374],[-75.106,48.395],[-75.119,48.481],[-75.065,48.484],[-75.045,48.529],[-74.991,48.554],[-74.971,48.629],[-74.985,48.64],[-75.037,48.588],[-75.08,48.58],[-75.113,48.594],[-75.092,48.553],[-75.178,48.555],[-75.147,48.5],[-75.217,48.437],[-75.154,48.429],[-75.16,48.396],[-75.178,48.397],[-75.18,48.413],[-75.266,48.388],[-75.292,48.406],[-75.329,48.405],[-75.291,48.431],[-75.304,48.479],[-75.386,48.373],[-75.349,48.463],[-75.384,48.455],[-75.413,48.419],[-75.429,48.433],[-75.407,48.475],[-75.355,48.503],[-75.358,48.535],[-75.254,48.523],[-75.222,48.545],[-75.237,48.556],[-75.33,48.552],[-75.324,48.575],[-75.279,48.579],[-75.267,48.614],[-75.224,48.579],[-75.166,48.598],[-75.134,48.631],[-75.146,48.659],[-75.078,48.676],[-75.081,48.702],[-75.032,48.734],[-75.047,48.69],[-75.027,48.697],[-75.008,48.671],[-74.929,48.716],[-74.96,48.67],[-74.929,48.659],[-74.897,48.717],[-74.872,48.709],[-74.832,48.772],[-74.79,48.748],[-74.757,48.759],[-74.746,48.791],[-74.726,48.767],[-74.69,48.799],[-74.597,48.808],[-74.563,48.826],[-74.558,48.807],[-74.561,48.806]]]}},{"type":"Feature","properties":{},"geometry":{"type":"Polygon","coordinates":[[[-102.992,48.188],[-102.701,48.129],[-102.564,48.029],[-102.523,48.028],[-102.602,47.939],[-102.604,47.899],[-102.628,47.874],[-102.621,47.839],[-102.585,47.815],[-102.418,47.788],[-102.364,47.827],[-102.41,47.871],[-102.431,47.969],[-102.382,47.973],[-102.322,47.939],[-102.28,47.984],[-102.24,47.975],[-102.284,47.949],[-102.272,47.926],[-102.306,47.916],[-102.254,47.821],[-102.249,47.746],[-102.242,47.738],[-102.21,47.751],[-102.178,47.731],[-102.104,47.736],[-102.119,47.72],[-102.215,47.72],[-102.194,47.674],[-102.229,47.649],[-102.223,47.625],[-102.162,47.624],[-101.949,47.549],[-101.918,47.562],[-101.847,47.548],[-101.799,47.564],[-101.649,47.55],[-101.583,47.566],[-101.601,47.605],[-101.56,47.592],[-101.392,47.601],[-101.353,47.623],[-101.266,47.618],[-101.157,47.66],[-101.167,47.634],[-101.129,47.612],[-101.105,47.57],[-101.162,47.561],[-101.241,47.583],[-101.252,47.549],[-101.292,47.535],[-101.343,47.541],[-101.379,47.496],[-101.496,47.541],[-101.688,47.488],[-101.751,47.492],[-101.822,47.465],[-101.889,47.479],[-101.896,47.448],[-101.949,47.475],[-101.957,47.508],[-102.06,47.541],[-102.099,47.53],[-102.092,47.557],[-102.158,47.561],[-102.247,47.597],[-102.311,47.603],[-102.327,47.576],[-102.401,47.586],[-102.44,47.531],[-102.424,47.609],[-102.293,47.625],[-102.277,47.715],[-102.336,47.771],[-102.413,47.751],[-102.533,47.787],[-102.6,47.79],[-102.645,47.815],[-102.662,47.864],[-102.65,47.939],[-102.571,47.989],[-102.572,48.004],[-102.617,48],[-102.787,48.111],[-102.996,48.131],[-103.072,48.151],[-103.182,48.121],[-103.237,48.053],[-103.374,48.037],[-103.472,47.997],[-103.503,48.006],[-103.56,48.062],[-103.571,48.121],[-103.62,48.111],[-103.768,48.023],[-103.774,48.054],[-103.813,48.078],[-103.721,48.107],[-103.64,48.157],[-103.591,48.153],[-103.572,48.169],[-103.533,48.145],[-103.509,48.062],[-103.463,48.039],[-103.343,48.083],[-103.252,48.085],[-103.189,48.163],[-103.114,48.183],[-103.051,48.174],[-102.993,48.188],[-102.992,48.188]]]}},{"type":"Feature","properties":{},"geometry":{"type":"Polygon","coordinates":[[[-80.753,27.181],[-80.663,27.097],[-80.612,26.937],[-80.632,26.864],[-80.697,26.801],[-80.692,26.747],[-80.719,26.733],[-80.724,26.76],[-80.742,26.757],[-80.722,26.698],[-80.754,26.683],[-80.818,26.699],[-80.908,26.751],[-80.964,26.847],[-80.987,26.857],[-80.982,26.878],[-81.03,26.869],[-81.069,26.891],[-81.075,26.944],[-81.095,26.947],[-81.099,26.967],[-80.987,27.025],[-80.959,27.047],[-80.959,27.068],[-80.924,27.072],[-80.909,27.108],[-80.83,27.185],[-80.793,27.198],[-80.753,27.186],[-80.753,27.181]]]}},{"type":"Feature","properties":{},"geometry":{"type":"Polygon","coordinates":[[[-91.497,50.707],[-91.519,50.674],[-91.581,50.683],[-91.594,50.703],[-91.63,50.677],[-91.732,50.66],[-91.755,50.605],[-91.789,50.593],[-91.801,50.568],[-91.886,50.55],[-91.832,50.416],[-91.928,50.399],[-91.961,50.353],[-91.923,50.314],[-91.852,50.288],[-91.727,50.307],[-91.656,50.293],[-91.688,50.252],[-91.863,50.259],[-91.89,50.278],[-92.022,50.258],[-92.049,50.312],[-92.021,50.344],[-92.087,50.346],[-92.142,50.365],[-92.189,50.331],[-92.17,50.295],[-92.185,50.212],[-92.222,50.205],[-92.271,50.276],[-92.334,50.193],[-92.396,50.171],[-92.441,50.197],[-92.358,50.199],[-92.362,50.234],[-92.337,50.266],[-92.402,50.275],[-92.401,50.3],[-92.467,50.288],[-92.442,50.256],[-92.474,50.241],[-92.501,50.241],[-92.49,50.263],[-92.507,50.266],[-92.58,50.235],[-92.713,50.227],[-92.7,50.273],[-92.782,50.278],[-92.782,50.407],[-92.878,50.39],[-92.933,50.303],[-92.953,50.299],[-92.922,50.416],[-92.952,50.44],[-92.999,50.44],[-93.009,50.478],[-92.96,50.518],[-93.045,50.541],[-93.15,50.606],[-93.125,50.641],[-93.076,50.615],[-92.957,50.603],[-92.897,50.509],[-92.854,50.497],[-92.812,50.506],[-92.791,50.539],[-92.694,50.6],[-92.719,50.515],[-92.753,50.479],[-92.705,50.372],[-92.522,50.359],[-92.429,50.38],[-92.397,50.408],[-92.373,50.337],[-92.253,50.315],[-92.207,50.336],[-92.211,50.369],[-92.181,50.403],[-92.043,50.413],[-92.012,50.461],[-91.954,50.49],[-91.971,50.502],[-92.053,50.494],[-92.156,50.516],[-91.834,50.592],[-91.789,50.661],[-91.741,50.691],[-91.656,50.688],[-91.614,50.723],[-91.533,50.712],[-91.476,50.727],[-91.491,50.71],[-91.497,50.707]]]}},{"type":"Feature","properties":{},"geometry":{"type":"Polygon","coordinates":[[[-98.296,62.642],[-98.307,62.69],[-98.36,62.697],[-98.354,62.725],[-98.417,62.734],[-98.412,62.776],[-98.492,62.83],[-98.407,62.83],[-98.386,62.8],[-98.344,62.802],[-98.321,62.82],[-98.236,62.798],[-98.182,62.808],[-98.211,62.828],[-98.202,62.858],[-98.098,62.854],[-98.071,62.824],[-98.056,62.865],[-98.023,62.877],[-97.959,62.852],[-97.79,62.88],[-97.714,62.842],[-97.734,62.886],[-97.674,62.964],[-97.626,62.975],[-97.604,62.894],[-97.669,62.867],[-97.659,62.823],[-97.619,62.804],[-97.649,62.752],[-97.624,62.65],[-97.549,62.647],[-97.507,62.624],[-97.529,62.609],[-97.51,62.552],[-97.44,62.524],[-97.422,62.487],[-97.346,62.474],[-97.368,62.5],[-97.344,62.509],[-97.278,62.465],[-97.407,62.403],[-97.528,62.441],[-97.581,62.483],[-97.663,62.488],[-97.746,62.514],[-97.794,62.485],[-97.89,62.488],[-97.898,62.442],[-98.079,62.53],[-98.006,62.53],[-97.952,62.552],[-97.968,62.569],[-98.044,62.561],[-98.057,62.649],[-98.132,62.644],[-98.195,62.687],[-98.234,62.669],[-98.211,62.643],[-98.271,62.62],[-98.349,62.614],[-98.304,62.637],[-98.296,62.642]]]}},{"type":"Feature","properties":{},"geometry":{"type":"Polygon","coordinates":[[[-102.059,59.929],[-102.024,59.97],[-102.042,60.003],[-102.102,60.015],[-102.18,60.077],[-102.241,60.204],[-102.275,60.216],[-102.328,60.209],[-102.365,60.27],[-102.392,60.271],[-102.436,60.224],[-102.49,60.235],[-102.657,60.199],[-102.588,60.345],[-102.559,60.346],[-102.572,60.317],[-102.491,60.28],[-102.449,60.305],[-102.418,60.363],[-102.317,60.381],[-102.309,60.445],[-102.363,60.449],[-102.413,60.411],[-102.403,60.46],[-102.444,60.503],[-102.428,60.524],[-102.47,60.533],[-102.445,60.584],[-102.342,60.653],[-102.288,60.64],[-102.218,60.657],[-102.236,60.622],[-102.228,60.608],[-102.202,60.61],[-102.202,60.568],[-102.14,60.551],[-102.168,60.518],[-102.154,60.458],[-101.939,60.372],[-101.939,60.279],[-101.825,60.178],[-101.822,60.128],[-101.906,60.036],[-101.874,59.964],[-101.897,59.96],[-101.906,59.995],[-101.977,60.03],[-101.992,60.017],[-101.945,59.965],[-102.01,59.913],[-102.055,59.925],[-102.059,59.929]]]}},{"type":"Feature","properties":{},"geometry":{"type":"Polygon","coordinates":[[[-104.565,55.293],[-104.58,55.27],[-104.561,55.26],[-104.598,55.243],[-104.621,55.199],[-104.564,55.203],[-104.409,55.269],[-104.39,55.236],[-104.427,55.197],[-104.366,55.193],[-104.352,55.161],[-104.477,55.136],[-104.5,55.115],[-104.628,55.153],[-104.656,55.181],[-104.7,55.146],[-104.665,55.127],[-104.745,55.067],[-104.792,55.057],[-104.776,55.02],[-104.816,55.001],[-104.831,54.969],[-104.972,54.976],[-105.11,54.897],[-105.231,54.931],[-105.257,54.978],[-105.223,55.029],[-105.287,55.082],[-105.205,55.115],[-105.179,55.151],[-105.236,55.153],[-105.205,55.192],[-105.28,55.208],[-105.181,55.253],[-105.159,55.283],[-105.102,55.306],[-105.043,55.303],[-105.094,55.264],[-105.094,55.224],[-105.036,55.234],[-104.995,55.274],[-104.957,55.266],[-104.902,55.277],[-104.862,55.308],[-104.812,55.319],[-104.795,55.278],[-104.707,55.325],[-104.716,55.25],[-104.644,55.318],[-104.565,55.298],[-104.565,55.293]]]}},{"type":"Feature","properties":{},"geometry":{"type":"Polygon","coordinates":[[[-98.594,66.036],[-98.592,65.964],[-98.648,65.916],[-98.699,66.006],[-98.755,65.958],[-98.804,65.956],[-98.923,66.056],[-98.972,66.062],[-99.023,66.035],[-99.069,66.066],[-99.169,66.008],[-99.258,65.994],[-99.233,65.933],[-99.413,65.913],[-99.532,65.864],[-99.632,65.884],[-99.726,65.847],[-99.744,65.804],[-99.797,65.784],[-99.852,65.816],[-99.903,65.759],[-99.836,65.733],[-99.865,65.726],[-100.01,65.76],[-99.936,65.839],[-99.979,65.89],[-100.047,65.901],[-100.19,65.89],[-100.295,65.853],[-100.392,65.859],[-100.474,65.782],[-100.542,65.787],[-100.532,65.822],[-100.596,65.836],[-100.577,65.853],[-100.632,65.871],[-100.674,65.851],[-100.681,65.8],[-100.789,65.819],[-100.879,65.896],[-100.92,65.867],[-100.978,65.873],[-101.035,65.854],[-101.094,65.859],[-101.136,65.772],[-101.191,65.854],[-101.292,65.855],[-101.429,65.89],[-101.567,65.828],[-101.527,65.924],[-101.62,65.939],[-101.707,65.911],[-101.69,65.937],[-101.77,65.935],[-101.743,65.954],[-101.665,65.966],[-101.572,65.965],[-101.445,65.934],[-101.286,65.968],[-101.331,65.897],[-101.153,65.88],[-101.167,65.949],[-101.223,65.997],[-101.203,66.006],[-101.14,65.991],[-101.071,65.882],[-100.864,65.924],[-100.668,65.907],[-100.624,65.888],[-100.576,65.904],[-100.468,65.882],[-100.381,65.905],[-100.485,65.966],[-100.362,66.075],[-100.436,66.153],[-100.334,66.134],[-100.27,66.092],[-100.274,66.021],[-100.226,65.992],[-100.259,65.948],[-100.195,65.919],[-100.155,65.944],[-100.092,65.934],[-100.031,65.95],[-99.982,66.006],[-99.943,65.94],[-99.576,65.907],[-99.528,65.949],[-99.436,65.973],[-99.361,65.974],[-99.405,66.045],[-99.384,66.067],[-99.326,66.073],[-99.28,66.048],[-99.201,66.121],[-99.229,66.039],[-99.193,66.033],[-99.042,66.126],[-98.993,66.19],[-98.947,66.171],[-98.952,66.094],[-98.811,66.032],[-98.738,66.104],[-98.722,66.037],[-98.629,66.069],[-98.588,66.049],[-98.594,66.036]]]}},{"type":"Feature","properties":{},"geometry":{"type":"Polygon","coordinates":[[[-74.415,56.32],[-74.352,56.304],[-74.35,56.286],[-74.303,56.275],[-74.259,56.239],[-74.282,56.223],[-74.254,56.199],[-74.302,56.2],[-74.252,56.143],[-74.159,56.13],[-74.051,56.154],[-73.957,56.109],[-73.961,56.046],[-74.029,55.959],[-74.106,55.944],[-74.227,55.956],[-74.244,55.943],[-74.184,55.925],[-74.261,55.929],[-74.281,55.955],[-74.187,55.973],[-74.199,55.999],[-74.218,55.985],[-74.272,55.986],[-74.361,56.039],[-74.524,56.071],[-74.594,56.058],[-74.638,56.064],[-74.655,56.081],[-74.81,56.094],[-74.744,56.118],[-74.85,56.158],[-74.797,56.168],[-74.854,56.236],[-74.801,56.256],[-74.82,56.306],[-74.722,56.314],[-74.736,56.338],[-74.642,56.324],[-74.628,56.34],[-74.513,56.332],[-74.489,56.347],[-74.443,56.341],[-74.423,56.322],[-74.415,56.32]]]}},{"type":"Feature","properties":{},"geometry":{"type":"Polygon","coordinates":[[[-73.084,45.065],[-73.099,44.983],[-73.133,44.978],[-73.143,45.009],[-73.218,44.963],[-73.211,44.933],[-73.179,44.931],[-73.167,44.914],[-73.178,44.803],[-73.141,44.812],[-73.195,44.74],[-73.233,44.619],[-73.227,44.583],[-73.199,44.578],[-73.197,44.563],[-73.21,44.549],[-73.241,44.569],[-73.306,44.553],[-73.226,44.485],[-73.222,44.426],[-73.239,44.419],[-73.252,44.446],[-73.297,44.315],[-73.284,44.26],[-73.368,44.199],[-73.354,44.171],[-73.412,44.059],[-73.394,43.914],[-73.363,43.871],[-73.38,43.831],[-73.349,43.788],[-73.367,43.746],[-73.378,43.796],[-73.406,43.824],[-73.393,43.88],[-73.429,43.932],[-73.421,44.025],[-73.438,44.033],[-73.451,44.015],[-73.458,44.034],[-73.417,44.168],[-73.431,44.191],[-73.338,44.269],[-73.358,44.284],[-73.38,44.444],[-73.412,44.398],[-73.397,44.461],[-73.417,44.491],[-73.392,44.516],[-73.444,44.584],[-73.44,44.709],[-73.427,44.72],[-73.384,44.697],[-73.417,44.751],[-73.372,44.783],[-73.375,44.815],[-73.403,44.836],[-73.384,44.94],[-73.357,44.949],[-73.357,45.02],[-73.33,45.074],[-73.313,45.066],[-73.34,44.993],[-73.303,44.974],[-73.289,44.864],[-73.259,44.956],[-73.151,45.081],[-73.138,45.069],[-73.101,45.081],[-73.085,45.07],[-73.084,45.065]]]}},{"type":"Feature","properties":{},"geometry":{"type":"Polygon","coordinates":[[[-73.505,55.052],[-73.469,55.058],[-73.381,55.033],[-73.353,55.052],[-73.271,55.051],[-73.267,55.072],[-73.135,55.1],[-73.166,55.133],[-72.947,55.158],[-72.883,55.181],[-72.872,55.209],[-72.797,55.172],[-72.652,55.223],[-72.626,55.192],[-72.564,55.225],[-72.471,55.205],[-72.384,55.268],[-72.252,55.268],[-72.184,55.297],[-72.119,55.292],[-72.209,55.257],[-72.297,55.256],[-72.409,55.221],[-72.33,55.226],[-72.387,55.203],[-72.279,55.21],[-72.297,55.195],[-72.256,55.152],[-72.324,55.143],[-72.56,55.041],[-72.644,55.049],[-72.712,55.036],[-72.733,55.018],[-72.687,55.016],[-72.757,54.988],[-72.882,54.993],[-72.942,54.956],[-73.126,54.939],[-73.151,54.925],[-73.17,54.929],[-73.144,54.949],[-73.086,54.96],[-73.175,54.978],[-73.277,54.976],[-73.349,54.918],[-73.534,54.906],[-73.662,54.93],[-73.368,54.933],[-73.425,54.976],[-73.337,54.968],[-73.293,54.995],[-73.35,54.996],[-73.238,55.024],[-73.271,55.036],[-73.457,55.001],[-73.522,55.028],[-73.517,55.047],[-73.505,55.052]]]}},{"type":"Feature","properties":{},"geometry":{"type":"Polygon","coordinates":[[[-104.236,60.316],[-104.164,60.392],[-104.172,60.421],[-104.112,60.46],[-104.114,60.483],[-104.068,60.504],[-104.041,60.551],[-104.206,60.563],[-104.247,60.588],[-104.293,60.584],[-104.275,60.618],[-104.32,60.613],[-104.356,60.631],[-104.401,60.703],[-104.515,60.701],[-104.595,60.682],[-104.327,60.825],[-104.286,60.906],[-104.406,60.914],[-104.443,60.875],[-104.409,60.866],[-104.414,60.846],[-104.507,60.794],[-104.608,60.799],[-104.627,60.838],[-104.668,60.852],[-104.597,60.878],[-104.574,60.868],[-104.587,60.841],[-104.514,60.851],[-104.492,60.882],[-104.516,60.903],[-104.446,60.946],[-104.462,60.97],[-104.43,60.999],[-104.476,61.024],[-104.346,61.036],[-104.27,61.017],[-104.35,60.945],[-104.285,60.95],[-104.252,60.97],[-104.207,60.963],[-104.233,60.932],[-104.191,60.913],[-104.24,60.832],[-104.237,60.786],[-104.148,60.83],[-104.049,60.849],[-104.031,60.838],[-104.273,60.744],[-104.275,60.714],[-104.207,60.711],[-104.154,60.728],[-104.022,60.806],[-104.017,60.77],[-103.913,60.787],[-103.783,60.857],[-103.728,60.844],[-103.71,60.903],[-103.808,60.919],[-103.774,60.945],[-103.673,60.951],[-103.681,60.931],[-103.636,60.919],[-103.614,60.862],[-103.669,60.822],[-103.762,60.794],[-103.782,60.768],[-103.865,60.776],[-103.913,60.758],[-103.933,60.697],[-104.01,60.693],[-104.081,60.715],[-104.19,60.652],[-104.219,60.626],[-104.2,60.604],[-104.12,60.634],[-104.104,60.594],[-104.004,60.591],[-103.955,60.608],[-103.9,60.606],[-103.859,60.647],[-103.9,60.646],[-103.9,60.657],[-103.776,60.728],[-103.674,60.626],[-103.773,60.605],[-103.835,60.571],[-103.888,60.521],[-103.886,60.492],[-103.932,60.506],[-103.955,60.496],[-103.97,60.461],[-103.903,60.451],[-103.951,60.396],[-104.033,60.393],[-104.089,60.371],[-104.098,60.346],[-104.235,60.307],[-104.236,60.316]]]}},{"type":"Feature","properties":{},"geometry":{"type":"Polygon","coordinates":[[[-62.724,7.743],[-62.725,7.718],[-62.697,7.714],[-62.718,7.702],[-62.672,7.68],[-62.708,7.669],[-62.75,7.704],[-62.78,7.696],[-62.755,7.678],[-62.779,7.644],[-62.737,7.634],[-62.733,7.619],[-62.766,7.629],[-62.796,7.602],[-62.815,7.616],[-62.845,7.598],[-62.838,7.578],[-62.8,7.585],[-62.798,7.559],[-62.754,7.57],[-62.764,7.54],[-62.715,7.571],[-62.708,7.545],[-62.666,7.558],[-62.674,7.542],[-62.752,7.513],[-62.716,7.505],[-62.741,7.496],[-62.722,7.48],[-62.74,7.473],[-62.768,7.493],[-62.767,7.47],[-62.786,7.475],[-62.79,7.436],[-62.777,7.408],[-62.758,7.405],[-62.778,7.362],[-62.735,7.329],[-62.748,7.286],[-62.775,7.265],[-62.846,7.14],[-62.869,7.05],[-62.919,6.989],[-62.911,6.972],[-62.926,6.924],[-62.903,6.906],[-62.84,6.9],[-62.842,6.828],[-62.856,6.805],[-62.914,6.858],[-62.942,6.864],[-62.958,6.896],[-62.955,6.945],[-62.997,6.956],[-62.993,6.99],[-62.976,7.001],[-62.992,7.082],[-62.936,7.114],[-62.874,7.198],[-62.841,7.199],[-62.802,7.25],[-62.796,7.3],[-62.817,7.308],[-62.803,7.323],[-62.807,7.346],[-62.82,7.348],[-62.805,7.368],[-62.867,7.378],[-62.81,7.401],[-62.836,7.427],[-62.829,7.448],[-62.846,7.492],[-62.853,7.465],[-62.867,7.467],[-62.862,7.524],[-62.917,7.527],[-62.947,7.47],[-62.943,7.454],[-62.96,7.447],[-62.966,7.473],[-63.009,7.486],[-62.983,7.499],[-62.973,7.531],[-62.983,7.546],[-62.951,7.578],[-63.001,7.576],[-63.003,7.598],[-63.031,7.586],[-63.061,7.595],[-63.036,7.594],[-63.048,7.619],[-62.968,7.661],[-63.007,7.672],[-62.968,7.686],[-63.008,7.694],[-62.994,7.713],[-63.004,7.75],[-62.994,7.768],[-62.953,7.735],[-62.891,7.731],[-62.932,7.708],[-62.904,7.689],[-62.793,7.727],[-62.792,7.709],[-62.728,7.743],[-62.724,7.743]]]}},{"type":"Feature","properties":{},"geometry":{"type":"Polygon","coordinates":[[[-93.303,48.939],[-93.294,48.838],[-93.272,48.808],[-93.195,48.794],[-93.19,48.771],[-93.217,48.744],[-93.179,48.733],[-93.23,48.698],[-93.273,48.691],[-93.273,48.671],[-93.219,48.663],[-93.188,48.701],[-93.111,48.736],[-93.11,48.718],[-93.174,48.68],[-93.13,48.656],[-92.945,48.701],[-92.925,48.691],[-92.988,48.651],[-92.784,48.678],[-92.894,48.644],[-92.85,48.624],[-92.887,48.605],[-92.721,48.596],[-92.714,48.566],[-92.646,48.61],[-92.641,48.571],[-92.559,48.557],[-92.551,48.541],[-92.59,48.536],[-92.606,48.519],[-92.581,48.495],[-92.551,48.502],[-92.552,48.488],[-92.635,48.487],[-92.67,48.477],[-92.673,48.462],[-92.466,48.464],[-92.467,48.424],[-92.415,48.407],[-92.444,48.391],[-92.452,48.369],[-92.43,48.364],[-92.451,48.322],[-92.494,48.366],[-92.485,48.398],[-92.503,48.424],[-92.549,48.426],[-92.581,48.411],[-92.637,48.424],[-92.677,48.408],[-92.718,48.425],[-92.806,48.43],[-92.961,48.422],[-93.032,48.446],[-93.092,48.494],[-93.069,48.524],[-93.002,48.506],[-92.944,48.463],[-92.831,48.464],[-92.825,48.453],[-92.854,48.45],[-92.809,48.439],[-92.744,48.466],[-92.732,48.501],[-92.665,48.501],[-92.656,48.519],[-92.848,48.533],[-92.926,48.562],[-92.953,48.554],[-92.965,48.57],[-92.932,48.584],[-92.954,48.598],[-93.041,48.587],[-93.13,48.594],[-93.139,48.572],[-93.081,48.554],[-93.095,48.544],[-93.194,48.554],[-93.169,48.58],[-93.192,48.599],[-93.376,48.611],[-93.327,48.649],[-93.353,48.664],[-93.407,48.656],[-93.415,48.72],[-93.394,48.718],[-93.368,48.683],[-93.338,48.682],[-93.33,48.711],[-93.362,48.733],[-93.351,48.77],[-93.41,48.792],[-93.437,48.788],[-93.511,48.826],[-93.566,48.832],[-93.595,48.806],[-93.637,48.826],[-93.553,48.853],[-93.429,48.819],[-93.414,48.836],[-93.459,48.861],[-93.413,48.882],[-93.478,48.886],[-93.479,48.9],[-93.391,48.926],[-93.35,48.907],[-93.305,48.957],[-93.305,48.941],[-93.303,48.939]]]}},{"type":"Feature","properties":{},"geometry":{"type":"Polygon","coordinates":[[[-93.637,54.766],[-93.738,54.756],[-93.809,54.772],[-93.938,54.771],[-93.886,54.732],[-94.021,54.635],[-94.17,54.635],[-94.251,54.609],[-94.294,54.618],[-94.354,54.591],[-94.424,54.59],[-94.462,54.556],[-94.437,54.521],[-94.487,54.516],[-94.491,54.48],[-94.572,54.485],[-94.762,54.387],[-94.796,54.384],[-94.747,54.436],[-94.791,54.464],[-94.732,54.473],[-94.741,54.497],[-94.708,54.534],[-94.629,54.531],[-94.537,54.573],[-94.572,54.652],[-94.488,54.659],[-94.402,54.709],[-94.487,54.786],[-94.477,54.817],[-94.415,54.79],[-94.254,54.868],[-94.137,54.853],[-94.091,54.867],[-94.052,54.839],[-93.767,54.813],[-93.722,54.781],[-93.641,54.788],[-93.608,54.767],[-93.632,54.766],[-93.637,54.766]]]}},{"type":"Feature","properties":{},"geometry":{"type":"Polygon","coordinates":[[[-94.634,53.978],[-94.551,53.982],[-94.536,53.972],[-94.694,53.915],[-94.706,53.892],[-94.559,53.832],[-94.502,53.838],[-94.423,53.881],[-94.308,53.864],[-94.178,53.894],[-94.002,53.878],[-93.986,53.861],[-94.03,53.751],[-94.148,53.755],[-94.211,53.727],[-94.282,53.733],[-94.324,53.714],[-94.418,53.742],[-94.439,53.695],[-94.469,53.687],[-94.651,53.737],[-94.829,53.737],[-94.844,53.774],[-94.887,53.797],[-94.888,53.822],[-94.914,53.835],[-94.95,53.821],[-94.968,53.832],[-94.957,53.864],[-94.918,53.883],[-94.948,53.922],[-94.911,53.952],[-94.856,53.936],[-94.822,53.995],[-94.748,53.998],[-94.745,53.976],[-94.644,53.98],[-94.634,53.978]]]}},{"type":"Feature","properties":{},"geometry":{"type":"Polygon","coordinates":[[[-94.724,48.208],[-94.589,48.203],[-94.538,48.181],[-94.539,48.147],[-94.603,48.091],[-94.751,48.059],[-95.017,48.057],[-94.997,48.03],[-94.952,48.011],[-94.904,48.021],[-94.767,48],[-94.763,47.947],[-94.795,47.897],[-95.184,47.875],[-95.279,47.897],[-95.296,47.938],[-95.247,48.027],[-95.027,48.085],[-95.052,48.115],[-95.028,48.134],[-94.742,48.207],[-94.724,48.208]]]}},{"type":"Feature","properties":{},"geometry":{"type":"Polygon","coordinates":[[[-72.059,48.762],[-72.045,48.729],[-71.999,48.696],[-71.942,48.678],[-71.864,48.683],[-71.773,48.624],[-71.764,48.611],[-71.789,48.587],[-71.75,48.583],[-71.744,48.568],[-71.786,48.548],[-71.769,48.526],[-71.789,48.466],[-71.97,48.426],[-72.03,48.434],[-72.126,48.484],[-72.118,48.456],[-72.156,48.461],[-72.208,48.509],[-72.22,48.582],[-72.291,48.598],[-72.357,48.642],[-72.362,48.667],[-72.304,48.655],[-72.334,48.705],[-72.324,48.753],[-72.23,48.735],[-72.112,48.751],[-72.072,48.775],[-72.06,48.765],[-72.059,48.762]]]}},{"type":"Feature","properties":{},"geometry":{"type":"Polygon","coordinates":[[[-86.277,12.49],[-86.27,12.42],[-86.224,12.382],[-86.197,12.275],[-86.134,12.339],[-86.099,12.331],[-86.089,12.267],[-86.117,12.174],[-86.24,12.156],[-86.316,12.162],[-86.319,12.191],[-86.287,12.218],[-86.311,12.288],[-86.374,12.28],[-86.412,12.24],[-86.572,12.312],[-86.598,12.349],[-86.587,12.423],[-86.557,12.395],[-86.495,12.388],[-86.443,12.448],[-86.348,12.471],[-86.32,12.498],[-86.278,12.49],[-86.277,12.49]]]}},{"type":"Feature","properties":{},"geometry":{"type":"Polygon","coordinates":[[[-102.897,20.324],[-102.827,20.301],[-102.774,20.313],[-102.721,20.26],[-102.771,20.193],[-102.692,20.201],[-102.692,20.159],[-102.798,20.129],[-102.81,20.104],[-102.861,20.153],[-102.899,20.168],[-103.009,20.169],[-103.056,20.196],[-103.086,20.168],[-103.138,20.174],[-103.174,20.161],[-103.414,20.238],[-103.426,20.254],[-103.363,20.283],[-103.171,20.281],[-103.12,20.314],[-103.029,20.34],[-102.905,20.325],[-102.897,20.324]]]}},{"type":"Feature","properties":{},"geometry":{"type":"Polygon","coordinates":[[[-99.852,62.086],[-99.969,62.121],[-100.062,62.186],[-100.206,62.192],[-100.274,62.212],[-100.248,62.238],[-100.277,62.294],[-100.297,62.263],[-100.407,62.253],[-100.46,62.224],[-100.497,62.228],[-100.51,62.252],[-100.447,62.323],[-100.562,62.362],[-100.499,62.431],[-100.403,62.435],[-100.472,62.464],[-100.463,62.5],[-100.513,62.526],[-100.47,62.535],[-100.413,62.516],[-100.442,62.557],[-100.32,62.623],[-100.258,62.629],[-100.234,62.669],[-100.132,62.634],[-100.105,62.583],[-100.122,62.545],[-100.224,62.531],[-100.287,62.481],[-100.324,62.484],[-100.276,62.422],[-100.44,62.406],[-100.458,62.359],[-100.377,62.334],[-100.234,62.326],[-100.223,62.299],[-100.134,62.328],[-100.069,62.321],[-100.088,62.277],[-100.045,62.278],[-100.036,62.303],[-100.005,62.304],[-99.989,62.266],[-100.012,62.238],[-99.957,62.223],[-99.91,62.259],[-99.852,62.256],[-99.821,62.271],[-99.826,62.327],[-99.733,62.3],[-99.644,62.323],[-99.661,62.341],[-99.763,62.355],[-99.839,62.344],[-99.85,62.408],[-99.817,62.443],[-99.751,62.438],[-99.695,62.402],[-99.71,62.361],[-99.658,62.362],[-99.537,62.329],[-99.653,62.283],[-99.703,62.236],[-99.681,62.119],[-99.722,62.116],[-99.757,62.136],[-99.841,62.086],[-99.852,62.086]]]}},{"type":"Feature","properties":{},"geometry":{"type":"Polygon","coordinates":[[[-80.06,48.919],[-80.024,48.899],[-79.949,48.938],[-79.881,48.946],[-79.909,48.889],[-79.841,48.896],[-79.826,48.879],[-79.844,48.799],[-79.891,48.776],[-79.868,48.728],[-79.784,48.686],[-79.733,48.693],[-79.709,48.722],[-79.632,48.729],[-79.634,48.765],[-79.567,48.821],[-79.544,48.816],[-79.525,48.766],[-79.484,48.737],[-79.462,48.741],[-79.439,48.716],[-79.378,48.694],[-79.229,48.718],[-79.251,48.66],[-79.282,48.64],[-79.265,48.562],[-79.279,48.525],[-79.197,48.485],[-79.228,48.479],[-79.233,48.446],[-79.348,48.451],[-79.281,48.493],[-79.301,48.511],[-79.34,48.497],[-79.298,48.528],[-79.284,48.596],[-79.297,48.63],[-79.334,48.649],[-79.462,48.641],[-79.495,48.651],[-79.476,48.606],[-79.539,48.612],[-79.56,48.599],[-79.651,48.633],[-79.7,48.623],[-79.701,48.651],[-79.747,48.662],[-79.738,48.637],[-79.754,48.627],[-79.829,48.618],[-79.915,48.64],[-79.892,48.748],[-79.926,48.743],[-79.96,48.686],[-79.981,48.694],[-79.977,48.733],[-80.002,48.715],[-80.025,48.72],[-80.017,48.791],[-79.987,48.821],[-80.033,48.848],[-80.052,48.753],[-80.096,48.757],[-80.128,48.778],[-80.157,48.773],[-80.196,48.82],[-80.143,48.823],[-80.116,48.848],[-80.133,48.864],[-80.125,48.915],[-80.079,48.93],[-80.062,48.923],[-80.06,48.919]]]}},{"type":"Feature","properties":{},"geometry":{"type":"Polygon","coordinates":[[[-70.321,49.889],[-70.305,49.819],[-70.253,49.777],[-70.268,49.746],[-70.238,49.678],[-70.158,49.672],[-70.122,49.7],[-70.114,49.748],[-70.088,49.713],[-70.081,49.631],[-70.031,49.613],[-69.971,49.546],[-69.917,49.554],[-69.884,49.538],[-69.827,49.436],[-69.824,49.388],[-69.737,49.331],[-69.871,49.325],[-69.858,49.378],[-69.925,49.431],[-69.917,49.451],[-69.881,49.465],[-69.919,49.513],[-69.955,49.527],[-70.008,49.519],[-70.075,49.468],[-70.037,49.395],[-70.109,49.469],[-70.14,49.479],[-70.152,49.526],[-70.126,49.553],[-70.155,49.569],[-70.161,49.607],[-70.256,49.648],[-70.321,49.634],[-70.368,49.581],[-70.35,49.531],[-70.303,49.487],[-70.341,49.485],[-70.392,49.526],[-70.422,49.512],[-70.432,49.543],[-70.465,49.551],[-70.463,49.505],[-70.51,49.48],[-70.493,49.464],[-70.523,49.388],[-70.522,49.434],[-70.572,49.482],[-70.596,49.462],[-70.673,49.451],[-70.7,49.466],[-70.714,49.44],[-70.692,49.42],[-70.711,49.416],[-70.747,49.458],[-70.749,49.514],[-70.733,49.515],[-70.747,49.538],[-70.781,49.548],[-70.83,49.525],[-70.803,49.549],[-70.847,49.571],[-70.859,49.521],[-70.841,49.494],[-70.897,49.459],[-70.991,49.34],[-70.975,49.408],[-70.82,49.651],[-70.835,49.594],[-70.783,49.6],[-70.744,49.574],[-70.705,49.489],[-70.647,49.519],[-70.612,49.562],[-70.655,49.471],[-70.616,49.486],[-70.557,49.609],[-70.47,49.647],[-70.482,49.693],[-70.402,49.687],[-70.425,49.657],[-70.41,49.64],[-70.375,49.67],[-70.296,49.663],[-70.316,49.701],[-70.288,49.712],[-70.339,49.821],[-70.433,49.91],[-70.352,49.86],[-70.336,49.907],[-70.321,49.895],[-70.321,49.889]]]}},{"type":"Feature","properties":{},"geometry":{"type":"Polygon","coordinates":[[[-69.17,50.721],[-69.169,50.692],[-69.223,50.62],[-69.229,50.563],[-69.186,50.556],[-69.212,50.467],[-69.171,50.476],[-69.127,50.513],[-69.11,50.508],[-69.241,50.4],[-69.233,50.34],[-69.163,50.388],[-69.219,50.303],[-69.224,50.245],[-69.179,50.188],[-69.129,50.158],[-69.106,50.189],[-69.113,50.241],[-69.081,50.242],[-69.066,50.163],[-69.028,50.198],[-69.022,50.149],[-68.982,50.149],[-69.001,50.014],[-68.958,49.979],[-68.965,49.938],[-68.914,49.906],[-68.947,49.826],[-68.885,49.705],[-68.995,49.797],[-69.042,49.805],[-69.034,49.833],[-68.974,49.864],[-69.014,49.926],[-69.104,49.881],[-69.122,49.795],[-69.166,49.758],[-69.207,49.755],[-69.282,49.805],[-69.305,49.847],[-69.294,49.877],[-69.224,49.785],[-69.173,49.781],[-69.152,49.798],[-69.154,49.847],[-69.102,49.969],[-69.148,50.081],[-69.244,50.129],[-69.281,50.171],[-69.337,50.182],[-69.381,50.151],[-69.488,50.194],[-69.409,50.195],[-69.427,50.219],[-69.366,50.229],[-69.279,50.288],[-69.301,50.402],[-69.344,50.432],[-69.35,50.458],[-69.33,50.484],[-69.312,50.435],[-69.281,50.413],[-69.28,50.458],[-69.232,50.515],[-69.294,50.627],[-69.262,50.631],[-69.26,50.675],[-69.223,50.671],[-69.196,50.736],[-69.179,50.726],[-69.17,50.721]]]}},{"type":"Feature","properties":{},"geometry":{"type":"Polygon","coordinates":[[[-79.681,46.37],[-79.505,46.326],[-79.42,46.236],[-79.37,46.228],[-79.363,46.204],[-79.471,46.207],[-79.524,46.192],[-79.533,46.125],[-79.585,46.141],[-79.687,46.205],[-79.749,46.216],[-79.859,46.203],[-79.996,46.135],[-80.033,46.165],[-80,46.163],[-79.94,46.188],[-79.899,46.215],[-79.904,46.23],[-79.95,46.227],[-80.031,46.247],[-80.295,46.222],[-80.336,46.234],[-80.354,46.278],[-80.377,46.279],[-80.413,46.254],[-80.471,46.28],[-80.45,46.298],[-80.422,46.276],[-80.333,46.304],[-80.305,46.295],[-80.323,46.258],[-80.287,46.238],[-80.245,46.256],[-80.155,46.264],[-80.101,46.249],[-80.085,46.264],[-80.155,46.285],[-80.12,46.291],[-80.166,46.329],[-80.121,46.325],[-80.066,46.345],[-80.031,46.335],[-80.012,46.37],[-79.982,46.331],[-79.918,46.339],[-79.855,46.314],[-79.771,46.338],[-79.735,46.372],[-79.687,46.373],[-79.681,46.37]]]}},{"type":"Feature","properties":{},"geometry":{"type":"Polygon","coordinates":[[[-76.5,47.698],[-76.531,47.666],[-76.508,47.668],[-76.507,47.657],[-76.569,47.644],[-76.57,47.618],[-76.712,47.572],[-76.735,47.526],[-76.701,47.517],[-76.678,47.546],[-76.637,47.555],[-76.632,47.582],[-76.617,47.566],[-76.591,47.574],[-76.599,47.546],[-76.636,47.532],[-76.631,47.484],[-76.525,47.51],[-76.485,47.493],[-76.45,47.499],[-76.449,47.443],[-76.427,47.449],[-76.4,47.433],[-76.368,47.442],[-76.335,47.427],[-76.392,47.418],[-76.456,47.386],[-76.479,47.338],[-76.471,47.296],[-76.501,47.283],[-76.476,47.214],[-76.544,47.189],[-76.493,47.136],[-76.454,47.124],[-76.456,47.099],[-76.42,47.1],[-76.371,47.131],[-76.303,47.085],[-76.36,47.079],[-76.394,47.03],[-76.423,47.064],[-76.461,47.063],[-76.581,47.134],[-76.588,47.143],[-76.563,47.15],[-76.596,47.26],[-76.623,47.288],[-76.682,47.274],[-76.694,47.258],[-76.623,47.171],[-76.66,47.178],[-76.692,47.232],[-76.731,47.244],[-76.694,47.345],[-76.705,47.385],[-76.739,47.341],[-76.757,47.356],[-76.802,47.359],[-76.78,47.381],[-76.794,47.409],[-76.763,47.416],[-76.775,47.473],[-76.736,47.483],[-76.751,47.505],[-76.789,47.497],[-76.821,47.506],[-76.823,47.52],[-76.777,47.515],[-76.731,47.586],[-76.604,47.621],[-76.598,47.653],[-76.564,47.661],[-76.504,47.714],[-76.501,47.7],[-76.5,47.698]]]}},{"type":"Feature","properties":{},"geometry":{"type":"Polygon","coordinates":[[[-92.766,16.381],[-92.79,16.363],[-92.824,16.298],[-92.77,16.292],[-92.735,16.249],[-92.663,16.229],[-92.597,16.183],[-92.566,16.192],[-92.499,16.251],[-92.507,16.219],[-92.544,16.179],[-92.536,16.148],[-92.428,16.08],[-92.393,16.089],[-92.356,16.049],[-92.285,16.022],[-92.226,15.968],[-92.196,15.968],[-92.174,15.94],[-92.132,15.933],[-92.066,15.854],[-92.139,15.897],[-92.174,15.869],[-92.181,15.838],[-92.203,15.819],[-92.199,15.862],[-92.171,15.909],[-92.209,15.918],[-92.272,15.962],[-92.326,15.969],[-92.441,16.057],[-92.485,16.054],[-92.528,16.02],[-92.53,15.957],[-92.562,15.981],[-92.582,15.96],[-92.625,15.946],[-92.586,16.012],[-92.55,16.024],[-92.548,16.041],[-92.524,16.051],[-92.53,16.082],[-92.584,16.089],[-92.615,16.058],[-92.61,16.029],[-92.651,16.048],[-92.687,16.041],[-92.735,16.079],[-92.753,16.028],[-92.794,15.997],[-92.757,16.076],[-92.809,16.028],[-92.809,16.065],[-92.747,16.108],[-92.751,16.16],[-92.624,16.11],[-92.601,16.122],[-92.611,16.145],[-92.729,16.225],[-92.771,16.236],[-92.81,16.274],[-92.824,16.268],[-92.842,16.197],[-92.868,16.167],[-92.891,16.171],[-92.884,16.22],[-92.938,16.197],[-92.964,16.212],[-92.937,16.25],[-92.879,16.24],[-92.882,16.291],[-92.759,16.421],[-92.766,16.386],[-92.766,16.381]]]}},{"type":"Feature","properties":{},"geometry":{"type":"Polygon","coordinates":[[[-97.069,61.081],[-97.124,61.106],[-97.162,61.2],[-97.303,61.244],[-97.266,61.264],[-97.299,61.309],[-97.341,61.322],[-97.356,61.371],[-97.468,61.378],[-97.455,61.4],[-97.515,61.44],[-97.493,61.501],[-97.552,61.522],[-97.521,61.546],[-97.605,61.564],[-97.494,61.595],[-97.496,61.631],[-97.453,61.659],[-97.517,61.666],[-97.565,61.645],[-97.795,61.609],[-97.741,61.645],[-97.752,61.658],[-97.832,61.654],[-97.81,61.708],[-97.754,61.733],[-97.812,61.809],[-97.762,61.783],[-97.691,61.829],[-97.629,61.809],[-97.551,61.815],[-97.595,61.78],[-97.591,61.72],[-97.547,61.697],[-97.392,61.671],[-97.369,61.639],[-97.304,61.624],[-97.274,61.598],[-97.276,61.503],[-97.337,61.433],[-97.306,61.423],[-97.256,61.439],[-97.179,61.391],[-97.23,61.353],[-97.152,61.294],[-97.219,61.3],[-97.227,61.27],[-97.169,61.255],[-97.177,61.233],[-97.09,61.222],[-97.029,61.181],[-97.084,61.171],[-97.065,61.133],[-97.004,61.151],[-96.916,61.146],[-96.942,61.109],[-97.046,61.064],[-97.065,61.078],[-97.069,61.081]]]}},{"type":"Feature","properties":{},"geometry":{"type":"Polygon","coordinates":[[[-76.352,56.525],[-76.301,56.498],[-76.346,56.483],[-76.267,56.449],[-76.287,56.425],[-76.195,56.406],[-76.225,56.388],[-76.295,56.382],[-76.278,56.371],[-76.295,56.348],[-76.188,56.315],[-76.175,56.283],[-75.973,56.218],[-75.921,56.185],[-75.967,56.175],[-75.891,56.146],[-75.894,56.126],[-76,56.136],[-76.061,56.109],[-76.189,56.121],[-76.334,56.111],[-76.452,56.139],[-76.539,56.131],[-76.581,56.155],[-76.457,56.164],[-76.491,56.181],[-76.573,56.177],[-76.497,56.203],[-76.449,56.26],[-76.457,56.291],[-76.359,56.325],[-76.438,56.358],[-76.407,56.387],[-76.443,56.421],[-76.368,56.47],[-76.408,56.536],[-76.351,56.558],[-76.359,56.533],[-76.352,56.525]]]}},{"type":"Feature","properties":{},"geometry":{"type":"Polygon","coordinates":[[[-101.328,18.495],[-101.347,18.462],[-101.379,18.476],[-101.432,18.469],[-101.427,18.427],[-101.467,18.465],[-101.515,18.472],[-101.588,18.516],[-101.634,18.592],[-101.694,18.572],[-101.694,18.549],[-101.726,18.532],[-101.769,18.577],[-101.782,18.561],[-101.848,18.548],[-101.87,18.492],[-101.854,18.442],[-101.865,18.409],[-101.851,18.296],[-101.837,18.282],[-101.787,18.289],[-101.805,18.256],[-101.836,18.239],[-101.88,18.306],[-101.871,18.329],[-101.896,18.408],[-101.918,18.434],[-101.995,18.475],[-101.925,18.469],[-101.889,18.44],[-101.888,18.494],[-101.918,18.514],[-101.897,18.526],[-101.905,18.546],[-101.879,18.561],[-101.877,18.62],[-101.911,18.65],[-101.876,18.652],[-101.876,18.675],[-101.885,18.686],[-101.937,18.68],[-101.941,18.689],[-101.917,18.699],[-101.926,18.715],[-101.959,18.74],[-102,18.732],[-101.996,18.762],[-102.016,18.784],[-102.042,18.777],[-102.056,18.816],[-102.113,18.822],[-102.135,18.849],[-102.072,18.849],[-102.08,18.892],[-102.052,18.913],[-102.027,18.895],[-102.025,18.866],[-102.047,18.841],[-102.025,18.819],[-101.993,18.867],[-102.001,18.901],[-101.973,18.887],[-101.95,18.913],[-101.969,18.849],[-102.003,18.82],[-102.001,18.798],[-101.967,18.762],[-101.935,18.794],[-101.924,18.785],[-101.934,18.758],[-101.87,18.753],[-101.892,18.731],[-101.871,18.693],[-101.809,18.742],[-101.817,18.702],[-101.857,18.656],[-101.853,18.628],[-101.762,18.665],[-101.732,18.655],[-101.706,18.671],[-101.683,18.618],[-101.651,18.618],[-101.646,18.658],[-101.622,18.676],[-101.604,18.649],[-101.603,18.594],[-101.562,18.599],[-101.559,18.535],[-101.513,18.499],[-101.485,18.489],[-101.391,18.524],[-101.348,18.521],[-101.328,18.495]]]}},{"type":"Feature","properties":{},"geometry":{"type":"Polygon","coordinates":[[[-93.994,31.979],[-93.959,31.931],[-93.903,31.912],[-93.842,31.862],[-93.784,31.746],[-93.785,31.611],[-93.761,31.565],[-93.731,31.565],[-93.681,31.623],[-93.709,31.54],[-93.625,31.539],[-93.678,31.517],[-93.692,31.48],[-93.668,31.421],[-93.616,31.447],[-93.596,31.441],[-93.631,31.409],[-93.62,31.387],[-93.642,31.345],[-93.615,31.289],[-93.574,31.307],[-93.591,31.263],[-93.566,31.196],[-93.58,31.172],[-93.631,31.161],[-93.619,31.19],[-93.634,31.198],[-93.672,31.173],[-93.677,31.191],[-93.653,31.214],[-93.665,31.227],[-93.71,31.231],[-93.758,31.203],[-93.739,31.238],[-93.796,31.237],[-93.692,31.266],[-93.779,31.301],[-93.71,31.304],[-93.686,31.366],[-93.717,31.371],[-93.709,31.399],[-93.731,31.407],[-93.842,31.38],[-93.785,31.422],[-93.76,31.469],[-93.832,31.534],[-93.831,31.543],[-93.809,31.537],[-93.813,31.553],[-93.859,31.6],[-93.866,31.629],[-93.846,31.633],[-93.834,31.659],[-93.849,31.714],[-93.867,31.721],[-93.881,31.803],[-93.939,31.839],[-93.981,31.843],[-93.985,31.861],[-93.939,31.847],[-93.927,31.859],[-93.988,31.916],[-94.012,31.961],[-94.064,31.995],[-93.993,31.979],[-93.994,31.979]]]}},{"type":"Feature","properties":{},"geometry":{"type":"Polygon","coordinates":[[[-101.757,60.694],[-101.803,60.73],[-101.711,60.747],[-101.694,60.781],[-101.644,60.793],[-101.604,60.781],[-101.501,60.842],[-101.445,60.831],[-101.437,60.813],[-101.387,60.829],[-101.341,60.821],[-101.313,60.846],[-101.349,60.881],[-101.304,60.932],[-101.345,60.936],[-101.415,60.916],[-101.421,60.933],[-101.533,60.934],[-101.492,60.978],[-101.491,61.018],[-101.588,61.076],[-101.519,61.114],[-101.523,61.159],[-101.458,61.155],[-101.459,61.092],[-101.402,61.011],[-101.342,61.003],[-101.298,61.039],[-101.176,61.057],[-101.174,61.031],[-101.224,61.029],[-101.284,60.974],[-101.237,60.933],[-101.172,60.996],[-101.129,60.932],[-101.092,60.976],[-101.112,61.017],[-101.067,61.063],[-101.069,61.099],[-100.958,61.132],[-100.989,61.193],[-100.939,61.254],[-100.874,61.133],[-100.898,61.107],[-100.876,61.07],[-100.897,61.063],[-100.955,61.085],[-101.016,61.058],[-101.044,61.018],[-101.034,60.969],[-100.976,60.945],[-100.985,60.893],[-101.047,60.88],[-101.13,60.83],[-101.142,60.843],[-101.183,60.84],[-101.423,60.751],[-101.548,60.743],[-101.715,60.682],[-101.758,60.689],[-101.757,60.694]]]}},{"type":"Feature","properties":{},"geometry":{"type":"Polygon","coordinates":[[[-74.273,57.513],[-74.332,57.466],[-74.266,57.425],[-74.435,57.426],[-74.374,57.401],[-74.388,57.391],[-74.499,57.404],[-74.711,57.387],[-74.677,57.367],[-74.524,57.365],[-74.47,57.35],[-74.724,57.291],[-74.726,57.263],[-74.782,57.273],[-74.829,57.258],[-74.707,57.247],[-74.772,57.23],[-74.757,57.218],[-74.586,57.205],[-74.476,57.17],[-74.486,57.155],[-74.451,57.128],[-74.556,57.143],[-74.545,57.154],[-74.574,57.173],[-74.723,57.203],[-74.776,57.175],[-74.907,57.193],[-75.104,57.157],[-75.182,57.157],[-75.131,57.141],[-75.157,57.129],[-75.284,57.141],[-75.279,57.114],[-75.32,57.103],[-75.347,57.118],[-75.458,57.069],[-75.573,57.1],[-75.417,57.112],[-75.554,57.159],[-75.525,57.166],[-75.539,57.188],[-75.378,57.154],[-75.352,57.16],[-75.37,57.177],[-75.299,57.189],[-75.272,57.159],[-75.088,57.188],[-75.091,57.213],[-75.255,57.213],[-75.251,57.234],[-75.284,57.253],[-75.177,57.26],[-75.296,57.282],[-75.175,57.29],[-75.075,57.271],[-75.105,57.253],[-75.021,57.254],[-75.01,57.235],[-74.953,57.231],[-74.919,57.238],[-74.929,57.269],[-74.882,57.293],[-74.818,57.283],[-74.832,57.349],[-74.771,57.339],[-74.724,57.354],[-74.794,57.392],[-74.757,57.397],[-74.758,57.416],[-74.878,57.43],[-74.878,57.448],[-74.766,57.436],[-74.789,57.476],[-74.727,57.441],[-74.715,57.41],[-74.596,57.43],[-74.574,57.456],[-74.492,57.43],[-74.344,57.477],[-74.35,57.49],[-74.424,57.506],[-74.344,57.502],[-74.256,57.529],[-74.266,57.516],[-74.273,57.513]]]}},{"type":"Feature","properties":{},"geometry":{"type":"Polygon","coordinates":[[[-77.321,51.035],[-77.314,51],[-77.369,50.999],[-77.329,50.971],[-77.281,50.95],[-77.191,50.962],[-77.158,50.941],[-77.127,50.941],[-77.124,50.919],[-77.102,50.956],[-76.89,51.053],[-76.808,51.033],[-76.957,50.866],[-76.968,50.837],[-76.948,50.834],[-76.825,50.956],[-76.79,50.955],[-76.783,50.987],[-76.729,50.971],[-76.645,51.039],[-76.583,50.997],[-76.606,50.984],[-76.622,51.001],[-76.655,50.997],[-76.743,50.941],[-76.743,50.909],[-76.681,50.884],[-76.72,50.814],[-76.743,50.827],[-76.718,50.889],[-76.83,50.875],[-76.856,50.848],[-76.822,50.829],[-76.866,50.828],[-76.967,50.784],[-76.977,50.771],[-76.943,50.76],[-77.152,50.706],[-77.034,50.769],[-77.037,50.784],[-77.111,50.811],[-77.115,50.856],[-77.072,50.891],[-77.108,50.887],[-77.179,50.937],[-77.256,50.939],[-77.318,50.895],[-77.352,50.822],[-77.34,50.803],[-77.276,50.825],[-77.289,50.778],[-77.367,50.747],[-77.383,50.782],[-77.342,50.851],[-77.441,50.839],[-77.452,50.879],[-77.424,50.862],[-77.396,50.88],[-77.362,50.877],[-77.313,50.942],[-77.383,50.956],[-77.42,51.01],[-77.326,51.046],[-77.321,51.035]]]}},{"type":"Feature","properties":{},"geometry":{"type":"Polygon","coordinates":[[[-105.695,61.256],[-105.698,61.275],[-105.759,61.291],[-105.704,61.301],[-105.715,61.329],[-105.643,61.366],[-105.649,61.438],[-105.56,61.441],[-105.566,61.468],[-105.63,61.47],[-105.704,61.445],[-105.701,61.505],[-105.797,61.501],[-105.784,61.522],[-105.736,61.534],[-105.72,61.571],[-105.816,61.587],[-105.787,61.612],[-105.811,61.632],[-105.712,61.629],[-105.735,61.601],[-105.693,61.59],[-105.547,61.619],[-105.453,61.614],[-105.31,61.635],[-105.186,61.697],[-105.081,61.705],[-105.068,61.727],[-105.137,61.763],[-105.127,61.807],[-105.154,61.828],[-105.112,61.911],[-105.017,61.924],[-105.052,61.846],[-104.993,61.786],[-105.011,61.702],[-104.977,61.689],[-104.817,61.694],[-104.758,61.668],[-104.719,61.708],[-104.657,61.689],[-104.667,61.649],[-104.765,61.625],[-104.84,61.664],[-105.081,61.657],[-105.083,61.685],[-105.134,61.659],[-105.233,61.644],[-105.275,61.612],[-105.364,61.6],[-105.396,61.504],[-105.472,61.45],[-105.525,61.35],[-105.575,61.351],[-105.665,61.293],[-105.637,61.27],[-105.686,61.244],[-105.696,61.252],[-105.695,61.256]]]}},{"type":"Feature","properties":{},"geometry":{"type":"Polygon","coordinates":[[[-96.701,54.929],[-96.771,54.906],[-97.039,54.874],[-97.118,54.826],[-97.102,54.816],[-97.046,54.824],[-97.082,54.788],[-97.239,54.767],[-97.291,54.738],[-97.317,54.741],[-97.329,54.777],[-97.37,54.774],[-97.483,54.712],[-97.466,54.698],[-97.364,54.706],[-97.426,54.673],[-97.542,54.674],[-97.646,54.658],[-97.691,54.686],[-97.725,54.685],[-97.782,54.638],[-97.776,54.571],[-97.814,54.559],[-97.912,54.563],[-97.964,54.587],[-98.036,54.546],[-98.109,54.556],[-98.102,54.592],[-97.988,54.665],[-97.94,54.674],[-97.898,54.704],[-97.861,54.693],[-97.807,54.705],[-97.741,54.759],[-97.721,54.719],[-97.631,54.733],[-97.554,54.751],[-97.486,54.794],[-97.297,54.818],[-96.981,54.928],[-96.908,54.913],[-96.825,54.939],[-96.696,54.947],[-96.693,54.933],[-96.701,54.929]]]}},{"type":"Feature","properties":{},"geometry":{"type":"Polygon","coordinates":[[[-79.339,44.729],[-79.358,44.686],[-79.35,44.599],[-79.318,44.597],[-79.323,44.573],[-79.224,44.562],[-79.154,44.451],[-79.194,44.353],[-79.231,44.349],[-79.256,44.366],[-79.273,44.343],[-79.399,44.339],[-79.481,44.314],[-79.503,44.286],[-79.461,44.236],[-79.502,44.209],[-79.527,44.243],[-79.523,44.408],[-79.559,44.408],[-79.624,44.381],[-79.668,44.398],[-79.545,44.42],[-79.443,44.516],[-79.401,44.532],[-79.418,44.584],[-79.37,44.619],[-79.408,44.643],[-79.384,44.709],[-79.338,44.749],[-79.337,44.733],[-79.339,44.729]]]}},{"type":"Feature","properties":{},"geometry":{"type":"Polygon","coordinates":[[[-89.332,15.381],[-89.331,15.448],[-89.406,15.475],[-89.375,15.511],[-89.318,15.528],[-89.274,15.519],[-89.235,15.57],[-89.18,15.582],[-89.146,15.567],[-89.065,15.592],[-89.011,15.64],[-88.994,15.674],[-88.945,15.69],[-88.942,15.717],[-88.863,15.749],[-88.847,15.784],[-88.827,15.781],[-88.84,15.742],[-88.887,15.688],[-88.926,15.689],[-88.983,15.659],[-88.985,15.618],[-89.006,15.594],[-88.983,15.511],[-89.081,15.428],[-89.153,15.406],[-89.262,15.417],[-89.249,15.406],[-89.273,15.381],[-89.305,15.364],[-89.329,15.374],[-89.332,15.381]]]}},{"type":"Feature","properties":{},"geometry":{"type":"Polygon","coordinates":[[[-89.581,53.756],[-89.658,53.748],[-89.714,53.683],[-89.919,53.688],[-90.029,53.665],[-90.066,53.679],[-90.082,53.713],[-90.181,53.753],[-90.287,53.762],[-90.343,53.743],[-90.37,53.763],[-90.301,53.816],[-90.319,53.861],[-90.242,53.877],[-90.232,53.842],[-90.184,53.846],[-90.152,53.824],[-90.129,53.837],[-90.152,53.872],[-90.117,53.878],[-90.063,53.86],[-90.056,53.888],[-90.026,53.894],[-89.912,53.868],[-89.836,53.82],[-89.86,53.797],[-89.76,53.802],[-89.679,53.767],[-89.591,53.783],[-89.558,53.771],[-89.572,53.761],[-89.581,53.756]]]}},{"type":"Feature","properties":{},"geometry":{"type":"Polygon","coordinates":[[[-103.211,60.379],[-103.137,60.436],[-103.126,60.476],[-103.165,60.538],[-103.077,60.694],[-102.943,60.724],[-102.946,60.747],[-102.858,60.78],[-102.848,60.84],[-102.785,60.84],[-102.755,60.896],[-102.674,60.925],[-102.625,60.89],[-102.643,60.846],[-102.685,60.831],[-102.704,60.769],[-102.756,60.743],[-102.752,60.701],[-102.842,60.666],[-102.8,60.643],[-102.827,60.631],[-102.89,60.636],[-102.989,60.572],[-102.951,60.538],[-103.021,60.442],[-103.006,60.405],[-102.934,60.389],[-102.912,60.355],[-103.006,60.311],[-103.059,60.325],[-103.109,60.313],[-103.13,60.322],[-103.091,60.359],[-103.114,60.381],[-103.208,60.359],[-103.219,60.376],[-103.211,60.379]]]}},{"type":"Feature","properties":{},"geometry":{"type":"Polygon","coordinates":[[[-70.79,53.045],[-70.676,53.008],[-70.687,52.96],[-70.641,52.962],[-70.616,52.984],[-70.574,52.981],[-70.564,53.008],[-70.496,53.002],[-70.501,52.981],[-70.552,52.975],[-70.523,52.967],[-70.527,52.949],[-70.573,52.926],[-70.517,52.92],[-70.483,52.934],[-70.503,52.952],[-70.463,52.978],[-70.352,52.98],[-70.522,52.9],[-70.499,52.886],[-70.509,52.867],[-70.486,52.858],[-70.47,52.877],[-70.44,52.843],[-70.494,52.831],[-70.489,52.815],[-70.457,52.808],[-70.484,52.682],[-70.394,52.652],[-70.442,52.576],[-70.469,52.627],[-70.543,52.654],[-70.504,52.684],[-70.511,52.726],[-70.537,52.733],[-70.507,52.767],[-70.552,52.813],[-70.621,52.797],[-70.619,52.783],[-70.579,52.787],[-70.576,52.766],[-70.637,52.743],[-70.676,52.708],[-70.687,52.72],[-70.648,52.784],[-70.701,52.768],[-70.789,52.783],[-70.766,52.834],[-70.768,52.953],[-70.817,52.939],[-70.814,52.871],[-70.867,52.885],[-70.916,52.813],[-70.981,52.811],[-70.996,52.891],[-70.977,52.884],[-70.923,52.917],[-70.924,52.945],[-70.899,52.949],[-70.866,52.911],[-70.844,52.917],[-70.844,52.944],[-70.787,52.963],[-70.752,52.966],[-70.743,52.94],[-70.722,52.948],[-70.731,52.984],[-70.705,52.996],[-70.723,53.012],[-70.85,53.004],[-70.819,53.035],[-70.851,53.043],[-70.799,53.076],[-70.794,53.049],[-70.79,53.045]]]}},{"type":"Feature","properties":{},"geometry":{"type":"Polygon","coordinates":[[[-104.898,59.874],[-104.637,60.048],[-104.65,60.088],[-104.596,60.094],[-104.53,60.137],[-104.641,60.201],[-104.625,60.243],[-104.592,60.258],[-104.607,60.283],[-104.526,60.322],[-104.469,60.258],[-104.577,60.225],[-104.592,60.204],[-104.556,60.197],[-104.459,60.228],[-104.452,60.176],[-104.344,60.216],[-104.315,60.21],[-104.327,60.093],[-104.267,59.992],[-104.296,59.956],[-104.2,59.965],[-104.204,59.913],[-104.17,59.879],[-104.244,59.88],[-104.284,59.917],[-104.324,59.88],[-104.306,59.82],[-104.35,59.815],[-104.398,59.893],[-104.448,59.921],[-104.416,59.939],[-104.359,59.938],[-104.369,59.994],[-104.566,59.971],[-104.664,59.981],[-104.902,59.852],[-104.901,59.867],[-104.898,59.874]]]}},{"type":"Feature","properties":{},"geometry":{"type":"Polygon","coordinates":[[[-102.034,62.093],[-101.824,62.225],[-101.848,62.256],[-101.906,62.258],[-101.931,62.274],[-101.88,62.311],[-101.854,62.372],[-101.957,62.418],[-101.946,62.448],[-101.98,62.476],[-101.816,62.51],[-101.827,62.458],[-101.737,62.452],[-101.678,62.399],[-101.725,62.333],[-101.649,62.36],[-101.587,62.412],[-101.393,62.437],[-101.348,62.363],[-101.475,62.204],[-101.517,62.208],[-101.511,62.276],[-101.554,62.268],[-101.592,62.278],[-101.644,62.217],[-101.711,62.218],[-101.884,62.158],[-101.974,62.076],[-102.004,62.07],[-102.041,62.09],[-102.034,62.093]]]}},{"type":"Feature","properties":{},"geometry":{"type":"Polygon","coordinates":[[[-99.769,62.827],[-99.75,62.849],[-99.784,62.855],[-99.785,62.879],[-99.715,62.871],[-99.691,62.883],[-99.681,62.913],[-99.565,62.969],[-99.551,63.026],[-99.485,63.041],[-99.431,63.092],[-99.393,63.086],[-99.36,63.162],[-99.265,63.195],[-99.34,63.123],[-99.336,63.046],[-99.159,62.996],[-99.106,62.925],[-99.224,62.899],[-99.245,62.85],[-99.427,62.791],[-99.457,62.811],[-99.514,62.802],[-99.576,62.814],[-99.618,62.797],[-99.673,62.798],[-99.767,62.822],[-99.769,62.827]]]}},{"type":"Feature","properties":{},"geometry":{"type":"Polygon","coordinates":[[[-76.508,53.471],[-76.553,53.442],[-76.469,53.406],[-76.484,53.377],[-76.582,53.358],[-76.636,53.373],[-76.693,53.336],[-76.662,53.285],[-76.556,53.313],[-76.557,53.332],[-76.528,53.341],[-76.488,53.299],[-76.545,53.301],[-76.685,53.26],[-76.671,53.229],[-76.649,53.244],[-76.63,53.228],[-76.582,53.233],[-76.679,53.202],[-76.699,53.204],[-76.689,53.225],[-76.712,53.225],[-76.723,53.181],[-76.637,53.19],[-76.651,53.148],[-76.807,53.168],[-76.873,53.08],[-76.862,53.055],[-76.821,53.063],[-76.812,53.013],[-76.857,52.972],[-76.63,52.97],[-76.846,52.96],[-76.934,52.974],[-76.892,52.978],[-76.88,53.022],[-76.93,53.033],[-76.909,53.078],[-76.93,53.093],[-76.976,53.093],[-76.983,53.107],[-76.925,53.125],[-76.874,53.182],[-76.868,53.198],[-76.912,53.207],[-76.906,53.218],[-76.813,53.223],[-76.846,53.251],[-76.91,53.23],[-76.953,53.246],[-76.952,53.267],[-76.875,53.275],[-76.899,53.313],[-76.838,53.31],[-76.847,53.331],[-76.912,53.351],[-76.856,53.396],[-76.762,53.427],[-76.759,53.447],[-76.726,53.452],[-76.691,53.488],[-76.655,53.485],[-76.803,53.331],[-76.764,53.309],[-76.708,53.338],[-76.702,53.359],[-76.739,53.34],[-76.741,53.351],[-76.708,53.386],[-76.672,53.391],[-76.676,53.418],[-76.597,53.477],[-76.506,53.484],[-76.506,53.473],[-76.508,53.471]]]}},{"type":"Feature","properties":{},"geometry":{"type":"Polygon","coordinates":[[[-73.607,60.608],[-73.592,60.589],[-73.657,60.578],[-73.667,60.532],[-73.659,60.523],[-73.625,60.557],[-73.571,60.556],[-73.531,60.578],[-73.509,60.55],[-73.531,60.511],[-73.499,60.481],[-73.424,60.454],[-73.353,60.461],[-73.323,60.483],[-73.274,60.435],[-73.364,60.431],[-73.41,60.408],[-73.429,60.439],[-73.463,60.421],[-73.487,60.448],[-73.58,60.449],[-73.576,60.473],[-73.652,60.483],[-73.619,60.503],[-73.706,60.479],[-73.886,60.472],[-73.924,60.482],[-73.882,60.506],[-73.956,60.521],[-73.992,60.549],[-74.155,60.51],[-74.181,60.511],[-74.188,60.537],[-74.232,60.514],[-74.405,60.535],[-74.481,60.521],[-74.499,60.533],[-74.479,60.552],[-74.566,60.574],[-74.66,60.554],[-74.709,60.565],[-74.714,60.585],[-74.751,60.577],[-74.862,60.603],[-74.92,60.593],[-74.976,60.621],[-74.998,60.592],[-75.049,60.628],[-74.928,60.655],[-74.987,60.695],[-74.922,60.697],[-74.912,60.677],[-74.856,60.668],[-74.867,60.705],[-74.794,60.659],[-74.746,60.653],[-74.721,60.619],[-74.638,60.597],[-74.528,60.596],[-74.319,60.539],[-74.199,60.563],[-74.094,60.54],[-73.987,60.576],[-73.98,60.611],[-73.8,60.526],[-73.826,60.566],[-73.717,60.608],[-73.702,60.629],[-73.729,60.661],[-73.665,60.671],[-73.611,60.733],[-73.662,60.755],[-73.594,60.76],[-73.552,60.761],[-73.607,60.608]]]}},{"type":"Feature","properties":{},"geometry":{"type":"Polygon","coordinates":[[[-90.455,51.08],[-90.529,51.076],[-90.646,51.009],[-90.651,51.034],[-90.74,50.997],[-90.775,51.013],[-90.88,51.012],[-90.959,50.943],[-91.153,50.926],[-91.186,50.936],[-91.28,50.931],[-91.404,50.891],[-91.382,50.929],[-91.289,50.995],[-91.265,50.994],[-91.261,50.965],[-91.183,50.966],[-91.167,50.979],[-91.192,51.032],[-91.307,51.064],[-91.204,51.071],[-91.078,51.012],[-90.957,51.002],[-90.873,51.073],[-90.83,51.063],[-90.792,51.078],[-90.769,51.111],[-90.713,51.121],[-90.679,51.179],[-90.601,51.228],[-90.605,51.184],[-90.654,51.128],[-90.503,51.202],[-90.496,51.169],[-90.429,51.151],[-90.437,51.135],[-90.412,51.123],[-90.404,51.095],[-90.445,51.08],[-90.455,51.08]]]}},{"type":"Feature","properties":{},"geometry":{"type":"Polygon","coordinates":[[[-103.111,66.79],[-103.068,66.739],[-103.086,66.704],[-102.98,66.713],[-102.894,66.693],[-102.862,66.712],[-102.807,66.697],[-102.655,66.518],[-102.614,66.554],[-102.635,66.598],[-102.599,66.594],[-102.571,66.482],[-102.539,66.468],[-102.487,66.478],[-102.47,66.465],[-102.478,66.442],[-102.591,66.427],[-102.601,66.409],[-102.473,66.421],[-102.363,66.384],[-102.286,66.438],[-102.184,66.411],[-102.193,66.359],[-102.276,66.351],[-102.332,66.324],[-102.377,66.368],[-102.416,66.368],[-102.439,66.348],[-102.526,66.358],[-102.547,66.312],[-102.608,66.3],[-102.669,66.369],[-102.578,66.377],[-102.688,66.411],[-102.692,66.473],[-102.782,66.502],[-102.841,66.471],[-102.897,66.545],[-103.052,66.562],[-103.057,66.581],[-102.967,66.604],[-103.077,66.679],[-103.205,66.681],[-103.338,66.707],[-103.305,66.752],[-103.187,66.811],[-103.118,66.794],[-103.111,66.79]]]}},{"type":"Feature","properties":{},"geometry":{"type":"Polygon","coordinates":[[[-95.339,62.044],[-95.327,62.067],[-95.354,62.088],[-95.331,62.101],[-95.383,62.159],[-95.334,62.247],[-95.396,62.25],[-95.404,62.294],[-95.351,62.33],[-95.318,62.314],[-95.148,62.316],[-95.098,62.299],[-95.289,62.286],[-95.263,62.236],[-95.279,62.194],[-95.101,62.177],[-95.084,62.183],[-95.127,62.2],[-95.107,62.25],[-94.997,62.213],[-95.047,62.254],[-94.972,62.271],[-95.015,62.308],[-94.964,62.329],[-94.878,62.33],[-94.822,62.371],[-94.709,62.383],[-94.784,62.36],[-94.727,62.35],[-94.793,62.308],[-94.744,62.282],[-94.669,62.308],[-94.649,62.292],[-94.731,62.26],[-94.721,62.226],[-94.747,62.22],[-94.784,62.235],[-94.836,62.218],[-94.773,62.168],[-94.851,62.146],[-94.887,62.166],[-94.905,62.157],[-94.93,62.171],[-94.96,62.156],[-94.991,62.17],[-94.929,62.108],[-94.937,62.088],[-94.993,62.111],[-94.989,62.081],[-95.078,62.094],[-95.161,62.082],[-95.212,62.124],[-95.292,62.136],[-95.295,62.109],[-95.194,62.071],[-95.184,62.044],[-95.284,62.022],[-95.341,62.039],[-95.339,62.044]]]}},{"type":"Feature","properties":{},"geometry":{"type":"Polygon","coordinates":[[[-56.951,49.334],[-56.921,49.305],[-56.934,49.289],[-56.903,49.279],[-56.91,49.257],[-57.062,49.191],[-57.027,49.232],[-57.117,49.211],[-57.144,49.168],[-57.109,49.157],[-57.186,49.113],[-57.4,48.909],[-57.477,48.891],[-57.703,48.692],[-57.923,48.638],[-58.024,48.67],[-58.086,48.667],[-58.052,48.677],[-57.925,48.664],[-57.635,48.875],[-57.439,48.943],[-57.382,49.006],[-57.262,49.07],[-57.252,49.166],[-57.269,49.196],[-57.186,49.176],[-57.085,49.243],[-57.013,49.257],[-57.028,49.279],[-56.983,49.373],[-56.957,49.338],[-56.951,49.334]]]}},{"type":"Feature","properties":{},"geometry":{"type":"Polygon","coordinates":[[[-68.392,57.244],[-68.409,57.112],[-68.366,57.138],[-68.363,57.088],[-68.323,57.084],[-68.311,57.027],[-68.276,57.032],[-68.281,57.003],[-68.229,56.981],[-68.185,56.866],[-68.156,56.881],[-68.132,56.843],[-68.084,56.901],[-68.064,56.9],[-68.118,56.762],[-68.036,56.711],[-67.95,56.735],[-67.936,56.759],[-67.888,56.747],[-67.83,56.772],[-67.898,56.714],[-67.985,56.672],[-68.023,56.679],[-68.055,56.653],[-68.055,56.619],[-67.993,56.565],[-68.105,56.633],[-68.188,56.634],[-68.238,56.651],[-68.356,56.623],[-68.305,56.657],[-68.297,56.688],[-68.155,56.68],[-68.106,56.646],[-68.038,56.694],[-68.103,56.723],[-68.197,56.806],[-68.206,56.837],[-68.232,56.844],[-68.237,56.915],[-68.273,56.93],[-68.306,56.916],[-68.321,56.956],[-68.44,57.053],[-68.457,57.12],[-68.508,57.114],[-68.523,57.052],[-68.578,57.086],[-68.588,57.133],[-68.651,57.142],[-68.684,57.098],[-68.677,57.043],[-68.689,57.027],[-68.699,57.035],[-68.71,57.116],[-68.76,57.174],[-68.746,57.187],[-68.706,57.168],[-68.726,57.211],[-68.699,57.209],[-68.638,57.15],[-68.552,57.145],[-68.551,57.085],[-68.501,57.16],[-68.546,57.231],[-68.571,57.209],[-68.607,57.215],[-68.625,57.237],[-68.586,57.229],[-68.567,57.268],[-68.505,57.261],[-68.487,57.274],[-68.441,57.24],[-68.397,57.249],[-68.392,57.244]]]}},{"type":"Feature","properties":{},"geometry":{"type":"Polygon","coordinates":[[[-105.118,59.284],[-104.959,59.263],[-104.908,59.238],[-105.007,59.165],[-105.151,59.129],[-105.218,59.147],[-105.328,59.145],[-105.535,59.118],[-105.736,59.023],[-105.745,58.919],[-105.801,58.9],[-105.884,58.916],[-105.876,58.968],[-105.81,59.016],[-105.788,59.064],[-105.676,59.113],[-105.561,59.135],[-105.295,59.285],[-105.208,59.304],[-105.127,59.286],[-105.118,59.284]]]}},{"type":"Feature","properties":{},"geometry":{"type":"Polygon","coordinates":[[[-74.194,56.459],[-74.036,56.446],[-74.023,56.452],[-74.065,56.466],[-74.059,56.478],[-73.983,56.472],[-73.964,56.492],[-73.867,56.49],[-73.799,56.528],[-73.717,56.549],[-73.648,56.541],[-73.585,56.559],[-73.624,56.576],[-73.613,56.589],[-73.744,56.597],[-73.761,56.621],[-73.815,56.634],[-73.81,56.653],[-73.702,56.624],[-73.639,56.633],[-73.543,56.594],[-73.511,56.602],[-73.538,56.639],[-73.443,56.635],[-73.448,56.665],[-73.37,56.651],[-73.192,56.665],[-73.233,56.647],[-73.387,56.624],[-73.372,56.604],[-73.462,56.6],[-73.516,56.558],[-73.561,56.551],[-73.495,56.539],[-73.481,56.557],[-73.441,56.559],[-73.381,56.546],[-73.374,56.534],[-73.426,56.516],[-73.416,56.498],[-73.364,56.499],[-73.35,56.519],[-73.284,56.526],[-73.264,56.543],[-73.232,56.538],[-73.217,56.51],[-73.333,56.476],[-73.334,56.46],[-73.373,56.459],[-73.424,56.486],[-73.548,56.483],[-73.677,56.525],[-73.762,56.527],[-73.772,56.51],[-73.708,56.507],[-73.792,56.469],[-73.733,56.445],[-73.89,56.448],[-73.846,56.425],[-73.92,56.423],[-73.884,56.407],[-74.019,56.386],[-73.973,56.362],[-74.004,56.353],[-74.079,56.364],[-74.247,56.427],[-74.31,56.484],[-74.209,56.463],[-74.194,56.459]]]}},{"type":"Feature","properties":{},"geometry":{"type":"Polygon","coordinates":[[[-103.106,54.876],[-103.142,54.841],[-103.232,54.828],[-103.312,54.858],[-103.352,54.913],[-103.379,54.9],[-103.38,54.866],[-103.464,54.874],[-103.481,54.852],[-103.457,54.801],[-103.389,54.784],[-103.459,54.77],[-103.438,54.733],[-103.518,54.733],[-103.529,54.715],[-103.4,54.686],[-103.385,54.671],[-103.428,54.645],[-103.5,54.632],[-103.485,54.605],[-103.516,54.561],[-103.595,54.558],[-103.619,54.599],[-103.688,54.604],[-103.709,54.657],[-103.633,54.738],[-103.751,54.775],[-103.589,54.773],[-103.584,54.748],[-103.561,54.751],[-103.52,54.809],[-103.557,54.881],[-103.446,54.904],[-103.452,54.936],[-103.41,54.948],[-103.432,54.976],[-103.354,54.956],[-103.311,54.96],[-103.257,54.927],[-103.179,54.946],[-103.134,54.886],[-103.09,54.907],[-103.098,54.883],[-103.106,54.876]]]}},{"type":"Feature","properties":{},"geometry":{"type":"Polygon","coordinates":[[[-69.095,53.435],[-69.079,53.468],[-69.001,53.523],[-69.001,53.572],[-68.952,53.548],[-68.902,53.565],[-68.947,53.562],[-68.902,53.593],[-68.955,53.594],[-68.96,53.63],[-68.872,53.648],[-68.858,53.632],[-68.767,53.656],[-68.801,53.722],[-68.851,53.709],[-68.869,53.737],[-68.886,53.708],[-68.899,53.72],[-68.839,53.772],[-68.821,53.745],[-68.778,53.749],[-68.766,53.718],[-68.754,53.754],[-68.774,53.765],[-68.744,53.813],[-68.79,53.822],[-68.903,53.907],[-68.96,53.849],[-68.955,53.913],[-68.979,53.949],[-69.097,53.944],[-69.057,53.969],[-69.064,53.984],[-69.112,53.977],[-69.152,53.939],[-69.251,53.941],[-69.234,53.96],[-69.253,53.976],[-69.2,54.009],[-69.169,53.991],[-69.169,53.961],[-69.141,53.962],[-69.142,54.029],[-69.189,54.043],[-69.162,54.054],[-69.124,54.046],[-69.112,53.996],[-69.034,53.999],[-69.002,54.025],[-69.021,54.051],[-68.971,54.028],[-69.026,53.985],[-69.014,53.972],[-68.977,53.983],[-68.944,53.975],[-68.945,54.009],[-68.927,53.981],[-68.882,53.989],[-68.852,53.961],[-68.872,53.912],[-68.826,53.91],[-68.84,53.884],[-68.804,53.889],[-68.82,53.87],[-68.782,53.855],[-68.729,53.859],[-68.723,53.848],[-68.763,53.835],[-68.708,53.834],[-68.612,53.788],[-68.707,53.797],[-68.713,53.768],[-68.676,53.755],[-68.72,53.75],[-68.72,53.708],[-68.769,53.682],[-68.731,53.668],[-68.737,53.647],[-68.686,53.638],[-68.723,53.599],[-68.685,53.58],[-68.727,53.575],[-68.76,53.551],[-68.763,53.566],[-68.888,53.61],[-68.857,53.593],[-68.852,53.499],[-68.891,53.495],[-68.942,53.436],[-68.928,53.461],[-68.959,53.473],[-68.944,53.5],[-68.983,53.491],[-68.998,53.436],[-69.065,53.417],[-69.086,53.427],[-69.095,53.435]]]}},{"type":"Feature","properties":{},"geometry":{"type":"Polygon","coordinates":[[[-97.122,63.99],[-97.281,63.97],[-97.472,63.916],[-97.473,63.843],[-97.427,63.828],[-97.419,63.796],[-97.439,63.779],[-97.504,63.805],[-97.478,63.76],[-97.652,63.83],[-97.643,63.87],[-97.699,63.885],[-97.701,63.849],[-97.741,63.904],[-97.815,63.915],[-97.844,63.904],[-97.893,63.983],[-98.014,63.996],[-98.056,63.968],[-98.069,63.988],[-98.048,64.031],[-97.987,64.019],[-97.992,64.058],[-97.942,64.066],[-97.931,64.094],[-97.817,64.089],[-97.812,64.049],[-97.767,64.033],[-97.711,64.051],[-97.586,64.055],[-97.599,64.031],[-97.459,63.988],[-97.114,64.008],[-97.113,63.994],[-97.122,63.99]]]}},{"type":"Feature","properties":{},"geometry":{"type":"Polygon","coordinates":[[[-98.205,64.139],[-98.2,64.068],[-98.294,64.024],[-98.343,64.027],[-98.285,63.928],[-98.254,63.929],[-98.196,63.986],[-98.167,63.961],[-98.054,63.938],[-98.083,63.898],[-98.157,63.874],[-98.181,63.824],[-98.133,63.788],[-98.151,63.763],[-98.255,63.874],[-98.322,63.859],[-98.328,63.825],[-98.431,63.838],[-98.485,63.912],[-98.639,63.966],[-98.642,64.042],[-98.586,64.056],[-98.611,64.121],[-98.488,64.09],[-98.428,64.123],[-98.393,64.118],[-98.368,64.131],[-98.311,64.119],[-98.252,64.071],[-98.218,64.113],[-98.259,64.153],[-98.209,64.143],[-98.205,64.139]]]}},{"type":"Feature","properties":{},"geometry":{"type":"Polygon","coordinates":[[[-95.746,62.628],[-95.788,62.648],[-95.773,62.747],[-95.894,62.811],[-95.902,62.851],[-95.978,62.884],[-95.929,62.905],[-95.93,62.97],[-95.826,62.976],[-95.743,62.959],[-95.651,62.989],[-95.678,63.016],[-95.659,63.049],[-95.78,63.066],[-95.799,63.087],[-95.782,63.103],[-95.727,63.087],[-95.663,63.09],[-95.537,63.192],[-95.507,63.174],[-95.394,63.164],[-95.439,63.123],[-95.511,63.136],[-95.527,63.084],[-95.56,63.085],[-95.561,63.013],[-95.519,62.987],[-95.541,62.939],[-95.596,62.921],[-95.682,62.945],[-95.656,62.883],[-95.806,62.921],[-95.834,62.914],[-95.744,62.848],[-95.569,62.81],[-95.661,62.777],[-95.63,62.759],[-95.669,62.739],[-95.655,62.713],[-95.687,62.711],[-95.73,62.678],[-95.631,62.615],[-95.734,62.625],[-95.746,62.628]]]}},{"type":"Feature","properties":{},"geometry":{"type":"Polygon","coordinates":[[[-74.301,59.589],[-74.257,59.54],[-74.106,59.465],[-73.776,59.431],[-73.729,59.419],[-73.769,59.391],[-73.69,59.342],[-73.575,59.345],[-73.566,59.313],[-73.506,59.318],[-73.355,59.283],[-73.459,59.259],[-73.507,59.277],[-73.587,59.267],[-73.651,59.291],[-73.712,59.293],[-73.79,59.353],[-73.857,59.36],[-73.841,59.389],[-73.916,59.375],[-73.922,59.352],[-73.949,59.349],[-73.965,59.397],[-73.922,59.388],[-73.823,59.415],[-73.953,59.445],[-74.219,59.431],[-74.314,59.406],[-74.416,59.445],[-74.461,59.402],[-74.466,59.433],[-74.521,59.473],[-74.574,59.451],[-74.558,59.404],[-74.579,59.394],[-74.644,59.448],[-74.741,59.464],[-74.706,59.483],[-74.616,59.476],[-74.718,59.51],[-74.622,59.506],[-74.635,59.519],[-74.609,59.534],[-74.632,59.563],[-74.492,59.554],[-74.483,59.493],[-74.423,59.496],[-74.461,59.512],[-74.431,59.548],[-74.311,59.496],[-74.222,59.491],[-74.324,59.543],[-74.297,59.557],[-74.335,59.591],[-74.314,59.598],[-74.301,59.589]]]}},{"type":"Feature","properties":{},"geometry":{"type":"Polygon","coordinates":[[[-65.144,52.567],[-65.132,52.623],[-65.317,52.694],[-65.347,52.697],[-65.354,52.675],[-65.427,52.693],[-65.468,52.729],[-65.452,52.761],[-65.474,52.803],[-65.392,52.782],[-65.367,52.74],[-65.364,52.769],[-65.419,52.806],[-65.377,52.808],[-65.329,52.787],[-65.291,52.81],[-65.334,52.878],[-65.313,52.92],[-65.221,52.878],[-65.206,52.903],[-65.196,52.873],[-65.151,52.849],[-65.091,52.859],[-65.069,52.85],[-65.071,52.836],[-65.104,52.836],[-65.08,52.81],[-65.04,52.817],[-65.075,52.794],[-65.073,52.746],[-64.956,52.655],[-65.071,52.661],[-65.164,52.692],[-65.099,52.717],[-65.178,52.764],[-65.192,52.755],[-65.164,52.716],[-65.254,52.689],[-65.192,52.664],[-65.101,52.659],[-65.104,52.642],[-65.047,52.648],[-65.079,52.616],[-65.043,52.606],[-64.93,52.516],[-65.069,52.59],[-65.112,52.577],[-65.136,52.545],[-65.144,52.564],[-65.144,52.567]]]}},{"type":"Feature","properties":{},"geometry":{"type":"Polygon","coordinates":[[[-68.994,53.225],[-68.996,53.251],[-69.035,53.272],[-69.011,53.303],[-68.995,53.304],[-69.003,53.271],[-68.948,53.261],[-68.888,53.293],[-68.88,53.344],[-68.826,53.375],[-68.823,53.401],[-68.78,53.399],[-68.749,53.435],[-68.741,53.409],[-68.662,53.433],[-68.64,53.418],[-68.612,53.428],[-68.583,53.467],[-68.628,53.492],[-68.712,53.456],[-68.749,53.478],[-68.702,53.559],[-68.674,53.55],[-68.717,53.506],[-68.692,53.48],[-68.663,53.506],[-68.596,53.515],[-68.534,53.505],[-68.526,53.539],[-68.574,53.545],[-68.532,53.579],[-68.5,53.581],[-68.519,53.637],[-68.551,53.614],[-68.567,53.621],[-68.543,53.675],[-68.566,53.677],[-68.604,53.651],[-68.638,53.596],[-68.624,53.648],[-68.657,53.646],[-68.684,53.685],[-68.642,53.678],[-68.579,53.727],[-68.511,53.748],[-68.537,53.727],[-68.521,53.715],[-68.476,53.727],[-68.451,53.708],[-68.349,53.697],[-68.277,53.713],[-68.172,53.703],[-68.204,53.691],[-68.377,53.686],[-68.239,53.67],[-68.322,53.666],[-68.338,53.662],[-68.318,53.654],[-68.352,53.649],[-68.279,53.633],[-68.249,53.64],[-68.25,53.623],[-68.415,53.649],[-68.482,53.63],[-68.471,53.567],[-68.411,53.613],[-68.436,53.571],[-68.408,53.548],[-68.458,53.541],[-68.509,53.487],[-68.472,53.458],[-68.479,53.423],[-68.551,53.42],[-68.603,53.398],[-68.578,53.35],[-68.447,53.256],[-68.399,53.193],[-68.596,53.339],[-68.617,53.388],[-68.669,53.409],[-68.736,53.389],[-68.76,53.331],[-68.787,53.337],[-68.783,53.36],[-68.841,53.341],[-68.864,53.276],[-68.946,53.243],[-68.963,53.181],[-68.992,53.218],[-68.994,53.225]]]}},{"type":"Feature","properties":{},"geometry":{"type":"Polygon","coordinates":[[[-97.276,66.619],[-97.346,66.567],[-97.277,66.531],[-97.326,66.498],[-97.328,66.396],[-97.259,66.418],[-97.187,66.361],[-97.137,66.41],[-97.112,66.374],[-97.09,66.399],[-97.049,66.383],[-97.023,66.477],[-96.983,66.487],[-96.959,66.424],[-97.029,66.372],[-96.943,66.283],[-97.005,66.291],[-97.093,66.353],[-97.118,66.339],[-97.157,66.352],[-97.219,66.338],[-97.236,66.371],[-97.308,66.277],[-97.358,66.298],[-97.417,66.292],[-97.449,66.323],[-97.381,66.317],[-97.398,66.366],[-97.505,66.417],[-97.559,66.296],[-97.616,66.286],[-97.726,66.212],[-97.79,66.233],[-97.82,66.275],[-97.884,66.281],[-97.803,66.309],[-97.865,66.324],[-97.886,66.35],[-97.822,66.365],[-97.78,66.336],[-97.751,66.368],[-97.712,66.355],[-97.647,66.381],[-97.62,66.319],[-97.58,66.328],[-97.555,66.371],[-97.582,66.388],[-97.539,66.444],[-97.631,66.488],[-97.642,66.517],[-97.515,66.47],[-97.428,66.592],[-97.375,66.593],[-97.36,66.624],[-97.31,66.626],[-97.314,66.646],[-97.278,66.625],[-97.276,66.619]]]}},{"type":"Feature","properties":{},"geometry":{"type":"Polygon","coordinates":[[[-64.654,52.558],[-64.727,52.584],[-64.721,52.628],[-64.669,52.596],[-64.587,52.616],[-64.621,52.638],[-64.636,52.623],[-64.688,52.667],[-64.686,52.679],[-64.634,52.681],[-64.68,52.715],[-64.641,52.736],[-64.762,52.814],[-64.704,52.831],[-64.632,52.808],[-64.668,52.84],[-64.654,52.869],[-64.684,52.893],[-64.67,52.909],[-64.607,52.89],[-64.617,52.838],[-64.575,52.798],[-64.611,52.799],[-64.619,52.785],[-64.474,52.74],[-64.536,52.727],[-64.533,52.711],[-64.441,52.678],[-64.383,52.603],[-64.314,52.591],[-64.19,52.504],[-64.169,52.471],[-64.327,52.557],[-64.326,52.521],[-64.406,52.557],[-64.387,52.521],[-64.473,52.54],[-64.432,52.499],[-64.55,52.542],[-64.649,52.552],[-64.654,52.558]]]}},{"type":"Feature","properties":{},"geometry":{"type":"Polygon","coordinates":[[[-95.439,64.957],[-95.538,64.932],[-95.419,64.837],[-95.442,64.816],[-95.486,64.813],[-95.438,64.789],[-95.455,64.756],[-95.487,64.75],[-95.556,64.748],[-95.574,64.77],[-95.609,64.772],[-95.592,64.813],[-95.681,64.81],[-95.653,64.832],[-95.549,64.847],[-95.654,64.875],[-95.745,64.878],[-95.799,64.86],[-95.779,64.918],[-95.858,64.912],[-95.896,64.936],[-95.93,64.916],[-95.854,64.884],[-95.861,64.828],[-95.895,64.856],[-95.951,64.867],[-95.958,64.897],[-96.1,64.904],[-95.96,64.98],[-95.968,65.011],[-95.805,64.988],[-95.831,65.037],[-95.614,64.969],[-95.462,65.007],[-95.517,65.04],[-95.597,65.019],[-95.711,65.026],[-95.611,65.035],[-95.572,65.061],[-95.44,65.03],[-95.319,65.039],[-95.174,65.013],[-95.196,64.989],[-95.271,65.008],[-95.296,64.982],[-95.358,64.998],[-95.351,64.959],[-95.434,64.957],[-95.439,64.957]]]}},{"type":"Feature","properties":{},"geometry":{"type":"Polygon","coordinates":[[[-99.847,51.437],[-99.761,51.345],[-99.55,51.201],[-99.556,51.175],[-99.64,51.111],[-99.758,51.12],[-99.837,51.165],[-99.858,51.254],[-99.912,51.307],[-99.904,51.351],[-99.942,51.356],[-99.963,51.431],[-99.89,51.457],[-99.856,51.446],[-99.847,51.437]]]}},{"type":"Feature","properties":{},"geometry":{"type":"Polygon","coordinates":[[[-93.124,51.274],[-93.092,51.22],[-93.179,51.176],[-93.11,51.162],[-93.073,51.178],[-93.042,51.151],[-93.142,51.127],[-93.189,51.135],[-93.262,51.101],[-93.253,51.076],[-93.208,51.085],[-93.152,51.075],[-93.227,51.02],[-93.295,51.039],[-93.284,51.065],[-93.325,51.088],[-93.371,51.092],[-93.465,51.171],[-93.49,51.201],[-93.48,51.247],[-93.372,51.309],[-93.357,51.296],[-93.402,51.259],[-93.342,51.267],[-93.334,51.249],[-93.2,51.309],[-93.13,51.279],[-93.124,51.274]]]}},{"type":"Feature","properties":{},"geometry":{"type":"Polygon","coordinates":[[[-100.476,56.121],[-100.481,56.094],[-100.438,56.061],[-100.467,56.033],[-100.452,56.005],[-100.43,55.989],[-100.363,55.986],[-100.35,55.958],[-100.392,55.851],[-100.145,55.849],[-100.062,55.799],[-100.057,55.741],[-99.949,55.747],[-99.947,55.714],[-99.91,55.699],[-99.959,55.694],[-100.006,55.708],[-100.024,55.655],[-100.055,55.702],[-100.133,55.723],[-100.122,55.773],[-100.228,55.817],[-100.247,55.793],[-100.364,55.811],[-100.434,55.793],[-100.436,55.767],[-100.375,55.744],[-100.436,55.729],[-100.485,55.614],[-100.53,55.685],[-100.517,55.726],[-100.651,55.758],[-100.732,55.757],[-100.576,55.785],[-100.542,55.83],[-100.461,55.873],[-100.45,55.947],[-100.506,55.982],[-100.53,56.029],[-100.518,56.124],[-100.489,56.137],[-100.478,56.126],[-100.476,56.121]]]}},{"type":"Feature","properties":{},"geometry":{"type":"Polygon","coordinates":[[[-99.186,63.622],[-99.279,63.683],[-99.235,63.721],[-99.24,63.756],[-99.28,63.773],[-99.259,63.8],[-99.214,63.826],[-99.129,63.814],[-99.141,63.771],[-99.1,63.738],[-98.948,63.761],[-98.986,63.806],[-99.048,63.784],[-99.074,63.795],[-99.043,63.87],[-99.064,63.892],[-98.977,63.871],[-98.908,63.892],[-98.815,63.858],[-98.778,63.895],[-98.756,63.863],[-98.702,63.847],[-98.661,63.775],[-98.746,63.786],[-98.772,63.822],[-98.822,63.829],[-98.83,63.807],[-98.714,63.677],[-98.724,63.645],[-98.849,63.614],[-98.85,63.674],[-98.922,63.691],[-98.973,63.671],[-99.09,63.678],[-99.145,63.618],[-99.181,63.618],[-99.186,63.622]]]}},{"type":"Feature","properties":{},"geometry":{"type":"Polygon","coordinates":[[[-103.127,55.474],[-103.123,55.436],[-103.168,55.39],[-103.216,55.399],[-103.232,55.359],[-103.301,55.373],[-103.338,55.361],[-103.341,55.344],[-103.29,55.319],[-103.3,55.291],[-103.174,55.231],[-103.064,55.246],[-102.915,55.175],[-102.866,55.176],[-102.883,55.207],[-102.863,55.221],[-102.632,55.191],[-102.638,55.163],[-102.747,55.181],[-102.785,55.16],[-102.71,55.094],[-102.706,55.05],[-102.739,54.999],[-102.783,55.054],[-102.77,55.106],[-102.836,55.118],[-102.866,55.146],[-102.941,55.128],[-102.93,55.089],[-103.01,55.093],[-103.022,55.048],[-103.087,55.03],[-103.094,55.108],[-103.079,55.127],[-103.033,55.128],[-103.014,55.175],[-103.078,55.208],[-103.135,55.196],[-103.265,55.199],[-103.286,55.239],[-103.361,55.254],[-103.332,55.284],[-103.369,55.307],[-103.384,55.348],[-103.461,55.365],[-103.461,55.382],[-103.37,55.377],[-103.34,55.398],[-103.274,55.409],[-103.251,55.43],[-103.167,55.453],[-103.145,55.487],[-103.123,55.476],[-103.127,55.474]]]}},{"type":"Feature","properties":{},"geometry":{"type":"Polygon","coordinates":[[[-100.709,56.231],[-100.763,56.274],[-100.824,56.272],[-100.92,56.305],[-100.932,56.328],[-100.908,56.37],[-100.828,56.365],[-100.809,56.322],[-100.712,56.283],[-100.61,56.281],[-100.603,56.294],[-100.687,56.349],[-100.497,56.3],[-100.41,56.345],[-100.357,56.35],[-100.352,56.391],[-100.283,56.425],[-100.322,56.464],[-100.311,56.477],[-100.231,56.466],[-100.19,56.434],[-100.018,56.491],[-100.059,56.449],[-100.162,56.401],[-100.178,56.373],[-100.251,56.366],[-100.253,56.337],[-100.324,56.319],[-100.307,56.267],[-100.35,56.249],[-100.45,56.242],[-100.361,56.169],[-100.501,56.222],[-100.589,56.207],[-100.707,56.228],[-100.709,56.231]]]}},{"type":"Feature","properties":{},"geometry":{"type":"Polygon","coordinates":[[[-102.076,54.702],[-102.077,54.638],[-102.133,54.546],[-102.128,54.454],[-102.235,54.451],[-102.272,54.427],[-102.315,54.447],[-102.322,54.474],[-102.418,54.508],[-102.392,54.543],[-102.343,54.549],[-102.355,54.67],[-102.221,54.761],[-102.154,54.719],[-102.13,54.727],[-102.079,54.703],[-102.076,54.702]]]}},{"type":"Feature","properties":{},"geometry":{"type":"Polygon","coordinates":[[[-88.426,44.201],[-88.359,44.198],[-88.306,44.167],[-88.335,44.098],[-88.324,43.919],[-88.39,43.861],[-88.406,43.816],[-88.449,43.8],[-88.471,43.824],[-88.464,43.894],[-88.514,43.969],[-88.522,44.053],[-88.444,44.158],[-88.459,44.219],[-88.435,44.201],[-88.426,44.201]]]}},{"type":"Feature","properties":{},"geometry":{"type":"Polygon","coordinates":[[[-99.951,63.878],[-99.961,63.962],[-99.999,64.002],[-99.947,64.048],[-99.985,64.073],[-99.912,64.13],[-99.84,64.155],[-99.739,64.146],[-99.763,64.094],[-99.735,64.087],[-99.63,64.137],[-99.711,64.055],[-99.636,64.057],[-99.628,64.03],[-99.595,64.043],[-99.58,64.121],[-99.55,64.126],[-99.521,64.091],[-99.539,64.049],[-99.501,64.041],[-99.483,63.971],[-99.565,63.928],[-99.638,63.928],[-99.672,63.943],[-99.654,63.991],[-99.715,64.009],[-99.763,63.986],[-99.743,63.918],[-99.81,63.836],[-99.842,63.832],[-99.884,63.87],[-99.971,63.857],[-99.959,63.872],[-99.951,63.878]]]}},{"type":"Feature","properties":{},"geometry":{"type":"Polygon","coordinates":[[[-97.283,55.216],[-97.36,55.182],[-97.304,55.165],[-97.446,55.118],[-97.591,55.091],[-97.667,55.054],[-97.6,55.053],[-97.433,55.091],[-97.271,55.067],[-97.272,55.046],[-97.509,55.011],[-97.442,55.04],[-97.464,55.047],[-97.612,54.997],[-97.639,55.003],[-97.636,55.028],[-97.828,54.947],[-97.94,54.941],[-97.857,55.004],[-97.974,54.999],[-97.779,55.048],[-97.681,55.091],[-97.662,55.151],[-97.595,55.187],[-97.479,55.218],[-97.457,55.214],[-97.5,55.186],[-97.361,55.223],[-97.253,55.233],[-97.271,55.219],[-97.283,55.216]]]}},{"type":"Feature","properties":{},"geometry":{"type":"Polygon","coordinates":[[[-96.537,18.351],[-96.48,18.326],[-96.407,18.269],[-96.404,18.235],[-96.36,18.2],[-96.371,18.185],[-96.409,18.224],[-96.434,18.224],[-96.386,18.174],[-96.388,18.131],[-96.406,18.122],[-96.409,18.093],[-96.426,18.103],[-96.414,18.132],[-96.425,18.16],[-96.442,18.144],[-96.48,18.151],[-96.505,18.128],[-96.599,18.193],[-96.612,18.252],[-96.642,18.297],[-96.604,18.303],[-96.648,18.339],[-96.59,18.341],[-96.63,18.379],[-96.682,18.39],[-96.687,18.403],[-96.586,18.4],[-96.567,18.42],[-96.537,18.382],[-96.596,18.386],[-96.601,18.373],[-96.538,18.351],[-96.537,18.351]]]}},{"type":"Feature","properties":{},"geometry":{"type":"Polygon","coordinates":[[[-66.136,52.518],[-66.182,52.558],[-66.156,52.607],[-66.204,52.707],[-66.223,52.658],[-66.264,52.654],[-66.278,52.665],[-66.248,52.806],[-66.229,52.805],[-66.203,52.855],[-66.247,52.885],[-66.224,52.939],[-66.248,52.992],[-66.225,53.007],[-66.18,52.851],[-66.124,52.803],[-66.059,52.676],[-66.07,52.669],[-66.104,52.708],[-66.101,52.659],[-66.135,52.635],[-66.077,52.599],[-66.036,52.597],[-66.037,52.575],[-65.985,52.614],[-65.945,52.607],[-65.862,52.555],[-65.876,52.51],[-65.908,52.511],[-65.931,52.537],[-65.971,52.53],[-65.959,52.502],[-65.986,52.502],[-66.001,52.466],[-65.957,52.442],[-65.984,52.421],[-65.991,52.354],[-66.057,52.493],[-66.087,52.509],[-66.106,52.464],[-66.135,52.516],[-66.136,52.518]]]}},{"type":"Feature","properties":{},"geometry":{"type":"Polygon","coordinates":[[[-77.427,50.33],[-77.391,50.309],[-77.431,50.277],[-77.403,50.253],[-77.436,50.206],[-77.418,50.144],[-77.465,50.058],[-77.427,50.038],[-77.443,50.002],[-77.426,49.969],[-77.469,49.889],[-77.449,49.88],[-77.362,49.887],[-77.291,49.934],[-77.224,49.955],[-77.226,49.917],[-77.271,49.889],[-77.362,49.867],[-77.338,49.846],[-77.352,49.835],[-77.413,49.859],[-77.522,49.842],[-77.559,49.815],[-77.588,49.839],[-77.652,49.806],[-77.754,49.827],[-77.8,49.821],[-77.841,49.746],[-77.904,49.712],[-77.846,49.769],[-77.877,49.797],[-77.822,49.827],[-77.714,49.849],[-77.721,49.873],[-77.778,49.895],[-77.757,49.91],[-77.676,49.944],[-77.639,49.913],[-77.539,49.926],[-77.594,49.895],[-77.604,49.872],[-77.501,49.886],[-77.476,50.006],[-77.506,50.046],[-77.449,50.126],[-77.513,50.174],[-77.471,50.21],[-77.475,50.271],[-77.569,50.287],[-77.622,50.27],[-77.666,50.321],[-77.646,50.328],[-77.564,50.302],[-77.434,50.331],[-77.427,50.33]]]}},{"type":"Feature","properties":{},"geometry":{"type":"Polygon","coordinates":[[[-93.551,46.35],[-93.534,46.327],[-93.544,46.236],[-93.488,46.149],[-93.519,46.148],[-93.552,46.123],[-93.597,46.138],[-93.653,46.117],[-93.761,46.162],[-93.767,46.209],[-93.799,46.221],[-93.837,46.287],[-93.731,46.342],[-93.639,46.364],[-93.57,46.366],[-93.556,46.356],[-93.551,46.35]]]}},{"type":"Feature","properties":{},"geometry":{"type":"Polygon","coordinates":[[[-104.721,61.241],[-104.664,61.273],[-104.672,61.298],[-104.621,61.313],[-104.643,61.326],[-104.539,61.351],[-104.511,61.429],[-104.562,61.463],[-104.704,61.467],[-104.732,61.483],[-104.831,61.484],[-104.869,61.468],[-104.861,61.489],[-104.651,61.533],[-104.596,61.577],[-104.528,61.573],[-104.315,61.64],[-104.234,61.631],[-104.151,61.646],[-104.147,61.626],[-104.223,61.575],[-104.279,61.596],[-104.375,61.592],[-104.527,61.516],[-104.513,61.503],[-104.452,61.509],[-104.478,61.473],[-104.452,61.437],[-104.407,61.435],[-104.434,61.391],[-104.214,61.43],[-104.176,61.425],[-104.323,61.358],[-104.232,61.33],[-104.241,61.298],[-104.28,61.299],[-104.276,61.323],[-104.388,61.322],[-104.413,61.337],[-104.524,61.308],[-104.508,61.271],[-104.587,61.25],[-104.524,61.213],[-104.593,61.184],[-104.604,61.219],[-104.725,61.236],[-104.721,61.241]]]}},{"type":"Feature","properties":{},"geometry":{"type":"Polygon","coordinates":[[[-72.102,56.1],[-71.917,56.126],[-71.857,56.065],[-71.859,56.036],[-71.907,56.023],[-71.94,56.064],[-72.036,56.067],[-72.057,56.038],[-71.98,56.037],[-71.953,56.024],[-72.029,56.009],[-71.816,56.017],[-71.753,55.977],[-71.748,55.968],[-71.777,55.966],[-71.834,56.002],[-71.893,55.998],[-71.862,55.965],[-71.914,55.948],[-71.921,55.921],[-71.845,55.941],[-71.808,55.914],[-71.894,55.89],[-71.886,55.856],[-71.919,55.822],[-72.014,55.829],[-71.972,55.852],[-72.061,55.878],[-72.177,55.882],[-72.083,55.903],[-72.122,55.939],[-72.047,55.939],[-72.163,55.959],[-72.049,55.961],[-72.009,55.947],[-71.999,55.957],[-72.035,55.983],[-72.101,55.978],[-72.17,55.992],[-72.244,55.979],[-72.217,56.004],[-72.261,56.016],[-72.236,56.041],[-72.268,56.042],[-72.249,56.063],[-72.279,56.081],[-72.25,56.091],[-72.175,56.076],[-72.126,56.095],[-72.102,56.1]]]}},{"type":"Feature","properties":{},"geometry":{"type":"Polygon","coordinates":[[[-88.209,36.968],[-88.135,36.864],[-88.03,36.625],[-88.006,36.517],[-88.034,36.429],[-87.956,36.32],[-87.926,36.191],[-87.896,36.167],[-87.923,36.096],[-87.982,36.03],[-87.999,35.98],[-87.972,35.939],[-87.984,35.929],[-88.04,35.967],[-87.995,36.006],[-88.035,36.048],[-87.989,36.07],[-87.939,36.121],[-87.955,36.229],[-88.04,36.394],[-88.08,36.346],[-88.089,36.244],[-88.108,36.248],[-88.105,36.303],[-88.144,36.303],[-88.136,36.341],[-88.097,36.379],[-88.121,36.409],[-88.077,36.426],[-88.048,36.538],[-88.067,36.599],[-88.097,36.622],[-88.08,36.649],[-88.09,36.684],[-88.284,37.016],[-88.211,36.971],[-88.209,36.968]]]}},{"type":"Feature","properties":{},"geometry":{"type":"Polygon","coordinates":[[[-99.16,26.56],[-99.243,26.578],[-99.283,26.644],[-99.268,26.655],[-99.244,26.634],[-99.236,26.67],[-99.256,26.76],[-99.248,26.798],[-99.275,26.836],[-99.316,26.821],[-99.323,26.78],[-99.353,26.762],[-99.382,26.768],[-99.391,26.798],[-99.411,26.794],[-99.412,26.81],[-99.388,26.823],[-99.366,26.777],[-99.356,26.781],[-99.341,26.854],[-99.35,26.915],[-99.411,26.953],[-99.398,26.989],[-99.458,27.022],[-99.46,27.055],[-99.386,27.011],[-99.361,27.011],[-99.364,26.949],[-99.328,26.946],[-99.299,26.924],[-99.278,26.883],[-99.235,26.898],[-99.207,26.941],[-99.188,26.943],[-99.212,26.911],[-99.212,26.877],[-99.244,26.869],[-99.233,26.825],[-99.214,26.831],[-99.201,26.809],[-99.209,26.755],[-99.185,26.746],[-99.183,26.699],[-99.147,26.758],[-99.086,26.752],[-99.13,26.739],[-99.154,26.715],[-99.121,26.69],[-99.147,26.667],[-99.129,26.65],[-99.16,26.646],[-99.162,26.608],[-99.143,26.618],[-99.135,26.606],[-99.15,26.57],[-99.16,26.56]]]}},{"type":"Feature","properties":{},"geometry":{"type":"Polygon","coordinates":[[[-87.959,50.744],[-88.046,50.721],[-88.136,50.753],[-88.136,50.709],[-88.181,50.67],[-88.169,50.662],[-88.117,50.679],[-88.134,50.621],[-88.186,50.635],[-88.336,50.632],[-88.4,50.603],[-88.459,50.597],[-88.488,50.624],[-88.417,50.643],[-88.359,50.684],[-88.297,50.693],[-88.263,50.731],[-88.186,50.728],[-88.184,50.777],[-88.261,50.788],[-88.287,50.761],[-88.392,50.781],[-88.449,50.772],[-88.473,50.798],[-88.531,50.768],[-88.615,50.795],[-88.569,50.851],[-88.527,50.823],[-88.457,50.83],[-88.335,50.801],[-88.483,50.926],[-88.475,50.952],[-88.41,50.911],[-88.282,50.867],[-88.261,50.812],[-88.191,50.801],[-88.158,50.812],[-88.051,50.754],[-88.018,50.749],[-87.965,50.768],[-87.954,50.744],[-87.959,50.744]]]}},{"type":"Feature","properties":{},"geometry":{"type":"Polygon","coordinates":[[[-92.073,63.031],[-92.076,63.007],[-92.011,62.964],[-92.254,63.054],[-92.369,63.076],[-92.353,63.037],[-92.274,63.01],[-92.334,63.003],[-92.44,63.06],[-92.505,63.074],[-92.493,63.113],[-92.525,63.114],[-92.559,63.082],[-92.629,63.097],[-92.663,63.13],[-92.694,63.071],[-92.773,63.058],[-92.773,63.019],[-92.652,62.947],[-92.545,62.916],[-92.561,62.908],[-92.639,62.932],[-92.824,62.952],[-92.81,62.974],[-92.837,62.991],[-92.796,63.005],[-92.806,63.024],[-92.895,63.018],[-92.922,63.029],[-92.899,63.048],[-92.937,63.053],[-92.885,63.069],[-92.847,63.108],[-92.989,63.161],[-93.008,63.248],[-92.969,63.248],[-92.922,63.214],[-92.784,63.164],[-92.751,63.189],[-92.683,63.154],[-92.621,63.153],[-92.572,63.098],[-92.549,63.128],[-92.431,63.148],[-92.327,63.129],[-92.291,63.113],[-92.31,63.094],[-92.245,63.074],[-92.074,63.044],[-92.073,63.031]]]}},{"type":"Feature","properties":{},"geometry":{"type":"Polygon","coordinates":[[[-75.238,50.577],[-75.102,50.578],[-75.155,50.509],[-75.179,50.525],[-75.2,50.52],[-75.197,50.443],[-75.148,50.425],[-75.124,50.428],[-75.112,50.459],[-75.094,50.442],[-75.065,50.449],[-74.993,50.511],[-74.937,50.536],[-74.919,50.536],[-74.954,50.516],[-74.985,50.453],[-74.981,50.426],[-74.947,50.427],[-74.944,50.405],[-74.922,50.476],[-74.882,50.463],[-74.891,50.432],[-74.808,50.484],[-74.777,50.456],[-74.82,50.418],[-74.906,50.398],[-74.924,50.368],[-74.96,50.369],[-74.973,50.311],[-75.083,50.26],[-75.121,50.149],[-75.175,50.123],[-75.102,50.226],[-75.11,50.268],[-75.069,50.299],[-75.023,50.299],[-74.965,50.399],[-75.023,50.426],[-75.036,50.404],[-75.035,50.442],[-75.083,50.426],[-75.093,50.407],[-75.062,50.391],[-75.127,50.395],[-75.132,50.373],[-75.092,50.363],[-75.144,50.352],[-75.169,50.303],[-75.161,50.282],[-75.129,50.278],[-75.241,50.242],[-75.262,50.254],[-75.348,50.248],[-75.339,50.266],[-75.207,50.276],[-75.2,50.303],[-75.27,50.312],[-75.205,50.318],[-75.224,50.349],[-75.172,50.361],[-75.168,50.401],[-75.221,50.434],[-75.21,50.49],[-75.248,50.466],[-75.304,50.474],[-75.357,50.45],[-75.336,50.479],[-75.352,50.495],[-75.305,50.527],[-75.306,50.544],[-75.428,50.563],[-75.315,50.561],[-75.247,50.577],[-75.238,50.577]]]}},{"type":"Feature","properties":{},"geometry":{"type":"Polygon","coordinates":[[[-96.507,54.205],[-96.72,54.135],[-96.783,54.134],[-96.905,54.197],[-97.032,54.186],[-97.103,54.236],[-97.167,54.252],[-97.126,54.276],[-97.007,54.266],[-96.969,54.249],[-96.904,54.278],[-96.792,54.271],[-96.682,54.327],[-96.687,54.293],[-96.617,54.291],[-96.606,54.255],[-96.482,54.234],[-96.488,54.217],[-96.507,54.205]]]}},{"type":"Feature","properties":{},"geometry":{"type":"Polygon","coordinates":[[[-70.938,50.948],[-70.908,50.868],[-70.918,50.827],[-70.884,50.812],[-70.851,50.829],[-70.854,50.783],[-70.826,50.784],[-70.817,50.759],[-70.788,50.764],[-70.782,50.715],[-70.741,50.726],[-70.712,50.681],[-70.678,50.701],[-70.601,50.677],[-70.599,50.705],[-70.639,50.746],[-70.628,50.754],[-70.594,50.739],[-70.605,50.798],[-70.581,50.82],[-70.544,50.676],[-70.511,50.683],[-70.51,50.741],[-70.471,50.668],[-70.428,50.716],[-70.428,50.656],[-70.456,50.651],[-70.465,50.602],[-70.498,50.669],[-70.505,50.614],[-70.544,50.598],[-70.58,50.609],[-70.531,50.624],[-70.554,50.66],[-70.581,50.665],[-70.598,50.629],[-70.627,50.658],[-70.651,50.656],[-70.64,50.605],[-70.683,50.558],[-70.713,50.586],[-70.811,50.555],[-70.714,50.611],[-70.723,50.647],[-70.755,50.636],[-70.779,50.667],[-70.807,50.668],[-70.814,50.636],[-70.849,50.651],[-70.89,50.605],[-70.92,50.701],[-70.899,50.725],[-70.925,50.748],[-70.909,50.76],[-70.869,50.754],[-70.907,50.796],[-70.934,50.797],[-70.951,50.757],[-71.028,50.734],[-71.005,50.756],[-71.011,50.805],[-70.943,50.826],[-70.973,50.883],[-70.957,50.893],[-70.97,50.979],[-70.943,50.949],[-70.938,50.948]]]}},{"type":"Feature","properties":{},"geometry":{"type":"Polygon","coordinates":[[[-95.301,54.936],[-95.428,54.901],[-95.402,54.882],[-95.412,54.859],[-95.348,54.838],[-95.37,54.816],[-95.654,54.787],[-95.899,54.715],[-95.93,54.719],[-95.921,54.733],[-95.793,54.767],[-95.779,54.783],[-95.885,54.787],[-95.972,54.74],[-96.024,54.771],[-95.968,54.806],[-95.737,54.844],[-95.669,54.896],[-95.587,54.912],[-95.498,54.908],[-95.469,54.945],[-95.37,54.971],[-95.279,54.954],[-95.298,54.938],[-95.301,54.936]]]}},{"type":"Feature","properties":{},"geometry":{"type":"Polygon","coordinates":[[[-94.847,61.346],[-94.984,61.378],[-94.979,61.389],[-94.86,61.407],[-95.072,61.483],[-95.148,61.572],[-95.284,61.634],[-95.233,61.662],[-95.275,61.678],[-95.235,61.695],[-95.3,61.721],[-95.255,61.742],[-95.324,61.789],[-95.449,61.821],[-95.38,61.88],[-95.29,61.89],[-95.194,61.875],[-95.112,61.827],[-95.179,61.821],[-95.25,61.837],[-95.384,61.828],[-95.259,61.79],[-95.211,61.747],[-95.155,61.764],[-95.106,61.687],[-95.168,61.679],[-95.12,61.647],[-95.151,61.616],[-95.055,61.576],[-94.944,61.491],[-94.732,61.426],[-94.742,61.398],[-94.701,61.37],[-94.759,61.357],[-94.754,61.339],[-94.834,61.342],[-94.847,61.346]]]}},{"type":"Feature","properties":{},"geometry":{"type":"Polygon","coordinates":[[[-103.158,61.847],[-103.142,61.912],[-103.075,61.973],[-103.054,62.071],[-102.809,62.118],[-102.734,62.182],[-102.737,62.207],[-102.817,62.198],[-102.894,62.212],[-102.939,62.249],[-103.149,62.113],[-103.229,62.153],[-103.164,62.171],[-103.152,62.208],[-103.107,62.226],[-103.124,62.244],[-102.976,62.264],[-102.957,62.307],[-102.919,62.314],[-102.849,62.296],[-102.818,62.258],[-102.724,62.27],[-102.689,62.223],[-102.621,62.227],[-102.594,62.19],[-102.677,62.114],[-102.777,62.117],[-102.917,62.067],[-102.965,62.027],[-102.914,62.023],[-102.923,61.991],[-102.987,61.977],[-103.118,61.846],[-103.16,61.832],[-103.162,61.842],[-103.158,61.847]]]}},{"type":"Feature","properties":{},"geometry":{"type":"Polygon","coordinates":[[[-97.88,59.59],[-97.841,59.649],[-97.785,59.671],[-97.792,59.696],[-97.759,59.721],[-97.779,59.763],[-97.817,59.781],[-97.851,59.734],[-97.833,59.697],[-97.877,59.704],[-97.9,59.751],[-97.858,59.804],[-97.785,59.804],[-97.723,59.743],[-97.73,59.685],[-97.692,59.678],[-97.655,59.69],[-97.585,59.657],[-97.623,59.566],[-97.612,59.523],[-97.64,59.508],[-97.704,59.513],[-97.674,59.459],[-97.711,59.382],[-97.785,59.49],[-97.845,59.475],[-97.862,59.431],[-97.901,59.445],[-98.003,59.412],[-98.1,59.474],[-98.086,59.487],[-97.997,59.471],[-97.84,59.504],[-97.822,59.521],[-97.847,59.54],[-97.789,59.544],[-97.77,59.578],[-97.811,59.581],[-97.867,59.564],[-97.882,59.583],[-97.88,59.59]]]}},{"type":"Feature","properties":{},"geometry":{"type":"Polygon","coordinates":[[[-92.552,53.089],[-92.528,53.05],[-92.586,52.99],[-92.647,52.992],[-92.602,53.036],[-92.621,53.057],[-92.669,53.065],[-92.725,53.032],[-92.882,53.015],[-92.889,52.983],[-92.98,52.973],[-93.043,52.939],[-93.117,52.959],[-93.07,52.978],[-93.119,52.996],[-93.271,52.976],[-93.296,53.014],[-93.369,53.028],[-93.329,53.058],[-93.269,53.034],[-93.158,53.031],[-92.931,53.064],[-92.911,53.094],[-92.774,53.081],[-92.657,53.15],[-92.607,53.104],[-92.552,53.088],[-92.552,53.089]]]}},{"type":"Feature","properties":{},"geometry":{"type":"Polygon","coordinates":[[[-68.427,56.408],[-68.426,56.322],[-68.469,56.269],[-68.444,56.231],[-68.452,56.161],[-68.404,56.139],[-68.396,56.11],[-68.359,56.096],[-68.318,56.104],[-68.271,56.173],[-68.268,56.208],[-68.314,56.261],[-68.227,56.233],[-68.197,56.159],[-68.168,56.154],[-68.183,56.185],[-68.156,56.188],[-68.066,56.128],[-68.08,56.107],[-68.124,56.099],[-68.177,56.129],[-68.201,56.124],[-68.208,56.019],[-68.332,56.095],[-68.386,56.091],[-68.461,56.134],[-68.534,56.278],[-68.566,56.253],[-68.585,56.263],[-68.601,56.25],[-68.619,56.273],[-68.647,56.263],[-68.679,56.28],[-68.684,56.426],[-68.643,56.36],[-68.618,56.429],[-68.58,56.418],[-68.57,56.461],[-68.536,56.416],[-68.566,56.398],[-68.531,56.384],[-68.547,56.344],[-68.473,56.316],[-68.457,56.409],[-68.448,56.42],[-68.429,56.413],[-68.427,56.408]]]}},{"type":"Feature","properties":{},"geometry":{"type":"Polygon","coordinates":[[[-75.015,58.418],[-75.006,58.402],[-75.047,58.375],[-75.139,58.352],[-75.053,58.289],[-75.069,58.268],[-75.13,58.264],[-75.085,58.24],[-75.123,58.224],[-75.035,58.181],[-75.115,58.17],[-74.934,58.066],[-74.977,58.049],[-74.99,58.074],[-75.053,58.1],[-75.025,58.045],[-75.134,58.025],[-75.043,57.981],[-75.237,58.036],[-75.2,58.072],[-75.052,58.047],[-75.15,58.074],[-75.156,58.093],[-75.216,58.098],[-75.229,58.084],[-75.261,58.094],[-75.267,58.109],[-75.228,58.123],[-75.253,58.144],[-75.292,58.146],[-75.279,58.153],[-75.227,58.156],[-75.11,58.123],[-75.326,58.207],[-75.305,58.233],[-75.329,58.254],[-75.238,58.244],[-75.249,58.295],[-75.175,58.29],[-75.188,58.31],[-75.164,58.324],[-75.224,58.339],[-75.197,58.365],[-75.259,58.381],[-75.186,58.387],[-75.181,58.407],[-75.095,58.394],[-75.072,58.438],[-75.026,58.459],[-74.996,58.44],[-75.014,58.422],[-75.015,58.418]]]}},{"type":"Feature","properties":{},"geometry":{"type":"Polygon","coordinates":[[[-100.528,54.236],[-100.562,54.191],[-100.598,54.219],[-100.645,54.211],[-100.671,54.19],[-100.661,54.159],[-100.7,54.13],[-100.791,54.11],[-100.833,54.139],[-100.892,54.149],[-100.887,54.189],[-100.93,54.213],[-101.022,54.197],[-101.051,54.213],[-101.011,54.295],[-100.928,54.316],[-100.811,54.297],[-100.719,54.299],[-100.716,54.276],[-100.531,54.238],[-100.528,54.236]]]}},{"type":"Feature","properties":{},"geometry":{"type":"Polygon","coordinates":[[[-95.878,56.27],[-95.926,56.26],[-95.959,56.222],[-96.053,56.212],[-96.104,56.224],[-96.12,56.178],[-96.025,56.16],[-96.047,56.116],[-96.124,56.107],[-96.065,56.09],[-96.062,56.071],[-96.171,56.07],[-96.246,56.098],[-96.461,56.095],[-96.557,56.068],[-96.549,56.126],[-96.583,56.143],[-96.521,56.145],[-96.461,56.166],[-96.289,56.156],[-96.204,56.206],[-96.169,56.259],[-96.068,56.252],[-95.966,56.296],[-95.837,56.288],[-95.869,56.269],[-95.878,56.27]]]}},{"type":"Feature","properties":{},"geometry":{"type":"Polygon","coordinates":[[[-88.924,52.985],[-89.005,52.931],[-89.039,52.853],[-89.172,52.865],[-89.215,52.822],[-89.263,52.849],[-89.276,52.879],[-89.326,52.853],[-89.553,52.867],[-89.476,52.899],[-89.398,52.891],[-89.419,52.944],[-89.473,52.965],[-89.414,52.968],[-89.34,52.952],[-89.264,53.021],[-89.216,53.007],[-89.205,52.969],[-89.157,52.935],[-89.126,52.969],[-89.067,52.975],[-89.044,52.954],[-88.987,52.997],[-88.924,53.007],[-88.918,52.989],[-88.924,52.985]]]}},{"type":"Feature","properties":{},"geometry":{"type":"Polygon","coordinates":[[[-94.279,47.296],[-94.265,47.265],[-94.322,47.206],[-94.328,47.175],[-94.225,47.192],[-94.266,47.149],[-94.262,47.105],[-94.298,47.104],[-94.32,47.068],[-94.39,47.05],[-94.463,47.077],[-94.464,47.135],[-94.511,47.127],[-94.549,47.16],[-94.58,47.132],[-94.552,47.079],[-94.589,47.048],[-94.582,47.098],[-94.626,47.13],[-94.637,47.17],[-94.614,47.219],[-94.584,47.217],[-94.588,47.179],[-94.564,47.171],[-94.522,47.213],[-94.422,47.266],[-94.412,47.247],[-94.445,47.188],[-94.315,47.271],[-94.295,47.307],[-94.279,47.297],[-94.279,47.296]]]}},{"type":"Feature","properties":{},"geometry":{"type":"Polygon","coordinates":[[[-75.942,58.726],[-75.831,58.709],[-75.816,58.684],[-75.771,58.681],[-75.787,58.651],[-75.704,58.635],[-75.566,58.658],[-75.547,58.677],[-75.509,58.664],[-75.38,58.666],[-75.331,58.713],[-75.277,58.644],[-75.174,58.624],[-75.209,58.61],[-75.15,58.566],[-75.166,58.544],[-75.118,58.521],[-75.071,58.521],[-75.016,58.465],[-75.151,58.505],[-75.172,58.527],[-75.215,58.524],[-75.258,58.555],[-75.253,58.61],[-75.379,58.652],[-75.409,58.64],[-75.408,58.576],[-75.417,58.609],[-75.46,58.611],[-75.478,58.641],[-75.558,58.64],[-75.558,58.621],[-75.658,58.633],[-75.698,58.621],[-75.829,58.643],[-75.816,58.666],[-75.837,58.682],[-75.904,58.664],[-75.877,58.609],[-75.905,58.604],[-76.028,58.628],[-75.942,58.634],[-75.96,58.654],[-76.044,58.649],[-76.079,58.671],[-76.122,58.651],[-76.169,58.656],[-76.163,58.7],[-76.13,58.71],[-76.304,58.716],[-76.227,58.734],[-76.308,58.764],[-76.282,58.77],[-76.177,58.743],[-76.19,58.761],[-76.142,58.776],[-76.14,58.804],[-76.081,58.812],[-76.067,58.799],[-76.101,58.772],[-76.008,58.758],[-76.094,58.738],[-76.086,58.718],[-76.044,58.714],[-76.023,58.684],[-75.995,58.696],[-75.898,58.684],[-75.911,58.704],[-75.992,58.725],[-75.949,58.728],[-75.942,58.726]]]}},{"type":"Feature","properties":{},"geometry":{"type":"Polygon","coordinates":[[[-79.063,47.174],[-79.042,47.149],[-78.989,47.137],[-79.039,47.119],[-79.055,47.067],[-79.027,47.016],[-78.984,46.994],[-78.969,46.949],[-78.871,46.911],[-78.839,46.922],[-78.831,46.952],[-78.767,46.876],[-78.769,46.826],[-78.893,46.853],[-78.901,46.872],[-78.877,46.887],[-78.959,46.903],[-78.966,46.886],[-78.943,46.867],[-78.968,46.858],[-78.964,46.827],[-78.851,46.819],[-78.83,46.8],[-78.895,46.803],[-78.93,46.759],[-79.016,46.833],[-78.983,46.852],[-79.025,46.914],[-79.062,46.917],[-79.089,46.946],[-79.192,46.963],[-79.246,47.026],[-79.226,47.035],[-79.137,47.012],[-79.107,46.979],[-79.027,46.992],[-79.076,47.056],[-79.103,47.051],[-79.116,47.029],[-79.13,47.079],[-79.204,47.088],[-79.205,47.121],[-79.11,47.1],[-79.072,47.133],[-79.07,47.178],[-79.063,47.174]]]}},{"type":"Feature","properties":{},"geometry":{"type":"Polygon","coordinates":[[[-96.525,34.084],[-96.521,34.064],[-96.548,34.047],[-96.551,34.014],[-96.574,33.999],[-96.532,33.934],[-96.563,33.922],[-96.579,33.857],[-96.539,33.822],[-96.588,33.822],[-96.652,33.855],[-96.709,33.828],[-96.777,33.829],[-96.783,33.765],[-96.82,33.811],[-96.806,33.851],[-96.88,33.862],[-96.91,33.926],[-96.967,33.93],[-96.99,33.904],[-96.993,33.968],[-96.907,33.976],[-96.851,33.934],[-96.866,33.905],[-96.854,33.883],[-96.777,33.887],[-96.752,33.861],[-96.722,33.857],[-96.704,33.89],[-96.709,33.934],[-96.626,33.925],[-96.596,33.938],[-96.605,33.974],[-96.66,34.017],[-96.66,34.052],[-96.618,34.036],[-96.526,34.088],[-96.525,34.084]]]}},{"type":"Feature","properties":{},"geometry":{"type":"Polygon","coordinates":[[[-81.525,30.372],[-81.531,30.357],[-81.608,30.376],[-81.601,30.315],[-81.655,30.305],[-81.648,30.257],[-81.615,30.224],[-81.661,30.139],[-81.616,30.135],[-81.658,30.036],[-81.6,29.981],[-81.563,29.979],[-81.546,29.963],[-81.572,29.95],[-81.585,29.891],[-81.517,29.777],[-81.548,29.711],[-81.623,29.693],[-81.609,29.644],[-81.588,29.626],[-81.618,29.591],[-81.602,29.625],[-81.624,29.631],[-81.649,29.703],[-81.576,29.716],[-81.552,29.77],[-81.618,29.87],[-81.608,29.956],[-81.672,29.98],[-81.69,30.026],[-81.716,30.044],[-81.691,30.083],[-81.691,30.184],[-81.656,30.229],[-81.707,30.289],[-81.675,30.317],[-81.627,30.325],[-81.632,30.386],[-81.612,30.409],[-81.621,30.437],[-81.566,30.399],[-81.539,30.412],[-81.502,30.403],[-81.527,30.391],[-81.526,30.376],[-81.525,30.372]]]}},{"type":"Feature","properties":{},"geometry":{"type":"Polygon","coordinates":[[[-70.027,51.829],[-70.014,51.738],[-69.989,51.734],[-69.988,51.664],[-69.965,51.657],[-69.988,51.634],[-69.965,51.62],[-69.966,51.59],[-69.934,51.574],[-69.986,51.585],[-70.014,51.672],[-70.045,51.688],[-70.022,51.633],[-70.039,51.566],[-70.08,51.625],[-70.074,51.676],[-70.122,51.65],[-70.098,51.59],[-70.164,51.576],[-70.148,51.548],[-70.162,51.514],[-70.168,51.647],[-70.222,51.729],[-70.22,51.769],[-70.284,51.83],[-70.26,51.863],[-70.297,51.843],[-70.334,51.857],[-70.427,51.784],[-70.442,51.807],[-70.383,51.829],[-70.351,51.863],[-70.364,51.875],[-70.436,51.878],[-70.395,51.891],[-70.263,51.889],[-70.22,51.853],[-70.198,51.8],[-70.154,51.783],[-70.163,51.738],[-70.113,51.753],[-70.132,51.779],[-70.094,51.788],[-70.126,51.82],[-70.119,51.838],[-70.088,51.829],[-70.033,51.847],[-70.029,51.837],[-70.027,51.829]]]}},{"type":"Feature","properties":{},"geometry":{"type":"Polygon","coordinates":[[[-70.929,53.208],[-70.892,53.199],[-70.883,53.174],[-70.843,53.191],[-70.804,53.188],[-70.816,53.166],[-70.738,53.146],[-70.686,53.171],[-70.696,53.123],[-70.736,53.114],[-70.756,53.132],[-70.787,53.117],[-70.798,53.083],[-70.813,53.118],[-70.871,53.082],[-70.884,53.1],[-70.856,53.129],[-70.91,53.15],[-70.924,53.086],[-70.888,53.061],[-70.922,53.049],[-70.959,53.057],[-70.967,53.122],[-71.016,53.041],[-71.028,53.034],[-71.045,53.053],[-71.107,53.006],[-71.119,53.024],[-71.163,53.021],[-71.196,53.039],[-71.179,53.079],[-71.246,53.068],[-71.218,53.135],[-71.197,53.143],[-71.158,53.105],[-71.128,53.101],[-71.16,53.058],[-71.106,53.089],[-71.105,53.14],[-71.059,53.161],[-70.984,53.247],[-70.995,53.221],[-70.925,53.231],[-70.933,53.216],[-70.929,53.208]]]}},{"type":"Feature","properties":{},"geometry":{"type":"Polygon","coordinates":[[[-73.157,56.147],[-73.197,56.094],[-73.264,56.064],[-73.232,56.041],[-73.247,56.015],[-73.117,55.971],[-73.124,55.935],[-73.172,55.932],[-73.135,55.912],[-73.178,55.896],[-73.178,55.874],[-73.317,55.88],[-73.336,55.836],[-73.423,55.806],[-73.4,55.842],[-73.419,55.875],[-73.371,55.874],[-73.342,55.893],[-73.4,55.905],[-73.406,55.921],[-73.334,55.95],[-73.442,55.989],[-73.442,56.016],[-73.403,56.042],[-73.301,56.047],[-73.354,56.077],[-73.307,56.083],[-73.286,56.133],[-73.247,56.122],[-73.252,56.158],[-73.208,56.189],[-73.143,56.191],[-73.128,56.162],[-73.155,56.151],[-73.157,56.147]]]}},{"type":"Feature","properties":{},"geometry":{"type":"Polygon","coordinates":[[[-99.347,43.954],[-99.347,43.913],[-99.309,43.853],[-99.357,43.798],[-99.415,43.765],[-99.394,43.712],[-99.45,43.677],[-99.357,43.656],[-99.334,43.586],[-99.269,43.524],[-99.295,43.489],[-99.286,43.476],[-99.237,43.449],[-99.149,43.431],[-99.051,43.319],[-98.985,43.278],[-98.887,43.251],[-98.852,43.176],[-98.767,43.16],[-98.74,43.168],[-98.7,43.103],[-98.564,43.086],[-98.548,43.057],[-98.721,43.06],[-98.744,43.104],[-98.786,43.134],[-98.881,43.145],[-98.918,43.186],[-98.896,43.211],[-98.908,43.236],[-99.025,43.276],[-99.187,43.424],[-99.264,43.438],[-99.32,43.468],[-99.327,43.501],[-99.309,43.534],[-99.349,43.572],[-99.364,43.628],[-99.394,43.648],[-99.463,43.654],[-99.49,43.682],[-99.469,43.708],[-99.412,43.721],[-99.426,43.779],[-99.368,43.806],[-99.323,43.856],[-99.377,43.924],[-99.359,43.992],[-99.338,43.98],[-99.344,43.957],[-99.347,43.954]]]}},{"type":"Feature","properties":{},"geometry":{"type":"Polygon","coordinates":[[[-76.543,49.963],[-76.692,49.89],[-76.714,49.895],[-76.708,49.919],[-76.727,49.929],[-76.806,49.903],[-76.817,49.875],[-76.724,49.803],[-76.713,49.722],[-76.797,49.703],[-76.862,49.651],[-76.882,49.666],[-76.947,49.666],[-76.94,49.68],[-76.846,49.707],[-76.893,49.745],[-76.86,49.798],[-76.914,49.806],[-76.932,49.77],[-76.956,49.784],[-76.946,49.854],[-76.902,49.862],[-76.818,49.923],[-76.699,49.954],[-76.74,50.026],[-76.611,49.971],[-76.505,49.981],[-76.537,49.969],[-76.543,49.963]]]}},{"type":"Feature","properties":{},"geometry":{"type":"Polygon","coordinates":[[[-97.653,57.111],[-97.724,57.053],[-97.687,57.004],[-97.766,56.981],[-97.822,56.888],[-97.866,56.886],[-97.871,56.929],[-97.949,56.904],[-97.996,56.921],[-98.068,56.895],[-98.041,56.938],[-97.96,56.969],[-97.973,57.016],[-97.914,57.04],[-97.828,57.135],[-97.759,57.176],[-97.716,57.182],[-97.686,57.147],[-97.592,57.127],[-97.642,57.114],[-97.653,57.111]]]}},{"type":"Feature","properties":{},"geometry":{"type":"Polygon","coordinates":[[[-94.826,56.376],[-94.942,56.379],[-94.996,56.33],[-95.158,56.356],[-95.306,56.346],[-95.359,56.327],[-95.444,56.334],[-95.287,56.369],[-95.312,56.395],[-95.288,56.423],[-95.339,56.445],[-95.41,56.511],[-95.368,56.536],[-95.288,56.534],[-95.164,56.468],[-95.05,56.433],[-94.995,56.394],[-94.911,56.406],[-94.782,56.396],[-94.819,56.38],[-94.826,56.376]]]}},{"type":"Feature","properties":{},"geometry":{"type":"Polygon","coordinates":[[[-75.281,60.234],[-75.184,60.136],[-75.215,60.07],[-75.151,60.058],[-75.131,60.035],[-75.132,60.023],[-75.201,60.039],[-75.142,59.963],[-75.233,59.982],[-75.216,60.007],[-75.26,60.045],[-75.306,60.052],[-75.349,60.049],[-75.381,60.011],[-75.459,59.983],[-75.598,60.015],[-75.512,60.031],[-75.507,60.058],[-75.558,60.093],[-75.509,60.081],[-75.489,60.091],[-75.496,60.113],[-75.564,60.118],[-75.597,60.142],[-75.566,60.153],[-75.531,60.13],[-75.468,60.136],[-75.383,60.201],[-75.31,60.181],[-75.301,60.253],[-75.284,60.241],[-75.281,60.234]]]}},{"type":"Feature","properties":{},"geometry":{"type":"Polygon","coordinates":[[[-90.543,52.804],[-90.511,52.771],[-90.516,52.738],[-90.486,52.723],[-90.512,52.691],[-90.653,52.745],[-90.657,52.786],[-90.746,52.766],[-90.709,52.744],[-90.722,52.726],[-90.836,52.711],[-90.931,52.718],[-90.977,52.748],[-91.019,52.748],[-90.961,52.776],[-90.96,52.806],[-90.86,52.766],[-90.785,52.78],[-90.897,52.817],[-90.86,52.866],[-90.736,52.854],[-90.656,52.883],[-90.625,52.861],[-90.636,52.831],[-90.553,52.808],[-90.543,52.804]]]}},{"type":"Feature","properties":{},"geometry":{"type":"Polygon","coordinates":[[[-68.374,53.141],[-68.37,53.205],[-68.311,53.249],[-68.297,53.285],[-68.255,53.284],[-68.269,53.256],[-68.192,53.237],[-68.242,53.229],[-68.228,53.206],[-68.171,53.206],[-68.117,53.175],[-68.012,53.24],[-68.037,53.247],[-68.039,53.314],[-67.99,53.297],[-67.991,53.253],[-67.962,53.261],[-67.958,53.288],[-67.906,53.271],[-67.957,53.246],[-68.004,53.177],[-68.001,53.136],[-68.057,53.115],[-68.059,53.148],[-68.123,53.146],[-68.118,53.131],[-68.082,53.127],[-68.08,53.076],[-68.124,53.085],[-68.169,53.052],[-68.166,53.079],[-68.269,53.054],[-68.276,53.108],[-68.324,53.108],[-68.311,53.131],[-68.278,53.137],[-68.252,53.204],[-68.285,53.232],[-68.342,53.159],[-68.339,53.121],[-68.373,53.133],[-68.374,53.141]]]}},{"type":"Feature","properties":{},"geometry":{"type":"Polygon","coordinates":[[[-100.127,61.421],[-100.132,61.501],[-100.046,61.498],[-100.004,61.44],[-99.936,61.435],[-99.914,61.444],[-99.926,61.483],[-99.974,61.513],[-99.847,61.516],[-99.787,61.496],[-99.833,61.443],[-99.807,61.422],[-99.881,61.416],[-99.888,61.395],[-99.739,61.377],[-99.752,61.31],[-99.694,61.313],[-99.737,61.27],[-99.802,61.26],[-99.777,61.224],[-99.889,61.227],[-100.034,61.287],[-99.906,61.262],[-99.862,61.295],[-99.959,61.331],[-99.951,61.381],[-100.037,61.409],[-100.073,61.373],[-100.131,61.419],[-100.127,61.421]]]}},{"type":"Feature","properties":{},"geometry":{"type":"Polygon","coordinates":[[[-73.457,60.145],[-73.468,60.078],[-73.275,60.05],[-73.488,60.033],[-73.512,59.953],[-73.551,60.019],[-73.659,59.961],[-73.652,59.909],[-73.72,59.95],[-73.662,59.975],[-73.824,60.009],[-73.794,59.966],[-73.816,59.962],[-73.871,60.025],[-73.967,60.045],[-74.007,60.09],[-73.992,60.099],[-73.934,60.049],[-73.886,60.096],[-73.83,60.033],[-73.811,60.077],[-73.726,60.094],[-73.686,60.083],[-73.606,60.116],[-73.585,60.113],[-73.584,60.078],[-73.542,60.151],[-73.467,60.149],[-73.457,60.145]]]}},{"type":"Feature","properties":{},"geometry":{"type":"Polygon","coordinates":[[[-98.171,51.778],[-98.3,51.738],[-98.377,51.734],[-98.366,51.678],[-98.413,51.656],[-98.389,51.628],[-98.506,51.503],[-98.575,51.544],[-98.587,51.598],[-98.531,51.707],[-98.357,51.766],[-98.351,51.821],[-98.316,51.839],[-98.242,51.803],[-98.164,51.795],[-98.169,51.778],[-98.171,51.778]]]}},{"type":"Feature","properties":{},"geometry":{"type":"Polygon","coordinates":[[[-69.621,45.846],[-69.642,45.789],[-69.688,45.778],[-69.716,45.721],[-69.741,45.721],[-69.724,45.695],[-69.679,45.694],[-69.661,45.712],[-69.66,45.675],[-69.613,45.686],[-69.576,45.721],[-69.541,45.704],[-69.607,45.648],[-69.601,45.634],[-69.516,45.606],[-69.559,45.584],[-69.554,45.536],[-69.585,45.552],[-69.604,45.547],[-69.58,45.523],[-69.596,45.477],[-69.618,45.481],[-69.62,45.507],[-69.686,45.559],[-69.685,45.586],[-69.708,45.605],[-69.698,45.661],[-69.776,45.703],[-69.806,45.746],[-69.772,45.785],[-69.753,45.77],[-69.725,45.774],[-69.7,45.856],[-69.713,45.893],[-69.675,45.872],[-69.63,45.884],[-69.618,45.85],[-69.621,45.846]]]}},{"type":"Feature","properties":{},"geometry":{"type":"Polygon","coordinates":[[[-79.454,47.564],[-79.453,47.538],[-79.504,47.511],[-79.521,47.479],[-79.479,47.422],[-79.473,47.343],[-79.408,47.239],[-79.424,47.221],[-79.416,47.099],[-79.333,47.014],[-79.288,46.936],[-79.162,46.816],[-79.269,46.89],[-79.341,46.968],[-79.351,47.009],[-79.428,47.074],[-79.457,47.124],[-79.46,47.266],[-79.656,47.509],[-79.64,47.523],[-79.602,47.488],[-79.58,47.49],[-79.572,47.556],[-79.492,47.577],[-79.464,47.568],[-79.454,47.564]]]}},{"type":"Feature","properties":{},"geometry":{"type":"Polygon","coordinates":[[[-103.553,62.577],[-103.506,62.602],[-103.515,62.63],[-103.469,62.629],[-103.215,62.718],[-103.245,62.673],[-103.149,62.662],[-103.212,62.637],[-103.19,62.581],[-103.101,62.577],[-103.133,62.554],[-103.22,62.551],[-103.156,62.506],[-103.167,62.491],[-103.264,62.486],[-103.35,62.463],[-103.399,62.482],[-103.382,62.504],[-103.5,62.539],[-103.554,62.574],[-103.553,62.577]]]}},{"type":"Feature","properties":{},"geometry":{"type":"Polygon","coordinates":[[[-64.092,56.093],[-64.185,56.046],[-64.243,55.989],[-64.236,55.975],[-64.201,56],[-64.176,55.985],[-64.129,55.988],[-64.081,55.959],[-63.962,55.99],[-63.892,55.984],[-63.752,56.012],[-63.844,55.975],[-63.981,55.954],[-63.991,55.933],[-63.946,55.925],[-63.963,55.912],[-64.006,55.923],[-64.051,55.909],[-64.066,55.932],[-64.138,55.952],[-64.188,55.916],[-64.236,55.951],[-64.274,55.954],[-64.298,55.922],[-64.28,55.899],[-64.209,55.886],[-64.16,55.852],[-64.036,55.855],[-64.147,55.809],[-64.172,55.813],[-64.201,55.859],[-64.269,55.882],[-64.299,55.885],[-64.304,55.873],[-64.223,55.846],[-64.245,55.818],[-64.292,55.826],[-64.33,55.863],[-64.373,55.857],[-64.334,55.903],[-64.324,55.975],[-64.398,55.975],[-64.485,56.015],[-64.624,56.029],[-64.42,56.038],[-64.304,55.981],[-64.239,56.016],[-64.25,56.034],[-64.209,56.053],[-64.211,56.094],[-64.1,56.154],[-64.139,56.108],[-64.096,56.114],[-64.087,56.1],[-64.092,56.093]]]}},{"type":"Feature","properties":{},"geometry":{"type":"Polygon","coordinates":[[[-67.871,10.171],[-67.835,10.217],[-67.718,10.262],[-67.696,10.256],[-67.711,10.242],[-67.678,10.245],[-67.609,10.196],[-67.615,10.139],[-67.632,10.114],[-67.653,10.141],[-67.722,10.138],[-67.715,10.12],[-67.739,10.11],[-67.797,10.129],[-67.844,10.109],[-67.876,10.126],[-67.868,10.167],[-67.871,10.171]]]}},{"type":"Feature","properties":{},"geometry":{"type":"Polygon","coordinates":[[[-75.715,47.003],[-75.767,46.881],[-75.733,46.878],[-75.67,46.913],[-75.699,46.789],[-75.768,46.733],[-75.739,46.677],[-75.795,46.719],[-75.84,46.713],[-75.886,46.801],[-75.951,46.77],[-75.977,46.726],[-76.028,46.734],[-76.039,46.769],[-76,46.79],[-75.985,46.778],[-75.98,46.817],[-75.94,46.848],[-75.972,46.891],[-75.91,46.869],[-75.866,46.872],[-75.862,46.834],[-75.833,46.833],[-75.798,46.869],[-75.781,46.953],[-75.704,47.03],[-75.709,47.01],[-75.715,47.003]]]}},{"type":"Feature","properties":{},"geometry":{"type":"Polygon","coordinates":[[[-101.187,55.288],[-101.201,55.237],[-101.26,55.212],[-101.231,55.183],[-101.301,55.108],[-101.306,55.074],[-101.389,55.104],[-101.4,55.149],[-101.471,55.049],[-101.489,55.114],[-101.45,55.151],[-101.489,55.147],[-101.535,55.114],[-101.575,55.223],[-101.519,55.23],[-101.445,55.277],[-101.415,55.227],[-101.363,55.223],[-101.218,55.299],[-101.148,55.301],[-101.186,55.29],[-101.187,55.288]]]}},{"type":"Feature","properties":{},"geometry":{"type":"Polygon","coordinates":[[[-98.461,58.604],[-98.386,58.672],[-98.505,58.683],[-98.489,58.734],[-98.409,58.735],[-98.389,58.718],[-98.34,58.713],[-98.331,58.673],[-98.218,58.717],[-98.168,58.666],[-98.282,58.611],[-98.279,58.569],[-98.247,58.557],[-98.212,58.563],[-98.179,58.585],[-98.244,58.606],[-98.154,58.611],[-98.13,58.571],[-98.158,58.552],[-98.104,58.495],[-98.123,58.466],[-98.256,58.501],[-98.305,58.54],[-98.441,58.547],[-98.437,58.578],[-98.482,58.589],[-98.473,58.6],[-98.461,58.604]]]}},{"type":"Feature","properties":{},"geometry":{"type":"Polygon","coordinates":[[[-65.49,56.012],[-65.386,55.778],[-65.396,55.726],[-65.457,55.801],[-65.427,55.848],[-65.537,55.856],[-65.547,55.892],[-65.498,55.913],[-65.523,55.943],[-65.581,55.923],[-65.592,55.883],[-65.727,55.969],[-65.728,55.936],[-65.636,55.882],[-65.707,55.906],[-65.804,55.914],[-65.801,55.934],[-65.824,55.928],[-65.852,55.907],[-65.831,55.891],[-65.847,55.856],[-65.795,55.811],[-65.961,55.87],[-65.905,55.898],[-65.923,55.925],[-65.897,55.938],[-65.908,55.968],[-65.859,55.947],[-65.826,55.984],[-65.784,55.964],[-65.794,55.988],[-65.773,55.997],[-65.672,55.957],[-65.624,55.978],[-65.534,55.966],[-65.522,55.987],[-65.597,56.014],[-65.507,56.029],[-65.493,56.017],[-65.49,56.012]]]}},{"type":"Feature","properties":{},"geometry":{"type":"Polygon","coordinates":[[[-71.991,59.262],[-71.962,59.245],[-71.977,59.232],[-71.954,59.201],[-71.921,59.197],[-71.936,59.135],[-71.889,59.11],[-71.884,59.057],[-71.841,59.057],[-71.851,59.028],[-71.791,59.002],[-71.808,58.978],[-71.744,58.953],[-71.725,58.964],[-71.569,58.94],[-71.677,58.937],[-71.702,58.909],[-71.748,58.916],[-71.784,58.887],[-71.809,58.919],[-71.868,58.917],[-71.906,58.951],[-72.067,59.005],[-72.028,59.033],[-72.034,59.054],[-71.971,59.039],[-71.955,59.067],[-71.994,59.135],[-72.037,59.139],[-72.003,59.204],[-72.107,59.239],[-72.032,59.285],[-71.996,59.268],[-71.991,59.262]]]}},{"type":"Feature","properties":{},"geometry":{"type":"Polygon","coordinates":[[[-70.471,54.376],[-70.535,54.416],[-70.502,54.426],[-70.522,54.456],[-70.468,54.437],[-70.464,54.41],[-70.421,54.391],[-70.404,54.412],[-70.224,54.475],[-70.176,54.464],[-70.13,54.476],[-70.097,54.463],[-70.062,54.484],[-69.976,54.448],[-69.872,54.562],[-69.931,54.615],[-69.901,54.655],[-69.913,54.679],[-69.992,54.676],[-70.018,54.655],[-70.035,54.701],[-69.999,54.694],[-69.984,54.705],[-70.029,54.729],[-69.996,54.744],[-69.93,54.717],[-69.913,54.73],[-69.858,54.636],[-69.856,54.581],[-69.816,54.558],[-69.869,54.502],[-69.79,54.524],[-69.79,54.484],[-69.735,54.475],[-69.77,54.472],[-69.773,54.449],[-69.82,54.474],[-69.894,54.443],[-69.932,54.447],[-69.918,54.415],[-69.987,54.429],[-70.006,54.414],[-70.022,54.452],[-70.041,54.453],[-70.052,54.426],[-70.097,54.436],[-70.121,54.421],[-70.153,54.425],[-70.171,54.446],[-70.242,54.455],[-70.244,54.437],[-70.294,54.428],[-70.269,54.414],[-70.321,54.413],[-70.412,54.357],[-70.46,54.37],[-70.471,54.376]]]}},{"type":"Feature","properties":{},"geometry":{"type":"Polygon","coordinates":[[[-102.818,61.466],[-102.777,61.484],[-102.834,61.505],[-102.756,61.501],[-102.692,61.548],[-102.765,61.582],[-102.754,61.591],[-102.624,61.594],[-102.61,61.509],[-102.563,61.501],[-102.455,61.546],[-102.417,61.583],[-102.341,61.6],[-102.368,61.538],[-102.483,61.461],[-102.46,61.432],[-102.559,61.421],[-102.67,61.351],[-102.717,61.373],[-102.761,61.449],[-102.812,61.444],[-102.829,61.456],[-102.818,61.466]]]}},{"type":"Feature","properties":{},"geometry":{"type":"Polygon","coordinates":[[[-64.131,55.494],[-64.171,55.425],[-64.127,55.378],[-64.172,55.364],[-64.215,55.316],[-64.235,55.377],[-64.304,55.38],[-64.354,55.351],[-64.383,55.357],[-64.368,55.421],[-64.412,55.416],[-64.396,55.461],[-64.46,55.48],[-64.451,55.496],[-64.373,55.485],[-64.352,55.515],[-64.386,55.522],[-64.412,55.563],[-64.406,55.611],[-64.338,55.554],[-64.27,55.547],[-64.248,55.473],[-64.212,55.482],[-64.208,55.54],[-64.129,55.504],[-64.131,55.494]]]}},{"type":"Feature","properties":{},"geometry":{"type":"Polygon","coordinates":[[[-96.356,63.943],[-96.521,63.919],[-96.545,63.85],[-96.658,63.813],[-96.749,63.866],[-96.666,63.88],[-96.658,63.911],[-96.602,63.912],[-96.595,63.925],[-96.661,63.986],[-96.834,64.007],[-96.863,64.034],[-96.658,64.104],[-96.582,64.059],[-96.602,64.027],[-96.434,64.035],[-96.356,64.024],[-96.385,63.999],[-96.437,63.991],[-96.536,64.016],[-96.576,64.007],[-96.479,63.975],[-96.331,63.962],[-96.346,63.945],[-96.356,63.943]]]}},{"type":"Feature","properties":{},"geometry":{"type":"Polygon","coordinates":[[[-74.11,49.968],[-74.149,49.935],[-74.142,49.909],[-74.074,49.907],[-74.023,49.928],[-74.042,49.881],[-74.098,49.848],[-74.111,49.862],[-74.273,49.739],[-74.351,49.77],[-74.449,49.716],[-74.304,49.849],[-74.329,49.854],[-74.39,49.792],[-74.403,49.798],[-74.369,49.843],[-74.374,49.869],[-74.161,49.943],[-74.154,49.973],[-74.111,49.984],[-74.108,49.974],[-74.11,49.968]]]}},{"type":"Feature","properties":{},"geometry":{"type":"Polygon","coordinates":[[[-103.403,53.64],[-103.371,53.587],[-103.501,53.502],[-103.54,53.498],[-103.585,53.522],[-103.592,53.568],[-103.547,53.6],[-103.603,53.604],[-103.645,53.587],[-103.676,53.51],[-103.729,53.53],[-103.758,53.503],[-103.804,53.494],[-103.809,53.474],[-103.894,53.478],[-103.723,53.555],[-103.696,53.619],[-103.492,53.664],[-103.411,53.646],[-103.403,53.64]]]}},{"type":"Feature","properties":{},"geometry":{"type":"Polygon","coordinates":[[[-104.257,62.288],[-104.206,62.318],[-104.063,62.311],[-104.021,62.33],[-103.827,62.311],[-103.815,62.302],[-103.859,62.291],[-103.892,62.253],[-103.859,62.239],[-103.789,62.251],[-103.762,62.237],[-103.797,62.213],[-103.782,62.199],[-103.729,62.202],[-103.731,62.16],[-103.83,62.135],[-103.895,62.165],[-103.962,62.143],[-103.933,62.233],[-104.071,62.214],[-104.163,62.216],[-104.266,62.287],[-104.257,62.288]]]}},{"type":"Feature","properties":{},"geometry":{"type":"Polygon","coordinates":[[[-101.337,62.316],[-101.259,62.379],[-101.246,62.418],[-101.204,62.433],[-101.193,62.408],[-101.033,62.44],[-100.948,62.431],[-100.735,62.353],[-100.811,62.352],[-100.89,62.304],[-100.964,62.303],[-101.109,62.356],[-101.143,62.333],[-101.103,62.325],[-101.118,62.252],[-101.217,62.31],[-101.265,62.317],[-101.305,62.299],[-101.346,62.31],[-101.337,62.316]]]}},{"type":"Feature","properties":{},"geometry":{"type":"Polygon","coordinates":[[[-90.278,48.931],[-90.279,48.891],[-90.355,48.838],[-90.334,48.817],[-90.351,48.78],[-90.475,48.78],[-90.425,48.801],[-90.474,48.818],[-90.594,48.791],[-90.607,48.799],[-90.576,48.812],[-90.585,48.822],[-90.664,48.815],[-90.695,48.826],[-90.593,48.899],[-90.636,48.929],[-90.655,48.901],[-90.681,48.897],[-90.693,48.965],[-90.656,48.957],[-90.647,48.973],[-90.584,48.98],[-90.563,48.908],[-90.533,48.894],[-90.552,48.86],[-90.462,48.878],[-90.437,48.871],[-90.403,48.9],[-90.398,48.868],[-90.376,48.865],[-90.335,48.884],[-90.317,48.936],[-90.28,48.934],[-90.278,48.931]]]}},{"type":"Feature","properties":{},"geometry":{"type":"Polygon","coordinates":[[[-82.383,33.934],[-82.348,33.846],[-82.303,33.827],[-82.276,33.79],[-82.251,33.796],[-82.249,33.768],[-82.221,33.775],[-82.225,33.728],[-82.185,33.664],[-82.239,33.673],[-82.269,33.659],[-82.271,33.678],[-82.326,33.688],[-82.374,33.658],[-82.477,33.632],[-82.581,33.642],[-82.516,33.663],[-82.464,33.648],[-82.315,33.714],[-82.254,33.698],[-82.271,33.758],[-82.305,33.776],[-82.31,33.797],[-82.354,33.804],[-82.351,33.824],[-82.406,33.809],[-82.455,33.829],[-82.377,33.837],[-82.447,33.869],[-82.497,33.874],[-82.475,33.894],[-82.507,33.924],[-82.564,33.892],[-82.567,33.845],[-82.592,33.837],[-82.579,33.899],[-82.522,33.94],[-82.598,33.932],[-82.584,33.958],[-82.606,33.976],[-82.581,33.975],[-82.591,34.019],[-82.551,34.002],[-82.564,33.986],[-82.548,33.954],[-82.524,33.966],[-82.467,33.906],[-82.359,33.845],[-82.36,33.872],[-82.433,33.949],[-82.434,33.974],[-82.408,33.94],[-82.394,33.954],[-82.384,33.934],[-82.383,33.934]]]}},{"type":"Feature","properties":{},"geometry":{"type":"Polygon","coordinates":[[[-102.396,61.706],[-102.391,61.769],[-102.449,61.787],[-102.524,61.775],[-102.575,61.817],[-102.559,61.833],[-102.489,61.832],[-102.36,61.789],[-102.217,61.814],[-102.178,61.84],[-102.092,61.856],[-102.092,61.77],[-102.169,61.667],[-102.138,61.597],[-102.197,61.55],[-102.245,61.58],[-102.232,61.697],[-102.269,61.704],[-102.348,61.682],[-102.4,61.703],[-102.396,61.706]]]}},{"type":"Feature","properties":{},"geometry":{"type":"Polygon","coordinates":[[[-99.509,57.976],[-99.476,57.958],[-99.482,57.933],[-99.537,57.904],[-99.518,57.861],[-99.685,57.799],[-99.716,57.757],[-99.713,57.712],[-99.789,57.597],[-99.733,57.568],[-99.74,57.546],[-99.767,57.531],[-99.817,57.565],[-99.929,57.52],[-99.932,57.549],[-99.882,57.58],[-99.901,57.618],[-99.965,57.638],[-99.936,57.676],[-99.905,57.684],[-99.855,57.633],[-99.807,57.646],[-99.767,57.801],[-99.715,57.844],[-99.671,57.845],[-99.601,57.893],[-99.616,57.97],[-99.512,57.979],[-99.509,57.976]]]}},{"type":"Feature","properties":{},"geometry":{"type":"Polygon","coordinates":[[[-100.947,54.156],[-100.932,54.143],[-100.967,54.112],[-100.91,54.089],[-100.946,54.055],[-100.869,54.049],[-100.88,54.02],[-100.97,53.984],[-101.061,53.997],[-101.174,53.971],[-101.185,54.034],[-101.229,54.088],[-101.188,54.108],[-101.121,54.109],[-100.951,54.156],[-100.947,54.156]]]}},{"type":"Feature","properties":{},"geometry":{"type":"Polygon","coordinates":[[[-63.848,52.115],[-63.832,52.265],[-63.899,52.326],[-64.022,52.35],[-64.007,52.364],[-63.751,52.325],[-63.787,52.296],[-63.703,52.219],[-63.638,52.04],[-63.783,52.083],[-63.839,52.087],[-63.849,52.111],[-63.848,52.115]]]}},{"type":"Feature","properties":{},"geometry":{"type":"Polygon","coordinates":[[[-74.448,61.062],[-74.399,61.024],[-74.247,60.985],[-74.225,60.944],[-74.175,60.996],[-74.107,60.96],[-74.082,61.019],[-74.046,61.028],[-73.994,61.004],[-73.907,61.004],[-73.833,60.983],[-73.817,61],[-73.766,60.991],[-73.674,61.003],[-73.584,60.97],[-73.559,60.993],[-73.522,60.992],[-73.47,60.954],[-73.597,60.924],[-73.626,60.967],[-73.65,60.969],[-73.646,60.934],[-73.702,60.962],[-73.779,60.964],[-73.795,60.91],[-73.848,60.944],[-73.844,60.963],[-73.975,60.971],[-74.057,60.952],[-74.011,60.938],[-74.015,60.912],[-74.125,60.931],[-74.208,60.879],[-74.239,60.904],[-74.213,60.923],[-74.318,60.919],[-74.339,60.978],[-74.452,61.008],[-74.464,61.068],[-74.448,61.062]]]}},{"type":"Feature","properties":{},"geometry":{"type":"Polygon","coordinates":[[[-88.068,37.05],[-88.048,37.028],[-87.998,37.031],[-88.016,36.99],[-87.986,36.959],[-87.954,36.875],[-87.889,36.871],[-87.887,36.855],[-87.944,36.836],[-87.955,36.777],[-87.881,36.633],[-87.897,36.596],[-87.909,36.644],[-87.995,36.737],[-88,36.834],[-88.059,36.916],[-88.068,37.011],[-88.085,37.025],[-88.111,37.022],[-88.131,36.974],[-88.153,36.967],[-88.209,37.001],[-88.152,36.991],[-88.134,37.038],[-88.071,37.051],[-88.068,37.05]]]}},{"type":"Feature","properties":{},"geometry":{"type":"Polygon","coordinates":[[[-100.705,52.592],[-100.699,52.562],[-100.634,52.516],[-100.59,52.428],[-100.64,52.368],[-100.712,52.349],[-100.726,52.416],[-100.699,52.427],[-100.697,52.464],[-100.738,52.471],[-100.756,52.454],[-100.802,52.454],[-100.859,52.56],[-100.803,52.624],[-100.747,52.642],[-100.707,52.599],[-100.705,52.592]]]}},{"type":"Feature","properties":{},"geometry":{"type":"Polygon","coordinates":[[[-87.519,34.848],[-87.432,34.821],[-87.317,34.825],[-87.285,34.772],[-87.223,34.781],[-87.171,34.764],[-87.102,34.706],[-86.995,34.68],[-86.973,34.639],[-86.898,34.568],[-87.147,34.69],[-87.152,34.715],[-87.177,34.729],[-87.23,34.75],[-87.271,34.726],[-87.381,34.795],[-87.434,34.787],[-87.544,34.817],[-87.656,34.774],[-87.7,34.772],[-87.519,34.848]]]}},{"type":"Feature","properties":{},"geometry":{"type":"Polygon","coordinates":[[[-87.587,52.141],[-87.795,52.163],[-87.797,52.187],[-87.846,52.207],[-87.931,52.178],[-87.979,52.186],[-88.035,52.219],[-87.947,52.238],[-87.929,52.262],[-87.974,52.266],[-87.992,52.303],[-87.876,52.34],[-87.884,52.303],[-87.864,52.288],[-87.726,52.271],[-87.771,52.235],[-87.699,52.233],[-87.714,52.211],[-87.699,52.196],[-87.581,52.176],[-87.496,52.194],[-87.453,52.188],[-87.559,52.162],[-87.506,52.129],[-87.584,52.142],[-87.587,52.141]]]}},{"type":"Feature","properties":{},"geometry":{"type":"Polygon","coordinates":[[[-96.288,56.629],[-96.252,56.58],[-96.264,56.548],[-96.201,56.531],[-96.269,56.497],[-96.317,56.486],[-96.378,56.498],[-96.385,56.47],[-96.424,56.459],[-96.532,56.48],[-96.72,56.458],[-96.581,56.519],[-96.492,56.527],[-96.494,56.551],[-96.582,56.574],[-96.574,56.586],[-96.489,56.606],[-96.441,56.55],[-96.428,56.593],[-96.36,56.617],[-96.348,56.652],[-96.289,56.633],[-96.288,56.629]]]}},{"type":"Feature","properties":{},"geometry":{"type":"Polygon","coordinates":[[[-91.705,48.192],[-91.745,48.172],[-91.874,48.19],[-91.907,48.218],[-91.95,48.214],[-91.974,48.242],[-92.023,48.254],[-92.031,48.286],[-92.064,48.284],[-92.146,48.343],[-92.256,48.338],[-92.282,48.281],[-92.263,48.237],[-92.291,48.232],[-92.346,48.343],[-92.084,48.386],[-92.04,48.367],[-92.003,48.379],[-92.004,48.343],[-91.968,48.33],[-91.951,48.301],[-91.91,48.296],[-91.911,48.253],[-91.944,48.284],[-91.979,48.292],[-91.961,48.247],[-91.872,48.244],[-91.841,48.22],[-91.77,48.223],[-91.704,48.199],[-91.705,48.192]]]}},{"type":"Feature","properties":{},"geometry":{"type":"Polygon","coordinates":[[[-95.684,55.356],[-95.773,55.313],[-95.702,55.299],[-95.715,55.289],[-95.836,55.28],[-96.126,55.212],[-96.3,55.229],[-96.201,55.272],[-96.071,55.263],[-95.834,55.386],[-95.689,55.397],[-95.681,55.361],[-95.684,55.356]]]}},{"type":"Feature","properties":{},"geometry":{"type":"Polygon","coordinates":[[[-71.804,18.531],[-71.788,18.513],[-71.752,18.517],[-71.717,18.56],[-71.689,18.564],[-71.51,18.478],[-71.495,18.458],[-71.517,18.429],[-71.609,18.408],[-71.741,18.481],[-71.802,18.496],[-71.822,18.518],[-71.821,18.537],[-71.809,18.536],[-71.804,18.531]]]}},{"type":"Feature","properties":{},"geometry":{"type":"Polygon","coordinates":[[[-77.266,47.621],[-77.27,47.596],[-77.295,47.587],[-77.261,47.543],[-77.267,47.517],[-77.221,47.521],[-77.244,47.559],[-77.202,47.567],[-77.194,47.518],[-77.114,47.58],[-77.099,47.574],[-77.114,47.554],[-77.092,47.546],[-77.107,47.519],[-77.094,47.491],[-77.058,47.483],[-77.035,47.505],[-76.992,47.503],[-76.969,47.473],[-76.937,47.479],[-76.936,47.451],[-76.951,47.425],[-76.971,47.445],[-77.005,47.437],[-77.022,47.464],[-77.095,47.467],[-77.136,47.534],[-77.211,47.431],[-77.177,47.42],[-77.187,47.402],[-77.139,47.383],[-77.186,47.37],[-77.194,47.331],[-77.233,47.363],[-77.289,47.341],[-77.296,47.316],[-77.338,47.351],[-77.253,47.398],[-77.25,47.462],[-77.315,47.505],[-77.335,47.541],[-77.299,47.565],[-77.324,47.617],[-77.269,47.628],[-77.266,47.621]]]}},{"type":"Feature","properties":{},"geometry":{"type":"Polygon","coordinates":[[[-91.741,49.956],[-91.797,49.908],[-91.826,49.964],[-91.857,49.972],[-91.962,49.961],[-92.14,49.89],[-92.227,49.887],[-92.108,49.962],[-92.015,49.978],[-91.933,50.011],[-91.945,50.031],[-92.035,50.031],[-91.979,50.05],[-91.973,50.088],[-91.993,50.113],[-91.94,50.136],[-91.921,50.131],[-91.923,50.095],[-91.891,50.059],[-91.796,50.042],[-91.798,50.019],[-91.764,50.008],[-91.767,49.982],[-91.743,49.961],[-91.741,49.956]]]}},{"type":"Feature","properties":{},"geometry":{"type":"Polygon","coordinates":[[[-75.034,51.466],[-74.981,51.449],[-74.983,51.416],[-74.937,51.401],[-74.934,51.366],[-74.811,51.404],[-74.9,51.304],[-74.947,51.325],[-75.047,51.305],[-75.004,51.334],[-75.029,51.371],[-75.027,51.419],[-75.076,51.377],[-75.149,51.358],[-75.156,51.328],[-75.177,51.348],[-75.138,51.403],[-75.21,51.41],[-75.287,51.369],[-75.278,51.356],[-75.236,51.358],[-75.26,51.329],[-75.231,51.309],[-75.295,51.314],[-75.294,51.346],[-75.342,51.355],[-75.349,51.369],[-75.243,51.401],[-75.216,51.429],[-75.257,51.446],[-75.188,51.451],[-75.092,51.494],[-75.054,51.494],[-75.047,51.469],[-75.034,51.466]]]}},{"type":"Feature","properties":{},"geometry":{"type":"Polygon","coordinates":[[[-67.707,51.973],[-67.698,51.931],[-67.642,51.937],[-67.636,51.866],[-67.575,51.799],[-67.543,51.799],[-67.562,51.86],[-67.522,51.847],[-67.505,51.701],[-67.601,51.785],[-67.74,51.798],[-67.782,51.818],[-67.856,51.818],[-67.809,51.836],[-67.804,51.927],[-67.754,51.932],[-67.763,52.004],[-67.714,51.999],[-67.706,51.979],[-67.707,51.973]]]}},{"type":"Feature","properties":{},"geometry":{"type":"Polygon","coordinates":[[[-74.142,58.175],[-73.951,58.129],[-73.698,58.119],[-73.697,58.145],[-73.634,58.139],[-73.67,58.167],[-73.65,58.184],[-73.553,58.136],[-73.531,58.144],[-73.436,58.128],[-73.392,58.073],[-73.569,58.109],[-73.636,58.085],[-73.902,58.103],[-73.958,58.077],[-73.999,58.11],[-74.116,58.133],[-74.12,58.098],[-74.069,58.067],[-74.146,58.091],[-74.152,58.109],[-74.19,58.102],[-74.362,58.14],[-74.267,58.154],[-74.317,58.177],[-74.299,58.19],[-74.263,58.173],[-74.162,58.171],[-74.195,58.205],[-74.148,58.181],[-74.142,58.175]]]}},{"type":"Feature","properties":{},"geometry":{"type":"Polygon","coordinates":[[[-94.347,63.212],[-94.292,63.17],[-94.327,63.148],[-94.372,63.15],[-94.37,63.12],[-94.267,63.088],[-94.242,63.107],[-94.164,63.086],[-94.122,63.089],[-94.105,63.072],[-94.132,63.065],[-94.207,63.087],[-94.192,63.065],[-94.222,63.049],[-94.329,63.076],[-94.292,63.053],[-94.284,63.003],[-94.419,62.988],[-94.405,63.013],[-94.441,63.039],[-94.408,63.036],[-94.393,63.072],[-94.421,63.088],[-94.49,63.092],[-94.485,63.074],[-94.561,63.075],[-94.542,63.116],[-94.477,63.119],[-94.459,63.133],[-94.596,63.166],[-94.655,63.209],[-94.63,63.243],[-94.363,63.216],[-94.347,63.212]]]}},{"type":"Feature","properties":{},"geometry":{"type":"Polygon","coordinates":[[[-99.525,61.167],[-99.447,61.329],[-99.379,61.35],[-99.326,61.347],[-99.459,61.265],[-99.425,61.251],[-99.339,61.303],[-99.262,61.261],[-99.311,61.178],[-99.441,61.121],[-99.406,61.097],[-99.414,61.078],[-99.353,61.048],[-99.379,61.03],[-99.484,61.032],[-99.586,61.085],[-99.499,61.078],[-99.484,61.13],[-99.527,61.162],[-99.525,61.167]]]}},{"type":"Feature","properties":{},"geometry":{"type":"Polygon","coordinates":[[[-78.656,36.776],[-78.662,36.734],[-78.644,36.709],[-78.588,36.676],[-78.549,36.681],[-78.472,36.613],[-78.444,36.612],[-78.454,36.653],[-78.398,36.614],[-78.284,36.605],[-78.27,36.57],[-78.338,36.501],[-78.346,36.428],[-78.375,36.431],[-78.376,36.504],[-78.338,36.529],[-78.334,36.563],[-78.406,36.566],[-78.431,36.579],[-78.445,36.569],[-78.435,36.518],[-78.461,36.53],[-78.477,36.561],[-78.505,36.549],[-78.522,36.571],[-78.566,36.554],[-78.568,36.566],[-78.504,36.594],[-78.508,36.604],[-78.637,36.663],[-78.655,36.686],[-78.739,36.679],[-78.753,36.703],[-78.702,36.691],[-78.677,36.701],[-78.71,36.756],[-78.678,36.769],[-78.677,36.794],[-78.657,36.776],[-78.656,36.776]]]}},{"type":"Feature","properties":{},"geometry":{"type":"Polygon","coordinates":[[[-94.336,55.199],[-94.661,55.054],[-94.721,54.959],[-94.791,54.968],[-94.803,55.061],[-94.733,55.113],[-94.51,55.192],[-94.422,55.192],[-94.324,55.222],[-94.335,55.206],[-94.336,55.199]]]}},{"type":"Feature","properties":{},"geometry":{"type":"Polygon","coordinates":[[[-100.185,57.18],[-100.259,57.046],[-100.21,57.023],[-100.199,56.983],[-100.123,56.965],[-100.204,56.934],[-100.148,56.878],[-100.138,56.823],[-100.304,56.874],[-100.333,56.91],[-100.371,56.919],[-100.356,56.938],[-100.302,56.942],[-100.283,56.96],[-100.301,56.971],[-100.36,56.963],[-100.389,56.998],[-100.358,57.045],[-100.275,57.075],[-100.307,57.105],[-100.294,57.168],[-100.203,57.197],[-100.182,57.183],[-100.185,57.18]]]}},{"type":"Feature","properties":{},"geometry":{"type":"Polygon","coordinates":[[[-97.469,63.186],[-97.466,63.233],[-97.42,63.256],[-97.434,63.323],[-97.381,63.436],[-97.311,63.503],[-97.275,63.512],[-97.23,63.444],[-97.116,63.422],[-97.192,63.397],[-97.275,63.407],[-97.296,63.385],[-97.21,63.335],[-97.132,63.258],[-97.129,63.225],[-97.228,63.24],[-97.241,63.263],[-97.301,63.283],[-97.36,63.267],[-97.347,63.227],[-97.429,63.223],[-97.456,63.155],[-97.464,63.182],[-97.469,63.186]]]}},{"type":"Feature","properties":{},"geometry":{"type":"Polygon","coordinates":[[[-93.746,17.19],[-93.717,17.185],[-93.67,17.203],[-93.628,17.174],[-93.619,17.194],[-93.598,17.186],[-93.575,17.162],[-93.506,17.182],[-93.494,17.132],[-93.439,17.126],[-93.422,17.101],[-93.394,17.094],[-93.41,17.069],[-93.398,17.046],[-93.339,17.028],[-93.369,17.025],[-93.459,17.056],[-93.519,17.11],[-93.579,17.11],[-93.586,17.084],[-93.612,17.112],[-93.629,17.098],[-93.674,17.176],[-93.706,17.164],[-93.704,17.149],[-93.771,17.151],[-93.8,17.131],[-93.812,17.063],[-93.83,17.082],[-93.819,17.151],[-93.774,17.167],[-93.751,17.193],[-93.746,17.19]]]}},{"type":"Feature","properties":{},"geometry":{"type":"Polygon","coordinates":[[[-105.172,51.409],[-105.246,51.202],[-105.218,51.09],[-105.084,50.88],[-105.02,50.831],[-104.929,50.816],[-104.886,50.768],[-104.932,50.787],[-105.005,50.784],[-105.048,50.8],[-105.202,50.978],[-105.277,51.111],[-105.301,51.189],[-105.264,51.34],[-105.234,51.403],[-105.179,51.413],[-105.172,51.409]]]}},{"type":"Feature","properties":{},"geometry":{"type":"Polygon","coordinates":[[[-79.122,56.389],[-79.132,56.296],[-79.262,56.155],[-79.377,55.987],[-79.462,55.909],[-79.503,55.899],[-79.552,55.964],[-79.487,56.011],[-79.454,56.113],[-79.387,56.188],[-79.352,56.269],[-79.404,56.122],[-79.396,56.077],[-79.466,56.002],[-79.391,56.04],[-79.364,56.075],[-79.358,56.065],[-79.436,55.967],[-79.222,56.228],[-79.187,56.399],[-79.162,56.413],[-79.127,56.398],[-79.122,56.389]]]}},{"type":"Feature","properties":{},"geometry":{"type":"Polygon","coordinates":[[[-101.767,58.614],[-101.765,58.672],[-101.672,58.786],[-101.68,58.821],[-101.744,58.854],[-101.699,58.893],[-101.61,58.784],[-101.631,58.724],[-101.682,58.682],[-101.669,58.662],[-101.569,58.646],[-101.396,58.566],[-101.385,58.541],[-101.444,58.534],[-101.533,58.55],[-101.573,58.582],[-101.726,58.567],[-101.778,58.583],[-101.779,58.599],[-101.767,58.614]]]}},{"type":"Feature","properties":{},"geometry":{"type":"Polygon","coordinates":[[[-95.932,61.93],[-95.913,61.961],[-95.843,61.949],[-95.786,61.959],[-95.636,61.881],[-95.6,61.813],[-95.566,61.842],[-95.496,61.843],[-95.462,61.825],[-95.546,61.809],[-95.512,61.758],[-95.603,61.771],[-95.642,61.795],[-95.686,61.778],[-95.729,61.824],[-95.833,61.858],[-95.852,61.847],[-95.833,61.801],[-95.883,61.804],[-95.984,61.878],[-95.944,61.884],[-95.931,61.926],[-95.932,61.93]]]}},{"type":"Feature","properties":{},"geometry":{"type":"Polygon","coordinates":[[[-72.091,64.517],[-72.163,64.521],[-72.326,64.494],[-72.285,64.542],[-72.335,64.586],[-72.29,64.628],[-72.359,64.661],[-72.178,64.667],[-72.052,64.707],[-71.965,64.675],[-72.037,64.66],[-72.059,64.64],[-72.004,64.58],[-72.049,64.514],[-72.083,64.516],[-72.091,64.517]]]}},{"type":"Feature","properties":{},"geometry":{"type":"Polygon","coordinates":[[[-98.086,54.369],[-98.174,54.315],[-98.202,54.249],[-98.303,54.198],[-98.297,54.145],[-98.349,54.094],[-98.385,54.085],[-98.461,54.104],[-98.485,54.141],[-98.47,54.204],[-98.401,54.238],[-98.277,54.263],[-98.144,54.387],[-98.049,54.393],[-98.077,54.372],[-98.086,54.369]]]}},{"type":"Feature","properties":{},"geometry":{"type":"Polygon","coordinates":[[[-104.207,54.936],[-104.315,54.932],[-104.398,54.91],[-104.467,54.926],[-104.662,54.848],[-104.72,54.875],[-104.779,54.877],[-104.8,54.937],[-104.724,54.968],[-104.425,54.954],[-104.231,54.968],[-104.173,54.946],[-104.206,54.937],[-104.207,54.936]]]}},{"type":"Feature","properties":{},"geometry":{"type":"Polygon","coordinates":[[[-99.553,52.248],[-99.528,52.186],[-99.485,52.161],[-99.503,52.109],[-99.473,52.049],[-99.545,51.986],[-99.562,51.9],[-99.579,51.972],[-99.596,51.979],[-99.61,51.939],[-99.648,52.017],[-99.587,52.27],[-99.554,52.249],[-99.553,52.248]]]}},{"type":"Feature","properties":{},"geometry":{"type":"Polygon","coordinates":[[[-101.192,29.478],[-101.189,29.52],[-101.241,29.486],[-101.303,29.502],[-101.299,29.516],[-101.253,29.533],[-101.229,29.601],[-101.248,29.616],[-101.29,29.571],[-101.308,29.571],[-101.324,29.585],[-101.307,29.633],[-101.296,29.601],[-101.264,29.633],[-101.211,29.63],[-101.199,29.608],[-101.207,29.546],[-101.182,29.569],[-101.182,29.546],[-101.164,29.543],[-101.155,29.519],[-101.059,29.483],[-101.032,29.538],[-100.991,29.546],[-100.998,29.521],[-100.976,29.521],[-100.976,29.594],[-100.92,29.647],[-100.959,29.572],[-100.95,29.505],[-100.907,29.501],[-100.925,29.498],[-100.931,29.476],[-101.005,29.487],[-101.047,29.44],[-101.101,29.45],[-101.108,29.467],[-101.195,29.478],[-101.192,29.478]]]}},{"type":"Feature","properties":{},"geometry":{"type":"Polygon","coordinates":[[[-83.87,34.444],[-83.832,34.383],[-83.793,34.382],[-83.872,34.301],[-83.936,34.275],[-83.933,34.266],[-83.886,34.272],[-83.961,34.209],[-83.948,34.188],[-83.985,34.173],[-84.021,34.188],[-84.037,34.162],[-84.072,34.161],[-84.101,34.231],[-84.038,34.218],[-84.032,34.253],[-83.99,34.238],[-83.954,34.287],[-83.961,34.326],[-83.999,34.354],[-83.993,34.436],[-83.965,34.466],[-83.957,34.431],[-83.93,34.444],[-83.921,34.418],[-83.955,34.408],[-83.943,34.391],[-83.966,34.387],[-83.965,34.368],[-83.879,34.353],[-83.852,34.366],[-83.856,34.383],[-83.886,34.392],[-83.883,34.456],[-83.871,34.444],[-83.87,34.444]]]}},{"type":"Feature","properties":{},"geometry":{"type":"Polygon","coordinates":[[[-104.33,51.976],[-104.323,51.92],[-104.274,51.916],[-104.231,51.823],[-104.319,51.764],[-104.443,51.783],[-104.47,51.816],[-104.391,51.977],[-104.336,51.98],[-104.33,51.976]]]}},{"type":"Feature","properties":{},"geometry":{"type":"Polygon","coordinates":[[[-78.495,54.839],[-78.171,54.793],[-78.096,54.761],[-77.976,54.741],[-78.167,54.737],[-78.167,54.719],[-78.321,54.724],[-78.356,54.751],[-78.412,54.74],[-78.451,54.759],[-78.537,54.744],[-78.529,54.763],[-78.481,54.773],[-78.496,54.801],[-78.637,54.835],[-78.572,54.851],[-78.505,54.839],[-78.495,54.839]]]}},{"type":"Feature","properties":{},"geometry":{"type":"Polygon","coordinates":[[[-102.221,54.13],[-102.198,54.102],[-102.15,54.092],[-102.152,54.072],[-102.206,54.075],[-102.249,54.051],[-102.186,54.019],[-102.159,53.986],[-102.168,53.959],[-102.432,53.968],[-102.351,54.066],[-102.382,54.071],[-102.354,54.128],[-102.293,54.157],[-102.266,54.147],[-102.209,54.156],[-102.219,54.134],[-102.221,54.13]]]}},{"type":"Feature","properties":{},"geometry":{"type":"Polygon","coordinates":[[[-92.958,49.584],[-93.01,49.531],[-93.06,49.54],[-93.028,49.575],[-93.071,49.662],[-93.1,49.67],[-93.108,49.693],[-93.198,49.682],[-93.152,49.641],[-93.246,49.652],[-93.304,49.628],[-93.313,49.649],[-93.34,49.646],[-93.332,49.694],[-93.271,49.709],[-93.247,49.731],[-93.177,49.718],[-93.162,49.728],[-93.177,49.747],[-93.113,49.756],[-93.031,49.722],[-93.037,49.697],[-93.009,49.669],[-92.954,49.66],[-92.949,49.646],[-92.994,49.617],[-92.949,49.604],[-92.95,49.588],[-92.958,49.584]]]}},{"type":"Feature","properties":{},"geometry":{"type":"Polygon","coordinates":[[[-93.303,30.069],[-93.277,30.031],[-93.244,29.887],[-93.268,29.851],[-93.324,29.845],[-93.365,29.824],[-93.447,29.871],[-93.35,29.906],[-93.334,30.086],[-93.307,30.073],[-93.303,30.069]]]}},{"type":"Feature","properties":{},"geometry":{"type":"Polygon","coordinates":[[[-101.211,52.98],[-101.239,52.958],[-101.196,52.907],[-101.22,52.893],[-101.469,52.895],[-101.527,52.926],[-101.514,52.938],[-101.452,52.919],[-101.45,52.939],[-101.506,52.982],[-101.434,53.023],[-101.301,53.02],[-101.2,52.984],[-101.211,52.98]]]}},{"type":"Feature","properties":{},"geometry":{"type":"Polygon","coordinates":[[[-91.609,51.74],[-91.689,51.7],[-91.756,51.706],[-91.823,51.674],[-91.835,51.656],[-91.817,51.641],[-91.864,51.606],[-91.856,51.585],[-91.904,51.536],[-91.85,51.494],[-91.906,51.482],[-91.984,51.502],[-91.927,51.597],[-91.934,51.626],[-91.969,51.644],[-91.914,51.665],[-91.924,51.708],[-91.887,51.75],[-91.914,51.761],[-91.86,51.76],[-91.822,51.729],[-91.652,51.747],[-91.613,51.769],[-91.601,51.746],[-91.609,51.74]]]}},{"type":"Feature","properties":{},"geometry":{"type":"Polygon","coordinates":[[[-92.478,49.657],[-92.489,49.632],[-92.459,49.613],[-92.507,49.596],[-92.551,49.602],[-92.582,49.563],[-92.576,49.529],[-92.597,49.524],[-92.64,49.541],[-92.638,49.569],[-92.586,49.6],[-92.556,49.664],[-92.595,49.654],[-92.674,49.668],[-92.691,49.679],[-92.673,49.701],[-92.737,49.711],[-92.783,49.681],[-92.823,49.68],[-92.836,49.688],[-92.807,49.708],[-92.846,49.723],[-92.854,49.746],[-92.9,49.755],[-92.86,49.77],[-92.716,49.772],[-92.646,49.749],[-92.58,49.688],[-92.524,49.693],[-92.48,49.659],[-92.478,49.657]]]}},{"type":"Feature","properties":{},"geometry":{"type":"Polygon","coordinates":[[[-101.629,55.768],[-101.702,55.739],[-101.732,55.706],[-101.812,55.714],[-101.914,55.692],[-101.998,55.658],[-102.026,55.623],[-102.089,55.66],[-102.093,55.674],[-102.054,55.694],[-102.061,55.718],[-101.966,55.761],[-101.834,55.763],[-101.737,55.831],[-101.674,55.838],[-101.617,55.769],[-101.629,55.768]]]}},{"type":"Feature","properties":{},"geometry":{"type":"Polygon","coordinates":[[[-61.385,8.58],[-61.274,8.568],[-61.261,8.554],[-61.279,8.515],[-61.268,8.498],[-61.191,8.504],[-61.184,8.494],[-61.247,8.475],[-61.297,8.494],[-61.327,8.476],[-61.346,8.491],[-61.405,8.486],[-61.471,8.512],[-61.491,8.54],[-61.545,8.552],[-61.493,8.566],[-61.477,8.555],[-61.46,8.576],[-61.426,8.583],[-61.388,8.581],[-61.385,8.58]]]}},{"type":"Feature","properties":{},"geometry":{"type":"Polygon","coordinates":[[[-78.331,44.49],[-78.374,44.412],[-78.435,44.352],[-78.459,44.361],[-78.382,44.458],[-78.457,44.482],[-78.477,44.468],[-78.499,44.384],[-78.555,44.342],[-78.505,44.46],[-78.532,44.544],[-78.632,44.512],[-78.702,44.471],[-78.751,44.417],[-78.768,44.431],[-78.728,44.519],[-78.733,44.551],[-78.693,44.495],[-78.618,44.548],[-78.55,44.56],[-78.511,44.59],[-78.372,44.597],[-78.464,44.566],[-78.485,44.508],[-78.443,44.496],[-78.429,44.515],[-78.385,44.519],[-78.365,44.552],[-78.336,44.564],[-78.374,44.494],[-78.362,44.484],[-78.325,44.524],[-78.327,44.496],[-78.331,44.49]]]}},{"type":"Feature","properties":{},"geometry":{"type":"Polygon","coordinates":[[[-101.42,54.593],[-101.422,54.57],[-101.477,54.572],[-101.52,54.543],[-101.62,54.532],[-101.627,54.504],[-101.693,54.476],[-101.741,54.482],[-101.809,54.531],[-101.86,54.541],[-101.845,54.569],[-101.761,54.575],[-101.725,54.592],[-101.69,54.625],[-101.704,54.668],[-101.652,54.677],[-101.622,54.658],[-101.626,54.592],[-101.417,54.597],[-101.42,54.593]]]}},{"type":"Feature","properties":{},"geometry":{"type":"Polygon","coordinates":[[[-100.276,54.649],[-100.312,54.631],[-100.275,54.619],[-100.279,54.604],[-100.384,54.581],[-100.554,54.604],[-100.624,54.586],[-100.686,54.606],[-100.513,54.718],[-100.44,54.711],[-100.443,54.675],[-100.421,54.667],[-100.381,54.66],[-100.33,54.676],[-100.263,54.657],[-100.276,54.649]]]}},{"type":"Feature","properties":{},"geometry":{"type":"Polygon","coordinates":[[[-75.792,61.142],[-75.8,61.094],[-75.705,61.104],[-75.764,61.039],[-75.721,61.024],[-75.79,60.961],[-75.741,60.969],[-75.702,61.001],[-75.687,60.976],[-75.742,60.939],[-75.72,60.929],[-75.656,60.945],[-75.622,60.933],[-75.686,60.895],[-75.766,60.883],[-75.779,60.859],[-75.737,60.864],[-75.77,60.78],[-75.809,60.834],[-75.844,60.843],[-75.796,60.861],[-75.842,60.893],[-75.785,60.9],[-75.789,60.917],[-75.889,60.927],[-75.908,60.95],[-75.806,60.932],[-75.842,60.955],[-75.797,61.002],[-75.914,60.996],[-75.832,61.017],[-75.867,61.051],[-75.845,61.074],[-75.899,61.07],[-75.918,61.014],[-75.984,61.018],[-75.938,61.029],[-75.975,61.058],[-75.966,61.068],[-75.923,61.06],[-75.944,61.092],[-75.879,61.116],[-75.893,61.144],[-75.789,61.158],[-75.797,61.147],[-75.792,61.142]]]}},{"type":"Feature","properties":{},"geometry":{"type":"Polygon","coordinates":[[[-91.859,53.771],[-91.908,53.75],[-91.908,53.731],[-91.994,53.746],[-92.024,53.775],[-92.206,53.748],[-92.188,53.802],[-92.227,53.776],[-92.277,53.773],[-92.282,53.834],[-92.251,53.854],[-92.21,53.855],[-92.196,53.874],[-92.135,53.882],[-92.099,53.859],[-92.019,53.844],[-92.004,53.814],[-91.913,53.789],[-91.846,53.792],[-91.848,53.779],[-91.859,53.771]]]}},{"type":"Feature","properties":{},"geometry":{"type":"Polygon","coordinates":[[[-104.333,58.239],[-104.321,58.209],[-104.226,58.2],[-104.252,58.159],[-104.353,58.137],[-104.364,58.099],[-104.268,58.103],[-104.253,58.072],[-104.319,58.057],[-104.368,58.073],[-104.395,58.025],[-104.477,58.017],[-104.483,58.053],[-104.539,58.075],[-104.442,58.124],[-104.427,58.179],[-104.45,58.194],[-104.526,58.184],[-104.444,58.241],[-104.34,58.244],[-104.333,58.239]]]}},{"type":"Feature","properties":{},"geometry":{"type":"Polygon","coordinates":[[[-100.162,59.435],[-100.152,59.482],[-100.032,59.59],[-100.055,59.556],[-100.039,59.538],[-100.01,59.535],[-99.954,59.564],[-99.919,59.548],[-99.99,59.49],[-99.972,59.479],[-99.894,59.496],[-99.839,59.546],[-99.841,59.59],[-99.799,59.587],[-99.724,59.541],[-99.799,59.497],[-99.838,59.437],[-99.931,59.46],[-100.041,59.373],[-100.028,59.454],[-100.094,59.461],[-100.164,59.411],[-100.164,59.436],[-100.162,59.435]]]}},{"type":"Feature","properties":{},"geometry":{"type":"Polygon","coordinates":[[[-90.469,30.347],[-90.431,30.33],[-90.399,30.29],[-90.434,30.226],[-90.481,30.181],[-90.566,30.178],[-90.593,30.208],[-90.571,30.226],[-90.579,30.276],[-90.473,30.348],[-90.469,30.347]]]}},{"type":"Feature","properties":{},"geometry":{"type":"Polygon","coordinates":[[[-64.66,53.081],[-64.682,53.128],[-64.674,53.18],[-64.728,53.299],[-64.848,53.362],[-64.913,53.373],[-64.894,53.395],[-64.963,53.422],[-64.8,53.408],[-64.794,53.429],[-64.853,53.448],[-64.823,53.464],[-64.766,53.452],[-64.751,53.41],[-64.601,53.33],[-64.702,53.335],[-64.66,53.303],[-64.652,53.268],[-64.583,53.218],[-64.675,53.243],[-64.698,53.274],[-64.691,53.223],[-64.628,53.139],[-64.624,53.049],[-64.659,53.076],[-64.66,53.081]]]}},{"type":"Feature","properties":{},"geometry":{"type":"Polygon","coordinates":[[[-73.777,9.243],[-73.773,9.214],[-73.803,9.222],[-73.793,9.201],[-73.778,9.201],[-73.788,9.176],[-73.812,9.175],[-73.784,9.161],[-73.759,9.168],[-73.767,9.115],[-73.786,9.105],[-73.761,9.099],[-73.771,9.071],[-73.741,9.06],[-73.808,9.06],[-73.841,9.038],[-73.87,9.043],[-73.862,9.084],[-73.9,9.062],[-73.908,9.08],[-73.886,9.106],[-73.896,9.143],[-73.877,9.152],[-73.889,9.213],[-73.851,9.19],[-73.867,9.171],[-73.85,9.161],[-73.83,9.21],[-73.844,9.23],[-73.816,9.258],[-73.783,9.245],[-73.777,9.243]]]}},{"type":"Feature","properties":{},"geometry":{"type":"Polygon","coordinates":[[[-66.387,56.559],[-66.391,56.507],[-66.291,56.438],[-66.326,56.405],[-66.269,56.362],[-66.314,56.361],[-66.318,56.343],[-66.221,56.291],[-66.24,56.239],[-66.207,56.2],[-66.285,56.228],[-66.262,56.198],[-66.312,56.189],[-66.251,56.124],[-66.285,56.092],[-66.227,56.049],[-66.284,56.026],[-66.319,56.066],[-66.279,56.128],[-66.35,56.195],[-66.285,56.284],[-66.342,56.321],[-66.383,56.321],[-66.405,56.358],[-66.358,56.358],[-66.381,56.379],[-66.351,56.404],[-66.368,56.46],[-66.495,56.504],[-66.484,56.52],[-66.446,56.523],[-66.399,56.576],[-66.389,56.563],[-66.387,56.559]]]}},{"type":"Feature","properties":{},"geometry":{"type":"Polygon","coordinates":[[[-97.337,57.299],[-97.443,57.345],[-97.451,57.389],[-97.537,57.385],[-97.55,57.396],[-97.449,57.416],[-97.377,57.399],[-97.225,57.427],[-97.165,57.42],[-97.146,57.398],[-97.173,57.344],[-97.116,57.326],[-97.186,57.302],[-97.216,57.261],[-97.338,57.294],[-97.337,57.299]]]}},{"type":"Feature","properties":{},"geometry":{"type":"Polygon","coordinates":[[[-75.223,59.219],[-75.089,59.2],[-75.017,59.157],[-75.14,59.176],[-75.13,59.156],[-75.201,59.147],[-75.39,59.15],[-75.398,59.128],[-75.28,59.108],[-75.296,59.079],[-75.342,59.088],[-75.345,59.071],[-75.22,59.066],[-75.191,59.053],[-75.297,59.013],[-75.352,59.027],[-75.326,59.045],[-75.396,59.051],[-75.426,59.034],[-75.482,59.046],[-75.488,59.074],[-75.394,59.107],[-75.476,59.135],[-75.447,59.148],[-75.463,59.16],[-75.334,59.177],[-75.416,59.199],[-75.274,59.189],[-75.255,59.192],[-75.289,59.207],[-75.235,59.22],[-75.223,59.219]]]}},{"type":"Feature","properties":{},"geometry":{"type":"Polygon","coordinates":[[[-87.26,52.844],[-87.294,52.849],[-87.313,52.83],[-87.403,52.802],[-87.375,52.843],[-87.422,52.832],[-87.456,52.856],[-87.426,52.902],[-87.457,52.936],[-87.427,52.955],[-87.357,52.958],[-87.313,52.91],[-87.314,52.956],[-87.362,53.011],[-87.455,52.977],[-87.363,53.063],[-87.297,52.999],[-87.287,52.932],[-87.224,52.91],[-87.209,52.848],[-87.225,52.834],[-87.256,52.843],[-87.26,52.844]]]}},{"type":"Feature","properties":{},"geometry":{"type":"Polygon","coordinates":[[[-63.269,54.291],[-63.295,54.268],[-63.377,54.254],[-63.397,54.286],[-63.502,54.28],[-63.551,54.255],[-63.535,54.238],[-63.324,54.187],[-63.267,54.203],[-63.338,54.206],[-63.324,54.219],[-63.182,54.211],[-63.263,54.151],[-63.475,54.183],[-63.493,54.206],[-63.567,54.185],[-63.575,54.152],[-63.684,54.134],[-63.649,54.147],[-63.616,54.194],[-63.554,54.208],[-63.601,54.238],[-63.581,54.255],[-63.614,54.269],[-63.621,54.302],[-63.517,54.333],[-63.439,54.314],[-63.456,54.296],[-63.304,54.303],[-63.268,54.294],[-63.269,54.291]]]}},{"type":"Feature","properties":{},"geometry":{"type":"Polygon","coordinates":[[[-102.715,62.42],[-102.676,62.438],[-102.711,62.467],[-102.619,62.549],[-102.625,62.584],[-102.799,62.631],[-102.775,62.643],[-102.714,62.636],[-102.735,62.673],[-102.799,62.668],[-102.815,62.678],[-102.66,62.753],[-102.662,62.726],[-102.604,62.713],[-102.582,62.663],[-102.603,62.601],[-102.506,62.554],[-102.525,62.526],[-102.581,62.528],[-102.599,62.494],[-102.547,62.458],[-102.48,62.443],[-102.514,62.432],[-102.598,62.438],[-102.674,62.407],[-102.729,62.402],[-102.723,62.417],[-102.715,62.42]]]}},{"type":"Feature","properties":{},"geometry":{"type":"Polygon","coordinates":[[[-67.784,56.357],[-67.671,56.275],[-67.632,56.266],[-67.613,56.233],[-67.634,56.208],[-67.668,56.236],[-67.683,56.231],[-67.673,56.189],[-67.639,56.184],[-67.633,56.073],[-67.7,56.024],[-67.654,56.021],[-67.646,55.994],[-67.564,55.972],[-67.565,56.006],[-67.505,55.996],[-67.452,56.051],[-67.472,55.958],[-67.497,55.971],[-67.541,55.954],[-67.615,55.965],[-67.596,55.944],[-67.621,55.939],[-67.85,56.054],[-67.722,56.038],[-67.675,56.07],[-67.654,56.113],[-67.672,56.175],[-67.806,56.299],[-67.789,56.321],[-67.819,56.368],[-67.793,56.366],[-67.784,56.357]]]}},{"type":"Feature","properties":{},"geometry":{"type":"Polygon","coordinates":[[[-80.441,33.521],[-80.433,33.536],[-80.374,33.481],[-80.345,33.484],[-80.343,33.51],[-80.315,33.495],[-80.309,33.513],[-80.266,33.493],[-80.197,33.522],[-80.173,33.492],[-80.151,33.402],[-80.215,33.402],[-80.236,33.436],[-80.288,33.436],[-80.293,33.412],[-80.392,33.447],[-80.528,33.574],[-80.533,33.595],[-80.487,33.567],[-80.441,33.521]]]}},{"type":"Feature","properties":{},"geometry":{"type":"Polygon","coordinates":[[[-91.29,48.918],[-91.339,48.88],[-91.307,48.847],[-91.332,48.813],[-91.369,48.819],[-91.379,48.866],[-91.412,48.882],[-91.422,48.909],[-91.479,48.898],[-91.441,48.832],[-91.481,48.812],[-91.497,48.83],[-91.529,48.83],[-91.516,48.846],[-91.584,48.832],[-91.602,48.861],[-91.642,48.867],[-91.61,48.911],[-91.483,48.968],[-91.439,48.964],[-91.404,48.978],[-91.392,48.967],[-91.436,48.946],[-91.435,48.933],[-91.381,48.938],[-91.354,48.912],[-91.289,48.929],[-91.291,48.919],[-91.29,48.918]]]}},{"type":"Feature","properties":{},"geometry":{"type":"Polygon","coordinates":[[[-103.131,59.347],[-103.182,59.313],[-103.232,59.221],[-103.204,59.207],[-103.129,59.208],[-103.151,59.125],[-103.052,59.167],[-103.077,59.109],[-103.137,59.059],[-103.231,59.104],[-103.231,59.157],[-103.339,59.179],[-103.326,59.224],[-103.277,59.243],[-103.312,59.275],[-103.242,59.362],[-103.204,59.378],[-103.129,59.369],[-103.129,59.348],[-103.131,59.347]]]}},{"type":"Feature","properties":{},"geometry":{"type":"Polygon","coordinates":[[[-72.382,58.898],[-72.311,58.853],[-72.289,58.796],[-72.324,58.775],[-72.228,58.798],[-72.204,58.79],[-72.289,58.748],[-72.247,58.727],[-72.253,58.687],[-72.297,58.693],[-72.322,58.731],[-72.386,58.738],[-72.361,58.756],[-72.379,58.791],[-72.64,58.87],[-72.58,58.89],[-72.611,58.919],[-72.587,58.935],[-72.489,58.926],[-72.477,58.898],[-72.385,58.898],[-72.382,58.898]]]}},{"type":"Feature","properties":{},"geometry":{"type":"Polygon","coordinates":[[[-73.56,59.881],[-73.562,59.856],[-73.5,59.801],[-73.567,59.774],[-73.597,59.778],[-73.606,59.74],[-73.571,59.711],[-73.553,59.759],[-73.52,59.768],[-73.503,59.756],[-73.531,59.724],[-73.512,59.689],[-73.544,59.678],[-73.534,59.654],[-73.626,59.722],[-73.702,59.743],[-73.684,59.765],[-73.714,59.779],[-73.86,59.744],[-73.9,59.751],[-73.741,59.814],[-73.798,59.836],[-73.777,59.855],[-73.812,59.872],[-73.737,59.884],[-73.723,59.872],[-73.767,59.84],[-73.699,59.838],[-73.626,59.896],[-73.582,59.896],[-73.567,59.883],[-73.56,59.881]]]}},{"type":"Feature","properties":{},"geometry":{"type":"Polygon","coordinates":[[[-82.841,34.598],[-82.796,34.529],[-82.77,34.529],[-82.796,34.508],[-82.806,34.463],[-82.835,34.447],[-82.806,34.436],[-82.821,34.423],[-82.813,34.366],[-82.83,34.347],[-82.878,34.363],[-82.864,34.384],[-82.874,34.389],[-82.951,34.373],[-82.951,34.389],[-82.891,34.405],[-82.892,34.42],[-82.856,34.414],[-82.897,34.468],[-82.958,34.468],[-82.979,34.453],[-83.031,34.462],[-83.04,34.482],[-83.09,34.492],[-83.072,34.499],[-83.089,34.527],[-83.172,34.582],[-83.16,34.602],[-83.009,34.487],[-82.921,34.499],[-82.866,34.487],[-82.837,34.464],[-82.819,34.524],[-82.829,34.553],[-82.862,34.58],[-82.926,34.598],[-82.872,34.6],[-82.862,34.614],[-82.844,34.602],[-82.841,34.598]]]}},{"type":"Feature","properties":{},"geometry":{"type":"Polygon","coordinates":[[[-69.506,54.727],[-69.565,54.764],[-69.674,54.771],[-69.677,54.831],[-69.772,54.848],[-69.649,54.837],[-69.649,54.806],[-69.621,54.799],[-69.616,54.777],[-69.529,54.787],[-69.409,54.774],[-69.362,54.795],[-69.339,54.763],[-69.37,54.747],[-69.309,54.729],[-69.231,54.756],[-69.187,54.724],[-69.091,54.782],[-69.126,54.748],[-69.102,54.741],[-69.067,54.768],[-69.029,54.768],[-68.957,54.804],[-68.965,54.767],[-69.064,54.748],[-69.135,54.675],[-69.15,54.715],[-69.248,54.688],[-69.245,54.727],[-69.272,54.7],[-69.296,54.718],[-69.329,54.71],[-69.301,54.694],[-69.326,54.663],[-69.327,54.689],[-69.357,54.693],[-69.406,54.666],[-69.429,54.697],[-69.382,54.717],[-69.402,54.743],[-69.497,54.726],[-69.506,54.727]]]}},{"type":"Feature","properties":{},"geometry":{"type":"Polygon","coordinates":[[[-92.538,29.82],[-92.491,29.772],[-92.437,29.794],[-92.397,29.784],[-92.403,29.725],[-92.46,29.683],[-92.508,29.684],[-92.553,29.715],[-92.585,29.719],[-92.616,29.749],[-92.622,29.783],[-92.545,29.824],[-92.538,29.82]]]}},{"type":"Feature","properties":{},"geometry":{"type":"Polygon","coordinates":[[[-94.239,47.513],[-94.126,47.498],[-94.067,47.455],[-94.093,47.424],[-94.156,47.441],[-94.191,47.371],[-94.224,47.352],[-94.299,47.379],[-94.335,47.408],[-94.34,47.445],[-94.332,47.459],[-94.301,47.445],[-94.271,47.514],[-94.244,47.512],[-94.239,47.513]]]}},{"type":"Feature","properties":{},"geometry":{"type":"Polygon","coordinates":[[[-68.32,49.724],[-68.36,49.699],[-68.386,49.646],[-68.357,49.528],[-68.384,49.441],[-68.342,49.331],[-68.391,49.344],[-68.429,49.401],[-68.447,49.468],[-68.422,49.548],[-68.439,49.588],[-68.549,49.68],[-68.495,49.672],[-68.429,49.631],[-68.414,49.706],[-68.452,49.731],[-68.373,49.717],[-68.363,49.751],[-68.281,49.751],[-68.314,49.73],[-68.32,49.724]]]}},{"type":"Feature","properties":{},"geometry":{"type":"Polygon","coordinates":[[[-80.045,47.152],[-80.052,47.102],[-80.023,47.105],[-80.01,47.088],[-80.063,47.075],[-80.052,47.012],[-80.01,47.004],[-80.008,46.961],[-79.957,46.973],[-79.988,46.953],[-79.992,46.924],[-80.024,46.914],[-80.033,46.891],[-80.016,46.875],[-80.051,46.843],[-80.08,46.856],[-80.081,46.909],[-80.115,46.914],[-80.095,46.833],[-80.127,46.805],[-80.146,46.891],[-80.086,46.96],[-80.129,47.05],[-80.087,47.015],[-80.079,47.035],[-80.111,47.066],[-80.094,47.094],[-80.141,47.173],[-80.118,47.176],[-80.114,47.201],[-80.077,47.102],[-80.068,47.156],[-80.048,47.158],[-80.045,47.152]]]}},{"type":"Feature","properties":{},"geometry":{"type":"Polygon","coordinates":[[[-102.397,61.268],[-102.408,61.304],[-102.358,61.35],[-102.397,61.403],[-102.307,61.424],[-102.293,61.406],[-102.213,61.392],[-102.164,61.406],[-102.123,61.4],[-102.058,61.422],[-102.033,61.387],[-102.122,61.325],[-102.138,61.367],[-102.256,61.355],[-102.283,61.37],[-102.309,61.363],[-102.281,61.317],[-102.359,61.267],[-102.302,61.242],[-102.23,61.243],[-102.235,61.224],[-102.204,61.211],[-102.225,61.175],[-102.187,61.151],[-102.225,61.129],[-102.264,61.136],[-102.272,61.171],[-102.378,61.228],[-102.398,61.265],[-102.397,61.268]]]}},{"type":"Feature","properties":{},"geometry":{"type":"Polygon","coordinates":[[[-95.584,55.605],[-95.678,55.539],[-95.686,55.452],[-95.921,55.408],[-95.893,55.457],[-95.91,55.498],[-95.738,55.539],[-95.747,55.558],[-95.814,55.551],[-95.837,55.561],[-95.611,55.619],[-95.577,55.619],[-95.581,55.608],[-95.584,55.605]]]}},{"type":"Feature","properties":{},"geometry":{"type":"Polygon","coordinates":[[[-97.794,60.987],[-97.713,61.009],[-97.583,60.986],[-97.549,60.994],[-97.529,60.973],[-97.591,60.93],[-97.59,60.885],[-97.511,60.845],[-97.689,60.849],[-97.691,60.833],[-97.619,60.813],[-97.722,60.807],[-97.783,60.828],[-97.718,60.868],[-97.711,60.896],[-97.819,60.906],[-97.809,60.935],[-97.761,60.947],[-97.827,60.971],[-97.812,60.985],[-97.794,60.987]]]}},{"type":"Feature","properties":{},"geometry":{"type":"Polygon","coordinates":[[[-73.975,59.1],[-73.773,59.056],[-73.858,59.054],[-73.776,58.983],[-73.811,58.958],[-73.856,58.96],[-73.979,59.022],[-74.021,59.005],[-74.189,59.051],[-74.165,59.064],[-74.079,59.054],[-74.13,59.091],[-74.047,59.066],[-74.068,59.088],[-74.046,59.102],[-74.183,59.128],[-74.141,59.148],[-74.052,59.142],[-74.015,59.119],[-74.039,59.11],[-73.996,59.103],[-73.975,59.1]]]}},{"type":"Feature","properties":{},"geometry":{"type":"Polygon","coordinates":[[[-73.144,57.508],[-73.072,57.47],[-72.983,57.468],[-72.964,57.445],[-72.908,57.452],[-72.922,57.482],[-72.904,57.484],[-72.834,57.464],[-72.835,57.437],[-72.907,57.444],[-72.902,57.418],[-72.934,57.401],[-73.045,57.399],[-73.06,57.414],[-73.01,57.443],[-73.042,57.448],[-73.09,57.402],[-73.169,57.379],[-73.214,57.389],[-73.125,57.41],[-73.162,57.419],[-73.252,57.404],[-73.196,57.428],[-73.22,57.433],[-73.291,57.418],[-73.291,57.403],[-73.372,57.372],[-73.483,57.376],[-73.491,57.395],[-73.394,57.416],[-73.443,57.428],[-73.289,57.44],[-73.306,57.459],[-73.1,57.449],[-73.099,57.461],[-73.146,57.458],[-73.17,57.472],[-73.146,57.485],[-73.179,57.52],[-73.149,57.511],[-73.144,57.508]]]}},{"type":"Feature","properties":{},"geometry":{"type":"Polygon","coordinates":[[[-71.761,59.708],[-71.814,59.688],[-71.791,59.651],[-71.876,59.595],[-71.937,59.604],[-71.938,59.549],[-71.995,59.559],[-72.027,59.54],[-72.028,59.522],[-71.987,59.531],[-71.986,59.52],[-72.017,59.492],[-72.011,59.451],[-72.058,59.449],[-72.052,59.428],[-72.026,59.429],[-72.033,59.375],[-72.048,59.351],[-72.077,59.349],[-72.073,59.377],[-72.119,59.426],[-72.085,59.444],[-72.078,59.513],[-72.114,59.541],[-72.061,59.543],[-72.076,59.571],[-72.034,59.599],[-71.999,59.593],[-72.007,59.625],[-71.952,59.624],[-71.989,59.657],[-71.974,59.679],[-71.897,59.655],[-71.878,59.699],[-71.825,59.729],[-71.727,59.716],[-71.754,59.709],[-71.761,59.708]]]}},{"type":"Feature","properties":{},"geometry":{"type":"Polygon","coordinates":[[[-90.212,29.863],[-90.18,29.83],[-90.219,29.813],[-90.221,29.798],[-90.16,29.8],[-90.153,29.742],[-90.201,29.724],[-90.206,29.695],[-90.237,29.674],[-90.301,29.661],[-90.299,29.682],[-90.341,29.684],[-90.347,29.708],[-90.332,29.731],[-90.233,29.79],[-90.246,29.825],[-90.288,29.838],[-90.229,29.869],[-90.212,29.863]]]}},{"type":"Feature","properties":{},"geometry":{"type":"Polygon","coordinates":[[[-60.998,8.597],[-60.989,8.584],[-61.004,8.549],[-61.019,8.537],[-61.056,8.543],[-61.037,8.527],[-61.041,8.513],[-61.129,8.502],[-61.193,8.515],[-61.266,8.509],[-61.244,8.557],[-61.217,8.573],[-61.182,8.569],[-61.129,8.531],[-61.139,8.558],[-61.086,8.609],[-61.017,8.611],[-61.003,8.598],[-60.998,8.597]]]}},{"type":"Feature","properties":{},"geometry":{"type":"Polygon","coordinates":[[[-95.897,63.646],[-96.065,63.651],[-96.052,63.621],[-96.233,63.618],[-96.303,63.588],[-96.452,63.573],[-96.563,63.601],[-96.593,63.569],[-96.836,63.589],[-96.925,63.612],[-96.949,63.634],[-96.906,63.648],[-96.901,63.679],[-96.789,63.652],[-96.827,63.628],[-96.732,63.604],[-96.542,63.61],[-96.514,63.628],[-96.415,63.615],[-96.384,63.631],[-96.431,63.636],[-96.385,63.646],[-96.321,63.626],[-96.305,63.645],[-96.14,63.639],[-96.069,63.674],[-95.886,63.649],[-95.897,63.646]]]}},{"type":"Feature","properties":{},"geometry":{"type":"Polygon","coordinates":[[[-74.186,47.467],[-74.197,47.432],[-74.145,47.39],[-74.144,47.369],[-74.188,47.393],[-74.228,47.383],[-74.229,47.403],[-74.261,47.409],[-74.373,47.336],[-74.36,47.292],[-74.392,47.244],[-74.372,47.229],[-74.314,47.24],[-74.316,47.19],[-74.329,47.229],[-74.354,47.208],[-74.406,47.239],[-74.39,47.336],[-74.334,47.394],[-74.372,47.371],[-74.402,47.386],[-74.441,47.374],[-74.499,47.345],[-74.515,47.316],[-74.509,47.378],[-74.474,47.376],[-74.426,47.416],[-74.367,47.403],[-74.308,47.429],[-74.297,47.455],[-74.269,47.456],[-74.259,47.48],[-74.283,47.51],[-74.311,47.473],[-74.346,47.493],[-74.308,47.534],[-74.259,47.512],[-74.231,47.529],[-74.186,47.524],[-74.241,47.45],[-74.195,47.484],[-74.155,47.482],[-74.177,47.469],[-74.186,47.467]]]}},{"type":"Feature","properties":{},"geometry":{"type":"Polygon","coordinates":[[[-105.223,60.3],[-105.127,60.358],[-105.037,60.344],[-104.957,60.362],[-104.86,60.358],[-104.886,60.315],[-104.834,60.288],[-104.809,60.236],[-104.924,60.138],[-104.956,60.148],[-104.934,60.269],[-105.003,60.257],[-105.066,60.31],[-105.193,60.286],[-105.228,60.293],[-105.223,60.3]]]}},{"type":"Feature","properties":{},"geometry":{"type":"Polygon","coordinates":[[[-91.775,51.427],[-91.818,51.4],[-91.799,51.389],[-91.815,51.375],[-91.755,51.369],[-91.761,51.332],[-91.89,51.3],[-91.912,51.281],[-91.895,51.264],[-91.908,51.248],[-91.94,51.248],[-91.96,51.265],[-92.023,51.261],[-91.959,51.299],[-92.032,51.334],[-91.924,51.351],[-91.951,51.396],[-91.933,51.433],[-91.884,51.457],[-91.858,51.437],[-91.786,51.442],[-91.771,51.432],[-91.775,51.427]]]}},{"type":"Feature","properties":{},"geometry":{"type":"Polygon","coordinates":[[[-77.369,47.806],[-77.405,47.714],[-77.467,47.649],[-77.441,47.592],[-77.488,47.57],[-77.487,47.548],[-77.452,47.538],[-77.444,47.502],[-77.499,47.507],[-77.482,47.491],[-77.548,47.481],[-77.636,47.421],[-77.626,47.456],[-77.512,47.518],[-77.523,47.551],[-77.499,47.59],[-77.533,47.589],[-77.582,47.514],[-77.612,47.532],[-77.635,47.512],[-77.615,47.498],[-77.67,47.494],[-77.668,47.608],[-77.551,47.673],[-77.529,47.664],[-77.527,47.635],[-77.572,47.643],[-77.636,47.593],[-77.638,47.552],[-77.622,47.546],[-77.497,47.632],[-77.392,47.782],[-77.381,47.836],[-77.367,47.813],[-77.369,47.806]]]}},{"type":"Feature","properties":{},"geometry":{"type":"Polygon","coordinates":[[[-81.672,29.501],[-81.666,29.446],[-81.636,29.418],[-81.639,29.377],[-81.596,29.373],[-81.534,29.294],[-81.546,29.268],[-81.522,29.226],[-81.56,29.2],[-81.613,29.203],[-81.618,29.233],[-81.642,29.244],[-81.636,29.268],[-81.678,29.311],[-81.653,29.35],[-81.676,29.38],[-81.661,29.413],[-81.689,29.467],[-81.674,29.509],[-81.673,29.499],[-81.672,29.501]]]}},{"type":"Feature","properties":{},"geometry":{"type":"Polygon","coordinates":[[[-76.468,49.659],[-76.336,49.511],[-76.34,49.496],[-76.38,49.502],[-76.485,49.476],[-76.673,49.48],[-76.642,49.511],[-76.539,49.548],[-76.501,49.541],[-76.517,49.503],[-76.448,49.522],[-76.474,49.55],[-76.455,49.59],[-76.519,49.579],[-76.543,49.61],[-76.502,49.676],[-76.472,49.664],[-76.468,49.659]]]}},{"type":"Feature","properties":{},"geometry":{"type":"Polygon","coordinates":[[[-93.344,53.151],[-93.326,53.108],[-93.358,53.084],[-93.406,53.096],[-93.46,53.085],[-93.585,53.092],[-93.656,53.156],[-93.672,53.195],[-93.634,53.216],[-93.595,53.187],[-93.478,53.195],[-93.476,53.175],[-93.423,53.151],[-93.36,53.164],[-93.347,53.146],[-93.344,53.151]]]}},{"type":"Feature","properties":{},"geometry":{"type":"Polygon","coordinates":[[[-79.997,33.374],[-79.977,33.347],[-79.995,33.322],[-79.971,33.29],[-79.991,33.241],[-80.064,33.214],[-80.098,33.263],[-80.142,33.276],[-80.136,33.317],[-80.081,33.358],[-80.077,33.389],[-80.008,33.388],[-79.997,33.376],[-79.997,33.374]]]}},{"type":"Feature","properties":{},"geometry":{"type":"Polygon","coordinates":[[[-64.166,56.326],[-64.24,56.272],[-64.234,56.257],[-64.176,56.251],[-64.235,56.229],[-64.26,56.194],[-64.214,56.185],[-64.22,56.14],[-64.276,56.096],[-64.321,56.092],[-64.374,56.108],[-64.377,56.136],[-64.34,56.169],[-64.357,56.185],[-64.299,56.205],[-64.277,56.296],[-64.543,56.279],[-64.588,56.301],[-64.304,56.312],[-64.199,56.346],[-64.148,56.342],[-64.156,56.331],[-64.166,56.326]]]}},{"type":"Feature","properties":{},"geometry":{"type":"Polygon","coordinates":[[[-98.864,58.841],[-98.88,58.907],[-98.823,58.956],[-98.838,58.993],[-98.754,59.013],[-98.73,58.986],[-98.793,58.948],[-98.75,58.934],[-98.723,58.879],[-98.499,58.855],[-98.514,58.811],[-98.632,58.757],[-98.649,58.767],[-98.607,58.812],[-98.642,58.841],[-98.712,58.844],[-98.817,58.824],[-98.866,58.839],[-98.864,58.841]]]}},{"type":"Feature","properties":{},"geometry":{"type":"Polygon","coordinates":[[[-93.534,54.122],[-93.659,54.111],[-93.741,54.138],[-93.89,54.11],[-93.904,54.151],[-93.981,54.154],[-93.891,54.213],[-93.817,54.223],[-93.77,54.248],[-93.783,54.186],[-93.536,54.168],[-93.502,54.151],[-93.499,54.122],[-93.529,54.122],[-93.534,54.122]]]}},{"type":"Feature","properties":{},"geometry":{"type":"Polygon","coordinates":[[[-91.756,49.105],[-91.787,49.046],[-91.858,49.031],[-91.851,49.06],[-91.866,49.063],[-91.91,49.027],[-91.945,49.033],[-91.927,49],[-91.946,48.977],[-92.023,48.963],[-92.066,48.971],[-91.97,49.059],[-91.936,49.069],[-91.954,49.199],[-91.911,49.189],[-91.816,49.088],[-91.778,49.124],[-91.757,49.111],[-91.756,49.105]]]}},{"type":"Feature","properties":{},"geometry":{"type":"Polygon","coordinates":[[[-71.362,43.724],[-71.293,43.68],[-71.291,43.609],[-71.262,43.616],[-71.247,43.589],[-71.199,43.583],[-71.246,43.529],[-71.242,43.484],[-71.285,43.555],[-71.468,43.629],[-71.467,43.645],[-71.414,43.654],[-71.448,43.708],[-71.409,43.701],[-71.4,43.683],[-71.328,43.671],[-71.409,43.723],[-71.369,43.728],[-71.362,43.724]]]}},{"type":"Feature","properties":{},"geometry":{"type":"Polygon","coordinates":[[[-97.922,56.625],[-97.922,56.585],[-97.882,56.568],[-97.867,56.53],[-97.884,56.461],[-97.936,56.454],[-98.074,56.499],[-98.137,56.486],[-98.104,56.523],[-97.996,56.554],[-98.004,56.573],[-98.08,56.592],[-98.057,56.631],[-97.936,56.644],[-97.919,56.628],[-97.922,56.625]]]}},{"type":"Feature","properties":{},"geometry":{"type":"Polygon","coordinates":[[[-71.819,53.628],[-71.789,53.594],[-71.799,53.572],[-71.73,53.568],[-71.718,53.549],[-71.796,53.533],[-71.826,53.556],[-71.864,53.559],[-71.888,53.522],[-71.76,53.513],[-71.729,53.496],[-71.745,53.484],[-71.791,53.488],[-71.883,53.449],[-71.898,53.424],[-71.845,53.448],[-71.821,53.442],[-71.908,53.414],[-71.95,53.427],[-71.932,53.462],[-72.003,53.492],[-71.919,53.541],[-72.023,53.571],[-72.035,53.59],[-71.991,53.603],[-71.992,53.578],[-71.858,53.578],[-71.833,53.592],[-71.858,53.633],[-71.819,53.642],[-71.819,53.628]]]}},{"type":"Feature","properties":{},"geometry":{"type":"Polygon","coordinates":[[[-56.531,48.81],[-56.587,48.781],[-56.595,48.758],[-56.766,48.742],[-56.847,48.718],[-57.036,48.573],[-57.186,48.55],[-57.132,48.573],[-57.099,48.61],[-57.067,48.602],[-56.984,48.638],[-56.885,48.722],[-56.872,48.754],[-56.83,48.777],[-56.769,48.794],[-56.611,48.793],[-56.509,48.841],[-56.526,48.813],[-56.531,48.81]]]}},{"type":"Feature","properties":{},"geometry":{"type":"Polygon","coordinates":[[[-75.279,60.512],[-75.328,60.453],[-75.254,60.426],[-75.349,60.391],[-75.249,60.361],[-75.273,60.346],[-75.214,60.319],[-75.31,60.277],[-75.394,60.354],[-75.389,60.399],[-75.457,60.407],[-75.54,60.448],[-75.346,60.522],[-75.28,60.518],[-75.279,60.512]]]}},{"type":"Feature","properties":{},"geometry":{"type":"Polygon","coordinates":[[[-90.307,50.549],[-90.332,50.494],[-90.378,50.458],[-90.379,50.408],[-90.553,50.378],[-90.506,50.422],[-90.483,50.5],[-90.38,50.592],[-90.346,50.595],[-90.307,50.551],[-90.307,50.549]]]}},{"type":"Feature","properties":{},"geometry":{"type":"Polygon","coordinates":[[[-76.678,50.385],[-76.686,50.353],[-76.809,50.278],[-76.795,50.255],[-76.734,50.274],[-76.77,50.224],[-76.832,50.226],[-76.968,50.141],[-76.812,50.148],[-76.89,50.108],[-76.973,50.106],[-77.059,50.043],[-77.016,50.13],[-76.962,50.189],[-76.925,50.195],[-76.932,50.221],[-76.754,50.329],[-76.736,50.404],[-76.699,50.392],[-76.67,50.415],[-76.678,50.391],[-76.678,50.385]]]}},{"type":"Feature","properties":{},"geometry":{"type":"Polygon","coordinates":[[[-75.978,43.261],[-75.867,43.234],[-75.749,43.229],[-75.729,43.22],[-75.737,43.19],[-75.905,43.172],[-76.065,43.209],[-76.118,43.253],[-75.981,43.26],[-75.978,43.261]]]}},{"type":"Feature","properties":{},"geometry":{"type":"Polygon","coordinates":[[[-95.926,64.598],[-95.974,64.568],[-95.916,64.552],[-95.912,64.459],[-95.961,64.471],[-95.968,64.49],[-96.031,64.494],[-95.955,64.528],[-96.006,64.557],[-96.057,64.562],[-96.093,64.549],[-96.076,64.536],[-96.029,64.537],[-96.046,64.522],[-96.18,64.518],[-96.166,64.571],[-96.221,64.594],[-96.176,64.653],[-96.12,64.638],[-96.01,64.662],[-95.832,64.616],[-95.917,64.603],[-95.926,64.598]]]}},{"type":"Feature","properties":{},"geometry":{"type":"Polygon","coordinates":[[[-71.252,50.252],[-71.213,50.199],[-71.243,50.163],[-71.234,50.127],[-71.169,50.111],[-71.138,50.077],[-71.192,50.013],[-71.238,50.068],[-71.264,50.07],[-71.259,50.034],[-71.227,50.027],[-71.204,49.99],[-71.257,49.911],[-71.277,49.955],[-71.249,50.014],[-71.341,50.063],[-71.283,50.13],[-71.267,50.199],[-71.312,50.22],[-71.295,50.238],[-71.262,50.228],[-71.272,50.281],[-71.259,50.258],[-71.252,50.252]]]}},{"type":"Feature","properties":{},"geometry":{"type":"Polygon","coordinates":[[[-97.166,60.266],[-97.239,60.339],[-97.495,60.454],[-97.535,60.458],[-97.458,60.47],[-97.436,60.504],[-97.371,60.478],[-97.367,60.453],[-97.28,60.439],[-97.279,60.408],[-97.164,60.35],[-97.065,60.368],[-97.027,60.314],[-97.093,60.311],[-97.085,60.271],[-97.16,60.261],[-97.166,60.266]]]}},{"type":"Feature","properties":{},"geometry":{"type":"Polygon","coordinates":[[[-102.353,62.241],[-102.396,62.284],[-102.388,62.342],[-102.228,62.362],[-102.211,62.383],[-102.136,62.373],[-102.082,62.386],[-102.115,62.343],[-102.068,62.323],[-102.155,62.295],[-102.159,62.251],[-102.35,62.221],[-102.356,62.24],[-102.353,62.241]]]}},{"type":"Feature","properties":{},"geometry":{"type":"Polygon","coordinates":[[[-95.784,55.156],[-95.997,55.122],[-96.087,55.093],[-96.386,55.086],[-96.436,55.101],[-96.338,55.134],[-96.202,55.13],[-95.993,55.168],[-95.858,55.178],[-95.714,55.167],[-95.779,55.156],[-95.784,55.156]]]}},{"type":"Feature","properties":{},"geometry":{"type":"Polygon","coordinates":[[[-92.405,54.421],[-92.431,54.359],[-92.483,54.361],[-92.47,54.398],[-92.491,54.406],[-92.614,54.315],[-92.655,54.35],[-92.622,54.381],[-92.704,54.393],[-92.682,54.437],[-92.592,54.483],[-92.555,54.462],[-92.551,54.427],[-92.522,54.458],[-92.493,54.462],[-92.405,54.441],[-92.4,54.424],[-92.405,54.421]]]}},{"type":"Feature","properties":{},"geometry":{"type":"Polygon","coordinates":[[[-85.236,52.41],[-85.104,52.292],[-85.089,52.255],[-85.115,52.237],[-85.141,52.246],[-85.213,52.234],[-85.308,52.3],[-85.319,52.337],[-85.293,52.319],[-85.281,52.326],[-85.294,52.404],[-85.257,52.417],[-85.236,52.41]]]}},{"type":"Feature","properties":{},"geometry":{"type":"Polygon","coordinates":[[[-67.398,9.163],[-67.374,9.14],[-67.342,9.138],[-67.322,9.117],[-67.324,9.08],[-67.305,9.082],[-67.343,9.038],[-67.327,9.02],[-67.351,8.989],[-67.352,8.962],[-67.383,8.952],[-67.404,8.959],[-67.435,9.058],[-67.396,9.131],[-67.399,9.103],[-67.382,9.093],[-67.398,9.161],[-67.398,9.163]]]}},{"type":"Feature","properties":{},"geometry":{"type":"Polygon","coordinates":[[[-99.299,58.869],[-99.364,58.944],[-99.488,59.007],[-99.285,58.954],[-99.254,58.919],[-99.195,58.935],[-99.161,58.915],[-99.028,59.02],[-98.977,58.942],[-99.005,58.923],[-99.158,58.903],[-99.152,58.866],[-99.196,58.846],[-99.302,58.844],[-99.303,58.862],[-99.299,58.869]]]}},{"type":"Feature","properties":{},"geometry":{"type":"Polygon","coordinates":[[[-80.152,50.429],[-80.177,50.296],[-80.147,50.212],[-80.165,50.163],[-80.192,50.211],[-80.191,50.344],[-80.241,50.305],[-80.276,50.354],[-80.298,50.286],[-80.339,50.279],[-80.377,50.29],[-80.359,50.33],[-80.231,50.453],[-80.148,50.452],[-80.15,50.438],[-80.152,50.429]]]}},{"type":"Feature","properties":{},"geometry":{"type":"Polygon","coordinates":[[[-99.772,54.137],[-99.762,54.061],[-99.853,54.027],[-99.877,53.996],[-99.858,53.973],[-99.894,53.929],[-99.978,53.901],[-100.006,53.926],[-99.983,53.996],[-99.871,54.105],[-99.774,54.143],[-99.772,54.137]]]}},{"type":"Feature","properties":{},"geometry":{"type":"Polygon","coordinates":[[[-69.118,56.624],[-69.2,56.504],[-69.108,56.398],[-69.15,56.308],[-68.969,56.21],[-68.943,56.157],[-68.793,56.055],[-69.169,56.284],[-69.186,56.329],[-69.14,56.37],[-69.144,56.403],[-69.266,56.504],[-69.116,56.661],[-69.116,56.627],[-69.118,56.624]]]}},{"type":"Feature","properties":{},"geometry":{"type":"Polygon","coordinates":[[[-78.631,47.686],[-78.567,47.661],[-78.572,47.614],[-78.616,47.619],[-78.601,47.577],[-78.688,47.603],[-78.707,47.596],[-78.744,47.529],[-78.752,47.58],[-78.801,47.574],[-78.782,47.629],[-78.806,47.659],[-78.762,47.684],[-78.701,47.675],[-78.644,47.685],[-78.631,47.686]]]}},{"type":"Feature","properties":{},"geometry":{"type":"Polygon","coordinates":[[[-74.515,50.926],[-74.507,50.911],[-74.457,50.918],[-74.472,50.891],[-74.425,50.843],[-74.483,50.838],[-74.485,50.875],[-74.507,50.881],[-74.624,50.783],[-74.628,50.76],[-74.604,50.756],[-74.524,50.797],[-74.539,50.768],[-74.509,50.751],[-74.547,50.727],[-74.548,50.701],[-74.572,50.727],[-74.711,50.735],[-74.869,50.639],[-74.759,50.74],[-74.672,50.761],[-74.599,50.815],[-74.598,50.841],[-74.655,50.841],[-74.548,50.888],[-74.614,50.888],[-74.629,50.899],[-74.535,50.934],[-74.516,50.926],[-74.515,50.926]]]}},{"type":"Feature","properties":{},"geometry":{"type":"Polygon","coordinates":[[[-66.441,53.903],[-66.364,53.676],[-66.429,53.762],[-66.437,53.637],[-66.495,53.641],[-66.513,53.663],[-66.496,53.845],[-66.533,53.904],[-66.472,53.904],[-66.452,53.919],[-66.442,53.896],[-66.441,53.903]]]}},{"type":"Feature","properties":{},"geometry":{"type":"Polygon","coordinates":[[[-103.477,61.374],[-103.493,61.415],[-103.448,61.506],[-103.292,61.599],[-103.21,61.627],[-103.231,61.659],[-103.199,61.694],[-103.126,61.636],[-103.128,61.61],[-103.331,61.532],[-103.37,61.423],[-103.42,61.37],[-103.476,61.371],[-103.477,61.374]]]}},{"type":"Feature","properties":{},"geometry":{"type":"Polygon","coordinates":[[[-104.635,55.629],[-104.611,55.598],[-104.522,55.615],[-104.534,55.589],[-104.48,55.574],[-104.473,55.539],[-104.419,55.552],[-104.363,55.593],[-104.329,55.57],[-104.543,55.418],[-104.566,55.425],[-104.562,55.453],[-104.504,55.494],[-104.544,55.515],[-104.535,55.541],[-104.56,55.549],[-104.617,55.525],[-104.705,55.612],[-104.699,55.634],[-104.633,55.636],[-104.635,55.629]]]}},{"type":"Feature","properties":{},"geometry":{"type":"Polygon","coordinates":[[[-101.982,53.832],[-102.042,53.768],[-102.132,53.731],[-102.203,53.719],[-102.265,53.736],[-102.165,53.782],[-102.221,53.824],[-102.172,53.871],[-102.05,53.849],[-101.981,53.854],[-101.977,53.836],[-101.982,53.832]]]}},{"type":"Feature","properties":{},"geometry":{"type":"Polygon","coordinates":[[[-96.882,54.767],[-96.905,54.707],[-96.973,54.66],[-96.943,54.633],[-97.052,54.629],[-97.05,54.655],[-97.109,54.675],[-97.093,54.737],[-96.989,54.787],[-96.882,54.798],[-96.873,54.78],[-96.882,54.767]]]}},{"type":"Feature","properties":{},"geometry":{"type":"Polygon","coordinates":[[[-99.388,54.005],[-99.382,53.97],[-99.349,53.969],[-99.361,53.94],[-99.284,53.949],[-99.361,53.828],[-99.342,53.809],[-99.288,53.843],[-99.279,53.818],[-99.288,53.768],[-99.338,53.714],[-99.38,53.776],[-99.461,53.775],[-99.434,53.821],[-99.386,53.848],[-99.382,53.874],[-99.433,53.939],[-99.427,54.005],[-99.392,54.007],[-99.388,54.005]]]}},{"type":"Feature","properties":{},"geometry":{"type":"Polygon","coordinates":[[[-70.187,53.768],[-70.141,53.764],[-70.171,53.708],[-70.119,53.71],[-70.132,53.663],[-70.067,53.68],[-70.114,53.646],[-70.039,53.666],[-70.037,53.605],[-69.97,53.573],[-69.954,53.54],[-69.889,53.516],[-69.909,53.496],[-69.872,53.49],[-69.834,53.457],[-69.782,53.466],[-69.799,53.449],[-69.843,53.446],[-69.914,53.47],[-69.933,53.492],[-69.921,53.523],[-69.956,53.521],[-70.018,53.555],[-70.058,53.538],[-70.066,53.576],[-70.106,53.576],[-70.076,53.597],[-70.162,53.645],[-70.17,53.677],[-70.21,53.639],[-70.253,53.638],[-70.206,53.671],[-70.194,53.736],[-70.273,53.753],[-70.19,53.765],[-70.187,53.768]]]}},{"type":"Feature","properties":{},"geometry":{"type":"Polygon","coordinates":[[[-99.064,64.252],[-99.173,64.255],[-99.204,64.199],[-99.263,64.185],[-99.387,64.066],[-99.443,64.057],[-99.45,64.213],[-99.184,64.277],[-99.057,64.281],[-99.003,64.253],[-99.051,64.248],[-99.064,64.252]]]}},{"type":"Feature","properties":{},"geometry":{"type":"Polygon","coordinates":[[[-67.78,45.764],[-67.763,45.753],[-67.769,45.703],[-67.75,45.694],[-67.723,45.711],[-67.672,45.657],[-67.604,45.629],[-67.572,45.638],[-67.522,45.622],[-67.489,45.653],[-67.479,45.695],[-67.428,45.596],[-67.554,45.592],[-67.656,45.61],[-67.692,45.642],[-67.726,45.639],[-67.798,45.674],[-67.868,45.738],[-67.823,45.736],[-67.791,45.769],[-67.78,45.764]]]}},{"type":"Feature","properties":{},"geometry":{"type":"Polygon","coordinates":[[[-99.828,54.85],[-99.802,54.812],[-99.733,54.813],[-99.788,54.744],[-99.763,54.72],[-99.784,54.66],[-99.847,54.641],[-99.848,54.709],[-99.865,54.726],[-99.936,54.721],[-99.9,54.776],[-99.954,54.819],[-99.877,54.867],[-99.838,54.866],[-99.83,54.853],[-99.828,54.85]]]}},{"type":"Feature","properties":{},"geometry":{"type":"Polygon","coordinates":[[[-65.907,46.076],[-65.977,46.042],[-65.971,46.028],[-65.911,46.039],[-65.896,46.03],[-65.997,45.974],[-65.96,45.96],[-66,45.941],[-66.032,45.885],[-66.105,45.879],[-66.13,45.853],[-66.186,45.865],[-66.184,45.889],[-66.09,45.921],[-66.026,46.022],[-66.045,46.038],[-66.011,46.042],[-65.996,46.08],[-65.961,46.067],[-65.944,46.086],[-65.967,46.094],[-65.958,46.104],[-65.889,46.093],[-65.9,46.08],[-65.907,46.076]]]}},{"type":"Feature","properties":{},"geometry":{"type":"Polygon","coordinates":[[[-60.68,52.328],[-60.725,52.374],[-60.826,52.408],[-60.771,52.416],[-60.805,52.449],[-60.951,52.473],[-60.959,52.534],[-61.152,52.599],[-61.241,52.588],[-61.298,52.603],[-61.233,52.597],[-61.142,52.618],[-61.081,52.588],[-60.889,52.549],[-60.912,52.523],[-60.901,52.489],[-60.811,52.483],[-60.722,52.45],[-60.733,52.424],[-60.66,52.369],[-60.653,52.334],[-60.572,52.316],[-60.647,52.311],[-60.676,52.322],[-60.68,52.328]]]}},{"type":"Feature","properties":{},"geometry":{"type":"Polygon","coordinates":[[[-92.795,29.973],[-92.662,29.931],[-92.659,29.904],[-92.714,29.936],[-92.739,29.906],[-92.697,29.903],[-92.708,29.888],[-92.677,29.877],[-92.681,29.847],[-92.658,29.855],[-92.645,29.813],[-92.852,29.866],[-92.781,29.926],[-92.856,29.948],[-92.795,29.971],[-92.795,29.973]]]}},{"type":"Feature","properties":{},"geometry":{"type":"Polygon","coordinates":[[[-88.023,53.533],[-88.067,53.491],[-88.108,53.529],[-88.148,53.508],[-88.177,53.562],[-88.25,53.532],[-88.335,53.545],[-88.285,53.583],[-88.277,53.629],[-88.25,53.607],[-88.178,53.614],[-88.109,53.657],[-88.108,53.609],[-88.061,53.587],[-88.074,53.539],[-88.019,53.575],[-88.022,53.535],[-88.023,53.533]]]}},{"type":"Feature","properties":{},"geometry":{"type":"Polygon","coordinates":[[[-80.562,46.805],[-80.64,46.718],[-80.656,46.674],[-80.725,46.697],[-80.751,46.68],[-80.771,46.717],[-80.834,46.741],[-80.808,46.777],[-80.747,46.802],[-80.686,46.797],[-80.654,46.764],[-80.626,46.761],[-80.62,46.824],[-80.581,46.806],[-80.538,46.85],[-80.562,46.809],[-80.562,46.805]]]}},{"type":"Feature","properties":{},"geometry":{"type":"Polygon","coordinates":[[[-90.6,50.089],[-90.647,50.044],[-90.739,50.015],[-90.819,50.08],[-90.789,50.089],[-90.76,50.14],[-90.681,50.16],[-90.574,50.133],[-90.6,50.09],[-90.6,50.089]]]}},{"type":"Feature","properties":{},"geometry":{"type":"Polygon","coordinates":[[[-64.773,51.263],[-64.759,51.207],[-64.641,51.103],[-64.661,51.028],[-64.628,50.941],[-64.594,50.897],[-64.514,50.868],[-64.562,50.865],[-64.588,50.845],[-64.576,50.694],[-64.604,50.734],[-64.626,50.89],[-64.702,51.013],[-64.672,51.092],[-64.812,51.232],[-64.812,51.275],[-64.787,51.299],[-64.775,51.266],[-64.773,51.263]]]}},{"type":"Feature","properties":{},"geometry":{"type":"Polygon","coordinates":[[[-65.071,44.275],[-65.08,44.259],[-65.103,44.26],[-65.092,44.237],[-65.116,44.218],[-65.094,44.199],[-65.077,44.209],[-65.045,44.193],[-65.023,44.226],[-64.967,44.253],[-64.948,44.248],[-65.001,44.211],[-64.984,44.196],[-64.993,44.168],[-65.054,44.139],[-65.149,44.154],[-65.148,44.133],[-65.163,44.133],[-65.204,44.166],[-65.199,44.226],[-65.161,44.266],[-65.069,44.28],[-65.071,44.275]]]}},{"type":"Feature","properties":{},"geometry":{"type":"Polygon","coordinates":[[[-70.191,53.917],[-70.24,53.88],[-70.222,53.847],[-70.152,53.876],[-70.082,53.869],[-70.171,53.794],[-70.335,53.757],[-70.379,53.849],[-70.202,53.93],[-70.185,53.924],[-70.191,53.917]]]}},{"type":"Feature","properties":{},"geometry":{"type":"Polygon","coordinates":[[[-97.011,62.97],[-96.966,62.975],[-96.982,63.021],[-96.904,63.022],[-96.951,63.064],[-96.916,63.067],[-96.814,63.023],[-96.876,62.983],[-96.862,62.931],[-96.741,62.896],[-96.817,62.87],[-96.723,62.834],[-96.845,62.832],[-96.921,62.848],[-96.896,62.89],[-97.053,62.952],[-97.044,62.979],[-97.006,62.969],[-97.011,62.97]]]}},{"type":"Feature","properties":{},"geometry":{"type":"Polygon","coordinates":[[[-90.675,50.824],[-90.734,50.797],[-90.872,50.768],[-90.946,50.729],[-90.945,50.82],[-90.903,50.866],[-90.866,50.874],[-90.684,50.853],[-90.673,50.828],[-90.675,50.824]]]}},{"type":"Feature","properties":{},"geometry":{"type":"Polygon","coordinates":[[[-78.038,36.602],[-77.991,36.535],[-77.975,36.548],[-77.943,36.529],[-77.919,36.54],[-77.891,36.526],[-77.872,36.58],[-77.849,36.524],[-77.782,36.499],[-77.658,36.484],[-77.744,36.47],[-77.889,36.498],[-77.929,36.474],[-77.956,36.504],[-78.015,36.495],[-78.029,36.538],[-78.078,36.535],[-78.079,36.553],[-78.163,36.574],[-78.127,36.585],[-78.082,36.574],[-78.094,36.607],[-78.054,36.582],[-78.055,36.607],[-78.037,36.603],[-78.038,36.602]]]}},{"type":"Feature","properties":{},"geometry":{"type":"Polygon","coordinates":[[[-98.346,54.314],[-98.591,54.206],[-98.671,54.211],[-98.741,54.248],[-98.718,54.269],[-98.636,54.294],[-98.388,54.314],[-98.311,54.342],[-98.341,54.314],[-98.346,54.314]]]}},{"type":"Feature","properties":{},"geometry":{"type":"Polygon","coordinates":[[[-76.311,52.572],[-76.284,52.524],[-76.207,52.548],[-76.184,52.571],[-76.137,52.564],[-76.124,52.54],[-76.086,52.53],[-76.143,52.489],[-76.174,52.492],[-76.125,52.516],[-76.158,52.531],[-76.229,52.516],[-76.258,52.491],[-76.296,52.494],[-76.326,52.433],[-76.384,52.406],[-76.412,52.427],[-76.483,52.425],[-76.419,52.492],[-76.385,52.504],[-76.35,52.484],[-76.35,52.514],[-76.317,52.536],[-76.329,52.566],[-76.376,52.571],[-76.383,52.585],[-76.336,52.596],[-76.317,52.574],[-76.311,52.572]]]}},{"type":"Feature","properties":{},"geometry":{"type":"Polygon","coordinates":[[[-94.651,50.346],[-94.711,50.33],[-94.741,50.282],[-94.772,50.269],[-94.922,50.289],[-94.979,50.254],[-95.013,50.281],[-95.076,50.292],[-94.971,50.361],[-94.941,50.358],[-94.919,50.323],[-94.801,50.305],[-94.805,50.342],[-94.748,50.344],[-94.768,50.398],[-94.708,50.363],[-94.62,50.352],[-94.644,50.346],[-94.651,50.346]]]}},{"type":"Feature","properties":{},"geometry":{"type":"Polygon","coordinates":[[[-71.361,58.803],[-71.339,58.75],[-71.467,58.781],[-71.719,58.778],[-71.715,58.747],[-71.765,58.742],[-71.782,58.663],[-71.824,58.682],[-71.814,58.71],[-71.844,58.694],[-71.901,58.698],[-71.871,58.716],[-71.922,58.739],[-71.86,58.76],[-71.804,58.833],[-71.752,58.816],[-71.697,58.834],[-71.686,58.808],[-71.622,58.79],[-71.536,58.788],[-71.497,58.805],[-71.412,58.788],[-71.369,58.816],[-71.362,58.807],[-71.361,58.803]]]}},{"type":"Feature","properties":{},"geometry":{"type":"Polygon","coordinates":[[[-92.544,52.298],[-92.557,52.228],[-92.604,52.254],[-92.625,52.239],[-92.579,52.192],[-92.673,52.2],[-92.683,52.175],[-92.771,52.148],[-92.711,52.223],[-92.776,52.258],[-92.787,52.228],[-92.817,52.235],[-92.85,52.264],[-92.816,52.301],[-92.767,52.301],[-92.706,52.256],[-92.596,52.304],[-92.507,52.324],[-92.541,52.301],[-92.544,52.298]]]}},{"type":"Feature","properties":{},"geometry":{"type":"Polygon","coordinates":[[[-76.943,48.734],[-76.987,48.697],[-77.004,48.647],[-77.023,48.673],[-77.091,48.538],[-77.186,48.432],[-77.192,48.474],[-77.1,48.565],[-77.082,48.61],[-77.092,48.651],[-77.047,48.726],[-77.119,48.799],[-77.108,48.83],[-77.106,48.803],[-77.076,48.795],[-77.037,48.736],[-76.996,48.777],[-76.945,48.776],[-76.898,48.803],[-76.905,48.769],[-76.942,48.754],[-76.944,48.738],[-76.943,48.734]]]}},{"type":"Feature","properties":{},"geometry":{"type":"Polygon","coordinates":[[[-69.471,46.163],[-69.417,46.1],[-69.367,46.14],[-69.316,45.956],[-69.263,45.931],[-69.252,45.903],[-69.228,45.922],[-69.184,45.888],[-69.223,45.891],[-69.254,45.864],[-69.274,45.874],[-69.272,45.906],[-69.293,45.905],[-69.282,45.831],[-69.362,45.9],[-69.359,45.915],[-69.329,45.917],[-69.353,45.989],[-69.4,46.065],[-69.459,46.085],[-69.456,46.119],[-69.509,46.176],[-69.475,46.169],[-69.471,46.163]]]}},{"type":"Feature","properties":{},"geometry":{"type":"Polygon","coordinates":[[[-101.316,56.358],[-101.445,56.314],[-101.439,56.285],[-101.479,56.296],[-101.518,56.286],[-101.549,56.157],[-101.543,56.138],[-101.481,56.112],[-101.535,56.071],[-101.643,56.164],[-101.601,56.197],[-101.609,56.241],[-101.575,56.307],[-101.537,56.332],[-101.467,56.331],[-101.39,56.364],[-101.312,56.359],[-101.316,56.358]]]}},{"type":"Feature","properties":{},"geometry":{"type":"Polygon","coordinates":[[[-103.664,62.336],[-103.575,62.368],[-103.646,62.362],[-103.648,62.38],[-103.524,62.41],[-103.579,62.437],[-103.533,62.448],[-103.569,62.466],[-103.557,62.48],[-103.504,62.493],[-103.404,62.441],[-103.413,62.382],[-103.605,62.274],[-103.641,62.273],[-103.673,62.331],[-103.664,62.336]]]}},{"type":"Feature","properties":{},"geometry":{"type":"Polygon","coordinates":[[[-102.5,54.372],[-102.554,54.345],[-102.68,54.351],[-102.875,54.309],[-102.897,54.344],[-102.851,54.381],[-102.794,54.388],[-102.767,54.417],[-102.689,54.42],[-102.668,54.391],[-102.5,54.393],[-102.495,54.375],[-102.5,54.372]]]}},{"type":"Feature","properties":{},"geometry":{"type":"Polygon","coordinates":[[[-90.792,49.958],[-90.857,49.917],[-90.959,49.896],[-91.084,49.834],[-91.174,49.844],[-91.118,49.909],[-91.038,49.936],[-90.947,49.96],[-90.881,49.944],[-90.766,49.974],[-90.789,49.956],[-90.792,49.958]]]}},{"type":"Feature","properties":{},"geometry":{"type":"Polygon","coordinates":[[[-98.942,56.789],[-98.982,56.74],[-98.913,56.703],[-98.747,56.731],[-98.831,56.677],[-98.809,56.655],[-98.724,56.65],[-98.789,56.619],[-98.859,56.624],[-98.884,56.67],[-98.939,56.656],[-98.974,56.671],[-99.041,56.671],[-99.102,56.709],[-99.096,56.751],[-99.011,56.76],[-98.95,56.813],[-98.942,56.791],[-98.942,56.789]]]}},{"type":"Feature","properties":{},"geometry":{"type":"Polygon","coordinates":[[[-89.889,44.217],[-89.908,44.171],[-89.97,44.112],[-89.96,44.083],[-90.004,44.052],[-89.999,44.018],[-89.967,44.015],[-89.937,43.971],[-89.948,43.852],[-89.981,43.896],[-90.026,43.907],[-90.054,43.934],[-90.046,43.96],[-90.001,43.92],[-89.98,43.964],[-89.984,43.992],[-90.012,44.008],[-90.044,44.111],[-89.95,44.174],[-89.896,44.251],[-89.887,44.219],[-89.889,44.217]]]}},{"type":"Feature","properties":{},"geometry":{"type":"Polygon","coordinates":[[[-76.088,44.878],[-76.13,44.82],[-76.167,44.818],[-76.2,44.792],[-76.21,44.763],[-76.174,44.756],[-76.187,44.727],[-76.31,44.696],[-76.315,44.669],[-76.284,44.673],[-76.283,44.652],[-76.336,44.601],[-76.362,44.599],[-76.392,44.62],[-76.336,44.658],[-76.344,44.688],[-76.429,44.688],[-76.431,44.701],[-76.349,44.706],[-76.272,44.738],[-76.235,44.769],[-76.239,44.794],[-76.124,44.897],[-76.062,44.902],[-76.082,44.882],[-76.088,44.878]]]}},{"type":"Feature","properties":{},"geometry":{"type":"Polygon","coordinates":[[[-96.977,58.264],[-96.979,58.244],[-97.022,58.234],[-97.041,58.21],[-97.011,58.114],[-97.052,58.09],[-97.065,58.012],[-97.15,57.927],[-97.171,57.968],[-97.102,58.038],[-97.148,58.074],[-97.093,58.15],[-97.122,58.216],[-97.014,58.278],[-96.975,58.265],[-96.977,58.264]]]}},{"type":"Feature","properties":{},"geometry":{"type":"Polygon","coordinates":[[[-96.658,58.861],[-96.703,58.925],[-96.676,58.977],[-96.632,58.97],[-96.629,58.929],[-96.53,58.91],[-96.314,58.927],[-96.351,58.886],[-96.531,58.834],[-96.646,58.855],[-96.658,58.861]]]}},{"type":"Feature","properties":{},"geometry":{"type":"Polygon","coordinates":[[[-81.246,27.968],[-81.222,27.939],[-81.222,27.892],[-81.198,27.855],[-81.183,27.773],[-81.22,27.828],[-81.295,27.853],[-81.315,27.921],[-81.338,27.925],[-81.345,27.943],[-81.303,27.969],[-81.303,27.989],[-81.249,27.971],[-81.246,27.968]]]}},{"type":"Feature","properties":{},"geometry":{"type":"Polygon","coordinates":[[[-66.591,57.577],[-66.552,57.549],[-66.581,57.538],[-66.586,57.469],[-66.541,57.476],[-66.532,57.423],[-66.596,57.382],[-66.669,57.414],[-66.666,57.453],[-66.618,57.491],[-66.664,57.561],[-66.714,57.544],[-66.724,57.534],[-66.686,57.526],[-66.744,57.489],[-66.757,57.524],[-66.838,57.549],[-66.82,57.569],[-66.747,57.565],[-66.721,57.612],[-66.684,57.581],[-66.685,57.619],[-66.619,57.539],[-66.62,57.578],[-66.601,57.579],[-66.591,57.577]]]}},{"type":"Feature","properties":{},"geometry":{"type":"Polygon","coordinates":[[[-96.218,53.917],[-96.036,53.989],[-95.99,53.983],[-96.007,53.928],[-95.945,53.937],[-95.926,53.917],[-95.865,53.913],[-95.916,53.888],[-95.906,53.855],[-95.943,53.849],[-96.033,53.874],[-96.02,53.895],[-96.156,53.889],[-96.222,53.899],[-96.223,53.915],[-96.218,53.917]]]}},{"type":"Feature","properties":{},"geometry":{"type":"Polygon","coordinates":[[[-101.855,56.375],[-101.9,56.315],[-101.948,56.297],[-101.898,56.267],[-101.994,56.221],[-102.056,56.228],[-102.069,56.256],[-102.033,56.359],[-101.987,56.372],[-101.971,56.402],[-101.912,56.413],[-101.905,56.386],[-101.856,56.389],[-101.854,56.379],[-101.855,56.375]]]}},{"type":"Feature","properties":{},"geometry":{"type":"Polygon","coordinates":[[[-86.561,49.76],[-86.648,49.671],[-86.793,49.569],[-87.091,49.253],[-87.098,49.273],[-86.932,49.488],[-86.849,49.538],[-86.791,49.621],[-86.665,49.68],[-86.638,49.728],[-86.566,49.787],[-86.549,49.785],[-86.557,49.764],[-86.561,49.76]]]}},{"type":"Feature","properties":{},"geometry":{"type":"Polygon","coordinates":[[[-64.929,53.794],[-64.883,53.77],[-64.778,53.766],[-64.392,53.69],[-64.357,53.673],[-64.355,53.642],[-64.29,53.603],[-64.363,53.622],[-64.416,53.671],[-64.618,53.723],[-64.753,53.728],[-64.748,53.691],[-64.84,53.705],[-64.887,53.75],[-64.957,53.765],[-64.997,53.791],[-64.935,53.794],[-64.929,53.794]]]}},{"type":"Feature","properties":{},"geometry":{"type":"Polygon","coordinates":[[[-103.622,58.692],[-103.637,58.663],[-103.585,58.664],[-103.569,58.636],[-103.651,58.581],[-103.666,58.538],[-103.693,58.54],[-103.731,58.578],[-103.832,58.569],[-103.839,58.609],[-103.755,58.651],[-103.792,58.693],[-103.619,58.696],[-103.622,58.692]]]}},{"type":"Feature","properties":{},"geometry":{"type":"Polygon","coordinates":[[[-76.73,42.917],[-76.716,42.734],[-76.675,42.691],[-76.636,42.607],[-76.519,42.521],[-76.509,42.472],[-76.572,42.544],[-76.664,42.601],[-76.771,42.751],[-76.783,42.796],[-76.745,42.851],[-76.737,42.947],[-76.731,42.928],[-76.73,42.917]]]}},{"type":"Feature","properties":{},"geometry":{"type":"Polygon","coordinates":[[[-98.923,26.284],[-98.91,26.21],[-98.931,26.186],[-98.938,26.203],[-98.96,26.175],[-98.937,26.127],[-98.98,26.12],[-98.997,26.072],[-99.022,26.058],[-99.027,26.075],[-98.999,26.116],[-99.011,26.14],[-98.987,26.161],[-98.985,26.191],[-99.078,26.193],[-99.102,26.157],[-99.106,26.235],[-99.024,26.213],[-99.027,26.243],[-99.007,26.259],[-98.96,26.222],[-98.947,26.234],[-98.95,26.279],[-98.922,26.289],[-98.923,26.284]]]}},{"type":"Feature","properties":{},"geometry":{"type":"Polygon","coordinates":[[[-82.277,47.384],[-82.223,47.298],[-82.251,47.249],[-82.207,47.204],[-82.157,47.228],[-82.164,47.274],[-82.134,47.277],[-82.125,47.212],[-82.152,47.209],[-82.203,47.16],[-82.194,47.113],[-82.241,47.146],[-82.207,47.191],[-82.239,47.212],[-82.261,47.194],[-82.274,47.246],[-82.295,47.221],[-82.312,47.248],[-82.346,47.248],[-82.35,47.225],[-82.38,47.235],[-82.388,47.194],[-82.418,47.219],[-82.449,47.182],[-82.462,47.2],[-82.457,47.223],[-82.384,47.262],[-82.285,47.258],[-82.307,47.318],[-82.336,47.318],[-82.345,47.366],[-82.266,47.288],[-82.276,47.352],[-82.315,47.418],[-82.274,47.389],[-82.277,47.384]]]}},{"type":"Feature","properties":{},"geometry":{"type":"Polygon","coordinates":[[[-103.347,57.004],[-103.334,56.965],[-103.27,56.949],[-103.326,56.923],[-103.34,56.895],[-103.372,56.893],[-103.391,56.848],[-103.426,56.831],[-103.407,56.802],[-103.49,56.762],[-103.524,56.801],[-103.437,56.875],[-103.494,56.888],[-103.482,56.923],[-103.436,56.924],[-103.402,56.999],[-103.344,57.005],[-103.347,57.004]]]}},{"type":"Feature","properties":{},"geometry":{"type":"Polygon","coordinates":[[[-100.297,52.558],[-100.248,52.466],[-100.288,52.36],[-100.37,52.394],[-100.389,52.426],[-100.388,52.532],[-100.348,52.575],[-100.295,52.565],[-100.297,52.558]]]}},{"type":"Feature","properties":{},"geometry":{"type":"Polygon","coordinates":[[[-93.244,34.595],[-93.301,34.566],[-93.334,34.581],[-93.365,34.548],[-93.356,34.579],[-93.419,34.59],[-93.506,34.559],[-93.534,34.572],[-93.501,34.574],[-93.491,34.593],[-93.427,34.612],[-93.505,34.644],[-93.455,34.644],[-93.397,34.618],[-93.416,34.655],[-93.374,34.673],[-93.362,34.666],[-93.376,34.626],[-93.357,34.613],[-93.291,34.65],[-93.278,34.647],[-93.29,34.622],[-93.249,34.658],[-93.209,34.651],[-93.246,34.617],[-93.187,34.618],[-93.243,34.595],[-93.244,34.595]]]}},{"type":"Feature","properties":{},"geometry":{"type":"Polygon","coordinates":[[[-76.952,42.855],[-76.922,42.75],[-76.864,42.647],[-76.897,42.506],[-76.856,42.395],[-76.876,42.391],[-76.918,42.506],[-76.927,42.618],[-76.908,42.673],[-76.949,42.701],[-76.978,42.8],[-76.966,42.875],[-76.955,42.86],[-76.952,42.855]]]}},{"type":"Feature","properties":{},"geometry":{"type":"Polygon","coordinates":[[[-101.138,54.662],[-101.164,54.622],[-101.056,54.598],[-101.051,54.567],[-101.131,54.544],[-101.139,54.521],[-101.28,54.454],[-101.25,54.525],[-101.161,54.579],[-101.222,54.609],[-101.279,54.574],[-101.342,54.589],[-101.145,54.686],[-101.136,54.668],[-101.138,54.662]]]}},{"type":"Feature","properties":{},"geometry":{"type":"Polygon","coordinates":[[[-94.564,62.402],[-94.467,62.386],[-94.369,62.401],[-94.309,62.373],[-94.228,62.407],[-94.124,62.378],[-94.188,62.341],[-94.266,62.344],[-94.294,62.293],[-94.379,62.363],[-94.443,62.331],[-94.426,62.309],[-94.481,62.298],[-94.549,62.325],[-94.537,62.355],[-94.589,62.369],[-94.626,62.408],[-94.597,62.413],[-94.564,62.402]]]}},{"type":"Feature","properties":{},"geometry":{"type":"Polygon","coordinates":[[[-91.473,48.052],[-91.625,48.011],[-91.593,48.087],[-91.645,48.067],[-91.695,48.008],[-91.72,48.012],[-91.69,48.03],[-91.696,48.044],[-91.75,48.036],[-91.716,48.072],[-91.525,48.141],[-91.479,48.171],[-91.456,48.162],[-91.463,48.142],[-91.55,48.078],[-91.466,48.086],[-91.431,48.051],[-91.457,48.053],[-91.473,48.052]]]}},{"type":"Feature","properties":{},"geometry":{"type":"Polygon","coordinates":[[[-93.262,50.818],[-93.352,50.758],[-93.374,50.771],[-93.341,50.828],[-93.39,50.815],[-93.432,50.785],[-93.442,50.737],[-93.477,50.727],[-93.49,50.683],[-93.586,50.685],[-93.534,50.706],[-93.535,50.76],[-93.508,50.769],[-93.476,50.823],[-93.319,50.856],[-93.261,50.84],[-93.256,50.819],[-93.262,50.818]]]}},{"type":"Feature","properties":{},"geometry":{"type":"Polygon","coordinates":[[[-85.264,36.654],[-85.25,36.631],[-85.171,36.63],[-85.121,36.601],[-85.136,36.593],[-85.181,36.612],[-85.274,36.617],[-85.274,36.599],[-85.205,36.533],[-85.172,36.533],[-85.212,36.489],[-85.212,36.521],[-85.257,36.569],[-85.296,36.554],[-85.304,36.603],[-85.322,36.599],[-85.343,36.553],[-85.365,36.568],[-85.38,36.523],[-85.421,36.548],[-85.425,36.512],[-85.463,36.518],[-85.434,36.581],[-85.403,36.554],[-85.394,36.61],[-85.331,36.631],[-85.341,36.676],[-85.305,36.64],[-85.282,36.641],[-85.277,36.661],[-85.262,36.656],[-85.264,36.654]]]}},{"type":"Feature","properties":{},"geometry":{"type":"Polygon","coordinates":[[[-97.794,55.519],[-97.896,55.443],[-97.959,55.428],[-98.006,55.439],[-98.19,55.382],[-98.139,55.416],[-98.042,55.447],[-98.036,55.489],[-97.981,55.526],[-97.947,55.507],[-97.865,55.566],[-97.817,55.553],[-97.844,55.522],[-97.767,55.552],[-97.777,55.533],[-97.794,55.519]]]}},{"type":"Feature","properties":{},"geometry":{"type":"Polygon","coordinates":[[[-91.391,29.941],[-91.366,29.902],[-91.37,29.876],[-91.338,29.844],[-91.338,29.813],[-91.361,29.835],[-91.373,29.829],[-91.362,29.802],[-91.326,29.773],[-91.306,29.783],[-91.234,29.769],[-91.221,29.738],[-91.209,29.742],[-91.218,29.775],[-91.202,29.773],[-91.186,29.745],[-91.217,29.719],[-91.246,29.739],[-91.278,29.73],[-91.312,29.749],[-91.368,29.748],[-91.389,29.764],[-91.406,29.831],[-91.456,29.904],[-91.376,29.842],[-91.437,29.986],[-91.393,29.941],[-91.391,29.941]]]}},{"type":"Feature","properties":{},"geometry":{"type":"Polygon","coordinates":[[[-78.326,48.391],[-78.277,48.376],[-78.255,48.351],[-78.226,48.285],[-78.236,48.265],[-78.304,48.33],[-78.318,48.263],[-78.438,48.284],[-78.492,48.278],[-78.525,48.293],[-78.526,48.315],[-78.488,48.311],[-78.445,48.339],[-78.424,48.389],[-78.407,48.368],[-78.42,48.312],[-78.373,48.321],[-78.336,48.356],[-78.357,48.376],[-78.335,48.395],[-78.326,48.391]]]}},{"type":"Feature","properties":{},"geometry":{"type":"Polygon","coordinates":[[[-98.773,65.812],[-98.737,65.771],[-98.57,65.727],[-98.59,65.678],[-98.559,65.652],[-98.587,65.62],[-98.65,65.621],[-98.69,65.641],[-98.735,65.635],[-98.777,65.66],[-98.751,65.688],[-98.801,65.705],[-98.835,65.787],[-98.813,65.819],[-98.767,65.819],[-98.773,65.812]]]}},{"type":"Feature","properties":{},"geometry":{"type":"Polygon","coordinates":[[[-73.678,46.843],[-73.667,46.768],[-73.745,46.797],[-73.786,46.779],[-73.754,46.709],[-73.858,46.757],[-73.896,46.714],[-73.926,46.715],[-73.911,46.764],[-73.923,46.787],[-73.89,46.81],[-73.92,46.866],[-73.881,46.895],[-73.876,46.836],[-73.829,46.798],[-73.799,46.811],[-73.788,46.847],[-73.753,46.808],[-73.716,46.823],[-73.709,46.854],[-73.679,46.846],[-73.678,46.843]]]}},{"type":"Feature","properties":{},"geometry":{"type":"Polygon","coordinates":[[[-83.442,48.485],[-83.54,48.39],[-83.696,48.346],[-83.838,48.251],[-83.836,48.275],[-83.758,48.337],[-83.763,48.364],[-83.827,48.325],[-83.94,48.295],[-83.816,48.353],[-83.779,48.387],[-83.63,48.448],[-83.587,48.444],[-83.714,48.384],[-83.736,48.355],[-83.571,48.404],[-83.426,48.504],[-83.438,48.49],[-83.442,48.485]]]}},{"type":"Feature","properties":{},"geometry":{"type":"Polygon","coordinates":[[[-68.543,58.526],[-68.501,58.477],[-68.46,58.487],[-68.409,58.47],[-68.486,58.443],[-68.478,58.407],[-68.531,58.367],[-68.578,58.257],[-68.631,58.238],[-68.651,58.161],[-68.719,58.127],[-68.728,58.209],[-68.62,58.263],[-68.54,58.388],[-68.522,58.452],[-68.546,58.455],[-68.561,58.421],[-68.623,58.493],[-68.59,58.499],[-68.579,58.536],[-68.542,58.533],[-68.543,58.526]]]}},{"type":"Feature","properties":{},"geometry":{"type":"Polygon","coordinates":[[[-93.332,54.433],[-93.38,54.394],[-93.455,54.373],[-93.492,54.397],[-93.686,54.371],[-93.792,54.374],[-93.836,54.388],[-93.799,54.405],[-93.677,54.404],[-93.557,54.423],[-93.503,54.452],[-93.395,54.461],[-93.322,54.439],[-93.332,54.433]]]}},{"type":"Feature","properties":{},"geometry":{"type":"Polygon","coordinates":[[[-85.552,65.573],[-85.687,65.588],[-85.784,65.561],[-85.805,65.525],[-85.884,65.517],[-85.927,65.482],[-85.955,65.488],[-85.844,65.587],[-85.744,65.608],[-85.757,65.641],[-85.811,65.659],[-85.794,65.694],[-85.763,65.687],[-85.715,65.729],[-85.718,65.687],[-85.654,65.682],[-85.581,65.615],[-85.455,65.565],[-85.54,65.571],[-85.552,65.573]]]}},{"type":"Feature","properties":{},"geometry":{"type":"Polygon","coordinates":[[[-88.105,66.594],[-88.237,66.592],[-88.248,66.621],[-88.383,66.679],[-88.589,66.64],[-88.732,66.568],[-88.684,66.638],[-88.717,66.666],[-88.649,66.655],[-88.608,66.668],[-88.611,66.761],[-88.544,66.679],[-88.469,66.679],[-88.442,66.723],[-88.405,66.725],[-88.094,66.596],[-88.105,66.594]]]}},{"type":"Feature","properties":{},"geometry":{"type":"Polygon","coordinates":[[[-50.237,65.056],[-50.219,65.088],[-50.145,65.074],[-50.106,65.087],[-50.139,65.103],[-50.1,65.131],[-50.144,65.146],[-50.152,65.18],[-50.055,65.168],[-50.066,65.151],[-49.965,65.126],[-49.794,65.178],[-49.94,65.094],[-49.805,65.143],[-49.787,65.126],[-50.023,65.033],[-50.055,65.026],[-50.058,65.046],[-50.126,65.063],[-50.246,65.033],[-50.247,65.043],[-50.237,65.056]]]}},{"type":"Feature","properties":{},"geometry":{"type":"Polygon","coordinates":[[[-89.007,50.796],[-89.092,50.729],[-89.158,50.736],[-89.177,50.778],[-89.252,50.811],[-89.298,50.808],[-89.385,50.768],[-89.343,50.827],[-89.295,50.844],[-89.124,50.822],[-89.062,50.796],[-88.98,50.839],[-89.008,50.794],[-89.007,50.796]]]}},{"type":"Feature","properties":{},"geometry":{"type":"Polygon","coordinates":[[[-63.135,55.928],[-63.276,55.837],[-63.382,55.827],[-63.445,55.868],[-63.402,55.91],[-63.303,55.94],[-63.207,55.928],[-63.077,55.943],[-63.118,55.933],[-63.135,55.928]]]}},{"type":"Feature","properties":{},"geometry":{"type":"Polygon","coordinates":[[[-97.035,55.724],[-97.162,55.693],[-97.207,55.699],[-97.227,55.664],[-97.351,55.629],[-97.406,55.64],[-97.368,55.664],[-97.42,55.665],[-97.449,55.645],[-97.441,55.591],[-97.475,55.572],[-97.503,55.579],[-97.509,55.608],[-97.473,55.642],[-97.503,55.66],[-97.451,55.734],[-97.41,55.729],[-97.416,55.684],[-97.314,55.667],[-97.291,55.674],[-97.311,55.699],[-97.134,55.72],[-97.103,55.745],[-97.021,55.743],[-97.029,55.724],[-97.035,55.724]]]}},{"type":"Feature","properties":{},"geometry":{"type":"Polygon","coordinates":[[[-81.533,47.26],[-81.495,47.14],[-81.424,47.147],[-81.485,47.123],[-81.414,47.129],[-81.424,47.065],[-81.451,47.088],[-81.476,47.061],[-81.451,47.014],[-81.465,46.945],[-81.428,46.909],[-81.462,46.923],[-81.494,46.894],[-81.527,46.898],[-81.547,46.885],[-81.543,46.86],[-81.586,46.898],[-81.559,46.895],[-81.526,46.914],[-81.508,46.968],[-81.482,46.986],[-81.521,47.026],[-81.507,47.122],[-81.535,47.202],[-81.557,47.21],[-81.557,47.277],[-81.533,47.265],[-81.533,47.26]]]}},{"type":"Feature","properties":{},"geometry":{"type":"Polygon","coordinates":[[[-103.509,59.188],[-103.617,59.045],[-103.692,59.11],[-103.751,59.112],[-103.797,59.149],[-103.691,59.213],[-103.622,59.228],[-103.592,59.226],[-103.589,59.206],[-103.613,59.171],[-103.666,59.15],[-103.656,59.136],[-103.609,59.141],[-103.539,59.194],[-103.516,59.193],[-103.509,59.188]]]}},{"type":"Feature","properties":{},"geometry":{"type":"Polygon","coordinates":[[[-95.239,53.97],[-95.336,53.884],[-95.402,53.861],[-95.434,53.864],[-95.51,53.921],[-95.463,53.954],[-95.411,53.953],[-95.309,54.005],[-95.243,54.004],[-95.219,53.985],[-95.234,53.974],[-95.239,53.97]]]}},{"type":"Feature","properties":{},"geometry":{"type":"Polygon","coordinates":[[[-79.699,37.201],[-79.595,37.115],[-79.585,37.076],[-79.561,37.07],[-79.547,37.104],[-79.534,37.077],[-79.508,37.068],[-79.51,37.044],[-79.587,37.033],[-79.636,37.006],[-79.648,37.009],[-79.638,37.041],[-79.723,37.023],[-79.714,37.054],[-79.662,37.064],[-79.609,37.057],[-79.671,37.143],[-79.716,37.15],[-79.714,37.189],[-79.767,37.196],[-79.771,37.231],[-79.743,37.209],[-79.723,37.217],[-79.703,37.204],[-79.699,37.201]]]}},{"type":"Feature","properties":{},"geometry":{"type":"Polygon","coordinates":[[[-92.883,64.882],[-92.888,64.818],[-92.856,64.794],[-93.029,64.835],[-93.116,64.784],[-93.141,64.826],[-93.237,64.828],[-93.277,64.848],[-93.223,64.9],[-93.134,64.866],[-93.076,64.868],[-93.128,64.93],[-92.956,64.859],[-92.919,64.904],[-92.883,64.888],[-92.883,64.882]]]}},{"type":"Feature","properties":{},"geometry":{"type":"Polygon","coordinates":[[[-98.463,55.142],[-98.524,55.067],[-98.762,54.869],[-98.842,54.828],[-98.844,54.861],[-98.705,54.966],[-98.626,55.063],[-98.472,55.16],[-98.456,55.147],[-98.463,55.142]]]}},{"type":"Feature","properties":{},"geometry":{"type":"Polygon","coordinates":[[[-64.546,54.343],[-64.476,54.316],[-64.557,54.327],[-64.544,54.298],[-64.565,54.272],[-64.633,54.26],[-64.584,54.232],[-64.657,54.23],[-64.685,54.2],[-64.668,54.183],[-64.691,54.178],[-64.775,54.267],[-64.747,54.296],[-64.709,54.294],[-64.708,54.333],[-64.66,54.307],[-64.644,54.334],[-64.596,54.329],[-64.554,54.345],[-64.546,54.343]]]}},{"type":"Feature","properties":{},"geometry":{"type":"Polygon","coordinates":[[[-71.061,53.597],[-71.015,53.594],[-71.073,53.565],[-70.976,53.583],[-71.001,53.557],[-70.921,53.564],[-70.934,53.537],[-70.997,53.506],[-70.902,53.528],[-70.907,53.488],[-70.967,53.448],[-70.942,53.438],[-70.907,53.467],[-70.891,53.45],[-70.845,53.459],[-70.858,53.418],[-70.919,53.429],[-70.989,53.423],[-71.003,53.45],[-71.06,53.473],[-71.032,53.526],[-71.096,53.546],[-71.118,53.59],[-71.064,53.6],[-71.061,53.597]]]}},{"type":"Feature","properties":{},"geometry":{"type":"Polygon","coordinates":[[[-81.402,34.106],[-81.353,34.073],[-81.351,34.111],[-81.329,34.08],[-81.29,34.079],[-81.276,34.087],[-81.278,34.116],[-81.232,34.115],[-81.225,34.085],[-81.251,34.063],[-81.212,34.051],[-81.216,34.021],[-81.264,34.034],[-81.359,34.012],[-81.351,34.048],[-81.388,34.048],[-81.407,34.032],[-81.409,34.063],[-81.472,34.062],[-81.55,34.085],[-81.491,34.079],[-81.472,34.093],[-81.401,34.072],[-81.423,34.11],[-81.406,34.107],[-81.402,34.106]]]}},{"type":"Feature","properties":{},"geometry":{"type":"Polygon","coordinates":[[[-88.92,50.548],[-89.023,50.489],[-89.068,50.439],[-89.126,50.424],[-89.126,50.363],[-89.15,50.335],[-89.172,50.335],[-89.197,50.366],[-89.158,50.382],[-89.154,50.427],[-89.241,50.421],[-89.144,50.481],[-89.165,50.525],[-89.111,50.499],[-89.052,50.529],[-89.051,50.488],[-89.034,50.522],[-88.96,50.564],[-88.886,50.572],[-88.911,50.551],[-88.92,50.548]]]}},{"type":"Feature","properties":{},"geometry":{"type":"Polygon","coordinates":[[[-15.781,16.328],[-15.826,16.183],[-15.896,16.131],[-15.91,16.136],[-15.944,16.116],[-15.905,16.156],[-15.909,16.183],[-15.886,16.208],[-15.88,16.16],[-15.857,16.179],[-15.851,16.207],[-15.871,16.222],[-15.858,16.243],[-15.872,16.278],[-15.864,16.291],[-15.842,16.29],[-15.849,16.314],[-15.816,16.369],[-15.791,16.373],[-15.779,16.329],[-15.781,16.328]]]}},{"type":"Feature","properties":{},"geometry":{"type":"Polygon","coordinates":[[[-75.344,51.144],[-75.438,51.007],[-75.436,51.087],[-75.514,51.057],[-75.479,51.131],[-75.523,51.086],[-75.541,51.096],[-75.569,51.079],[-75.577,51.105],[-75.492,51.147],[-75.436,51.156],[-75.442,51.169],[-75.484,51.167],[-75.529,51.138],[-75.601,51.158],[-75.646,51.113],[-75.673,51.152],[-75.589,51.171],[-75.534,51.153],[-75.489,51.18],[-75.428,51.185],[-75.426,51.219],[-75.396,51.209],[-75.399,51.176],[-75.444,51.124],[-75.348,51.167],[-75.344,51.15],[-75.344,51.144]]]}},{"type":"Feature","properties":{},"geometry":{"type":"Polygon","coordinates":[[[-102.909,57.023],[-102.913,57.001],[-102.967,56.985],[-102.997,56.953],[-103.051,56.946],[-103.14,56.89],[-103.186,56.889],[-103.16,56.968],[-103.244,56.976],[-103.171,57.006],[-103.181,57.033],[-103.092,57.044],[-103.044,57.003],[-103.043,56.97],[-102.946,57.029],[-102.909,57.029],[-102.909,57.023]]]}},{"type":"Feature","properties":{},"geometry":{"type":"Polygon","coordinates":[[[-55.019,48.851],[-54.868,48.938],[-54.844,48.979],[-54.826,48.933],[-54.622,48.946],[-54.532,48.892],[-54.414,48.889],[-54.352,48.857],[-54.527,48.865],[-54.62,48.914],[-54.679,48.923],[-54.837,48.913],[-54.888,48.859],[-54.909,48.868],[-54.981,48.855],[-55.022,48.83],[-55.022,48.845],[-55.019,48.851]]]}},{"type":"Feature","properties":{},"geometry":{"type":"Polygon","coordinates":[[[-67.638,55.693],[-67.53,55.644],[-67.502,55.598],[-67.435,55.57],[-67.497,55.583],[-67.401,55.508],[-67.373,55.456],[-67.45,55.492],[-67.469,55.525],[-67.528,55.538],[-67.647,55.61],[-67.689,55.658],[-67.61,55.637],[-67.598,55.651],[-67.648,55.685],[-67.706,55.685],[-67.759,55.729],[-67.642,55.696],[-67.638,55.693]]]}},{"type":"Feature","properties":{},"geometry":{"type":"Polygon","coordinates":[[[-103.246,66.451],[-103.254,66.423],[-103.316,66.419],[-103.384,66.368],[-103.474,66.352],[-103.539,66.373],[-103.471,66.452],[-103.499,66.479],[-103.461,66.493],[-103.294,66.51],[-103.252,66.496],[-103.306,66.476],[-103.243,66.455],[-103.246,66.451]]]}},{"type":"Feature","properties":{},"geometry":{"type":"Polygon","coordinates":[[[-98.121,58.79],[-97.901,58.851],[-97.814,58.83],[-97.751,58.774],[-97.674,58.832],[-97.578,58.858],[-97.582,58.809],[-97.724,58.741],[-97.774,58.748],[-97.896,58.812],[-98.145,58.774],[-98.125,58.785],[-98.121,58.79]]]}},{"type":"Feature","properties":{},"geometry":{"type":"Polygon","coordinates":[[[-104.836,63.083],[-104.766,63.127],[-104.786,63.144],[-104.706,63.186],[-104.729,63.252],[-104.69,63.269],[-104.603,63.213],[-104.597,63.139],[-104.726,63.057],[-104.746,63.079],[-104.833,63.064],[-104.838,63.083],[-104.836,63.083]]]}},{"type":"Feature","properties":{},"geometry":{"type":"Polygon","coordinates":[[[-84.747,30.87],[-84.771,30.799],[-84.676,30.795],[-84.662,30.821],[-84.657,30.793],[-84.791,30.755],[-84.846,30.754],[-84.884,30.71],[-84.953,30.753],[-84.937,30.852],[-84.964,30.917],[-84.93,30.886],[-84.907,30.771],[-84.816,30.778],[-84.737,30.902],[-84.748,30.869],[-84.747,30.87]]]}},{"type":"Feature","properties":{},"geometry":{"type":"Polygon","coordinates":[[[-73.786,51.767],[-73.801,51.728],[-73.814,51.759],[-73.83,51.756],[-73.86,51.714],[-73.834,51.706],[-73.84,51.694],[-73.908,51.652],[-73.894,51.641],[-73.826,51.657],[-73.841,51.633],[-73.836,51.611],[-73.809,51.61],[-73.819,51.564],[-73.834,51.559],[-73.839,51.592],[-73.896,51.575],[-73.912,51.524],[-73.884,51.508],[-73.9,51.478],[-73.875,51.465],[-73.923,51.449],[-73.947,51.467],[-73.965,51.439],[-73.926,51.558],[-73.88,51.594],[-73.868,51.628],[-73.934,51.631],[-73.971,51.656],[-73.917,51.668],[-73.879,51.781],[-73.845,51.793],[-73.789,51.772],[-73.786,51.767]]]}},{"type":"Feature","properties":{},"geometry":{"type":"Polygon","coordinates":[[[-63.189,53.778],[-63.065,53.731],[-62.974,53.717],[-62.889,53.735],[-62.742,53.721],[-62.477,53.786],[-62.299,53.779],[-62.482,53.772],[-62.671,53.716],[-62.803,53.701],[-63.077,53.71],[-63.159,53.746],[-63.349,53.778],[-63.296,53.789],[-63.194,53.779],[-63.189,53.778]]]}},{"type":"Feature","properties":{},"geometry":{"type":"Polygon","coordinates":[[[-96.151,56.309],[-96.276,56.277],[-96.511,56.179],[-96.661,56.169],[-96.546,56.237],[-96.346,56.274],[-96.184,56.337],[-96.133,56.336],[-96.146,56.316],[-96.151,56.309]]]}},{"type":"Feature","properties":{},"geometry":{"type":"Polygon","coordinates":[[[-75.223,49.491],[-75.17,49.464],[-75.124,49.459],[-75.153,49.429],[-75.085,49.431],[-75.086,49.409],[-75.136,49.388],[-75.136,49.416],[-75.159,49.418],[-75.207,49.359],[-75.267,49.361],[-75.271,49.343],[-75.309,49.341],[-75.337,49.299],[-75.336,49.35],[-75.263,49.397],[-75.223,49.397],[-75.234,49.424],[-75.206,49.454],[-75.227,49.463],[-75.261,49.427],[-75.271,49.453],[-75.386,49.46],[-75.295,49.494],[-75.243,49.495],[-75.223,49.491]]]}},{"type":"Feature","properties":{},"geometry":{"type":"Polygon","coordinates":[[[-77.118,49.832],[-77.127,49.798],[-77.077,49.772],[-77.15,49.781],[-77.277,49.766],[-77.331,49.74],[-77.312,49.718],[-77.176,49.693],[-77.184,49.68],[-77.389,49.731],[-77.365,49.758],[-77.302,49.771],[-77.299,49.807],[-77.226,49.833],[-77.211,49.866],[-77.13,49.844],[-77.076,49.854],[-77.118,49.834],[-77.118,49.832]]]}},{"type":"Feature","properties":{},"geometry":{"type":"Polygon","coordinates":[[[-94.742,17.787],[-94.702,17.858],[-94.639,17.867],[-94.622,17.823],[-94.662,17.738],[-94.641,17.719],[-94.664,17.694],[-94.743,17.779],[-94.742,17.787]]]}},{"type":"Feature","properties":{},"geometry":{"type":"Polygon","coordinates":[[[-88.344,52.002],[-88.474,51.971],[-88.477,51.956],[-88.436,51.946],[-88.469,51.929],[-88.561,51.921],[-88.762,51.936],[-88.724,51.958],[-88.557,51.966],[-88.501,52.024],[-88.425,52.038],[-88.32,52.013],[-88.334,52.001],[-88.344,52.002]]]}},{"type":"Feature","properties":{},"geometry":{"type":"Polygon","coordinates":[[[-86.971,50.81],[-87.047,50.77],[-87.096,50.778],[-87.108,50.807],[-87.179,50.784],[-87.268,50.799],[-87.12,50.906],[-87.069,50.895],[-87.114,50.841],[-87.034,50.824],[-86.974,50.834],[-86.943,50.822],[-86.969,50.811],[-86.971,50.81]]]}},{"type":"Feature","properties":{},"geometry":{"type":"Polygon","coordinates":[[[-79.437,45.071],[-79.406,45.056],[-79.393,45.023],[-79.366,45.019],[-79.407,44.938],[-79.42,44.971],[-79.487,45.005],[-79.491,45.021],[-79.461,45.028],[-79.499,45.057],[-79.515,45.056],[-79.525,45.022],[-79.568,45.038],[-79.59,45.003],[-79.626,45.061],[-79.596,45.079],[-79.55,45.063],[-79.541,45.098],[-79.502,45.098],[-79.471,45.072],[-79.442,45.076],[-79.437,45.071]]]}},{"type":"Feature","properties":{},"geometry":{"type":"Polygon","coordinates":[[[-101.447,54.501],[-101.39,54.422],[-101.493,54.439],[-101.559,54.406],[-101.693,54.404],[-101.706,54.456],[-101.561,54.468],[-101.486,54.512],[-101.452,54.514],[-101.445,54.502],[-101.447,54.501]]]}},{"type":"Feature","properties":{},"geometry":{"type":"Polygon","coordinates":[[[-102.863,54.993],[-102.874,54.963],[-102.81,54.931],[-102.809,54.914],[-103.019,54.853],[-103.018,54.935],[-102.954,54.954],[-102.964,55],[-102.879,55.024],[-102.858,54.994],[-102.863,54.993]]]}},{"type":"Feature","properties":{},"geometry":{"type":"Polygon","coordinates":[[[-75.822,48.638],[-75.826,48.614],[-75.769,48.58],[-75.768,48.524],[-75.665,48.541],[-75.702,48.516],[-75.759,48.505],[-75.778,48.446],[-75.761,48.435],[-75.786,48.425],[-75.809,48.437],[-75.791,48.468],[-75.795,48.539],[-75.866,48.492],[-75.807,48.568],[-75.844,48.599],[-75.887,48.57],[-75.881,48.536],[-75.928,48.546],[-76.012,48.489],[-75.968,48.527],[-75.971,48.605],[-75.939,48.615],[-75.941,48.582],[-75.896,48.585],[-75.86,48.646],[-75.819,48.645],[-75.822,48.638]]]}},{"type":"Feature","properties":{},"geometry":{"type":"Polygon","coordinates":[[[-77.408,58.687],[-77.39,58.663],[-77.332,58.659],[-77.31,58.675],[-77.106,58.695],[-77.199,58.662],[-77.169,58.636],[-77.251,58.613],[-77.185,58.614],[-77.009,58.576],[-76.957,58.543],[-77.052,58.547],[-77.096,58.572],[-77.446,58.651],[-77.462,58.67],[-77.422,58.69],[-77.408,58.687]]]}},{"type":"Feature","properties":{},"geometry":{"type":"Polygon","coordinates":[[[-61.178,8.679],[-61.066,8.701],[-61.038,8.723],[-60.984,8.713],[-60.913,8.738],[-60.963,8.677],[-61.019,8.645],[-61.142,8.653],[-61.177,8.674],[-61.178,8.679]]]}},{"type":"Feature","properties":{},"geometry":{"type":"Polygon","coordinates":[[[-95.408,65.216],[-95.391,65.188],[-95.308,65.155],[-95.163,65.168],[-95.174,65.137],[-95.126,65.122],[-95.249,65.096],[-95.303,65.139],[-95.31,65.108],[-95.392,65.132],[-95.463,65.131],[-95.524,65.156],[-95.526,65.191],[-95.601,65.202],[-95.61,65.232],[-95.496,65.223],[-95.421,65.234],[-95.41,65.221],[-95.408,65.216]]]}},{"type":"Feature","properties":{},"geometry":{"type":"Polygon","coordinates":[[[-86.982,66.731],[-87.044,66.645],[-87.116,66.691],[-87.134,66.748],[-87.266,66.84],[-87.329,66.812],[-87.37,66.819],[-87.435,66.898],[-87.358,66.878],[-87.344,66.895],[-87.233,66.874],[-87.207,66.846],[-87.115,66.829],[-87.164,66.806],[-87.157,66.777],[-87.071,66.756],[-87.011,66.76],[-86.997,66.775],[-86.979,66.738],[-86.982,66.731]]]}},{"type":"Feature","properties":{},"geometry":{"type":"Polygon","coordinates":[[[-80.907,48.527],[-80.919,48.465],[-80.998,48.429],[-80.973,48.381],[-81.005,48.324],[-81.004,48.393],[-81.051,48.455],[-81.037,48.516],[-80.967,48.597],[-80.982,48.52],[-80.938,48.553],[-80.91,48.537],[-80.907,48.527]]]}},{"type":"Feature","properties":{},"geometry":{"type":"Polygon","coordinates":[[[-80.891,29.013],[-80.721,28.754],[-80.658,28.683],[-80.659,28.657],[-80.684,28.666],[-80.792,28.793],[-80.879,28.949],[-80.905,29.023],[-80.892,29.016],[-80.891,29.013]]]}},{"type":"Feature","properties":{},"geometry":{"type":"Polygon","coordinates":[[[-100.142,58.833],[-99.965,58.833],[-99.717,58.9],[-99.671,58.888],[-99.635,58.839],[-99.726,58.855],[-99.826,58.814],[-99.995,58.813],[-100.076,58.788],[-100.138,58.798],[-100.177,58.834],[-100.152,58.833],[-100.142,58.833]]]}},{"type":"Feature","properties":{},"geometry":{"type":"Polygon","coordinates":[[[-96.524,60.947],[-96.421,60.956],[-96.287,60.912],[-96.257,60.886],[-96.365,60.839],[-96.401,60.804],[-96.503,60.869],[-96.471,60.912],[-96.587,60.94],[-96.532,60.946],[-96.524,60.947]]]}},{"type":"Feature","properties":{},"geometry":{"type":"Polygon","coordinates":[[[-84.276,48.948],[-84.296,48.924],[-84.355,48.913],[-84.417,48.878],[-84.452,48.822],[-84.438,48.794],[-84.511,48.824],[-84.481,48.838],[-84.454,48.882],[-84.465,48.906],[-84.491,48.893],[-84.434,48.959],[-84.432,49.008],[-84.384,48.94],[-84.339,48.944],[-84.388,48.987],[-84.359,49.01],[-84.362,48.987],[-84.278,48.969],[-84.279,48.953],[-84.276,48.948]]]}},{"type":"Feature","properties":{},"geometry":{"type":"Polygon","coordinates":[[[-88.937,66.803],[-89.075,66.755],[-89.23,66.74],[-89.225,66.637],[-89.278,66.579],[-89.376,66.536],[-89.25,66.669],[-89.297,66.7],[-89.391,66.701],[-89.299,66.737],[-89.375,66.786],[-89.297,66.78],[-89.255,66.818],[-89.206,66.773],[-89.088,66.788],[-89.045,66.823],[-89.001,66.81],[-88.944,66.822],[-88.933,66.805],[-88.937,66.803]]]}},{"type":"Feature","properties":{},"geometry":{"type":"Polygon","coordinates":[[[-97.014,55.306],[-97.333,55.272],[-97.547,55.302],[-97.626,55.287],[-97.699,55.293],[-97.601,55.315],[-97.464,55.31],[-97.388,55.332],[-97.247,55.315],[-97.077,55.332],[-96.981,55.317],[-97.012,55.305],[-97.014,55.306]]]}},{"type":"Feature","properties":{},"geometry":{"type":"Polygon","coordinates":[[[-70.903,58.193],[-70.839,58.175],[-70.799,58.143],[-70.654,58.176],[-70.697,58.148],[-70.632,58.159],[-70.65,58.121],[-70.556,58.118],[-70.621,58.1],[-70.63,58.066],[-70.663,58.065],[-70.706,58.039],[-70.734,58.064],[-70.718,58.084],[-70.766,58.088],[-70.777,58.124],[-70.856,58.143],[-70.915,58.141],[-70.879,58.166],[-70.99,58.185],[-71.015,58.205],[-70.915,58.213],[-70.906,58.198],[-70.903,58.193]]]}},{"type":"Feature","properties":{},"geometry":{"type":"Polygon","coordinates":[[[-93.682,49.188],[-93.82,49.171],[-93.853,49.193],[-93.925,49.19],[-93.973,49.248],[-93.942,49.28],[-93.892,49.294],[-93.884,49.246],[-93.827,49.244],[-93.789,49.214],[-93.706,49.22],[-93.606,49.178],[-93.673,49.189],[-93.682,49.188]]]}},{"type":"Feature","properties":{},"geometry":{"type":"Polygon","coordinates":[[[-72.29,42.51],[-72.256,42.409],[-72.217,42.429],[-72.287,42.358],[-72.308,42.305],[-72.34,42.314],[-72.352,42.286],[-72.371,42.317],[-72.381,42.453],[-72.341,42.338],[-72.324,42.365],[-72.313,42.507],[-72.298,42.528],[-72.292,42.52],[-72.29,42.51]]]}},{"type":"Feature","properties":{},"geometry":{"type":"Polygon","coordinates":[[[-97.535,55.496],[-97.64,55.434],[-97.689,55.355],[-97.898,55.318],[-97.769,55.354],[-97.706,55.399],[-97.735,55.404],[-97.877,55.368],[-97.864,55.425],[-97.709,55.437],[-97.567,55.506],[-97.528,55.514],[-97.534,55.501],[-97.535,55.496]]]}},{"type":"Feature","properties":{},"geometry":{"type":"Polygon","coordinates":[[[-93.218,54.784],[-93.217,54.754],[-93.171,54.732],[-93.172,54.707],[-93.261,54.72],[-93.349,54.684],[-93.392,54.684],[-93.412,54.721],[-93.341,54.801],[-93.239,54.805],[-93.22,54.793],[-93.218,54.784]]]}},{"type":"Feature","properties":{},"geometry":{"type":"Polygon","coordinates":[[[-94.491,52.181],[-94.532,52.154],[-94.457,52.115],[-94.473,52.051],[-94.503,52.118],[-94.539,52.104],[-94.699,52.095],[-94.761,52.133],[-94.682,52.133],[-94.606,52.179],[-94.571,52.175],[-94.531,52.197],[-94.492,52.198],[-94.488,52.187],[-94.491,52.181]]]}},{"type":"Feature","properties":{},"geometry":{"type":"Polygon","coordinates":[[[-102.249,65.102],[-102.274,65.042],[-102.363,65.009],[-102.438,65.064],[-102.464,65.144],[-102.406,65.153],[-102.349,65.139],[-102.334,65.161],[-102.225,65.16],[-102.17,65.175],[-102.173,65.148],[-102.308,65.133],[-102.253,65.113],[-102.249,65.102]]]}},{"type":"Feature","properties":{},"geometry":{"type":"Polygon","coordinates":[[[-100.733,58.668],[-100.711,58.749],[-100.661,58.751],[-100.59,58.789],[-100.479,58.801],[-100.495,58.778],[-100.6,58.744],[-100.603,58.722],[-100.558,58.696],[-100.689,58.595],[-100.69,58.632],[-100.73,58.663],[-100.733,58.668]]]}},{"type":"Feature","properties":{},"geometry":{"type":"Polygon","coordinates":[[[-74.692,49.373],[-74.701,49.34],[-74.717,49.354],[-74.754,49.337],[-74.764,49.369],[-74.795,49.363],[-74.887,49.222],[-74.863,49.323],[-74.911,49.319],[-74.97,49.275],[-74.954,49.329],[-74.998,49.347],[-74.953,49.348],[-74.911,49.377],[-74.819,49.392],[-74.737,49.389],[-74.734,49.367],[-74.711,49.388],[-74.696,49.379],[-74.692,49.373]]]}},{"type":"Feature","properties":{},"geometry":{"type":"Polygon","coordinates":[[[-93.769,51.024],[-93.843,51.038],[-93.891,51.02],[-93.931,51.029],[-93.989,51.016],[-94.08,51.02],[-94.039,51.049],[-93.951,51.065],[-93.847,51.128],[-93.789,51.132],[-93.807,51.101],[-93.791,51.044],[-93.753,51.033],[-93.768,51.024],[-93.769,51.024]]]}},{"type":"Feature","properties":{},"geometry":{"type":"Polygon","coordinates":[[[-93.174,50.42],[-93.154,50.368],[-93.075,50.288],[-93.092,50.248],[-93.13,50.278],[-93.176,50.271],[-93.195,50.302],[-93.161,50.327],[-93.166,50.353],[-93.245,50.355],[-93.236,50.402],[-93.27,50.43],[-93.233,50.446],[-93.252,50.477],[-93.151,50.449],[-93.186,50.439],[-93.174,50.425],[-93.174,50.42]]]}},{"type":"Feature","properties":{},"geometry":{"type":"Polygon","coordinates":[[[-95.565,16.437],[-95.551,16.457],[-95.504,16.477],[-95.539,16.492],[-95.494,16.513],[-95.495,16.595],[-95.419,16.498],[-95.405,16.443],[-95.428,16.434],[-95.433,16.459],[-95.454,16.437],[-95.502,16.449],[-95.564,16.434],[-95.565,16.437]]]}},{"type":"Feature","properties":{},"geometry":{"type":"Polygon","coordinates":[[[-95.766,50.393],[-95.819,50.377],[-95.805,50.336],[-95.845,50.316],[-95.866,50.277],[-95.882,50.312],[-95.854,50.346],[-95.879,50.357],[-95.911,50.348],[-95.952,50.361],[-95.992,50.288],[-96.029,50.286],[-96.027,50.351],[-95.991,50.402],[-95.969,50.373],[-95.914,50.405],[-95.865,50.4],[-95.811,50.417],[-95.763,50.396],[-95.766,50.393]]]}},{"type":"Feature","properties":{},"geometry":{"type":"Polygon","coordinates":[[[-94.136,50.171],[-94.289,50.154],[-94.346,50.161],[-94.429,50.198],[-94.404,50.24],[-94.459,50.248],[-94.467,50.274],[-94.352,50.281],[-94.363,50.228],[-94.341,50.206],[-94.296,50.195],[-94.213,50.204],[-94.136,50.194],[-94.109,50.183],[-94.132,50.173],[-94.136,50.171]]]}},{"type":"Feature","properties":{},"geometry":{"type":"Polygon","coordinates":[[[-87.643,51.486],[-87.636,51.456],[-87.656,51.436],[-87.721,51.483],[-87.889,51.512],[-87.963,51.563],[-87.992,51.624],[-87.952,51.614],[-87.906,51.57],[-87.681,51.519],[-87.647,51.491],[-87.643,51.486]]]}},{"type":"Feature","properties":{},"geometry":{"type":"Polygon","coordinates":[[[-76.264,61.067],[-76.267,61.042],[-76.321,61.02],[-76.352,60.975],[-76.357,60.923],[-76.294,60.913],[-76.265,60.876],[-76.31,60.865],[-76.375,60.872],[-76.459,60.837],[-76.468,60.924],[-76.384,60.928],[-76.386,60.971],[-76.347,60.994],[-76.369,61.011],[-76.432,61.008],[-76.444,61.021],[-76.361,61.039],[-76.358,61.074],[-76.32,61.09],[-76.264,61.087],[-76.265,61.069],[-76.264,61.067]]]}},{"type":"Feature","properties":{},"geometry":{"type":"Polygon","coordinates":[[[-93.703,52.273],[-93.656,52.146],[-93.672,52.092],[-93.718,52.069],[-93.737,52.196],[-93.843,52.264],[-93.796,52.304],[-93.708,52.275],[-93.703,52.273]]]}},{"type":"Feature","properties":{},"geometry":{"type":"Polygon","coordinates":[[[-72.024,18.651],[-72.005,18.635],[-72.011,18.597],[-71.905,18.485],[-71.961,18.474],[-71.987,18.51],[-72.04,18.534],[-72.069,18.598],[-72.028,18.648],[-72.024,18.651]]]}},{"type":"Feature","properties":{},"geometry":{"type":"Polygon","coordinates":[[[-98.594,59.146],[-98.574,59.164],[-98.603,59.189],[-98.624,59.284],[-98.556,59.287],[-98.495,59.309],[-98.448,59.286],[-98.466,59.256],[-98.556,59.27],[-98.579,59.26],[-98.482,59.226],[-98.508,59.208],[-98.481,59.167],[-98.497,59.123],[-98.523,59.111],[-98.557,59.128],[-98.588,59.119],[-98.6,59.139],[-98.594,59.146]]]}},{"type":"Feature","properties":{},"geometry":{"type":"Polygon","coordinates":[[[-91.83,53.051],[-91.831,53.037],[-91.892,53.009],[-91.895,52.983],[-91.96,52.965],[-92.055,52.907],[-92.134,52.934],[-92.065,52.96],[-91.966,53.031],[-91.917,53.043],[-91.892,53.077],[-91.83,53.054],[-91.83,53.051]]]}},{"type":"Feature","properties":{},"geometry":{"type":"Polygon","coordinates":[[[-56.474,48.298],[-56.559,48.242],[-56.678,48.204],[-56.696,48.178],[-56.774,48.167],[-56.701,48.202],[-56.667,48.237],[-56.639,48.234],[-56.628,48.292],[-56.594,48.285],[-56.571,48.309],[-56.611,48.316],[-56.512,48.384],[-56.524,48.348],[-56.51,48.336],[-56.462,48.344],[-56.475,48.324],[-56.452,48.31],[-56.467,48.301],[-56.474,48.298]]]}},{"type":"Feature","properties":{},"geometry":{"type":"Polygon","coordinates":[[[-95.805,62.116],[-95.699,62.127],[-95.673,62.146],[-95.595,62.128],[-95.569,62.103],[-95.607,62.095],[-95.612,62.067],[-95.544,61.984],[-95.6,61.999],[-95.67,62.084],[-95.638,61.971],[-95.705,62.014],[-95.721,62.057],[-95.808,62.078],[-95.812,62.114],[-95.805,62.116]]]}},{"type":"Feature","properties":{},"geometry":{"type":"Polygon","coordinates":[[[-94.712,54.251],[-94.797,54.261],[-94.976,54.209],[-95.01,54.234],[-94.941,54.284],[-94.839,54.299],[-94.841,54.313],[-94.88,54.321],[-94.87,54.357],[-94.785,54.318],[-94.77,54.286],[-94.664,54.27],[-94.704,54.251],[-94.712,54.251]]]}},{"type":"Feature","properties":{},"geometry":{"type":"Polygon","coordinates":[[[-97.437,64.311],[-97.495,64.31],[-97.549,64.279],[-97.481,64.214],[-97.572,64.24],[-97.709,64.235],[-97.749,64.247],[-97.762,64.306],[-97.692,64.323],[-97.641,64.312],[-97.635,64.345],[-97.505,64.324],[-97.42,64.337],[-97.396,64.32],[-97.431,64.31],[-97.437,64.311]]]}},{"type":"Feature","properties":{},"geometry":{"type":"Polygon","coordinates":[[[-87.344,50.052],[-87.467,49.988],[-87.523,49.931],[-87.586,49.934],[-87.562,49.961],[-87.589,49.974],[-87.535,50.001],[-87.569,50.008],[-87.551,50.03],[-87.498,50.041],[-87.466,50.013],[-87.467,50.05],[-87.444,50.051],[-87.464,50.085],[-87.445,50.102],[-87.415,50.106],[-87.39,50.064],[-87.327,50.078],[-87.338,50.058],[-87.344,50.052]]]}},{"type":"Feature","properties":{},"geometry":{"type":"Polygon","coordinates":[[[-97.715,65.601],[-97.701,65.504],[-97.744,65.524],[-97.79,65.519],[-97.879,65.573],[-97.908,65.677],[-97.87,65.717],[-97.782,65.584],[-97.711,65.652],[-97.591,65.654],[-97.705,65.629],[-97.717,65.608],[-97.715,65.601]]]}},{"type":"Feature","properties":{},"geometry":{"type":"Polygon","coordinates":[[[-97.719,62.133],[-97.697,62.165],[-97.564,62.155],[-97.604,62.234],[-97.563,62.236],[-97.527,62.215],[-97.493,62.222],[-97.459,62.209],[-97.482,62.108],[-97.462,62.087],[-97.534,62.089],[-97.604,62.138],[-97.646,62.126],[-97.64,62.093],[-97.714,62.131],[-97.719,62.133]]]}},{"type":"Feature","properties":{},"geometry":{"type":"Polygon","coordinates":[[[-103.929,51.895],[-104.037,51.856],[-104.128,51.883],[-104.16,51.933],[-104.075,51.966],[-103.98,51.916],[-103.934,51.922],[-103.924,51.896],[-103.929,51.895]]]}},{"type":"Feature","properties":{},"geometry":{"type":"Polygon","coordinates":[[[-91.115,14.694],[-91.134,14.644],[-91.149,14.674],[-91.188,14.68],[-91.229,14.658],[-91.249,14.618],[-91.238,14.673],[-91.283,14.708],[-91.267,14.727],[-91.172,14.75],[-91.141,14.736],[-91.115,14.696],[-91.115,14.694]]]}},{"type":"Feature","properties":{},"geometry":{"type":"Polygon","coordinates":[[[-91.268,52.913],[-91.372,52.827],[-91.425,52.85],[-91.48,52.825],[-91.475,52.861],[-91.382,52.952],[-91.265,52.929],[-91.262,52.915],[-91.268,52.913]]]}},{"type":"Feature","properties":{},"geometry":{"type":"Polygon","coordinates":[[[-60.676,54.279],[-60.72,54.265],[-60.721,54.243],[-60.651,54.235],[-60.642,54.221],[-60.745,54.211],[-60.757,54.162],[-60.805,54.121],[-60.765,54.074],[-60.761,54.019],[-60.843,54.113],[-60.83,54.161],[-60.923,54.169],[-60.835,54.186],[-60.77,54.266],[-60.721,54.296],[-60.669,54.282],[-60.676,54.279]]]}},{"type":"Feature","properties":{},"geometry":{"type":"Polygon","coordinates":[[[-76.788,60.127],[-76.834,60.115],[-76.789,60.068],[-76.848,60.099],[-76.958,60.103],[-77.059,60.063],[-77.167,60.087],[-77.199,60.062],[-77.259,60.118],[-77.105,60.109],[-77.13,60.129],[-77.195,60.129],[-77.187,60.151],[-77.074,60.143],[-76.963,60.114],[-76.867,60.114],[-76.846,60.152],[-76.759,60.159],[-76.783,60.129],[-76.788,60.127]]]}},{"type":"Feature","properties":{},"geometry":{"type":"Polygon","coordinates":[[[-98.381,63.011],[-98.29,63.019],[-98.314,63.064],[-98.218,63.046],[-98.25,63.114],[-98.155,63.068],[-98.083,63.06],[-98.037,62.993],[-98.064,62.989],[-98.131,63.016],[-98.255,62.976],[-98.307,62.991],[-98.355,62.985],[-98.382,63.008],[-98.381,63.011]]]}},{"type":"Feature","properties":{},"geometry":{"type":"Polygon","coordinates":[[[-77.739,53.492],[-77.885,53.485],[-78.085,53.443],[-78.122,53.469],[-78.001,53.495],[-77.991,53.508],[-78.015,53.508],[-77.96,53.536],[-77.934,53.511],[-77.908,53.513],[-77.847,53.554],[-77.786,53.552],[-77.819,53.53],[-77.807,53.516],[-77.717,53.525],[-77.727,53.494],[-77.739,53.492]]]}},{"type":"Feature","properties":{},"geometry":{"type":"Polygon","coordinates":[[[-101.397,54.17],[-101.491,54.101],[-101.535,54.125],[-101.558,54.119],[-101.564,54.069],[-101.623,54.059],[-101.618,54.076],[-101.646,54.093],[-101.58,54.139],[-101.582,54.199],[-101.532,54.188],[-101.453,54.196],[-101.393,54.177],[-101.397,54.17]]]}},{"type":"Feature","properties":{},"geometry":{"type":"Polygon","coordinates":[[[-66.794,54.545],[-66.715,54.482],[-66.692,54.487],[-66.621,54.462],[-66.656,54.428],[-66.562,54.293],[-66.532,54.211],[-66.635,54.326],[-66.654,54.388],[-66.699,54.392],[-66.722,54.454],[-66.803,54.488],[-66.833,54.562],[-66.796,54.549],[-66.794,54.545]]]}},{"type":"Feature","properties":{},"geometry":{"type":"Polygon","coordinates":[[[-100.02,58.963],[-100.005,58.983],[-100.075,59.058],[-100.016,59.073],[-99.851,59.045],[-99.727,59.085],[-99.783,59.034],[-99.884,59.021],[-99.946,58.962],[-100.004,58.947],[-100.021,58.96],[-100.02,58.963]]]}},{"type":"Feature","properties":{},"geometry":{"type":"Polygon","coordinates":[[[-72.178,45.254],[-72.247,45.167],[-72.268,45.112],[-72.26,45.066],[-72.226,45.093],[-72.232,45.042],[-72.196,44.99],[-72.214,44.966],[-72.213,44.914],[-72.298,45.068],[-72.306,45.178],[-72.274,45.164],[-72.204,45.266],[-72.172,45.275],[-72.181,45.25],[-72.178,45.254]]]}},{"type":"Feature","properties":{},"geometry":{"type":"Polygon","coordinates":[[[-68.934,45.778],[-68.842,45.737],[-68.845,45.709],[-68.876,45.691],[-68.781,45.653],[-68.826,45.62],[-68.896,45.63],[-68.864,45.659],[-68.93,45.69],[-68.919,45.636],[-68.94,45.643],[-68.986,45.687],[-68.964,45.694],[-68.974,45.708],[-69.017,45.725],[-69.015,45.736],[-68.963,45.739],[-68.915,45.719],[-68.888,45.724],[-68.887,45.74],[-68.951,45.754],[-68.991,45.784],[-68.931,45.798],[-68.931,45.782],[-68.934,45.778]]]}},{"type":"Feature","properties":{},"geometry":{"type":"Polygon","coordinates":[[[-70.776,44.988],[-70.775,44.936],[-70.799,44.906],[-70.74,44.884],[-70.726,44.862],[-70.752,44.856],[-70.844,44.881],[-70.857,44.826],[-70.886,44.802],[-70.83,44.756],[-70.888,44.776],[-70.918,44.764],[-70.942,44.778],[-70.867,44.856],[-70.919,44.909],[-70.862,44.893],[-70.833,44.907],[-70.843,44.947],[-70.812,44.978],[-70.846,45.019],[-70.776,44.989],[-70.776,44.988]]]}},{"type":"Feature","properties":{},"geometry":{"type":"Polygon","coordinates":[[[-91.416,51.133],[-91.429,51.106],[-91.392,51.077],[-91.405,51.058],[-91.473,51.065],[-91.5,51.086],[-91.571,51.079],[-91.572,51.116],[-91.66,51.153],[-91.457,51.166],[-91.415,51.137],[-91.416,51.133]]]}},{"type":"Feature","properties":{},"geometry":{"type":"Polygon","coordinates":[[[-65.896,54.046],[-65.822,53.981],[-65.829,53.961],[-65.765,53.861],[-65.637,53.796],[-65.772,53.843],[-65.872,53.97],[-65.9,53.963],[-65.885,53.929],[-66.007,54.016],[-65.98,54.03],[-65.916,54.006],[-65.974,54.048],[-65.907,54.052],[-65.896,54.046]]]}},{"type":"Feature","properties":{},"geometry":{"type":"Polygon","coordinates":[[[-76.31,58.512],[-76.263,58.508],[-76.257,58.479],[-76.199,58.488],[-76.222,58.449],[-76.17,58.434],[-76.223,58.414],[-76.188,58.392],[-76.209,58.36],[-76.133,58.351],[-76.183,58.275],[-76.247,58.304],[-76.193,58.333],[-76.251,58.346],[-76.287,58.338],[-76.302,58.35],[-76.305,58.364],[-76.262,58.375],[-76.272,58.412],[-76.297,58.416],[-76.305,58.404],[-76.386,58.424],[-76.254,58.439],[-76.283,58.48],[-76.354,58.506],[-76.328,58.513],[-76.31,58.512]]]}},{"type":"Feature","properties":{},"geometry":{"type":"Polygon","coordinates":[[[-96.529,54.511],[-96.622,54.49],[-96.62,54.465],[-96.643,54.459],[-96.746,54.466],[-96.792,54.513],[-96.737,54.549],[-96.644,54.557],[-96.555,54.527],[-96.489,54.527],[-96.521,54.513],[-96.529,54.511]]]}},{"type":"Feature","properties":{},"geometry":{"type":"Polygon","coordinates":[[[-70.473,43.893],[-70.464,43.858],[-70.497,43.795],[-70.524,43.78],[-70.553,43.829],[-70.618,43.86],[-70.627,43.883],[-70.604,43.93],[-70.522,43.913],[-70.529,43.879],[-70.5,43.857],[-70.504,43.893],[-70.473,43.899],[-70.473,43.893]]]}},{"type":"Feature","properties":{},"geometry":{"type":"Polygon","coordinates":[[[-87.257,50.573],[-87.38,50.508],[-87.352,50.493],[-87.366,50.481],[-87.44,50.476],[-87.427,50.503],[-87.459,50.535],[-87.506,50.519],[-87.607,50.52],[-87.562,50.538],[-87.554,50.559],[-87.512,50.555],[-87.433,50.576],[-87.363,50.63],[-87.431,50.527],[-87.324,50.554],[-87.216,50.606],[-87.257,50.576],[-87.257,50.573]]]}},{"type":"Feature","properties":{},"geometry":{"type":"Polygon","coordinates":[[[-68.828,57.077],[-68.802,57.011],[-68.834,57.042],[-68.844,56.977],[-68.894,56.947],[-68.872,56.915],[-68.9,56.848],[-68.997,56.986],[-68.943,57.013],[-68.922,56.985],[-68.833,57.084],[-68.828,57.077]]]}},{"type":"Feature","properties":{},"geometry":{"type":"Polygon","coordinates":[[[-102.515,58.799],[-102.47,58.828],[-102.418,58.827],[-102.277,58.889],[-102.158,58.92],[-102.179,58.896],[-102.264,58.866],[-102.277,58.832],[-102.369,58.766],[-102.372,58.79],[-102.396,58.793],[-102.508,58.743],[-102.516,58.779],[-102.561,58.784],[-102.519,58.797],[-102.515,58.799]]]}},{"type":"Feature","properties":{},"geometry":{"type":"Polygon","coordinates":[[[-103.27,60.198],[-103.176,60.291],[-103.097,60.257],[-102.996,60.281],[-103.013,60.223],[-103.086,60.198],[-103.113,60.165],[-103.166,60.187],[-103.268,60.192],[-103.27,60.198]]]}},{"type":"Feature","properties":{},"geometry":{"type":"Polygon","coordinates":[[[-99.195,65.62],[-99.181,65.593],[-99.274,65.524],[-99.226,65.499],[-99.137,65.511],[-99.151,65.464],[-99.277,65.427],[-99.289,65.461],[-99.359,65.472],[-99.364,65.502],[-99.303,65.552],[-99.342,65.582],[-99.246,65.628],[-99.205,65.638],[-99.193,65.626],[-99.195,65.62]]]}},{"type":"Feature","properties":{},"geometry":{"type":"Polygon","coordinates":[[[-104.444,62.785],[-104.443,62.863],[-104.293,62.894],[-104.27,62.811],[-104.293,62.783],[-104.265,62.778],[-104.312,62.717],[-104.342,62.745],[-104.413,62.755],[-104.441,62.785],[-104.444,62.785]]]}},{"type":"Feature","properties":{},"geometry":{"type":"Polygon","coordinates":[[[-81.658,28.679],[-81.606,28.671],[-81.561,28.63],[-81.591,28.568],[-81.672,28.568],[-81.646,28.584],[-81.693,28.643],[-81.676,28.673],[-81.656,28.678],[-81.658,28.679]]]}},{"type":"Feature","properties":{},"geometry":{"type":"Polygon","coordinates":[[[-75.652,46.24],[-75.671,46.188],[-75.648,46.141],[-75.661,46.13],[-75.6,46.064],[-75.611,46.05],[-75.629,46.087],[-75.668,46.1],[-75.73,45.917],[-75.782,45.953],[-75.826,45.95],[-75.693,46.04],[-75.707,46.104],[-75.68,46.12],[-75.702,46.173],[-75.648,46.264],[-75.651,46.241],[-75.652,46.24]]]}},{"type":"Feature","properties":{},"geometry":{"type":"Polygon","coordinates":[[[-74.843,49.991],[-74.876,49.958],[-74.822,49.918],[-74.754,49.899],[-74.772,49.866],[-74.845,49.878],[-74.856,49.912],[-74.915,49.9],[-74.936,49.851],[-74.987,49.842],[-74.947,49.919],[-74.994,49.932],[-74.914,49.961],[-74.836,50.024],[-74.838,49.996],[-74.843,49.991]]]}},{"type":"Feature","properties":{},"geometry":{"type":"Polygon","coordinates":[[[-70.504,60.448],[-70.379,60.392],[-70.384,60.352],[-70.24,60.362],[-70.176,60.356],[-70.173,60.346],[-70.483,60.329],[-70.483,60.361],[-70.526,60.358],[-70.553,60.426],[-70.541,60.456],[-70.519,60.455],[-70.504,60.448]]]}},{"type":"Feature","properties":{},"geometry":{"type":"Polygon","coordinates":[[[-90.678,66.778],[-90.659,66.72],[-90.528,66.682],[-90.599,66.579],[-90.631,66.591],[-90.611,66.627],[-90.65,66.649],[-90.618,66.686],[-90.718,66.686],[-90.751,66.777],[-90.87,66.788],[-90.627,66.823],[-90.679,66.78],[-90.678,66.778]]]}},{"type":"Feature","properties":{},"geometry":{"type":"Polygon","coordinates":[[[-73.448,43.813],[-73.473,43.786],[-73.509,43.659],[-73.624,43.567],[-73.636,43.488],[-73.661,43.459],[-73.715,43.44],[-73.64,43.597],[-73.621,43.614],[-73.626,43.596],[-73.611,43.598],[-73.524,43.678],[-73.492,43.801],[-73.439,43.832],[-73.441,43.821],[-73.448,43.813]]]}},{"type":"Feature","properties":{},"geometry":{"type":"Polygon","coordinates":[[[-93.373,51.478],[-93.434,51.454],[-93.469,51.479],[-93.578,51.422],[-93.659,51.434],[-93.674,51.452],[-93.672,51.466],[-93.601,51.501],[-93.533,51.484],[-93.363,51.525],[-93.369,51.5],[-93.332,51.486],[-93.362,51.479],[-93.373,51.478]]]}},{"type":"Feature","properties":{},"geometry":{"type":"Polygon","coordinates":[[[-89.934,16.956],[-89.865,17.014],[-89.756,17.019],[-89.697,16.99],[-89.725,16.972],[-89.763,16.986],[-89.792,16.973],[-89.864,16.977],[-89.91,16.949],[-89.866,16.933],[-89.871,16.924],[-89.971,16.947],[-89.932,16.959],[-89.934,16.956]]]}},{"type":"Feature","properties":{},"geometry":{"type":"Polygon","coordinates":[[[-101.852,41.302],[-101.664,41.259],[-101.637,41.233],[-101.674,41.214],[-101.742,41.222],[-101.924,41.287],[-102.006,41.297],[-101.971,41.31],[-101.863,41.306],[-101.852,41.302]]]}},{"type":"Feature","properties":{},"geometry":{"type":"Polygon","coordinates":[[[-67.097,9.887],[-67.069,9.886],[-67.092,9.871],[-67.088,9.853],[-67.031,9.863],[-67,9.846],[-66.988,9.86],[-66.975,9.838],[-66.959,9.862],[-66.942,9.861],[-66.972,9.811],[-66.944,9.834],[-66.933,9.824],[-66.984,9.778],[-67.02,9.766],[-67.029,9.815],[-67.078,9.808],[-67.057,9.838],[-67.097,9.836],[-67.127,9.861],[-67.1,9.887],[-67.097,9.887]]]}},{"type":"Feature","properties":{},"geometry":{"type":"Polygon","coordinates":[[[-99.618,65.291],[-99.522,65.266],[-99.572,65.226],[-99.57,65.174],[-99.61,65.174],[-99.633,65.225],[-99.726,65.169],[-99.772,65.203],[-99.729,65.231],[-99.769,65.334],[-99.707,65.29],[-99.636,65.296],[-99.618,65.291]]]}},{"type":"Feature","properties":{},"geometry":{"type":"Polygon","coordinates":[[[-92.548,44.598],[-92.493,44.58],[-92.362,44.576],[-92.321,44.556],[-92.267,44.48],[-92.139,44.436],[-92.127,44.419],[-92.257,44.439],[-92.352,44.54],[-92.556,44.576],[-92.591,44.617],[-92.552,44.602],[-92.548,44.598]]]}},{"type":"Feature","properties":{},"geometry":{"type":"Polygon","coordinates":[[[-95.897,54.238],[-95.867,54.284],[-95.783,54.319],[-95.641,54.299],[-95.684,54.279],[-95.739,54.214],[-95.786,54.242],[-95.867,54.22],[-95.893,54.232],[-95.897,54.238]]]}},{"type":"Feature","properties":{},"geometry":{"type":"Polygon","coordinates":[[[-102.783,65.027],[-102.774,65.014],[-102.819,64.997],[-102.893,65.024],[-102.941,64.986],[-102.999,64.996],[-103.148,64.971],[-103.23,64.976],[-103.202,65.011],[-103.156,65.007],[-103.164,65.033],[-103.097,65.052],[-103.028,65.053],[-102.938,65.032],[-102.878,65.046],[-102.782,65.033],[-102.783,65.027]]]}},{"type":"Feature","properties":{},"geometry":{"type":"Polygon","coordinates":[[[-85.564,48.819],[-85.55,48.802],[-85.615,48.77],[-85.62,48.714],[-85.599,48.688],[-85.657,48.678],[-85.71,48.644],[-85.705,48.674],[-85.644,48.735],[-85.651,48.78],[-85.689,48.81],[-85.666,48.882],[-85.65,48.876],[-85.653,48.817],[-85.637,48.836],[-85.608,48.831],[-85.599,48.861],[-85.566,48.847],[-85.575,48.824],[-85.564,48.819]]]}},{"type":"Feature","properties":{},"geometry":{"type":"Polygon","coordinates":[[[-78.038,44.267],[-78.106,44.196],[-78.142,44.191],[-78.176,44.156],[-78.32,44.106],[-78.302,44.143],[-78.265,44.164],[-78.241,44.158],[-78.184,44.204],[-78.151,44.211],[-78.09,44.274],[-78.022,44.288],[-78.031,44.273],[-78.038,44.267]]]}},{"type":"Feature","properties":{},"geometry":{"type":"Polygon","coordinates":[[[-97.831,61.98],[-97.749,62.008],[-97.772,62.038],[-97.685,62.037],[-97.632,62.052],[-97.535,61.997],[-97.606,61.964],[-97.703,61.963],[-97.755,61.947],[-97.866,61.952],[-97.842,61.977],[-97.831,61.98]]]}},{"type":"Feature","properties":{},"geometry":{"type":"Polygon","coordinates":[[[-15.178,16.912],[-15.327,16.824],[-15.378,16.812],[-15.452,16.749],[-15.414,16.814],[-15.299,16.893],[-15.206,16.922],[-15.173,16.918],[-15.178,16.912]]]}},{"type":"Feature","properties":{},"geometry":{"type":"Polygon","coordinates":[[[-81.254,27.432],[-81.225,27.37],[-81.295,27.298],[-81.311,27.317],[-81.314,27.378],[-81.341,27.384],[-81.336,27.416],[-81.278,27.444],[-81.259,27.434],[-81.254,27.432]]]}},{"type":"Feature","properties":{},"geometry":{"type":"Polygon","coordinates":[[[-102.898,62.945],[-102.769,63.081],[-102.674,63.044],[-102.676,63.029],[-102.732,63.013],[-102.668,62.975],[-102.77,62.964],[-102.867,62.907],[-102.896,62.909],[-102.905,62.941],[-102.898,62.945]]]}},{"type":"Feature","properties":{},"geometry":{"type":"Polygon","coordinates":[[[-95.612,53.717],[-95.786,53.644],[-95.867,53.643],[-95.829,53.682],[-95.85,53.703],[-95.822,53.716],[-95.772,53.71],[-95.728,53.735],[-95.612,53.757],[-95.605,53.722],[-95.612,53.717]]]}},{"type":"Feature","properties":{},"geometry":{"type":"Polygon","coordinates":[[[-89.767,53.124],[-89.78,53.082],[-89.754,53.068],[-89.752,53.034],[-89.686,53.038],[-89.662,53.014],[-89.75,52.992],[-89.866,53.058],[-89.862,53.092],[-89.886,53.104],[-89.814,53.148],[-89.765,53.127],[-89.767,53.124]]]}},{"type":"Feature","properties":{},"geometry":{"type":"Polygon","coordinates":[[[-67.868,66.205],[-67.969,66.217],[-67.977,66.27],[-68.015,66.289],[-68.059,66.284],[-68.233,66.372],[-68.096,66.342],[-67.904,66.335],[-67.897,66.262],[-67.815,66.214],[-67.855,66.206],[-67.868,66.205]]]}},{"type":"Feature","properties":{},"geometry":{"type":"Polygon","coordinates":[[[-96.12,53.551],[-96.253,53.526],[-96.291,53.503],[-96.384,53.503],[-96.405,53.526],[-96.345,53.565],[-96.245,53.571],[-96.201,53.592],[-96.112,53.554],[-96.12,53.551]]]}},{"type":"Feature","properties":{},"geometry":{"type":"Polygon","coordinates":[[[-92.767,52.553],[-92.809,52.518],[-92.87,52.508],[-92.86,52.488],[-92.884,52.472],[-93.068,52.511],[-93.065,52.535],[-93.011,52.529],[-92.837,52.555],[-92.783,52.577],[-92.763,52.555],[-92.767,52.553]]]}},{"type":"Feature","properties":{},"geometry":{"type":"Polygon","coordinates":[[[-98.102,57.068],[-98.174,57.022],[-98.135,56.978],[-98.144,56.925],[-98.175,56.915],[-98.227,56.954],[-98.264,57.034],[-98.209,57.074],[-98.138,57.095],[-98.098,57.074],[-98.102,57.068]]]}},{"type":"Feature","properties":{},"geometry":{"type":"Polygon","coordinates":[[[-92.751,48.831],[-92.781,48.838],[-92.8,48.811],[-92.922,48.771],[-92.978,48.703],[-93.006,48.71],[-93.018,48.758],[-92.96,48.776],[-93.094,48.761],[-93.078,48.778],[-92.931,48.811],[-92.884,48.839],[-92.864,48.827],[-92.917,48.795],[-92.861,48.802],[-92.849,48.828],[-92.814,48.833],[-92.795,48.859],[-92.751,48.859],[-92.746,48.838],[-92.751,48.831]]]}},{"type":"Feature","properties":{},"geometry":{"type":"Polygon","coordinates":[[[-65.622,54.419],[-65.649,54.38],[-65.612,54.331],[-65.644,54.303],[-65.571,54.319],[-65.549,54.375],[-65.536,54.352],[-65.541,54.306],[-65.587,54.275],[-65.598,54.203],[-65.71,54.359],[-65.636,54.434],[-65.626,54.427],[-65.622,54.419]]]}},{"type":"Feature","properties":{},"geometry":{"type":"Polygon","coordinates":[[[-78.129,49.985],[-78.032,49.943],[-78.056,49.912],[-78.149,49.902],[-78.243,49.952],[-78.199,49.987],[-78.148,49.988],[-78.129,49.985]]]}},{"type":"Feature","properties":{},"geometry":{"type":"Polygon","coordinates":[[[-63.569,54.455],[-63.476,54.398],[-63.432,54.409],[-63.443,54.383],[-63.503,54.39],[-63.562,54.424],[-63.616,54.418],[-63.591,54.391],[-63.546,54.382],[-63.584,54.363],[-63.64,54.379],[-63.715,54.363],[-63.767,54.376],[-63.739,54.41],[-63.65,54.453],[-63.602,54.447],[-63.586,54.466],[-63.57,54.462],[-63.569,54.455]]]}},{"type":"Feature","properties":{},"geometry":{"type":"Polygon","coordinates":[[[-95.922,65.409],[-95.885,65.269],[-95.798,65.23],[-95.806,65.201],[-95.932,65.244],[-96.051,65.226],[-96.084,65.25],[-95.949,65.307],[-95.972,65.406],[-95.939,65.433],[-95.931,65.419],[-95.922,65.409]]]}},{"type":"Feature","properties":{},"geometry":{"type":"Polygon","coordinates":[[[-71.948,65.452],[-72.071,65.488],[-71.999,65.539],[-72.013,65.564],[-71.895,65.621],[-71.898,65.568],[-71.87,65.552],[-71.899,65.529],[-71.862,65.5],[-71.879,65.465],[-71.941,65.451],[-71.948,65.452]]]}},{"type":"Feature","properties":{},"geometry":{"type":"Polygon","coordinates":[[[-95.375,51.977],[-95.412,51.899],[-95.398,51.837],[-95.471,51.873],[-95.491,51.865],[-95.464,51.839],[-95.477,51.826],[-95.551,51.841],[-95.56,51.864],[-95.452,51.929],[-95.456,51.973],[-95.429,51.965],[-95.396,51.989],[-95.374,51.98],[-95.375,51.977]]]}},{"type":"Feature","properties":{},"geometry":{"type":"Polygon","coordinates":[[[-101.543,35.707],[-101.599,35.679],[-101.663,35.596],[-101.72,35.569],[-101.754,35.495],[-101.822,35.483],[-101.762,35.514],[-101.722,35.614],[-101.672,35.631],[-101.65,35.679],[-101.615,35.689],[-101.629,35.718],[-101.595,35.711],[-101.575,35.739],[-101.523,35.72],[-101.537,35.711],[-101.543,35.707]]]}},{"type":"Feature","properties":{},"geometry":{"type":"Polygon","coordinates":[[[-76.646,51.324],[-76.807,51.288],[-76.936,51.321],[-77.024,51.321],[-77.004,51.343],[-76.92,51.333],[-76.905,51.35],[-76.864,51.356],[-76.873,51.401],[-76.817,51.419],[-76.809,51.385],[-76.844,51.365],[-76.846,51.318],[-76.612,51.345],[-76.64,51.326],[-76.646,51.324]]]}},{"type":"Feature","properties":{},"geometry":{"type":"Polygon","coordinates":[[[-90.767,53.412],[-90.772,53.392],[-90.82,53.368],[-90.826,53.34],[-90.894,53.351],[-90.887,53.376],[-90.942,53.403],[-90.966,53.474],[-90.936,53.494],[-90.874,53.43],[-90.768,53.418],[-90.767,53.412]]]}},{"type":"Feature","properties":{},"geometry":{"type":"Polygon","coordinates":[[[-67.46,6.198],[-67.439,6.248],[-67.392,6.255],[-67.359,6.291],[-67.334,6.29],[-67.287,6.389],[-67.199,6.419],[-67.16,6.463],[-67.166,6.523],[-67.134,6.596],[-67.125,6.708],[-67.06,6.78],[-67.049,6.825],[-67.051,6.914],[-67.087,7.022],[-67.118,7.021],[-67.127,7.039],[-67.114,7.135],[-67.099,7.148],[-67.085,7.141],[-67.066,7.171],[-67.03,7.161],[-66.982,7.209],[-66.914,7.194],[-66.86,7.259],[-66.823,7.277],[-66.661,7.333],[-66.617,7.328],[-66.581,7.424],[-66.525,7.45],[-66.519,7.493],[-66.474,7.581],[-66.422,7.626],[-66.341,7.668],[-66.281,7.667],[-66.241,7.644],[-66.166,7.691],[-66.109,7.709],[-66.029,7.698],[-65.911,7.708],[-65.847,7.755],[-65.742,7.871],[-65.667,7.911],[-65.552,7.931],[-65.436,7.873],[-65.317,7.901],[-65.257,7.87],[-65.132,7.858],[-65.087,7.827],[-65.028,7.815],[-64.942,7.715],[-64.857,7.68],[-64.82,7.681],[-64.742,7.711],[-64.662,7.778],[-64.537,7.773],[-64.516,7.785],[-64.487,7.818],[-64.586,7.866],[-64.59,7.938],[-64.578,7.982],[-64.484,8.032],[-64.446,8.03],[-64.422,8.005],[-64.387,8.001],[-64.309,8.09],[-64.223,8.097],[-64.2,8.085],[-64.138,8.003],[-64.074,7.995],[-64.035,7.965],[-63.996,7.967],[-63.922,8.008],[-63.879,8.084],[-63.811,8.155],[-63.741,8.15],[-63.67,8.181],[-63.589,8.156],[-63.481,8.169],[-63.382,8.235],[-63.289,8.262],[-63.248,8.312],[-63.165,8.332],[-63.067,8.321],[-62.974,8.33],[-62.927,8.274],[-62.909,8.271],[-62.831,8.323],[-62.773,8.411],[-62.757,8.416],[-62.719,8.391],[-62.663,8.403],[-62.553,8.521],[-62.516,8.518],[-62.46,8.551],[-62.409,8.532],[-62.303,8.616],[-62.256,8.595],[-62.232,8.66],[-62.191,8.702],[-62.074,8.77],[-62.062,8.815],[-62.008,8.879],[-62.013,8.888],[-62.058,8.87],[-62.096,8.962],[-62.071,9.056],[-62.095,9.064],[-62.134,9.049],[-62.15,9.061],[-62.155,9.093],[-62.182,9.064],[-62.22,9.057],[-62.277,9.124],[-62.338,9.131],[-62.337,9.159],[-62.316,9.187],[-62.318,9.228],[-62.337,9.25],[-62.354,9.313],[-62.339,9.359],[-62.364,9.383],[-62.376,9.366],[-62.381,9.388],[-62.412,9.405],[-62.412,9.47],[-62.446,9.486],[-62.457,9.521],[-62.445,9.588],[-62.372,9.681],[-62.372,9.746],[-62.36,9.721],[-62.332,9.73],[-62.319,9.706],[-62.338,9.669],[-62.332,9.641],[-62.429,9.55],[-62.424,9.502],[-62.387,9.476],[-62.388,9.41],[-62.317,9.369],[-62.327,9.318],[-62.315,9.303],[-62.227,9.309],[-62.227,9.27],[-62.175,9.187],[-62.139,9.147],[-62.096,9.133],[-62.081,9.086],[-62.045,9.06],[-62.039,9.039],[-62.071,8.965],[-62.043,8.897],[-62.008,8.908],[-61.985,8.896],[-61.994,8.851],[-62.03,8.832],[-62.048,8.802],[-62.062,8.747],[-62.109,8.712],[-62.036,8.673],[-61.998,8.681],[-61.959,8.651],[-61.889,8.644],[-61.858,8.626],[-61.803,8.637],[-61.649,8.625],[-61.661,8.589],[-61.805,8.594],[-61.895,8.526],[-62.032,8.536],[-62.062,8.587],[-62.123,8.582],[-62.164,8.561],[-62.251,8.584],[-62.281,8.559],[-62.344,8.555],[-62.444,8.497],[-62.506,8.496],[-62.546,8.461],[-62.593,8.447],[-62.66,8.374],[-62.736,8.334],[-62.79,8.332],[-62.895,8.258],[-62.948,8.258],[-63.053,8.302],[-63.155,8.31],[-63.269,8.261],[-63.316,8.196],[-63.392,8.196],[-63.463,8.144],[-63.532,8.147],[-63.806,8.103],[-63.846,8.074],[-63.873,7.983],[-63.958,7.931],[-64.078,7.959],[-64.11,7.951],[-64.168,7.981],[-64.232,8.042],[-64.274,8.054],[-64.299,7.996],[-64.336,8.016],[-64.386,7.971],[-64.464,7.991],[-64.492,7.977],[-64.485,7.874],[-64.451,7.819],[-64.527,7.745],[-64.627,7.744],[-64.845,7.641],[-64.902,7.652],[-64.946,7.678],[-65.043,7.794],[-65.136,7.822],[-65.202,7.816],[-65.25,7.845],[-65.469,7.843],[-65.517,7.871],[-65.584,7.883],[-65.613,7.871],[-65.661,7.878],[-65.707,7.854],[-65.806,7.745],[-65.914,7.667],[-65.999,7.651],[-66.148,7.671],[-66.168,7.664],[-66.178,7.634],[-66.229,7.616],[-66.285,7.644],[-66.319,7.64],[-66.341,7.606],[-66.392,7.589],[-66.426,7.553],[-66.487,7.469],[-66.527,7.348],[-66.547,7.326],[-66.617,7.3],[-66.647,7.268],[-66.767,7.246],[-66.802,7.211],[-66.864,7.191],[-66.897,7.155],[-66.961,7.144],[-66.991,7.111],[-67,7.072],[-67.059,7.042],[-67.066,7.011],[-67.018,6.956],[-67.005,6.902],[-67.022,6.849],[-67.025,6.754],[-67.115,6.593],[-67.115,6.466],[-67.203,6.383],[-67.246,6.364],[-67.366,6.224],[-67.415,6.225],[-67.454,6.193],[-67.46,6.198]]]}},{"type":"Feature","properties":{},"geometry":{"type":"Polygon","coordinates":[[[-71.299,46.742],[-71.587,46.673],[-71.684,46.633],[-71.766,46.628],[-71.843,46.668],[-71.865,46.666],[-71.995,46.574],[-72.109,46.558],[-72.196,46.516],[-72.235,46.446],[-72.275,46.414],[-72.394,46.395],[-72.479,46.362],[-72.631,46.258],[-72.671,46.201],[-72.793,46.153],[-72.91,46.131],[-72.923,46.103],[-72.907,46.077],[-72.95,46.091],[-73.149,46.053],[-73.202,45.971],[-73.223,45.885],[-73.438,45.721],[-73.451,45.613],[-73.523,45.534],[-73.496,45.456],[-73.519,45.421],[-73.726,45.418],[-73.81,45.355],[-73.899,45.329],[-74.003,45.238],[-74.07,45.223],[-74.151,45.234],[-74.195,45.201],[-74.337,45.173],[-74.402,45.135],[-74.469,45.058],[-74.689,44.991],[-74.85,44.992],[-74.874,44.972],[-74.977,44.956],[-75.018,44.925],[-75.12,44.907],[-75.285,44.85],[-75.386,44.762],[-75.459,44.736],[-75.64,44.609],[-75.779,44.488],[-75.811,44.503],[-75.794,44.519],[-75.439,44.776],[-75.137,44.929],[-75.042,44.955],[-75.015,44.991],[-74.857,45.037],[-74.744,45.019],[-74.582,45.062],[-74.516,45.098],[-74.466,45.165],[-74.381,45.186],[-74.35,45.215],[-74.209,45.264],[-74.16,45.313],[-74.028,45.325],[-73.966,45.347],[-74.019,45.418],[-74.016,45.444],[-74.048,45.436],[-74.072,45.455],[-74.254,45.5],[-74.316,45.5],[-74.388,45.561],[-74.576,45.599],[-74.64,45.63],[-74.77,45.617],[-74.803,45.631],[-74.922,45.634],[-75.085,45.568],[-75.237,45.573],[-75.324,45.534],[-75.442,45.515],[-75.679,45.444],[-75.836,45.364],[-75.918,45.379],[-75.917,45.401],[-75.989,45.467],[-76.093,45.504],[-76.191,45.509],[-76.22,45.478],[-76.285,45.451],[-76.36,45.456],[-76.492,45.516],[-76.678,45.574],[-76.686,45.631],[-76.719,45.663],[-76.713,45.704],[-76.803,45.763],[-76.788,45.83],[-76.825,45.865],[-76.867,45.882],[-76.912,45.879],[-76.903,45.789],[-76.975,45.779],[-77.052,45.792],[-77.09,45.821],[-77.21,45.864],[-77.296,45.925],[-77.321,45.97],[-77.447,46.037],[-77.297,45.987],[-77.315,46.015],[-77.584,46.155],[-77.69,46.186],[-77.559,46.166],[-77.333,46.054],[-77.272,46.011],[-77.249,45.936],[-77.026,45.912],[-76.952,45.918],[-76.799,45.881],[-76.755,45.837],[-76.761,45.763],[-76.701,45.725],[-76.687,45.659],[-76.626,45.572],[-76.405,45.512],[-76.353,45.471],[-76.291,45.483],[-76.209,45.528],[-76.077,45.526],[-75.831,45.391],[-75.694,45.467],[-75.531,45.501],[-75.451,45.539],[-75.254,45.588],[-75.117,45.595],[-74.961,45.647],[-74.713,45.639],[-74.65,45.649],[-74.558,45.604],[-74.488,45.603],[-74.372,45.566],[-74.309,45.524],[-74.181,45.528],[-74.128,45.481],[-74.042,45.478],[-73.898,45.535],[-73.878,45.581],[-73.727,45.695],[-73.519,45.719],[-73.44,45.748],[-73.264,45.902],[-73.186,46.009],[-73.174,46.099],[-73.091,46.158],[-72.993,46.173],[-72.991,46.204],[-72.797,46.271],[-72.63,46.286],[-72.445,46.408],[-72.274,46.454],[-72.214,46.553],[-72.022,46.602],[-71.874,46.691],[-71.789,46.67],[-71.696,46.67],[-71.629,46.696],[-71.466,46.731],[-71.358,46.735],[-71.303,46.756],[-71.299,46.742]]]}},{"type":"Feature","properties":{},"geometry":{"type":"Polygon","coordinates":[[[-12.777,15.148],[-12.791,15.157],[-12.8,15.209],[-12.852,15.205],[-12.894,15.247],[-12.897,15.273],[-12.854,15.272],[-12.85,15.298],[-12.941,15.361],[-12.944,15.435],[-12.961,15.446],[-12.966,15.497],[-13.076,15.477],[-13.111,15.513],[-13.102,15.576],[-13.18,15.623],[-13.224,15.612],[-13.242,15.622],[-13.257,15.674],[-13.224,15.697],[-13.292,15.76],[-13.295,15.784],[-13.281,15.798],[-13.308,15.827],[-13.314,15.878],[-13.334,15.893],[-13.333,15.93],[-13.376,15.957],[-13.404,16.049],[-13.457,16.072],[-13.468,16.098],[-13.493,16.067],[-13.51,16.071],[-13.522,16.106],[-13.492,16.139],[-13.528,16.123],[-13.577,16.128],[-13.674,16.089],[-13.721,16.126],[-13.715,16.171],[-13.762,16.139],[-13.852,16.11],[-13.877,16.149],[-13.879,16.196],[-13.975,16.228],[-13.969,16.267],[-13.994,16.297],[-13.975,16.328],[-14.036,16.351],[-14.051,16.378],[-14.112,16.416],[-14.153,16.468],[-14.218,16.515],[-14.226,16.541],[-14.247,16.542],[-14.267,16.522],[-14.287,16.544],[-14.287,16.576],[-14.34,16.569],[-14.349,16.634],[-14.428,16.645],[-14.507,16.618],[-14.556,16.631],[-14.571,16.618],[-14.65,16.616],[-14.658,16.639],[-14.723,16.631],[-14.739,16.613],[-14.768,16.64],[-14.799,16.621],[-14.821,16.641],[-14.873,16.628],[-14.888,16.647],[-14.917,16.627],[-14.927,16.638],[-14.947,16.63],[-14.972,16.688],[-14.995,16.675],[-15.012,16.639],[-15.049,16.621],[-15.087,16.667],[-15.103,16.663],[-15.106,16.638],[-15.077,16.617],[-15.11,16.58],[-15.154,16.581],[-15.237,16.549],[-15.315,16.565],[-15.402,16.532],[-15.463,16.572],[-15.494,16.56],[-15.501,16.527],[-15.524,16.513],[-15.618,16.516],[-15.628,16.491],[-15.681,16.472],[-15.81,16.496],[-15.854,16.485],[-15.895,16.508],[-15.968,16.479],[-16.006,16.489],[-16.054,16.47],[-16.129,16.548],[-16.183,16.509],[-16.213,16.503],[-16.255,16.516],[-16.289,16.506],[-16.315,16.456],[-16.32,16.403],[-16.34,16.387],[-16.349,16.295],[-16.377,16.222],[-16.397,16.201],[-16.456,16.181],[-16.467,16.151],[-16.459,16.09],[-16.496,16.054],[-16.479,16.102],[-16.487,16.189],[-16.503,16.218],[-16.495,16.225],[-16.474,16.196],[-16.447,16.223],[-16.416,16.215],[-16.393,16.228],[-16.358,16.387],[-16.336,16.413],[-16.334,16.458],[-16.304,16.517],[-16.261,16.532],[-16.211,16.521],[-16.15,16.56],[-16.103,16.552],[-16.087,16.519],[-16.048,16.489],[-16,16.505],[-15.962,16.496],[-15.893,16.521],[-15.849,16.502],[-15.817,16.513],[-15.691,16.486],[-15.644,16.498],[-15.621,16.531],[-15.546,16.522],[-15.526,16.538],[-15.522,16.566],[-15.456,16.594],[-15.412,16.555],[-15.315,16.581],[-15.246,16.568],[-15.169,16.593],[-15.118,16.589],[-15.099,16.612],[-15.126,16.64],[-15.115,16.668],[-15.082,16.677],[-15.043,16.639],[-15.017,16.649],[-14.99,16.698],[-14.958,16.688],[-14.944,16.652],[-14.918,16.658],[-14.906,16.642],[-14.89,16.668],[-14.856,16.647],[-14.822,16.663],[-14.79,16.646],[-14.764,16.66],[-14.745,16.637],[-14.635,16.654],[-14.619,16.634],[-14.557,16.651],[-14.525,16.634],[-14.476,16.636],[-14.428,16.666],[-14.397,16.648],[-14.341,16.643],[-14.325,16.617],[-14.331,16.581],[-14.271,16.593],[-14.267,16.542],[-14.242,16.557],[-14.206,16.544],[-14.03,16.366],[-13.999,16.367],[-13.953,16.328],[-13.955,16.312],[-13.979,16.3],[-13.958,16.278],[-13.969,16.248],[-13.869,16.2],[-13.851,16.12],[-13.717,16.196],[-13.692,16.186],[-13.706,16.138],[-13.674,16.106],[-13.6,16.14],[-13.532,16.137],[-13.485,16.153],[-13.48,16.136],[-13.511,16.111],[-13.507,16.093],[-13.469,16.118],[-13.455,16.096],[-13.399,16.068],[-13.37,15.984],[-13.318,15.93],[-13.292,15.831],[-13.263,15.796],[-13.279,15.771],[-13.216,15.706],[-13.219,15.683],[-13.243,15.676],[-13.237,15.636],[-13.226,15.626],[-13.179,15.634],[-13.09,15.59],[-13.082,15.549],[-13.099,15.518],[-13.062,15.484],[-12.983,15.511],[-12.954,15.506],[-12.942,15.457],[-12.921,15.443],[-12.936,15.41],[-12.929,15.377],[-12.86,15.338],[-12.832,15.302],[-12.842,15.259],[-12.886,15.256],[-12.844,15.214],[-12.783,15.216],[-12.783,15.154],[-12.777,15.148]]]}}]}