{"type":"FeatureCollection","features":[{"type":"Feature","properties":{},"geometry":{"type":"Polygon","coordinates":[[[-180,68.994],[-179.628,68.896],[-179.442,68.934],[-178.873,68.764],[-178.461,68.583],[-178.802,68.729],[-178.711,68.676],[-178.718,68.544],[-178.373,68.413],[-177.657,68.316],[-177.552,68.212],[-177.3,68.235],[-177.113,68.172],[-177.229,68.194],[-177.165,68.07],[-177.009,68.137],[-177.113,68.166],[-177.012,68.146],[-176.759,67.99],[-176.968,67.979],[-176.907,67.941],[-176.162,67.894],[-176.528,68],[-175.257,67.659],[-175.306,67.633],[-175.236,67.555],[-174.739,67.299],[-174.73,67.243],[-174.76,67.307],[-174.866,67.278],[-174.911,67.083],[-174.699,66.917],[-174.764,66.896],[-174.699,66.728],[-174.977,66.687],[-174.866,66.622],[-174.909,66.588],[-174.439,66.529],[-174.388,66.462],[-174.478,66.402],[-174.403,66.294],[-174.151,66.423],[-174.217,66.468],[-173.975,66.46],[-173.931,66.336],[-174.068,66.249],[-173.945,66.145],[-173.983,66.232],[-173.836,66.358],[-173.833,66.478],[-174.225,66.571],[-174.269,66.498],[-174.271,66.567],[-173.923,66.678],[-174.006,66.981],[-174.626,67.052],[-173.63,67.117],[-171.667,66.945],[-171.666,66.85],[-171.344,66.761],[-171.364,66.676],[-171.102,66.558],[-170.223,66.289],[-170.107,66.18],[-169.737,66.156],[-169.641,66.085],[-169.72,66.004],[-169.963,66.046],[-170.413,65.953],[-170.569,65.853],[-170.478,65.81],[-170.499,65.653],[-170.672,65.596],[-171.443,65.832],[-171.229,65.654],[-170.989,65.593],[-171.05,65.467],[-171.273,65.53],[-172.073,65.479],[-171.701,65.514],[-172.272,65.552],[-172.448,65.709],[-173.009,65.702],[-172.53,65.62],[-172.278,65.415],[-172.086,65.487],[-172.253,65.222],[-172.119,65.049],[-173.211,64.757],[-172.913,64.839],[-172.751,64.768],[-173.079,64.65],[-172.836,64.658],[-172.978,64.571],[-172.788,64.614],[-172.428,64.544],[-172.236,64.403],[-172.607,64.371],[-172.753,64.408],[-172.792,64.511],[-172.975,64.492],[-173.04,64.438],[-172.811,64.436],[-172.923,64.255],[-173.366,64.29],[-173.368,64.371],[-173.143,64.439],[-173.232,64.428],[-173.176,64.532],[-173.325,64.611],[-173.271,64.445],[-173.653,64.321],[-173.986,64.422],[-174.062,64.54],[-174.81,64.784],[-175.435,64.764],[-175.329,64.835],[-175.899,65],[-175.739,65.142],[-176.033,65.396],[-175.915,65.335],[-175.911,65.417],[-176.032,65.458],[-177.002,65.601],[-177.425,65.468],[-178.445,65.467],[-178.548,65.511],[-178.426,65.723],[-178.631,65.75],[-178.883,65.909],[-178.826,65.948],[-178.926,66.038],[-178.752,65.98],[-178.501,66.117],[-178.439,66.279],[-178.507,66.376],[-178.728,66.185],[-178.888,66.151],[-179.111,66.247],[-179.048,66.266],[-179.062,66.367],[-179.162,66.264],[-179.382,66.321],[-179.198,66.192],[-179.363,66.115],[-179.678,66.168],[-179.796,65.93],[-179.651,65.754],[-179.274,65.633],[-179.339,65.574],[-179.276,65.527],[-179.486,65.409],[-179.533,65.239],[-179.672,65.134],[-180,65.033],[-180,68.994]]]}},{"type":"Feature","properties":{},"geometry":{"type":"Polygon","coordinates":[[[180,65.033],[179.525,64.795],[179.128,64.754],[178.545,64.56],[178.851,64.658],[177.703,64.689],[177.404,64.815],[177.539,64.845],[177.522,64.926],[177.273,64.917],[177.264,64.834],[177.342,64.808],[177.073,64.753],[176.685,64.854],[176.45,64.794],[176.058,64.938],[175.728,64.75],[175.143,64.722],[175.845,64.761],[176.057,64.899],[176.222,64.88],[176.439,64.683],[176.183,64.608],[176.072,64.447],[176.239,64.606],[176.482,64.668],[176.758,64.534],[177.352,64.753],[177.534,64.732],[177.409,64.514],[177.498,64.397],[177.837,64.236],[178.215,64.186],[178.117,64.227],[178.331,64.326],[178.234,64.433],[178.649,64.025],[178.528,64.061],[178.209,63.947],[178.445,64.003],[178.697,63.928],[178.655,64.013],[178.757,63.816],[178.797,63.606],[178.64,63.672],[178.767,63.58],[178.592,63.635],[178.509,63.58],[178.797,63.5],[178.636,63.483],[178.78,63.4],[178.619,63.405],[178.894,63.414],[178.802,63.596],[179.056,63.282],[178.912,63.391],[178.836,63.349],[179.448,63.12],[179.462,63.057],[179.329,63.052],[179.276,62.957],[179.559,62.84],[179.623,62.727],[179.598,62.625],[179.414,62.498],[179.137,62.456],[179.148,62.285],[178.078,62.531],[177.115,62.546],[175.285,62.052],[175.434,62.121],[175.262,62.123],[175.294,62.063],[175.212,62.01],[174.77,61.895],[174.849,61.934],[174.63,61.976],[174.763,61.893],[174.585,61.82],[174.138,61.777],[174.232,61.807],[174.05,61.843],[174.033,61.778],[174.136,61.775],[173.837,61.645],[173.532,61.75],[173.509,61.555],[173.37,61.541],[173.272,61.432],[173.068,61.383],[172.907,61.464],[172.732,61.403],[172.946,61.338],[172.937,61.267],[172.787,61.284],[172.652,61.166],[172.341,61.208],[172.444,61.13],[172.246,61.134],[172.473,61.074],[172.42,61.011],[172.031,61.088],[172.216,60.973],[172.07,60.835],[172.005,60.887],[171.708,60.835],[171.634,60.718],[171.393,60.613],[170.798,60.516],[170.869,60.484],[170.735,60.4],[170.549,60.427],[170.666,60.375],[170.494,60.356],[170.696,60.312],[170.519,60.252],[170.432,59.972],[170.31,59.927],[169.956,60.074],[169.872,60.217],[169.998,60.235],[169.792,60.261],[169.749,60.386],[169.591,60.443],[169.681,60.449],[169.278,60.535],[169.402,60.556],[169.253,60.613],[169.227,60.554],[169.032,60.572],[169.218,60.545],[168.483,60.595],[167.795,60.538],[167.793,60.472],[167.573,60.425],[167.362,60.455],[167.397,60.386],[167.22,60.335],[167.059,60.41],[167.076,60.303],[166.791,60.224],[166.864,60.213],[166.742,60.097],[166.278,59.811],[166.086,59.806],[166.208,60.124],[166.311,60.192],[166.258,60.393],[166.388,60.408],[166.275,60.472],[166.008,60.422],[165.92,60.338],[166.099,60.428],[166,60.354],[165.707,60.24],[165.502,60.192],[165.452,60.243],[165.492,60.19],[165.223,60.083],[165.053,60.106],[165.028,60.059],[165.165,60.08],[165.142,60.023],[165.224,59.995],[165.081,59.858],[164.837,59.783],[164.709,60],[164.487,60.101],[164.137,59.934],[164.2,59.858],[164.059,59.899],[164.21,59.991],[163.637,59.999],[163.819,59.982],[163.697,59.866],[163.462,59.859],[163.369,59.765],[163.414,59.618],[163.121,59.484],[163.344,59.361],[163.285,59.227],[163.317,59.291],[163.071,59.239],[163.241,59.06],[163.159,59.042],[163.238,59.084],[163.037,59.184],[162.902,59.111],[163.039,58.968],[162.683,58.855],[162.795,58.836],[162.517,58.763],[162.607,58.77],[162.317,58.574],[162.199,58.602],[162.336,58.582],[162.037,58.317],[162.083,58.28],[161.991,58.043],[161.982,58.102],[161.891,57.977],[161.985,58.035],[162.107,57.836],[162.477,57.774],[162.363,57.669],[162.524,57.752],[162.546,57.933],[162.692,57.951],[163.208,57.823],[163.319,57.728],[163.094,57.483],[162.676,57.337],[162.786,57.354],[162.849,57.037],[162.778,56.766],[162.925,56.694],[163.227,56.744],[163.281,56.689],[163.244,56.446],[163.361,56.187],[163.043,56.007],[162.809,56.062],[162.625,56.225],[162.491,56.213],[162.573,56.252],[162.087,56.094],[161.792,55.626],[161.747,55.37],[161.822,55.125],[162.157,54.849],[162.144,54.748],[161.697,54.495],[161.29,54.475],[161.15,54.585],[160.845,54.555],[159.984,54.154],[159.852,53.82],[159.873,53.667],[159.801,53.663],[159.903,53.567],[159.844,53.666],[159.921,53.665],[159.966,53.492],[159.777,53.504],[159.981,53.32],[159.951,53.208],[160.038,53.262],[160.049,53.09],[159.748,53.197],[159.818,53.27],[159.09,53.101],[158.7,52.882],[158.585,53.057],[158.417,52.999],[158.427,52.893],[158.642,52.897],[158.474,52.772],[158.596,52.697],[158.544,52.626],[158.384,52.652],[158.521,52.531],[158.398,52.406],[158.556,52.418],[158.476,52.345],[158.542,52.289],[158.386,52.224],[158.273,51.964],[158.001,51.793],[157.904,51.631],[157.589,51.523],[157.462,51.364],[157.322,51.336],[156.673,50.862],[156.752,51.08],[156.692,51.231],[156.528,51.314],[156.515,52.019],[156.313,52.534],[156.375,52.444],[156.479,52.515],[156.308,52.523],[156.151,52.83],[155.563,55.176],[155.654,55.963],[155.779,56.086],[155.989,56.678],[156.117,56.813],[156.487,56.962],[156.537,57.093],[156.732,57.075],[156.904,57.283],[157.004,57.486],[156.901,57.676],[156.774,57.722],[156.851,57.798],[157.01,57.856],[157.172,57.772],[157.445,57.788],[157.688,58.011],[158.277,58.032],[158.32,57.977],[158.224,58.028],[159.121,58.448],[159.717,58.846],[159.762,59.039],[160.387,59.382],[160.491,59.553],[160.888,59.621],[161.476,60.028],[161.909,60.202],[161.942,60.418],[162.71,60.608],[162.923,60.759],[163.332,60.8],[163.313,60.718],[163.608,60.865],[163.789,60.822],[163.701,60.857],[163.778,60.912],[163.483,61.005],[163.939,61.224],[164.027,61.343],[163.968,61.424],[163.749,61.456],[163.871,61.652],[164.066,61.686],[164.149,62.271],[164.532,62.44],[165.199,62.382],[165.106,62.442],[165.309,62.469],[164.75,62.561],[164.61,62.681],[163.262,62.518],[163.164,62.419],[163.372,62.335],[163.087,62.221],[163.097,62.094],[163.193,62.058],[162.969,61.803],[163.338,61.712],[163.329,61.661],[163.128,61.622],[163.022,61.514],[162.852,61.604],[162.944,61.644],[162.83,61.716],[162.621,61.664],[162.77,61.593],[162.388,61.662],[161.997,61.375],[161.872,61.427],[161.893,61.335],[161.808,61.369],[161.781,61.298],[161.573,61.25],[161.572,61.185],[160.914,60.897],[160.804,60.714],[160.432,60.745],[160.213,60.579],[160.139,60.585],[160.251,60.708],[160.174,60.822],[160.384,60.902],[160.337,60.926],[160.441,61.033],[159.792,60.927],[160.006,61.102],[159.943,61.24],[159.773,61.238],[160.021,61.291],[159.883,61.319],[160.076,61.373],[160.111,61.437],[160.039,61.452],[160.279,61.55],[160.326,61.663],[160.259,61.69],[160.412,61.761],[160.357,61.803],[160.397,61.955],[160.035,61.843],[159.9,61.709],[159.7,61.727],[159.578,61.649],[159.514,61.69],[159.577,61.824],[159.468,61.762],[159.352,61.815],[159.387,61.879],[159.013,61.923],[158.843,61.818],[158.268,61.823],[158.08,61.732],[157.5,61.788],[157.347,61.677],[156.682,61.522],[156.656,61.201],[155.937,60.942],[155.989,60.902],[155.91,60.707],[155.793,60.72],[155.48,60.529],[154.792,60.287],[154.487,59.934],[154.568,60.099],[154.404,60.069],[154.488,59.886],[154.231,59.873],[154.247,59.698],[154.378,59.574],[154.232,59.665],[154.121,59.605],[154.202,59.584],[154.081,59.517],[154.129,59.452],[154.305,59.441],[154.402,59.535],[154.423,59.423],[154.502,59.417],[154.42,59.548],[154.872,59.442],[154.98,59.493],[155.224,59.346],[155.161,59.293],[155.188,59.171],[154.825,59.191],[154.807,59.124],[154.468,59.215],[154.333,59.188],[154.358,59.104],[154.047,59.043],[153.691,59.175],[153.774,59.239],[153.66,59.183],[153.468,59.226],[153.299,59.151],[153.339,59.082],[153.011,59.059],[152.898,58.905],[152.55,58.95],[152.358,59.06],[152.402,59.008],[152.185,58.99],[152.067,58.887],[151.342,58.835],[151.103,59.106],[152.09,59.145],[152.321,59.225],[152.173,59.295],[151.733,59.3],[151.767,59.357],[151.671,59.449],[151.407,59.605],[150.912,59.565],[150.936,59.454],[150.753,59.431],[150.742,59.489],[150.488,59.492],[150.767,59.563],[149.433,59.759],[149.046,59.667],[149.23,59.46],[148.935,59.451],[148.869,59.494],[148.951,59.532],[148.882,59.549],[148.723,59.457],[148.75,59.358],[149.002,59.365],[148.932,59.23],[148.427,59.25],[148.401,59.376],[148.265,59.407],[147.885,59.384],[147.794,59.343],[147.851,59.306],[147.8,59.26],[147.638,59.305],[147.545,59.233],[146.505,59.463],[146.304,59.388],[146.351,59.203],[146.047,59.139],[145.824,59.243],[145.969,59.404],[145.787,59.365],[145.692,59.426],[143.877,59.4],[143.483,59.319],[143.162,59.345],[143.247,59.404],[142.462,59.202],[142.077,59.032],[141.544,58.604],[140.781,58.308],[140.514,57.852],[140.012,57.706],[139.791,57.484],[138.939,57.142],[138.884,57.016],[138.607,56.951],[138.577,56.783],[138.56,56.865],[138.433,56.841],[138.273,56.619],[138.113,56.579],[138.133,56.493],[138.256,56.468],[138.227,56.421],[138.062,56.445],[137.721,56.141],[137.426,56.042],[137.402,55.947],[137.305,55.963],[136.767,55.641],[136.428,55.563],[136.144,55.287],[135.227,54.91],[135.172,54.815],[135.256,54.72],[135.668,54.657],[135.743,54.565],[136.498,54.587],[136.665,54.685],[136.685,54.605],[136.833,54.647],[136.834,54.43],[136.742,54.413],[136.819,54.322],[136.747,54.289],[136.814,54.134],[136.676,53.923],[136.783,53.765],[136.943,53.855],[137.196,53.849],[137.302,54.036],[137.16,54.032],[137.083,54.128],[137.206,54.221],[137.736,54.321],[137.477,54.093],[137.37,54.137],[137.296,54.052],[137.595,53.955],[137.862,53.967],[137.609,53.834],[137.504,53.658],[137.209,53.588],[137.313,53.535],[137.948,53.58],[138.293,53.733],[138.367,53.905],[138.58,53.995],[138.584,53.807],[138.239,53.525],[138.277,53.47],[138.458,53.523],[138.643,53.688],[138.764,53.985],[138.758,54.092],[138.656,54.061],[138.729,54.255],[138.653,54.29],[139.303,54.18],[139.742,54.3],[139.796,54.202],[140.333,53.958],[140.274,53.847],[140.566,53.639],[141.132,53.451],[140.948,53.497],[140.902,53.43],[141.424,53.295],[141.339,53.227],[141.449,53.162],[141.203,52.998],[140.631,53.146],[140.935,53.035],[141.058,52.882],[141.241,52.867],[141.164,52.79],[141.251,52.74],[141.269,52.591],[141.111,52.482],[141.116,52.404],[141.387,52.222],[141.529,52.237],[141.546,52.151],[141.342,52.099],[141.389,51.915],[141.193,51.848],[141.107,51.682],[140.878,51.628],[140.891,51.495],[140.731,51.466],[140.894,51.426],[140.674,51.322],[140.656,50.962],[140.529,50.9],[140.437,50.718],[140.498,50.627],[140.422,50.532],[140.537,50.343],[140.507,50.164],[140.565,50.07],[140.626,50.096],[140.552,50.119],[140.693,50.09],[140.402,49.889],[140.535,49.785],[140.553,49.563],[140.428,49.295],[140.316,49.268],[140.391,49.267],[140.315,49.213],[140.355,49.102],[140.245,49.067],[140.335,49.042],[140.199,49.011],[140.291,49.015],[140.252,48.948],[140.337,49.024],[140.391,48.973],[140.199,48.758],[140.175,48.443],[139.265,47.802],[138.99,47.317],[138.56,47.028],[138.35,46.688],[138.348,46.538],[138.184,46.45],[138.106,46.236],[137.684,45.811],[136.799,45.199],[136.757,45.089],[136.616,45.053],[136.45,44.772],[136.323,44.8],[136.182,44.522],[135.878,44.41],[135.637,44.183],[135.632,44.034],[135.553,44.033],[135.523,43.92],[135.452,43.947],[135.459,43.876],[135.53,43.896],[135.434,43.76],[135.276,43.683],[135.169,43.748],[135.231,43.69],[135.136,43.502],[134.186,43.071],[133.922,42.868],[133.504,42.835],[133.043,42.673],[133.001,42.717],[133.084,42.741],[132.997,42.836],[132.853,42.735],[132.75,42.911],[132.572,42.837],[132.41,42.947],[132.322,42.841],[132.287,43.068],[132.399,43.192],[132.309,43.227],[132.333,43.306],[131.956,43.057],[131.841,43.081],[132.066,43.324],[131.972,43.26],[131.801,43.341],[131.697,43.202],[131.775,43.176],[131.685,43.199],[131.576,43.001],[131.378,42.942],[131.385,42.869],[131.471,42.879],[131.362,42.765],[131.259,42.773],[131.221,42.553],[131.114,42.67],[130.918,42.592],[130.81,42.635],[130.94,42.657],[130.79,42.643],[130.833,42.701],[130.673,42.675],[130.87,42.529],[130.685,42.421],[130.779,42.447],[130.7,42.297],[130.593,42.258],[130.395,42.334],[130.4,42.251],[130.203,42.181],[130.171,42.07],[130.082,42.085],[129.895,41.908],[129.848,41.762],[129.76,41.765],[129.648,41.561],[129.682,41.436],[129.808,41.383],[129.717,41.2],[129.716,40.834],[129.219,40.702],[129.081,40.478],[128.635,40.315],[128.631,40.18],[128.329,40.03],[127.992,40.06],[127.886,39.889],[127.78,39.901],[127.507,39.737],[127.495,39.647],[127.58,39.597],[127.515,39.522],[127.572,39.306],[127.53,39.404],[127.387,39.385],[127.478,39.352],[127.395,39.339],[127.379,39.213],[127.754,39.131],[128.191,38.724],[128.267,38.76],[128.361,38.688],[128.614,38.146],[129.059,37.675],[129.431,37.06],[129.478,36.727],[129.373,36.047],[129.451,35.993],[129.558,36.086],[129.584,36.016],[129.445,35.492],[129.355,35.548],[129.363,35.358],[129.125,35.1],[129.051,35.122],[129.091,35.05],[129.03,35.097],[128.967,35.033],[128.961,35.136],[128.694,35.098],[128.589,35.211],[128.636,35.069],[128.457,35.105],[128.502,35.013],[128.408,34.995],[128.415,34.875],[128.476,34.89],[128.424,34.761],[128.33,34.825],[128.429,34.857],[128.308,34.885],[128.332,34.955],[128.197,34.893],[128.048,34.933],[128.057,35.086],[128.008,34.982],[127.721,34.999],[127.668,34.906],[127.581,34.923],[127.639,34.827],[127.775,34.861],[127.734,34.737],[127.803,34.588],[127.71,34.622],[127.762,34.715],[127.659,34.759],[127.644,34.627],[127.552,34.66],[127.595,34.747],[127.516,34.889],[127.356,34.838],[127.51,34.593],[127.334,34.589],[127.44,34.549],[127.34,34.445],[127.213,34.56],[127.114,34.547],[127.197,34.651],[127.227,34.587],[127.253,34.712],[127.286,34.66],[127.345,34.711],[127.242,34.777],[126.957,34.631],[126.979,34.471],[126.884,34.423],[126.785,34.47],[126.767,34.621],[126.735,34.445],[126.525,34.293],[126.454,34.482],[126.543,34.586],[126.387,34.532],[126.28,34.596],[126.294,34.763],[126.37,34.605],[126.483,34.608],[126.389,34.716],[126.622,34.627],[126.362,34.744],[126.683,34.818],[126.565,34.832],[126.552,34.987],[126.515,34.783],[126.367,34.779],[126.441,34.973],[126.305,34.927],[126.389,35.035],[126.24,35.112],[126.346,35.16],[126.419,35.025],[126.476,35.086],[126.35,35.183],[126.402,35.225],[126.326,35.227],[126.396,35.37],[126.489,35.327],[126.405,35.409],[126.483,35.43],[126.428,35.438],[126.484,35.523],[126.68,35.538],[126.665,35.607],[126.508,35.579],[126.457,35.638],[126.781,35.757],[126.684,35.843],[126.834,35.91],[126.613,35.886],[126.613,35.943],[126.867,36.058],[126.894,36.142],[126.726,35.999],[126.493,36.134],[126.59,36.177],[126.501,36.322],[126.563,36.352],[126.483,36.393],[126.572,36.473],[126.495,36.434],[126.525,36.521],[126.455,36.593],[126.511,36.674],[126.466,36.733],[126.367,36.625],[126.36,36.746],[126.29,36.717],[126.435,36.424],[126.372,36.411],[126.27,36.728],[126.154,36.679],[126.221,36.722],[126.153,36.775],[126.119,36.708],[126.11,36.773],[126.157,36.849],[126.196,36.784],[126.178,36.888],[126.273,36.874],[126.3,36.98],[126.287,36.795],[126.352,36.792],[126.319,36.852],[126.431,36.9],[126.358,37.012],[126.453,37.004],[126.467,36.845],[126.509,36.966],[126.568,36.887],[126.497,37.06],[126.628,36.951],[126.784,36.975],[126.858,36.785],[126.86,36.878],[126.985,36.964],[126.908,36.912],[126.789,36.997],[126.854,37.017],[126.744,37.038],[126.795,37.185],[126.65,37.153],[126.677,37.259],[126.86,37.268],[126.59,37.445],[126.661,37.577],[126.538,37.642],[126.52,37.766],[126.649,37.774],[126.655,37.669],[126.903,37.544],[126.676,37.682],[126.727,37.852],[126.573,37.772],[126.395,37.924],[126.158,37.838],[126.127,37.744],[126.05,37.875],[125.896,37.841],[125.818,37.988],[125.593,38.044],[125.736,37.933],[125.626,37.927],[125.618,37.764],[125.525,37.815],[125.345,37.677],[125.356,37.77],[125.448,37.778],[125.36,37.79],[125.508,37.815],[125.46,37.868],[125.515,37.895],[125.378,37.907],[125.453,37.849],[125.356,37.877],[125.3,37.801],[125.229,37.814],[125.306,37.875],[125.238,37.95],[125.175,37.87],[124.976,37.931],[125.155,37.958],[125.113,38.052],[125.243,38.018],[125.26,38.085],[124.652,38.128],[124.868,38.24],[124.998,38.219],[124.882,38.23],[124.855,38.339],[125.011,38.493],[124.961,38.593],[125.073,38.545],[125.145,38.58],[125.122,38.676],[125.31,38.63],[125.436,38.717],[125.604,38.649],[125.447,38.772],[125.279,38.696],[125.126,38.877],[125.455,39.32],[125.397,39.383],[125.495,39.409],[125.369,39.377],[125.335,39.457],[125.61,39.621],[125.454,39.583],[125.559,39.665],[125.285,39.528],[125.236,39.635],[125.143,39.566],[124.753,39.776],[124.752,39.645],[124.64,39.587],[124.573,39.829],[124.407,39.803],[124.313,39.904],[124.359,39.992],[124.258,39.932],[124.224,39.79],[124.254,39.931],[123.994,39.814],[123.697,39.829],[123.626,39.935],[123.553,39.757],[123.521,39.802],[123.413,39.731],[123.411,39.806],[123.284,39.827],[123.204,39.73],[123.274,39.695],[122.963,39.67],[122.576,39.463],[122.526,39.542],[122.506,39.42],[122.382,39.436],[122.067,39.194],[122.166,39.152],[122.027,39.13],[122.063,39.06],[121.829,39.042],[121.897,38.961],[121.703,39.055],[121.748,39.008],[121.584,38.94],[121.697,38.861],[121.232,38.801],[121.139,38.725],[121.11,38.849],[121.167,38.877],[121.099,38.928],[121.342,38.974],[121.374,39.059],[121.459,39.015],[121.658,39.081],[121.593,39.27],[121.943,39.403],[121.523,39.362],[121.461,39.449],[121.402,39.359],[121.32,39.376],[121.382,39.441],[121.247,39.42],[121.333,39.488],[121.47,39.45],[121.442,39.511],[121.572,39.605],[121.475,39.805],[121.897,39.999],[121.826,40.023],[122.005,40.126],[122.278,40.465],[122.138,40.613],[122.157,40.703],[122.261,40.712],[122.095,40.791],[122.263,40.702],[122.117,40.678],[121.852,40.824],[121.884,41.049],[121.749,40.84],[121.341,40.95],[120.973,40.83],[120.928,40.729],[121.027,40.713],[120.834,40.676],[120.529,40.413],[120.588,40.362],[120.448,40.194],[119.566,39.916],[119.527,39.809],[119.394,39.794],[119.234,39.582],[119.299,39.396],[119.005,39.197],[118.569,39.155],[118.336,39.005],[118.042,39.207],[117.718,39.106],[117.782,38.987],[117.634,38.876],[117.545,38.632],[117.691,38.389],[118.036,38.132],[118.387,38.146],[118.547,38.066],[118.582,38.146],[118.84,38.214],[118.815,37.977],[118.942,38.061],[119.033,37.872],[118.959,37.789],[119.085,37.727],[118.972,37.607],[118.97,37.367],[118.904,37.356],[119.185,37.142],[119.737,37.14],[119.905,37.269],[119.838,37.372],[120.299,37.59],[120.321,37.658],[120.222,37.688],[120.742,37.833],[121.14,37.712],[121.143,37.601],[121.289,37.543],[121.343,37.63],[121.429,37.6],[121.37,37.554],[121.556,37.428],[121.976,37.428],[121.962,37.484],[122.122,37.564],[122.171,37.429],[122.7,37.407],[122.554,37.349],[122.623,37.194],[122.457,37.147],[122.39,37.027],[122.572,37.044],[122.517,36.897],[122.518,36.96],[122.409,36.945],[122.44,36.875],[122.343,36.83],[122.181,36.845],[122.275,36.896],[122.147,36.94],[122.223,37.039],[122.043,36.893],[121.947,37.017],[121.96,36.942],[121.626,36.826],[121.645,36.735],[121.479,36.779],[121.608,36.85],[121.486,36.794],[121.451,36.863],[121.474,36.77],[121.378,36.703],[121.183,36.71],[121.018,36.581],[120.898,36.66],[120.778,36.628],[120.787,36.567],[120.849,36.609],[120.979,36.538],[120.883,36.375],[120.836,36.467],[120.706,36.443],[120.735,36.333],[120.64,36.317],[120.714,36.134],[120.337,36.043],[120.285,36.052],[120.376,36.152],[120.324,36.274],[120.305,36.186],[120.127,36.204],[120.095,36.107],[120.236,36.057],[120.177,35.981],[120.298,35.97],[120.067,35.885],[120.013,35.722],[119.916,35.76],[119.872,35.613],[119.828,35.672],[119.762,35.584],[119.737,35.647],[119.629,35.612],[119.37,35.106],[119.222,35.061],[119.174,34.853],[119.184,34.69],[119.227,34.776],[119.454,34.74],[119.645,34.518],[119.791,34.499],[119.778,34.44],[119.947,34.452],[120.285,34.303],[120.403,33.843],[120.474,33.817],[120.435,33.751],[120.475,33.798],[120.628,33.488],[120.594,33.367],[120.937,32.868],[120.836,32.795],[120.931,32.697],[120.85,32.617],[121.355,32.405],[121.427,32.114],[121.725,32.031],[121.91,31.737],[121.821,31.685],[121.303,31.884],[120.943,31.813],[120.839,32.035],[120.74,32.04],[120.766,32.103],[120.731,32.04],[120.507,32.09],[120.246,31.945],[120.056,31.967],[120.182,31.914],[120.453,32.023],[120.739,31.987],[120.795,31.796],[121.086,31.722],[121.499,31.366],[121.682,31.316],[121.912,30.938],[121.027,30.58],[120.913,30.374],[120.4,30.389],[120.365,30.271],[120.259,30.294],[120.138,30.196],[120.275,30.283],[120.372,30.25],[120.442,30.358],[120.609,30.36],[120.63,30.134],[120.748,30.082],[120.671,30.133],[121.349,30.308],[121.714,29.949],[122.138,29.893],[121.877,29.763],[121.701,29.563],[121.523,29.511],[121.511,29.563],[121.427,29.475],[121.442,29.416],[121.53,29.472],[121.489,29.395],[121.722,29.544],[121.8,29.476],[121.842,29.539],[121.741,29.557],[121.956,29.637],[121.998,29.591],[121.918,29.534],[121.984,29.457],[121.909,29.301],[121.997,29.265],[121.849,29.162],[121.774,29.373],[121.759,29.191],[121.656,29.178],[121.66,29.316],[121.643,29.186],[121.5,29.273],[121.533,29.184],[121.419,29.163],[121.462,29.1],[121.648,29.109],[121.525,29.003],[121.662,29.056],[121.732,28.942],[121.512,28.942],[121.676,28.858],[121.661,28.718],[121.346,28.706],[121.507,28.661],[121.594,28.369],[121.671,28.349],[121.625,28.266],[121.464,28.336],[121.338,28.143],[121.211,28.328],[121.278,28.363],[121.172,28.395],[121.118,28.286],[121.028,28.292],[121.128,28.245],[120.958,27.98],[120.62,28.037],[120.583,28.103],[120.604,28.021],[120.852,27.948],[120.859,27.885],[120.727,27.727],[120.635,27.749],[120.675,27.638],[120.562,27.581],[120.688,27.475],[120.644,27.364],[120.544,27.403],[120.52,27.195],[120.415,27.162],[120.35,27.245],[120.441,27.153],[120.392,27.09],[120.255,27.12],[120.266,26.996],[120.16,26.974],[120.23,26.918],[120.039,26.897],[120.036,26.822],[120.135,26.798],[120.121,26.636],[119.834,26.521],[120.078,26.803],[119.934,26.795],[119.868,26.649],[119.786,26.709],[119.849,26.86],[119.744,26.734],[119.649,26.893],[119.728,26.705],[119.543,26.813],[119.61,26.661],[119.545,26.628],[119.601,26.565],[119.783,26.585],[119.831,26.45],[119.767,26.405],[119.647,26.506],[119.58,26.424],[119.657,26.444],[119.715,26.311],[119.815,26.425],[119.862,26.35],[119.959,26.376],[119.593,26.242],[119.674,26.235],[119.512,26.075],[119.72,26.006],[119.684,25.905],[119.568,25.88],[119.599,25.693],[119.444,25.702],[119.501,25.563],[119.6,25.59],[119.554,25.503],[119.64,25.477],[119.655,25.356],[119.592,25.343],[119.588,25.46],[119.486,25.366],[119.5,25.456],[119.434,25.436],[119.464,25.513],[119.329,25.615],[119.088,25.422],[119.215,25.362],[119.212,25.268],[119.252,25.333],[119.373,25.269],[119.282,25.171],[119.128,25.265],[119.086,25.189],[119.161,25.131],[119.058,25.117],[119.083,25.264],[118.976,25.232],[119.07,25.287],[118.87,25.247],[118.981,25.199],[118.967,25.12],[118.851,25.089],[118.952,25.007],[119.018,25.053],[119.021,24.957],[118.897,24.938],[118.986,24.881],[118.698,24.85],[118.743,24.908],[118.644,24.993],[118.673,24.872],[118.563,24.908],[118.633,24.775],[118.779,24.773],[118.649,24.681],[118.651,24.555],[118.567,24.511],[118.59,24.575],[118.438,24.63],[118.437,24.725],[118.416,24.605],[118.268,24.606],[118.238,24.54],[118.189,24.685],[118.102,24.566],[118.047,24.619],[117.97,24.556],[118.065,24.509],[118.036,24.445],[117.78,24.506],[117.893,24.343],[118.061,24.408],[118.011,24.325],[118.096,24.358],[118.135,24.265],[117.967,24.154],[117.938,24.22],[117.904,24.035],[117.768,23.911],[117.715,23.938],[117.79,24.032],[117.689,24.054],[117.585,23.715],[117.571,23.905],[117.352,23.949],[117.491,23.828],[117.434,23.755],[117.275,23.779],[117.244,23.605],[117.191,23.684],[117.22,23.619],[117.077,23.542],[117.057,23.65],[116.92,23.66],[116.815,23.552],[116.879,23.55],[116.81,23.499],[116.874,23.468],[116.793,23.467],[116.863,23.415],[116.705,23.498],[116.802,23.42],[116.756,23.343],[116.457,23.449],[116.74,23.25],[116.639,23.163],[116.484,23.26],[116.506,23.196],[116.604,23.217],[116.496,22.94],[116.293,22.987],[116.094,22.823],[116.14,22.9],[116.041,22.931],[116.071,22.851],[115.816,22.745],[115.821,22.822],[115.597,22.88],[115.517,22.752],[115.604,22.757],[115.573,22.659],[115.347,22.715],[115.417,22.788],[115.229,22.782],[115.314,22.903],[115.179,22.777],[115.044,22.805],[114.978,22.689],[114.867,22.771],[114.968,22.679],[114.882,22.545],[114.742,22.587],[114.78,22.837],[114.519,22.71],[114.493,22.648],[114.593,22.653],[114.491,22.563],[114.607,22.498],[114.498,22.452],[114.395,22.615],[114.209,22.538],[114.335,22.507],[114.168,22.455],[114.191,22.38],[114.32,22.481],[114.4,22.437],[114.389,22.366],[114.252,22.356],[114.298,22.26],[114.109,22.372],[113.92,22.37],[114.05,22.505],[113.932,22.533],[113.882,22.467],[113.781,22.752],[113.612,22.803],[113.637,22.955],[113.563,22.927],[113.545,23.082],[113.368,23.111],[113.511,23],[113.507,22.89],[113.385,22.903],[113.615,22.759],[113.491,22.761],[113.605,22.658],[113.503,22.69],[113.584,22.605],[113.488,22.575],[113.571,22.555],[113.533,22.4],[113.623,22.374],[113.547,22.189],[113.43,22.181],[113.283,22.369],[113.342,22.246],[113.265,22.055],[113.114,22.072],[113.104,22.417],[112.922,22.515],[113.05,22.433],[113.085,22.206],[113.002,22.104],[113.03,21.948],[112.913,21.852],[112.841,21.99],[112.553,21.755],[112.415,21.839],[112.497,21.942],[112.365,21.996],[112.413,21.775],[112.343,21.708],[112.193,21.74],[112.194,21.84],[112.073,21.782],[111.997,21.834],[112.009,21.766],[111.862,21.666],[111.84,21.775],[111.675,21.796],[111.784,21.617],[111.638,21.514],[111.581,21.576],[111.628,21.525],[111.467,21.504],[111.44,21.599],[111.446,21.531],[111.341,21.526],[111.41,21.522],[111.252,21.413],[111.29,21.497],[111.096,21.46],[111.029,21.535],[111.001,21.445],[111.074,21.464],[110.798,21.414],[110.651,21.252],[110.626,21.349],[110.632,21.224],[110.447,21.188],[110.484,21.288],[110.382,21.408],[110.415,21.184],[110.154,20.997],[110.17,20.843],[110.374,20.822],[110.389,20.723],[110.329,20.774],[110.304,20.668],[110.535,20.477],[110.285,20.241],[109.983,20.294],[109.926,20.229],[109.863,20.405],[109.987,20.346],[110.016,20.45],[109.827,20.514],[109.743,20.667],[109.848,20.713],[109.775,20.71],[109.762,20.862],[109.722,20.81],[109.665,20.936],[109.762,21.354],[109.939,21.351],[109.91,21.463],[109.965,21.483],[109.81,21.462],[109.752,21.594],[109.776,21.484],[109.678,21.501],[109.695,21.614],[109.636,21.562],[109.559,21.693],[109.609,21.759],[109.477,21.668],[109.589,21.583],[109.547,21.505],[109.292,21.435],[109.242,21.49],[109.161,21.405],[109.042,21.453],[109.167,21.527],[109.152,21.619],[108.912,21.617],[108.849,21.796],[108.865,21.628],[108.745,21.604],[108.656,21.814],[108.6,21.723],[108.554,21.92],[108.458,21.871],[108.501,21.707],[108.574,21.692],[108.477,21.563],[108.395,21.557],[108.433,21.689],[108.335,21.607],[108.34,21.716],[108.222,21.502],[108.241,21.647],[108.128,21.535],[108.01,21.558],[108.041,21.502],[107.944,21.435],[107.923,21.526],[107.781,21.524],[107.613,21.295],[107.403,21.326],[107.457,21.282],[107.356,21.217],[107.438,21.257],[107.349,21],[107.161,20.924],[107.07,20.958],[107.177,21.031],[107.032,21.029],[106.968,20.95],[106.879,21],[106.88,20.89],[106.783,20.937],[106.845,20.973],[106.79,21.03],[106.605,21.037],[106.768,20.941],[106.688,20.869],[106.61,20.924],[106.753,20.848],[106.813,20.673],[106.553,20.76],[106.71,20.667],[106.596,20.66],[106.631,20.598],[106.52,20.541],[106.58,20.555],[106.534,20.45],[106.603,20.447],[106.573,20.283],[106.52,20.315],[106.562,20.273],[106.402,20.217],[106.206,20.003],[106.209,20.094],[106.183,19.98],[106.108,19.969],[106.119,20.044],[105.927,19.884],[105.939,19.789],[105.867,19.769],[105.938,19.779],[105.783,19.605],[105.811,19.271],[105.616,18.988],[105.929,18.456],[105.891,18.396],[105.947,18.472],[106.329,18.079],[106.441,18.12],[106.52,17.942],[106.447,17.877],[106.464,17.707],[106.632,17.458],[107.12,17.084],[107.199,16.907],[107.132,16.854],[107.205,16.902],[107.634,16.566],[107.43,16.665],[107.631,16.55],[107.579,16.526],[107.692,16.52],[107.824,16.29],[108.038,16.335],[108.048,16.228],[108.2,16.208],[108.127,16.119],[108.225,16.02],[108.235,16.148],[108.327,16.143],[108.265,16.021],[108.603,15.479],[108.667,15.429],[108.694,15.483],[108.784,15.347],[108.831,15.418],[108.942,15.245],[108.865,15.146],[109.084,14.702],[109.08,14.473],[109.231,14.129],[109.152,14.172],[109.3,13.895],[109.265,13.756],[109.234,13.903],[109.22,13.744],[109.304,13.569],[109.238,13.598],[109.254,13.523],[109.335,13.464],[109.3,13.405],[109.234,13.486],[109.221,13.394],[109.299,13.365],[109.251,13.289],[109.324,13.256],[109.318,13.074],[109.461,12.911],[109.364,12.818],[109.467,12.648],[109.438,12.561],[109.402,12.683],[109.342,12.65],[109.353,12.798],[109.196,12.63],[109.348,12.4],[109.292,12.345],[109.144,12.439],[109.248,12.303],[109.179,12.206],[109.286,11.876],[109.207,11.879],[109.211,11.982],[109.134,11.913],[109.129,11.819],[109.196,11.875],[109.239,11.727],[109.134,11.56],[109.013,11.63],[109.019,11.355],[108.792,11.312],[108.711,11.164],[108.534,11.155],[108.299,10.911],[108.097,10.915],[107.999,10.696],[107.833,10.703],[107.259,10.375],[107.191,10.426],[107.086,10.318],[107.06,10.382],[107.147,10.416],[107.007,10.529],[106.924,10.437],[106.98,10.409],[106.877,10.371],[106.746,10.573],[106.691,10.446],[106.79,10.407],[106.779,10.277],[106.435,10.311],[106.792,10.16],[106.778,10.081],[106.698,10.04],[106.673,10.113],[106.608,9.978],[106.356,10.192],[106.482,10.016],[106.702,9.891],[106.617,9.813],[106.179,10.175],[106.575,9.738],[106.503,9.554],[106.388,9.529],[105.837,9.994],[106.187,9.567],[106.147,9.399],[106.199,9.375],[105.525,9.12],[105.281,8.753],[105.078,8.785],[104.863,8.692],[104.925,8.816],[104.794,8.801],[104.874,9.746],[105.053,9.94],[105.107,9.889],[104.993,10.1],[104.888,10.091],[104.748,10.227],[104.605,10.141],[104.524,10.421],[104.446,10.363],[104.255,10.569],[103.944,10.586],[103.864,10.708],[103.816,10.536],[103.614,10.5],[103.495,10.623],[103.548,10.72],[103.679,10.743],[103.652,11.048],[103.708,11.068],[103.558,11.165],[103.444,11.097],[103.428,10.891],[103.128,10.867],[103.051,11.221],[103.148,11.316],[103.074,11.42],[103.135,11.462],[103.042,11.565],[102.962,11.532],[103.005,11.647],[102.955,11.56],[102.644,12.178],[102.563,12.204],[102.588,12.041],[102.482,12.161],[102.293,12.188],[102.261,12.288],[102.368,12.342],[102.326,12.377],[102.304,12.306],[102.271,12.439],[102.213,12.404],[102.255,12.305],[102.066,12.478],[102.11,12.536],[102.046,12.47],[101.964,12.61],[101.953,12.515],[101.789,12.709],[101.422,12.581],[101.282,12.659],[101.075,12.675],[100.967,12.592],[100.856,12.646],[100.915,12.805],[100.857,12.916],[100.933,13.009],[100.902,13.301],[100.985,13.363],[100.988,13.5],[100.65,13.516],[100.593,13.609],[100.562,13.505],[100.277,13.534],[99.988,13.386],[99.939,13.263],[100.113,13.052],[99.968,12.731],[100.025,12.188],[99.639,11.512],[99.578,11.192],[99.49,11.16],[99.523,10.894],[99.244,10.535],[99.29,10.364],[99.15,10.344],[99.251,10.231],[99.154,10.126],[99.148,9.743],[99.315,9.391],[99.225,9.255],[99.375,9.183],[99.685,9.336],[99.846,9.291],[99.965,8.6],[100.093,8.41],[100.178,8.372],[100.134,8.516],[100.221,8.437],[100.449,7.479],[100.587,7.196],[100.445,7.25],[100.426,7.16],[100.554,7.14],[100.581,7.23],[100.773,6.985],[101.009,6.851],[101.358,6.863],[101.298,6.944],[101.568,6.839],[101.833,6.439],[102.127,6.214],[102.35,6.165],[102.497,5.869],[103.004,5.506],[103.142,5.349],[103.09,5.31],[103.151,5.34],[103.443,4.79],[103.478,4.533],[103.494,4.316],[103.388,4.117],[103.44,3.969],[103.324,3.805],[103.464,3.537],[103.395,3.5],[103.48,3.515],[103.425,3.364],[103.458,2.825],[103.618,2.665],[103.76,2.66],[103.965,2.32],[104.267,1.615],[104.287,1.38],[104.204,1.342],[104.093,1.372],[104.042,1.469],[104.121,1.539],[104.045,1.5],[103.941,1.663],[104.001,1.44],[103.798,1.505],[103.603,1.35],[103.515,1.425],[103.512,1.27],[103.345,1.56],[102.908,1.828],[102.69,1.869],[102.49,2.111],[102.157,2.221],[101.997,2.41],[101.852,2.411],[101.774,2.602],[101.291,2.847],[101.366,3.055],[101.302,3.263],[101.035,3.628],[100.812,3.794],[100.908,3.867],[100.727,3.872],[100.721,4.012],[100.853,4.043],[100.909,3.962],[100.858,4.049],[100.772,4.014],[100.754,4.11],[100.604,4.196],[100.662,4.273],[100.558,4.315],[100.663,4.604],[100.58,4.607],[100.664,4.684],[100.585,4.668],[100.575,4.757],[100.642,4.802],[100.563,4.799],[100.576,4.867],[100.375,5.032],[100.442,5.218],[100.335,5.661],[100.42,5.647],[100.115,6.554],[99.948,6.588],[99.916,6.73],[99.697,6.853],[99.68,6.944],[99.732,6.933],[99.665,6.998],[99.745,7.142],[99.671,7.114],[99.62,7.201],[99.607,7.136],[99.525,7.251],[99.606,7.374],[99.514,7.304],[99.513,7.431],[99.489,7.292],[99.402,7.304],[99.293,7.643],[99.235,7.627],[99.152,7.793],[99.045,7.698],[99.02,7.821],[99.105,7.962],[99.03,7.889],[98.925,8.057],[98.769,8.019],[98.714,8.316],[98.629,8.283],[98.671,8.39],[98.521,8.323],[98.464,8.375],[98.437,8.133],[98.285,8.203],[98.21,8.562],[98.263,8.538],[98.268,8.857],[98.333,8.975],[98.394,8.942],[98.319,9.198],[98.383,9.192],[98.459,9.56],[98.472,9.477],[98.577,9.56],[98.467,9.607],[98.568,9.723],[98.505,9.737],[98.581,9.831],[98.519,9.853],[98.763,10.326],[98.64,10.22],[98.553,9.974],[98.456,10.687],[98.493,10.745],[98.554,10.664],[98.519,10.746],[98.569,10.713],[98.636,10.843],[98.579,10.874],[98.71,10.884],[98.719,10.987],[98.787,10.987],[98.683,10.997],[98.716,11.106],[98.653,11.13],[98.765,11.273],[98.699,11.412],[98.794,11.423],[98.711,11.532],[98.737,11.665],[98.885,11.7],[98.789,11.738],[98.809,11.854],[98.705,11.724],[98.605,11.792],[98.68,11.889],[98.542,11.882],[98.76,11.984],[98.688,12.027],[98.741,12.071],[98.618,12.101],[98.708,12.147],[98.652,12.232],[98.557,12.198],[98.525,12.259],[98.666,12.315],[98.54,12.356],[98.625,12.406],[98.605,12.486],[98.769,12.469],[98.683,12.52],[98.727,12.561],[98.62,12.553],[98.706,12.669],[98.619,12.758],[98.72,12.81],[98.65,12.769],[98.591,12.931],[98.583,13.255],[98.557,13.199],[98.494,13.245],[98.451,13.473],[98.232,13.725],[98.224,13.973],[98.18,13.547],[98.126,13.553],[98.095,14.2],[97.97,14.363],[97.999,14.483],[97.963,14.43],[97.873,14.67],[97.921,14.732],[97.835,14.721],[97.788,14.871],[97.828,15.224],[97.766,15.192],[97.718,15.326],[97.801,15.403],[97.731,15.858],[97.559,16.077],[97.618,16.062],[97.621,16.497],[97.742,16.563],[97.617,16.648],[97.622,16.52],[97.354,16.505],[97.353,16.716],[97.293,16.67],[97.27,16.851],[97.145,16.965],[97.139,17.117],[97.246,17.105],[97.112,17.081],[97,17.185],[97.035,17.252],[96.874,17.509],[96.813,17.384],[96.932,17.286],[96.893,16.819],[96.872,16.996],[96.825,16.861],[96.775,16.915],[96.792,16.766],[96.671,16.592],[96.451,16.49],[96.258,16.607],[96.215,16.757],[96.308,16.838],[96.193,16.764],[96.117,16.8],[96.324,16.421],[96.122,16.319],[96.002,16.395],[96.08,16.328],[96.028,16.254],[95.92,16.21],[95.952,16.299],[95.772,16.131],[95.718,16.247],[95.691,15.993],[95.456,15.735],[95.278,15.723],[95.308,15.923],[95.187,15.857],[95.201,15.776],[95.114,15.804],[95.128,16.12],[94.956,15.741],[94.838,15.778],[94.896,15.825],[94.845,15.899],[94.813,15.79],[94.734,15.796],[94.812,15.983],[94.688,15.84],[94.6,15.915],[94.651,15.964],[94.551,15.946],[94.637,16.094],[94.394,15.83],[94.382,16],[94.492,16.037],[94.623,16.256],[94.518,16.246],[94.438,16.08],[94.243,15.953],[94.19,16.041],[94.255,16.535],[94.331,16.535],[94.381,16.915],[94.47,16.949],[94.44,17.183],[94.514,17.156],[94.5,17.305],[94.602,17.308],[94.536,17.552],[94.598,17.553],[94.431,17.997],[94.489,18.032],[94.453,18.182],[94.323,18.247],[94.399,18.348],[94.14,18.739],[94.272,18.736],[94.139,18.817],[94.165,18.893],[94.121,18.806],[94.03,18.859],[94.048,19.046],[94.116,19.081],[94.025,19.079],[94.103,19.146],[94.029,19.133],[94.086,19.364],[93.996,19.145],[93.905,19.2],[93.988,18.966],[93.937,18.844],[93.683,19.004],[93.477,19.4],[93.601,19.416],[93.653,19.253],[93.69,19.302],[93.816,19.226],[94.023,19.372],[93.999,19.468],[93.903,19.467],[93.946,19.54],[93.904,19.487],[93.72,19.619],[93.821,19.639],[93.816,19.71],[93.706,19.697],[93.784,19.802],[93.635,19.715],[93.685,19.812],[93.595,19.709],[93.654,19.879],[93.755,19.915],[93.547,19.889],[93.528,19.997],[93.467,19.935],[93.306,20.196],[93.272,20.036],[93.228,20.11],[93.105,20.068],[93.059,20.137],[93.176,20.196],[93.132,20.226],[92.996,20.138],[93.038,20.331],[93.123,20.383],[93.034,20.378],[93.08,20.585],[93.014,20.3],[92.927,20.195],[92.881,20.238],[92.924,20.191],[92.862,20.123],[92.761,20.198],[92.858,20.295],[92.771,20.288],[92.749,20.604],[92.642,20.742],[92.585,20.721],[92.602,20.798],[92.555,20.847],[92.546,20.747],[92.734,20.556],[92.733,20.264],[92.38,20.703],[92.352,20.991],[92.252,21.027],[92.314,20.752],[91.951,21.449],[92.05,21.519],[92.026,21.674],[91.961,21.676],[91.975,21.51],[91.893,21.529],[91.979,21.791],[91.89,21.772],[91.938,21.83],[91.839,22.263],[91.778,22.249],[91.711,22.487],[91.447,22.764],[91.103,22.756],[90.977,22.57],[90.687,22.763],[90.707,22.633],[90.865,22.487],[90.831,22.154],[90.624,22],[90.671,22.479],[90.533,22.605],[90.607,22.297],[90.441,22.079],[90.396,22.173],[90.194,21.803],[90.085,21.845],[90.144,21.97],[90.078,21.865],[90.02,21.893],[90.213,22.125],[90.022,21.99],[90.087,22.162],[90.023,22.196],[89.935,21.932],[89.902,22.39],[89.819,22.065],[89.876,21.897],[89.778,21.825],[89.666,21.847],[89.689,21.931],[89.571,21.944],[89.522,22.085],[89.505,21.906],[89.422,21.972],[89.459,21.761],[89.359,21.745],[89.364,21.945],[89.291,21.752],[89.219,21.748],[89.197,21.841],[89.1,21.812],[89.042,22.075],[89.072,21.942],[89.018,21.976],[88.986,21.891],[89.1,21.637],[89.02,21.66],[89.027,21.599],[88.888,21.656],[88.86,21.777],[88.849,21.616],[88.716,21.684],[88.779,22.015],[88.639,22.076],[88.555,21.815],[88.518,21.948],[88.458,21.896],[88.452,21.613],[88.424,21.719],[88.397,21.591],[88.402,21.72],[88.275,21.734],[88.31,21.579],[88.247,21.561],[88.156,21.956],[88.209,22.149],[88.02,22.223],[88.19,22.104],[87.804,21.696],[87.092,21.537],[86.912,21.338],[86.827,21.137],[86.975,20.82],[86.867,20.777],[86.996,20.77],[86.964,20.695],[87.07,20.721],[86.732,20.535],[86.708,20.408],[86.788,20.377],[86.674,20.294],[86.799,20.347],[86.521,20.185],[86.423,20.002],[86.315,19.988],[86.372,19.952],[85.54,19.696],[85.038,19.392],[84.129,18.31],[83.557,18.026],[83.215,17.59],[82.589,17.276],[82.306,17.038],[82.25,16.876],[82.359,16.833],[82.333,16.989],[82.371,16.909],[82.303,16.559],[81.719,16.309],[81.717,16.365],[81.71,16.305],[81.553,16.372],[81.268,16.293],[81.152,15.972],[80.941,15.711],[80.832,15.701],[80.805,15.842],[80.678,15.89],[80.264,15.672],[80.048,15.074],[80.14,14.566],[80.196,14.577],[80.126,14.066],[80.346,13.283],[80.156,12.462],[79.873,12.04],[79.759,11.672],[79.832,11.361],[79.761,11.379],[79.837,11.356],[79.857,11.196],[79.88,10.308],[79.793,10.273],[79.639,10.365],[79.294,10.26],[79.268,10.04],[78.9,9.487],[78.959,9.34],[79.19,9.281],[78.861,9.251],[78.266,9.018],[78.125,8.762],[78.199,8.758],[78.07,8.374],[77.538,8.074],[77.317,8.123],[77.012,8.35],[76.547,8.898],[76.666,8.994],[76.539,8.934],[76.496,9.167],[76.346,9.394],[76.27,10.033],[76.241,9.973],[76.18,10.108],[76.209,10.195],[76.155,10.186],[75.958,10.817],[75.912,10.785],[75.87,11.124],[75.543,11.711],[75.201,12.004],[74.825,12.838],[74.695,13.343],[74.666,13.631],[74.722,13.638],[74.65,13.664],[74.427,14.278],[74.517,14.242],[74.422,14.286],[74.284,14.713],[74.118,14.771],[74.165,14.858],[73.913,15.083],[73.898,15.328],[73.785,15.408],[73.886,15.426],[73.734,15.588],[73.79,15.652],[73.734,15.615],[73.457,16.053],[73.428,16.372],[73.367,16.379],[73.469,16.413],[73.368,16.395],[73.317,16.511],[73.337,16.56],[73.362,16.478],[73.444,16.499],[73.319,16.598],[73.402,16.616],[73.325,16.637],[73.278,16.891],[73.33,16.969],[73.257,17.048],[73.325,17.04],[73.191,17.297],[73.3,17.292],[73.172,17.399],[73.14,17.558],[73.217,17.589],[73.138,17.61],[73.13,17.834],[73.031,17.949],[73.091,17.99],[73.02,17.991],[72.933,18.217],[72.967,18.279],[73.102,18.142],[73.086,18.319],[73.03,18.263],[72.921,18.348],[72.907,18.54],[73.006,18.467],[72.857,18.694],[72.939,18.825],[73.016,18.715],[72.99,18.865],[72.909,18.897],[73.067,19.021],[73.001,19.004],[72.986,19.19],[72.958,19.037],[72.806,18.893],[72.831,19.18],[72.78,19.154],[72.841,19.254],[72.783,19.192],[72.786,19.305],[72.912,19.288],[72.777,19.348],[72.745,19.46],[72.889,19.524],[72.73,19.529],[72.655,19.833],[72.665,19.933],[72.746,19.942],[72.754,20.29],[72.9,20.53],[72.845,20.743],[72.93,20.76],[72.826,20.794],[72.783,20.919],[72.85,20.972],[72.758,20.929],[72.734,20.998],[72.728,21.054],[72.849,21.032],[72.707,21.087],[72.789,21.18],[72.638,21.081],[72.638,21.207],[72.742,21.197],[72.598,21.298],[72.699,21.463],[72.763,21.448],[72.646,21.446],[72.68,21.501],[72.928,21.676],[72.54,21.66],[72.619,21.906],[72.75,21.973],[72.537,21.896],[72.508,21.976],[72.586,22.205],[72.761,22.174],[72.911,22.266],[72.748,22.231],[72.527,22.305],[72.431,22.205],[72.385,22.332],[72.327,22.309],[72.213,22.007],[72.247,21.924],[72.163,21.959],[72.25,21.911],[72.25,21.81],[72.166,21.81],[72.306,21.627],[72.089,21.315],[72.111,21.199],[71.443,20.868],[70.822,20.69],[70.156,21.055],[68.935,22.307],[69.068,22.479],[69.035,22.39],[69.192,22.419],[69.157,22.31],[69.227,22.256],[69.48,22.332],[69.51,22.425],[69.574,22.322],[69.668,22.323],[69.728,22.475],[69.808,22.398],[69.986,22.545],[70.174,22.542],[70.448,22.97],[70.287,22.945],[70.219,23.055],[70.224,22.953],[70.132,22.996],[70.1,22.908],[69.885,22.913],[69.711,22.738],[69.452,22.775],[69.362,22.881],[69.35,22.818],[69.198,22.835],[68.632,23.169],[68.718,23.126],[68.579,23.227],[68.679,23.302],[68.449,23.48],[68.469,23.551],[68.425,23.509],[68.551,23.717],[68.802,23.885],[68.514,23.745],[68.434,23.736],[68.427,23.819],[68.39,23.601],[68.266,23.556],[68.272,23.625],[68.247,23.568],[68.173,23.625],[68.339,23.741],[68.241,23.674],[68.207,23.834],[68.347,23.966],[68.171,23.845],[68.039,23.907],[68.016,23.77],[67.865,23.875],[67.911,23.977],[67.826,23.812],[67.692,23.891],[67.725,23.795],[67.632,23.814],[67.645,23.915],[67.628,23.846],[67.52,23.893],[67.547,23.955],[67.481,23.913],[67.519,23.974],[67.428,23.952],[67.463,24.047],[67.394,24.053],[67.48,24.06],[67.44,24.121],[67.37,24.077],[67.305,24.223],[67.395,24.238],[67.28,24.299],[67.417,24.319],[67.373,24.392],[67.288,24.35],[67.346,24.455],[67.262,24.417],[67.29,24.531],[67.191,24.568],[67.334,24.634],[67.158,24.631],[67.295,24.775],[66.657,24.832],[66.753,25.178],[66.55,25.362],[66.609,25.398],[66.457,25.618],[66.238,25.607],[66.087,25.482],[66.341,25.547],[66.511,25.487],[66.464,25.453],[66.523,25.403],[66.287,25.469],[65.643,25.35],[65.316,25.395],[65.197,25.305],[64.77,25.351],[64.643,25.258],[64.699,25.187],[64.582,25.155],[64.555,25.27],[64.402,25.236],[64.091,25.336],[64.075,25.393],[64.22,25.442],[64.115,25.494],[63.928,25.413],[64.048,25.408],[64.06,25.323],[63.599,25.367],[63.448,25.313],[63.5,25.203],[62.541,25.267],[62.35,25.171],[62.387,25.096],[62.263,25.105],[62.324,25.13],[62.275,25.203],[62.118,25.207],[62.055,25.154],[62.097,25.095],[61.899,25.097],[61.757,25.007],[61.784,25.158],[61.574,25.181],[61.58,25.24],[61.421,25.06],[60.613,25.285],[60.618,25.407],[60.538,25.448],[60.405,25.375],[60.468,25.287],[60.31,25.335],[60.312,25.404],[60.202,25.325],[59.888,25.342],[59.358,25.516],[59.39,25.464],[59.263,25.437],[59.262,25.503],[59.149,25.495],[59.125,25.416],[59.245,25.443],[59.089,25.403],[58.563,25.639],[58.457,25.586],[58.309,25.648],[58.128,25.551],[57.947,25.7],[57.762,25.634],[57.825,25.686],[57.742,25.744],[57.315,25.783],[57.196,26.012],[57.225,26.167],[57.076,26.382],[57.038,26.789],[56.915,26.961],[56.972,27.02],[56.927,26.982],[56.863,27.115],[56.675,27.145],[56.68,27.2],[56.409,27.211],[55.641,26.98],[55.498,26.766],[55.255,26.784],[54.796,26.495],[54.412,26.591],[54.291,26.735],[53.729,26.7],[53.495,26.848],[53.463,26.978],[52.696,27.29],[52.576,27.381],[52.673,27.451],[52.436,27.645],[52.199,27.702],[52.036,27.842],[51.703,27.825],[51.402,27.922],[51.098,28.491],[51.03,28.812],[50.962,28.868],[50.977,28.816],[50.888,28.824],[50.81,28.923],[50.832,28.996],[50.915,28.931],[50.923,29.068],[50.668,29.123],[50.654,29.459],[50.15,29.932],[50.095,30.178],[49.941,30.208],[49.554,30],[49.501,30.139],[49.244,30.136],[49.237,30.259],[49.185,30.21],[48.925,30.385],[49.215,30.34],[49.245,30.477],[49.124,30.505],[49.082,30.421],[49.069,30.515],[48.9,30.504],[49.055,30.428],[48.788,30.32],[48.927,30.242],[48.927,30.033],[48.661,30.054],[48.658,29.948],[48.458,29.996],[48.575,29.932],[48.47,29.915],[48.202,30.035],[47.981,30.002],[47.957,30.071],[48.188,29.547],[47.971,29.575],[47.703,29.374],[48.1,29.353],[48.169,28.987],[48.397,28.744],[48.389,28.607],[48.543,28.408],[48.622,28.087],[48.793,27.996],[48.747,27.949],[48.883,27.83],[48.783,27.708],[48.885,27.681],[48.847,27.602],[49.252,27.524],[49.308,27.43],[49.128,27.409],[49.271,27.385],[49.218,27.308],[49.321,27.319],[49.322,27.177],[49.413,27.19],[49.374,27.118],[49.529,27.106],[49.498,27.158],[49.581,27.176],[49.681,26.968],[49.992,26.825],[50.165,26.637],[49.99,26.755],[50.051,26.47],[50.163,26.425],[50.203,26.514],[50.225,26.354],[50.16,26.04],[50.033,26.2],[50.003,25.987],[50.108,25.983],[50.264,25.675],[50.266,25.616],[50.157,25.697],[50.492,25.407],[50.562,25.046],[50.771,24.714],[50.87,24.8],[50.758,25.503],[50.849,25.468],[50.795,25.599],[50.847,25.654],[50.883,25.479],[50.973,25.603],[50.893,25.71],[50.933,25.809],[50.984,25.777],[50.991,25.983],[51.254,26.16],[51.403,25.967],[51.578,25.914],[51.597,25.787],[51.583,25.853],[51.526,25.757],[51.595,25.721],[51.506,25.693],[51.556,25.657],[51.475,25.51],[51.517,25.303],[51.61,25.278],[51.629,25.02],[51.373,24.581],[51.344,24.657],[51.22,24.643],[51.311,24.603],[51.303,24.507],[51.401,24.626],[51.505,24.573],[51.324,24.428],[51.298,24.294],[51.444,24.325],[51.593,24.253],[51.602,24.381],[51.636,24.203],[51.671,24.275],[51.705,24.209],[51.782,24.264],[51.799,24.011],[52.111,23.907],[52.099,23.969],[52.308,23.984],[52.594,24.195],[52.667,24.125],[53.444,24.123],[53.607,24.039],[54.093,24.12],[54.212,24.194],[54.097,24.236],[54.144,24.323],[54.222,24.245],[54.172,24.323],[54.274,24.302],[54.242,24.213],[54.457,24.281],[54.499,24.384],[54.316,24.45],[54.374,24.52],[54.549,24.425],[54.5,24.467],[54.594,24.475],[54.523,24.516],[54.609,24.52],[54.709,24.81],[54.751,24.767],[55.071,25.013],[55.471,25.393],[55.556,25.582],[55.545,25.512],[55.63,25.529],[55.962,25.768],[56.207,26.251],[56.222,26.194],[56.408,26.195],[56.305,26.202],[56.319,26.286],[56.375,26.257],[56.324,26.306],[56.374,26.386],[56.506,26.36],[56.397,26.283],[56.494,26.233],[56.435,26.191],[56.492,26.13],[56.383,26.199],[56.327,26.155],[56.334,26.095],[56.479,26.08],[56.388,26.033],[56.459,25.942],[56.266,25.631],[56.368,25.524],[56.411,24.862],[56.624,24.482],[57.182,23.932],[58.298,23.613],[58.564,23.635],[58.753,23.522],[59.512,22.541],[59.797,22.534],[59.808,22.22],[59.347,21.429],[59.061,21.264],[58.807,20.992],[58.664,20.775],[58.742,20.744],[58.587,20.628],[58.52,20.41],[58.445,20.345],[58.207,20.389],[58.267,20.581],[58.195,20.61],[57.845,20.238],[57.675,19.711],[57.841,18.999],[57.123,18.88],[56.798,18.746],[56.635,18.574],[56.55,18.125],[56.352,17.919],[55.428,17.818],[55.225,17.526],[55.305,17.397],[55.261,17.236],[55.02,17.001],[54.798,16.936],[54.625,17.028],[54.05,16.99],[53.586,16.747],[53.266,16.711],[52.483,16.44],[52.27,16.248],[52.154,16],[52.196,15.608],[51.368,15.23],[49.342,14.638],[49.074,14.502],[49.002,14.323],[48.698,14.042],[48.189,13.967],[47.978,14.047],[47.391,13.649],[46.695,13.426],[45.658,13.347],[45.385,13.056],[45.133,12.979],[45.04,12.751],[44.972,12.777],[45,12.851],[44.854,12.795],[44.925,12.763],[44.877,12.724],[44.589,12.814],[44.422,12.668],[43.962,12.594],[43.6,12.749],[43.463,12.675],[43.494,12.825],[43.243,13.257],[43.286,13.688],[42.972,14.488],[43.021,14.461],[42.992,14.663],[42.869,14.895],[42.934,14.81],[42.947,14.922],[42.843,15.158],[42.599,15.231],[42.679,15.25],[42.697,15.366],[42.772,15.21],[42.81,15.278],[42.686,15.702],[42.836,16.062],[42.704,16.739],[42.535,16.887],[42.551,17.003],[42.415,17.158],[42.362,17.176],[42.368,17.018],[42.31,17.452],[41.637,18.002],[41.418,18.518],[41.207,18.707],[41.242,18.846],[41.128,18.956],[41.16,19.087],[40.952,19.352],[40.96,19.495],[40.775,19.609],[40.795,19.729],[40.733,19.803],[40.632,19.773],[40.536,19.968],[40.112,20.269],[39.943,20.256],[39.736,20.385],[39.198,21.085],[39.1,21.332],[39.191,21.414],[39.087,21.7],[39.143,21.769],[39.084,21.708],[38.918,21.993],[38.947,21.94],[38.927,22.025],[38.992,22.065],[39.004,21.985],[39.051,22.063],[39.05,22.153],[39,22.087],[39.142,22.405],[39.07,22.34],[39.031,22.762],[38.968,22.744],[38.831,22.967],[38.957,22.845],[38.915,22.965],[38.813,22.981],[38.805,23.122],[38.455,23.782],[37.961,24.118],[37.942,24.21],[37.865,24.149],[37.691,24.299],[37.578,24.245],[37.428,24.371],[37.462,24.441],[37.153,24.828],[37.269,24.866],[37.24,25.188],[36.939,25.643],[36.715,25.741],[36.647,25.851],[36.708,26.028],[36.498,26.118],[36.23,26.643],[35.802,27.115],[35.806,27.23],[35.59,27.435],[35.43,27.771],[35.165,28.003],[35.221,28.047],[35.017,28.121],[34.739,28.059],[34.685,28.135],[34.632,28.025],[34.575,28.088],[34.804,28.522],[34.774,28.663],[35.002,29.527],[34.74,29.303],[34.627,28.726],[34.411,28.321],[34.439,27.995],[34.206,27.786],[34.246,27.723],[33.764,28.019],[33.237,28.553],[33.176,28.996],[32.715,29.448],[32.695,29.726],[32.568,29.924],[32.574,30.21],[32.45,30.286],[32.305,30.569],[32.365,31.228],[32.567,31.064],[32.923,31.148],[32.707,31.03],[32.928,31.105],[33.008,31.048],[33.064,31.125],[32.953,31.102],[33.094,31.181],[33.142,31.043],[33.447,31.146],[33.866,31.16],[34.237,31.338],[34.594,31.733],[34.855,32.352],[34.952,32.824],[35.065,32.858],[35.466,33.895],[35.645,34.004],[35.656,34.282],[35.989,34.537],[35.864,34.91],[35.951,35.189],[35.914,35.418],[35.714,35.587],[35.844,35.744],[35.799,35.854],[35.981,36.008],[35.782,36.319],[36.188,36.596],[36.194,36.781],[35.996,36.913],[35.793,36.75],[35.631,36.738],[35.732,36.695],[35.628,36.585],[35.355,36.533],[34.827,36.787],[34.64,36.797],[34.08,36.405],[34.089,36.31],[33.962,36.22],[33.861,36.313],[33.701,36.134],[33.165,36.129],[32.792,36.026],[32.373,36.162],[32.032,36.531],[31.171,36.85],[30.637,36.856],[30.482,36.424],[30.529,36.328],[30.405,36.2],[30.405,36.266],[30.187,36.307],[29.685,36.131],[29.102,36.387],[29.124,36.543],[29.01,36.544],[29.12,36.628],[29.091,36.68],[28.93,36.755],[28.846,36.59],[28.785,36.686],[28.617,36.705],[28.633,36.812],[28.462,36.813],[28.462,36.88],[28.38,36.848],[28.399,36.786],[28.259,36.846],[28.303,36.73],[28.027,36.561],[27.956,36.602],[28.095,36.647],[27.964,36.684],[28.129,36.726],[28.118,36.805],[27.73,36.762],[27.678,36.658],[27.405,36.663],[27.362,36.71],[27.64,36.811],[28.035,36.79],[28.022,36.926],[28.168,36.909],[28.335,37.054],[27.567,36.975],[27.424,37.037],[27.264,36.964],[27.254,37.131],[27.366,37.158],[27.471,37.083],[27.647,37.244],[27.457,37.253],[27.497,37.322],[27.39,37.324],[27.418,37.417],[27.193,37.354],[27.22,37.587],[27.005,37.658],[27.245,37.738],[27.256,37.976],[26.981,38.075],[26.867,38.032],[26.761,38.221],[26.637,38.205],[26.59,38.104],[26.378,38.271],[26.232,38.265],[26.283,38.374],[26.369,38.306],[26.515,38.428],[26.392,38.445],[26.355,38.642],[26.418,38.68],[26.625,38.53],[26.585,38.424],[26.677,38.311],[26.707,38.433],[26.806,38.355],[27.174,38.446],[26.95,38.436],[26.847,38.602],[26.722,38.65],[26.741,38.74],[26.894,38.733],[26.892,38.825],[27.066,38.878],[27.045,38.94],[26.802,38.951],[26.881,39.092],[26.608,39.273],[26.948,39.565],[26.072,39.47],[26.184,40.002],[26.325,40.029],[26.393,40.196],[26.747,40.405],[26.981,40.383],[27.284,40.474],[27.445,40.319],[27.756,40.306],[27.876,40.375],[27.684,40.473],[27.749,40.528],[28.032,40.481],[27.894,40.385],[27.953,40.35],[28.262,40.407],[29.054,40.364],[29.151,40.423],[29.081,40.476],[28.777,40.519],[28.975,40.64],[29.511,40.743],[29.552,40.687],[29.936,40.718],[29.252,40.801],[29.283,40.853],[29.005,41.016],[29.162,41.221],[29.972,41.133],[30.267,41.213],[30.756,41.088],[31.211,41.1],[31.403,41.213],[31.392,41.316],[32.236,41.687],[33.342,42.026],[34.718,41.943],[35.013,42.099],[35.216,42.02],[35.128,42.015],[35.095,41.922],[35.285,41.716],[35.576,41.623],[35.964,41.737],[36.043,41.697],[36.138,41.597],[36.126,41.467],[36.409,41.245],[36.618,41.367],[36.815,41.35],[37.048,41.176],[37.532,41.021],[37.685,41.14],[37.794,41.122],[37.886,40.983],[38.377,40.909],[39.438,41.11],[39.597,40.995],[40.171,40.921],[41.405,41.377],[41.78,41.842],[41.668,42.123],[41.708,42.184],[41.436,42.737],[41.148,42.796],[41.047,42.986],[40.858,43.072],[40.298,43.17],[40.247,43.314],[39.923,43.417],[38.787,44.282],[38.211,44.414],[37.802,44.732],[37.739,44.646],[37.457,44.702],[37.255,44.98],[36.6,45.193],[36.992,45.287],[36.801,45.3],[36.769,45.372],[36.86,45.376],[36.77,45.41],[36.628,45.305],[36.796,45.44],[37.148,45.348],[37.077,45.239],[37.315,45.29],[37.151,45.347],[37.533,45.38],[37.615,45.663],[37.835,45.756],[37.962,46.025],[38.114,46.055],[38.105,45.949],[38.275,46.259],[38.25,46.153],[38.59,46.037],[38.138,46.376],[37.905,46.41],[37.696,46.703],[38.007,46.635],[38.297,46.742],[38.34,46.665],[38.593,46.662],[38.512,46.75],[38.397,46.721],[38.502,46.88],[38.828,46.903],[39.101,47.045],[39.291,47.021],[39.226,47.088],[39.262,47.262],[39.198,47.285],[38.57,47.113],[38.5,47.187],[38.09,47.025],[38.13,47.067],[38.061,47.117],[37.572,47.1],[37.307,46.865],[37.239,46.95],[36.947,46.84],[36.768,46.63],[36.81,46.729],[36.622,46.779],[36.381,46.708],[36.123,46.489],[36.253,46.636],[35.921,46.655],[35.454,46.434],[35.178,46.139],[34.991,46.077],[35.357,46.357],[35.266,46.346],[35.276,46.46],[35.186,46.528],[35.2,46.373],[34.816,46.159],[34.632,46.17],[34.615,46.034],[34.465,45.915],[34.578,45.91],[34.562,45.988],[34.652,45.941],[34.52,45.785],[34.792,45.894],[34.569,45.724],[34.747,45.825],[34.785,45.788],[34.66,45.676],[34.879,45.746],[34.8,45.648],[34.877,45.709],[35.029,45.635],[35.11,45.487],[34.973,45.361],[35.464,45.283],[35.003,45.678],[34.898,45.856],[34.824,45.813],[34.815,46.029],[34.67,46.099],[34.797,46.075],[34.815,46.146],[35.05,45.657],[35.465,45.301],[35.718,45.334],[35.845,45.471],[35.982,45.367],[36.348,45.481],[36.646,45.374],[36.424,45.286],[36.458,45.095],[36.377,45.055],[35.835,44.995],[35.688,45.106],[35.486,45.113],[35.385,45.046],[35.385,44.945],[35.26,44.961],[35.085,44.79],[34.969,44.837],[34.607,44.769],[34.462,44.709],[34.35,44.545],[33.977,44.388],[33.742,44.382],[33.382,44.579],[33.593,44.611],[33.512,44.628],[33.601,45.003],[33.432,45.18],[33.263,45.142],[32.989,45.32],[33.203,45.442],[32.986,45.324],[32.65,45.31],[32.48,45.387],[33.139,45.717],[33.173,45.803],[33.243,45.747],[33.613,45.888],[33.687,45.833],[33.682,45.908],[33.766,45.928],[33.617,45.942],[33.597,46.154],[33.511,46.025],[33.202,46.105],[33.215,46.207],[33.138,46.122],[32.54,46.063],[32.228,46.128],[32.24,46.182],[31.896,46.314],[31.788,46.267],[31.791,46.328],[32.067,46.382],[32.028,46.438],[31.741,46.488],[31.737,46.403],[31.509,46.58],[32.446,46.488],[32.322,46.465],[32.363,46.518],[32.29,46.507],[32.292,46.576],[32.143,46.554],[31.986,46.653],[31.92,46.791],[31.989,46.89],[31.876,46.794],[31.903,46.649],[31.8,46.61],[31.427,46.628],[31.585,46.84],[31.506,46.727],[31.427,46.808],[31.499,46.727],[31.41,46.619],[31.015,46.639],[30.759,46.55],[30.753,46.377],[30.641,46.348],[30.48,46.078],[30.511,46.138],[30.323,46.374],[30.278,46.299],[30.26,46.393],[30.141,46.382],[30.152,46.283],[30.477,46.073],[29.728,45.585],[30.136,45.821],[30.131,45.902],[30.08,45.798],[29.977,45.85],[29.941,45.73],[29.807,45.74],[29.867,45.673],[29.742,45.602],[29.631,45.824],[29.593,45.563],[29.714,45.579],[29.607,45.476],[29.8,45.45],[29.722,45.344],[29.756,45.235],[29.671,45.29],[29.728,45.211],[29.632,45.217],[29.715,45.165],[29.609,44.851],[28.995,44.683],[28.972,44.748],[29.148,44.822],[29.044,44.854],[29.097,44.987],[28.863,44.954],[28.94,44.757],[28.715,44.728],[28.793,44.638],[28.891,44.71],[28.995,44.681],[28.762,44.619],[28.762,44.455],[28.932,44.614],[28.627,44.293],[28.673,43.982],[28.544,43.809],[28.584,43.484],[28.471,43.361],[28.322,43.418],[28.098,43.375],[28.017,43.223],[27.91,43.192],[27.9,42.701],[27.726,42.705],[27.651,42.551],[27.513,42.553],[27.462,42.44],[27.306,42.383],[27.472,42.457],[27.722,42.409],[27.752,42.245],[28.035,41.997],[28.057,41.881],[27.984,41.819],[28.211,41.522],[29.11,41.234],[28.982,40.999],[28.613,40.958],[28.552,41.078],[28.538,40.982],[28.226,41.076],[27.96,40.963],[27.516,40.976],[27.293,40.695],[26.69,40.453],[26.182,40.04],[26.274,40.242],[26.209,40.317],[26.795,40.558],[26.808,40.645],[26.137,40.589],[26.061,40.642],[26.055,40.83],[25.553,40.857],[25.129,40.955],[25.137,41.012],[24.783,40.849],[24.626,40.855],[24.564,40.957],[24.399,40.934],[24.343,40.825],[24.077,40.717],[23.852,40.795],[23.733,40.754],[23.693,40.671],[23.918,40.536],[23.82,40.507],[23.872,40.408],[24.001,40.384],[24.013,40.451],[24.403,40.156],[24.308,40.113],[24.156,40.284],[23.735,40.355],[23.694,40.288],[23.766,40.2],[23.995,40.11],[24.021,40.01],[23.949,39.939],[23.653,40.225],[23.399,40.28],[23.319,40.199],[22.887,40.375],[22.815,40.503],[22.976,40.54],[22.928,40.637],[22.585,40.467],[22.664,40.366],[22.55,40.153],[22.594,40.015],[23.35,39.186],[23.058,39.09],[23.22,39.182],[23.12,39.305],[22.936,39.359],[22.821,39.212],[22.983,39.099],[22.962,39.007],[23.057,39.016],[22.828,38.886],[22.527,38.858],[23.034,38.757],[23.105,38.627],[23.314,38.643],[23.285,38.557],[23.38,38.527],[23.332,38.5],[23.552,38.51],[23.657,38.353],[23.953,38.287],[24.081,38.162],[23.983,38.103],[24.085,37.797],[24.031,37.647],[23.52,38.044],[22.994,37.877],[23.18,37.805],[23.12,37.755],[23.162,37.615],[23.332,37.533],[23.303,37.613],[23.403,37.636],[23.392,37.51],[23.516,37.43],[23.271,37.406],[23.171,37.285],[23.065,37.353],[23.123,37.451],[22.718,37.561],[23.112,36.773],[23.026,36.725],[23.034,36.627],[23.198,36.435],[22.968,36.52],[22.806,36.671],[22.782,36.798],[22.635,36.805],[22.476,36.614],[22.482,36.388],[22.345,36.518],[22.39,36.692],[22.126,36.914],[22.126,37.025],[21.932,36.984],[21.969,36.796],[21.877,36.72],[21.704,36.814],[21.71,36.944],[21.565,37.149],[21.695,37.298],[21.655,37.43],[21.457,37.618],[21.308,37.635],[21.28,37.781],[21.105,37.851],[21.127,37.94],[21.32,38.015],[21.369,38.217],[21.6,38.145],[21.778,38.315],[21.956,38.328],[22.896,37.934],[22.976,37.977],[22.851,38.031],[23.169,38.075],[23.225,38.155],[22.782,38.232],[22.657,38.385],[22.559,38.28],[22.402,38.449],[22.377,38.331],[21.934,38.405],[21.509,38.295],[21.356,38.44],[21.252,38.302],[21.099,38.335],[21.159,38.413],[21.097,38.532],[21.027,38.504],[20.872,38.792],[20.771,38.754],[20.729,38.815],[20.8,38.867],[20.764,38.96],[21.175,38.868],[21.118,39.039],[20.795,39.061],[20.755,39.006],[20.83,38.96],[20.726,38.95],[20.475,39.278],[20.286,39.327],[20.213,39.446],[20.26,39.508],[20.135,39.527],[20.186,39.625],[19.982,39.689],[20.017,39.858],[19.91,39.905],[19.863,40.036],[19.469,40.215],[19.289,40.42],[19.482,40.347],[19.491,40.447],[19.378,40.535],[19.446,40.495],[19.456,40.563],[19.387,40.542],[19.309,40.657],[19.418,40.934],[19.441,40.872],[19.525,40.913],[19.501,40.998],[19.45,40.905],[19.43,41.014],[19.519,41.267],[19.391,41.412],[19.515,41.496],[19.444,41.589],[19.615,41.606],[19.595,41.812],[19.169,41.935],[18.888,42.274],[18.609,42.364],[18.548,42.414],[18.708,42.393],[18.687,42.475],[18.767,42.422],[18.763,42.49],[18.51,42.455],[18.527,42.392],[17.888,42.787],[17.696,42.835],[17.76,42.76],[17.008,43.005],[17.281,43.01],[17.742,42.834],[16.887,43.4],[16.434,43.545],[15.952,43.505],[15.912,43.628],[15.971,43.631],[15.886,43.74],[15.695,43.765],[15.143,44.194],[15.129,44.28],[15.297,44.25],[15.277,44.334],[15.627,44.138],[14.987,44.574],[14.888,44.716],[14.925,44.956],[14.846,45.113],[14.559,45.296],[14.329,45.355],[14.172,45.134],[14.171,44.98],[14.065,44.946],[14.046,45.043],[14.005,44.806],[13.883,44.822],[13.905,44.767],[13.622,45.061],[13.617,45.128],[13.723,45.132],[13.591,45.138],[13.609,45.313],[13.534,45.328],[13.49,45.486],[13.804,45.615],[13.544,45.795],[13.55,45.724],[13.387,45.675],[13.37,45.739],[13.126,45.77],[13.093,45.634],[12.91,45.659],[12.432,45.425],[12.585,45.543],[12.467,45.564],[12.285,45.477],[12.365,45.425],[12.248,45.469],[12.205,45.413],[12.257,45.41],[12.143,45.387],[12.214,45.2],[12.31,45.23],[12.292,45.08],[12.507,44.987],[12.418,44.955],[12.454,44.816],[12.427,44.895],[12.407,44.79],[12.293,44.84],[12.246,44.73],[12.396,44.205],[12.72,43.972],[13.627,43.552],[13.966,42.726],[14.531,42.224],[14.717,42.177],[14.788,42.045],[15.475,41.904],[15.344,41.862],[15.622,41.931],[15.757,41.846],[15.808,41.923],[16.153,41.91],[16.191,41.773],[15.895,41.612],[15.962,41.46],[18.022,40.644],[18.037,40.553],[18.424,40.295],[18.516,40.136],[18.348,39.79],[18.047,39.93],[17.97,40.053],[18.01,40.107],[17.858,40.284],[17.506,40.293],[17.201,40.408],[17.245,40.461],[17.122,40.519],[16.895,40.43],[16.605,40.084],[16.63,39.96],[16.489,39.759],[16.564,39.645],[16.774,39.623],[17.16,39.402],[17.11,39.106],[17.209,39.027],[17.098,38.894],[16.892,38.933],[16.605,38.813],[16.536,38.709],[16.57,38.426],[16.167,38.138],[16.065,37.924],[15.76,37.917],[15.635,38.017],[15.635,38.232],[15.812,38.294],[15.913,38.478],[15.838,38.649],[16.146,38.726],[16.221,38.853],[15.677,40.03],[15.574,40.079],[15.421,39.991],[15.268,40.025],[15.139,40.171],[14.905,40.246],[14.997,40.395],[14.792,40.664],[14.322,40.57],[14.456,40.745],[14.275,40.844],[14.045,40.789],[14.007,40.942],[13.726,41.243],[13.574,41.201],[13.274,41.295],[13.043,41.225],[12.92,41.38],[12.621,41.443],[12.221,41.742],[12.132,41.921],[11.834,42.03],[11.625,42.302],[11.375,42.406],[11.093,42.395],[11.195,42.508],[11.082,42.632],[10.729,42.804],[10.762,42.918],[10.494,42.934],[10.534,43.252],[10.336,43.482],[10.291,43.782],[10.18,43.961],[9.848,44.11],[9.831,44.048],[9.233,44.347],[9.215,44.299],[8.832,44.425],[8.499,44.324],[8.083,43.899],[7.187,43.688],[7.137,43.548],[6.963,43.545],[6.892,43.43],[6.752,43.425],[6.579,43.276],[6.698,43.27],[6.645,43.17],[6.2,43.119],[6.158,43.03],[5.922,43.125],[5.946,43.067],[5.827,43.05],[5.69,43.18],[5.336,43.215],[5.374,43.297],[5.312,43.362],[5.049,43.327],[4.986,43.396],[5.051,43.409],[4.858,43.456],[4.839,43.377],[4.917,43.383],[4.859,43.336],[4.78,43.404],[4.843,43.33],[4.661,43.348],[4.612,43.458],[4.558,43.455],[4.62,43.359],[4.565,43.444],[4.177,43.471],[4.085,43.561],[3.509,43.272],[3.334,43.287],[3.085,43.055],[3.04,43.102],[3.081,43.049],[2.995,42.959],[3.05,42.872],[3.005,42.927],[2.951,42.833],[3.026,42.802],[3.048,42.868],[3.057,42.536],[3.14,42.516],[3.164,42.361],[3.32,42.32],[3.103,42.211],[3.212,42.068],[3.203,41.891],[2.273,41.462],[2.111,41.287],[0.98,41.035],[0.702,40.807],[0.873,40.697],[0.668,40.56],[0.596,40.577],[0.743,40.638],[0.539,40.567],[-0.18,39.74],[-0.341,39.429],[-0.16,38.995],[0.235,38.738],[-0.505,38.334],[-0.51,38.203],[-0.614,38.176],[-0.749,37.792],[-0.859,37.723],[-0.717,37.607],[-1.11,37.534],[-1.243,37.577],[-1.452,37.492],[-1.796,37.229],[-1.894,36.948],[-2.126,36.73],[-2.371,36.84],[-2.563,36.815],[-2.7,36.682],[-2.926,36.751],[-4.415,36.719],[-4.638,36.507],[-5.175,36.415],[-5.346,36.109],[-5.425,36.177],[-5.432,36.07],[-5.608,36],[-5.903,36.184],[-6.039,36.183],[-6.311,36.532],[-6.18,36.49],[-6.252,36.514],[-6.227,36.593],[-6.39,36.629],[-6.441,36.721],[-6.345,36.888],[-6.4,36.81],[-6.524,36.979],[-6.922,37.178],[-6.867,37.293],[-6.939,37.213],[-6.983,37.268],[-6.952,37.171],[-7.168,37.235],[-7.38,37.171],[-7.42,37.236],[-7.393,37.166],[-7.985,37.033],[-7.949,36.98],[-8.519,37.152],[-8.995,37.023],[-8.756,37.729],[-8.815,37.748],[-8.809,37.925],[-8.889,37.957],[-8.785,38.316],[-8.915,38.493],[-8.795,38.382],[-8.826,38.448],[-8.63,38.408],[-8.728,38.442],[-8.726,38.572],[-8.786,38.468],[-8.897,38.52],[-9.225,38.412],[-9.186,38.537],[-9.284,38.672],[-9.148,38.689],[-9.053,38.602],[-9.095,38.662],[-9.003,38.658],[-9.047,38.72],[-8.924,38.764],[-8.996,38.892],[-8.946,38.997],[-9.123,38.71],[-9.432,38.688],[-9.5,38.783],[-9.34,39.231],[-9.409,39.367],[-9.183,39.407],[-9.23,39.438],[-9.072,39.593],[-8.865,40.144],[-8.793,40.118],[-8.909,40.189],[-8.688,40.667],[-8.75,40.648],[-8.625,41.144],[-8.715,41.178],[-8.79,41.415],[-8.75,41.514],[-8.883,41.752],[-8.901,42.112],[-8.6,42.345],[-8.874,42.253],[-8.642,42.436],[-8.84,42.385],[-8.945,42.464],[-8.822,42.453],[-8.831,42.575],[-8.738,42.663],[-8.842,42.687],[-8.858,42.607],[-8.902,42.643],[-9.043,42.519],[-9.091,42.577],[-8.867,42.828],[-9.088,42.738],[-9.152,42.798],[-9.123,42.911],[-9.193,42.955],[-9.281,42.889],[-9.302,43.054],[-9.169,43.107],[-9.177,43.194],[-8.933,43.221],[-8.994,43.277],[-8.843,43.345],[-8.707,43.284],[-8.448,43.385],[-8.377,43.329],[-8.307,43.406],[-8.206,43.323],[-8.176,43.419],[-8.318,43.446],[-8.162,43.5],[-8.342,43.457],[-8.327,43.564],[-7.904,43.77],[-7.867,43.68],[-7.688,43.792],[-7.598,43.658],[-7.469,43.726],[-7.237,43.571],[-7.041,43.557],[-7.049,43.481],[-6.945,43.575],[-6.245,43.595],[-6.079,43.537],[-5.852,43.66],[-5.693,43.545],[-4.476,43.38],[-3.813,43.496],[-3.808,43.396],[-3.591,43.515],[-3.43,43.463],[-3.522,43.427],[-3.468,43.38],[-3.322,43.419],[-3.008,43.315],[-3.036,43.373],[-2.947,43.436],[-2.752,43.459],[-2.688,43.366],[-2.646,43.416],[-2.131,43.275],[-1.667,43.39],[-1.494,43.525],[-1.284,44.21],[-1.259,44.543],[-1.192,44.663],[-1.016,44.654],[-1.168,44.772],[-1.261,44.629],[-1.096,45.56],[-0.804,45.345],[-0.653,45.049],[-0.507,45.008],[-0.645,45.082],[-0.796,45.472],[-1.238,45.693],[-1.24,45.789],[-1.123,45.785],[-1.181,45.854],[-1,45.972],[-1.079,45.959],[-1.152,46.157],[-1.243,46.163],[-1.101,46.317],[-1.21,46.266],[-1.813,46.493],[-1.878,46.629],[-2.145,46.821],[-1.989,47.029],[-2.251,47.133],[-2.169,47.171],[-2.172,47.268],[-1.957,47.293],[-2.301,47.233],[-2.545,47.29],[-2.472,47.295],[-2.559,47.376],[-2.433,47.413],[-2.5,47.495],[-2.39,47.506],[-2.851,47.499],[-2.917,47.557],[-2.69,47.59],[-2.759,47.646],[-2.921,47.582],[-2.977,47.662],[-2.93,47.556],[-3.036,47.638],[-3.021,47.568],[-3.13,47.598],[-3.081,47.469],[-3.132,47.474],[-3.21,47.64],[-3.134,47.749],[-3.215,47.643],[-3.362,47.69],[-3.282,47.686],[-3.364,47.708],[-3.282,47.781],[-3.453,47.695],[-3.526,47.796],[-3.857,47.789],[-3.947,47.903],[-4.044,47.845],[-4.147,47.913],[-4.182,47.801],[-4.377,47.796],[-4.438,47.97],[-4.74,48.041],[-4.304,48.092],[-4.279,48.158],[-4.432,48.239],[-4.557,48.17],[-4.549,48.254],[-4.633,48.283],[-4.536,48.345],[-4.54,48.286],[-4.158,48.25],[-4.34,48.318],[-4.27,48.358],[-4.457,48.329],[-4.301,48.428],[-4.775,48.331],[-4.731,48.56],[-4.009,48.73],[-3.857,48.621],[-3.821,48.718],[-3.598,48.67],[-3.515,48.836],[-3.227,48.87],[-3.213,48.806],[-3.077,48.884],[-3.135,48.75],[-3.015,48.822],[-2.687,48.496],[-2.319,48.69],[-2.337,48.62],[-2.247,48.645],[-2.213,48.574],[-2.049,48.64],[-1.975,48.536],[-2.033,48.651],[-1.935,48.703],[-1.843,48.712],[-1.872,48.646],[-1.772,48.604],[-1.357,48.634],[-1.57,48.744],[-1.615,48.836],[-1.534,49.035],[-1.588,49.009],[-1.612,49.221],[-1.548,49.22],[-1.811,49.374],[-1.888,49.528],[-1.846,49.623],[-1.94,49.728],[-1.623,49.645],[-1.266,49.699],[-1.23,49.609],[-1.31,49.55],[-1.116,49.326],[-0.993,49.398],[-0.23,49.278],[0.39,49.432],[0.486,49.481],[0.157,49.457],[0.065,49.517],[0.206,49.715],[0.58,49.852],[1.093,49.918],[1.52,50.21],[1.666,50.183],[1.539,50.278],[1.609,50.369],[1.554,50.397],[1.583,50.873],[2.5,51.076],[3.507,51.409],[3.811,51.335],[3.975,51.408],[4.25,51.352],[3.975,51.46],[3.813,51.385],[3.431,51.533],[3.835,51.607],[4.228,51.433],[4.292,51.45],[4.234,51.539],[3.984,51.59],[4.208,51.579],[4.104,51.647],[4.646,51.713],[4.057,51.836],[4.008,51.963],[4.135,51.963],[4.611,52.474],[4.733,52.967],[4.875,52.892],[5.037,52.94],[5.127,52.758],[5.291,52.742],[5.203,52.637],[5.021,52.63],[5.091,52.507],[5.039,52.466],[5.141,52.462],[4.931,52.384],[5.035,52.337],[5.253,52.31],[5.119,52.382],[5.565,52.599],[5.844,52.584],[5.588,52.662],[5.596,52.768],[5.713,52.842],[5.357,52.881],[5.407,53.022],[5.334,53.076],[5.59,53.303],[6.188,53.415],[6.179,53.337],[6.297,53.336],[6.196,53.407],[6.813,53.465],[7.095,53.257],[7.335,53.32],[7.428,53.223],[7.339,53.322],[7.01,53.348],[7.03,53.487],[7.148,53.535],[7.093,53.586],[7.287,53.682],[7.957,53.718],[8.174,53.542],[8.069,53.468],[8.205,53.403],[8.312,53.458],[8.309,53.525],[8.229,53.522],[8.273,53.612],[8.552,53.541],[8.506,53.369],[8.574,53.541],[8.481,53.697],[8.668,53.895],[8.797,53.835],[9.28,53.859],[9.541,53.614],[9.826,53.532],[9.556,53.622],[9.401,53.825],[9.192,53.92],[8.908,53.936],[8.836,54.031],[9.005,54.028],[9.016,54.091],[8.808,54.18],[8.961,54.317],[8.574,54.302],[8.692,54.361],[8.638,54.398],[9.014,54.487],[8.807,54.47],[8.972,54.532],[8.723,54.721],[8.529,54.627],[8.707,54.687],[8.611,54.882],[8.34,54.88],[8.276,54.752],[8.4,55.054],[8.466,55.044],[8.397,55.045],[8.376,54.896],[8.642,54.896],[8.677,55.332],[8.307,55.59],[8.239,55.556],[8.313,55.465],[8.072,55.559],[8.179,55.773],[8.099,56.03],[8.117,56.538],[8.213,56.71],[8.189,56.635],[8.3,56.551],[8.559,56.567],[8.262,56.777],[8.221,56.727],[8.342,56.941],[8.597,57.121],[9.4,57.161],[9.938,57.586],[10.657,57.738],[10.423,57.588],[10.551,57.438],[10.546,57.229],[10.341,56.993],[10.231,56.987],[10.309,56.982],[10.267,56.871],[10.336,56.707],[10.124,56.712],[10.347,56.694],[10.312,56.607],[10.41,56.531],[10.837,56.531],[10.961,56.442],[10.713,56.142],[10.625,56.229],[10.547,56.103],[10.52,56.174],[10.379,56.168],[10.481,56.208],[10.455,56.295],[10.244,56.187],[10.282,56.019],[10.197,55.839],[9.859,55.853],[10.052,55.824],[10.031,55.696],[9.559,55.707],[9.861,55.623],[9.738,55.519],[9.496,55.492],[9.696,55.462],[9.594,55.423],[9.672,55.286],[9.566,55.25],[9.717,55.248],[9.496,55.156],[9.461,55.117],[9.553,55.077],[9.424,55.028],[9.602,55.04],[9.786,54.914],[9.704,54.901],[9.747,54.839],[9.622,54.935],[9.421,54.828],[9.617,54.88],[9.842,54.759],[9.959,54.782],[10.029,54.553],[9.844,54.467],[10.163,54.477],[10.143,54.32],[10.325,54.439],[10.705,54.307],[11.132,54.391],[11.061,54.357],[11.094,54.198],[10.756,54.056],[10.888,53.96],[11.18,54.018],[11.462,53.9],[11.622,54.078],[11.512,54.064],[11.677,54.155],[12.085,54.184],[12.151,54.094],[12.092,54.182],[12.518,54.484],[12.964,54.437],[12.435,54.379],[12.359,54.299],[12.42,54.248],[12.552,54.381],[12.708,54.414],[12.676,54.373],[12.807,54.345],[13.022,54.44],[13.109,54.28],[13.46,54.09],[13.722,54.165],[13.804,54.097],[13.748,54.027],[13.916,53.924],[13.819,53.842],[14.258,53.756],[14.232,53.697],[14.33,53.736],[14.591,53.602],[14.541,53.705],[14.649,53.894],[14.762,53.927],[14.802,54.032],[14.732,54.026],[16.143,54.251],[16.53,54.542],[17.948,54.832],[18.328,54.836],[18.789,54.653],[18.423,54.787],[18.397,54.729],[18.521,54.642],[18.567,54.451],[18.797,54.344],[19.502,54.404],[19.878,54.64],[19.595,54.425],[19.228,54.337],[19.257,54.273],[19.402,54.279],[19.373,54.22],[19.987,54.576],[20.413,54.677],[20.082,54.651],[19.998,54.728],[19.966,54.642],[19.872,54.647],[19.964,54.782],[19.936,54.917],[20.407,54.945],[20.693,55.067],[21.044,55.4],[21.083,55.727],[21.138,55.608],[21.063,55.33],[20.514,54.955],[20.992,54.89],[21.247,54.951],[21.177,55.194],[21.276,55.203],[21.297,55.3],[21.191,55.341],[21.249,55.482],[21.081,55.73],[20.981,56.522],[21.056,56.836],[21.397,57.032],[21.416,57.291],[21.697,57.567],[22.61,57.76],[22.611,57.607],[23.127,57.366],[23.259,57.09],[23.637,56.962],[23.96,56.995],[24.394,57.24],[24.333,57.84],[24.489,58.08],[24.471,58.249],[24.586,58.322],[24.315,58.38],[24.272,58.274],[24.122,58.231],[24.008,58.323],[23.736,58.35],[23.696,58.522],[23.571,58.539],[23.494,58.688],[23.776,58.751],[23.444,58.765],[23.531,58.812],[23.427,58.934],[23.674,58.968],[23.401,59.025],[23.531,59.071],[23.503,59.23],[24.092,59.275],[24.033,59.391],[24.242,59.344],[24.177,59.398],[24.36,59.475],[24.795,59.445],[24.8,59.574],[24.955,59.486],[25.155,59.47],[25.142,59.543],[25.437,59.49],[25.558,59.543],[25.499,59.648],[25.677,59.565],[25.697,59.676],[25.815,59.565],[25.873,59.627],[25.974,59.584],[25.965,59.638],[26.948,59.438],[27.915,59.403],[28.062,59.463],[28.091,59.602],[28.001,59.697],[28.098,59.79],[28.367,59.66],[28.478,59.831],[28.975,59.814],[29.071,59.886],[28.987,59.914],[29.125,59.988],[30.167,59.852],[30.347,59.95],[29.972,60.009],[29.873,60.162],[29.042,60.178],[28.81,60.359],[28.623,60.353],[28.442,60.548],[28.717,60.439],[28.649,60.657],[28.796,60.675],[28.658,60.743],[28.6,60.651],[28.306,60.623],[28.352,60.597],[28.238,60.512],[27.877,60.512],[27.74,60.583],[27.747,60.486],[27.462,60.514],[27.492,60.461],[27.205,60.515],[27.289,60.532],[27.177,60.58],[27.167,60.521],[27.009,60.558],[26.99,60.465],[26.912,60.499],[26.947,60.446],[26.782,60.493],[26.68,60.425],[26.463,60.503],[26.404,60.423],[26.54,60.343],[26.39,60.356],[26.387,60.415],[26.318,60.372],[26.24,60.46],[26.274,60.387],[26.172,60.422],[26.193,60.363],[25.943,60.498],[26.119,60.327],[25.942,60.269],[25.934,60.357],[26.027,60.319],[25.999,60.375],[25.84,60.414],[25.916,60.368],[25.9,60.246],[25.743,60.325],[25.849,60.268],[25.671,60.277],[25.627,60.328],[25.723,60.339],[25.672,60.385],[25.519,60.331],[25.502,60.25],[25.323,60.287],[25.083,60.155],[24.99,60.23],[24.96,60.154],[24.847,60.209],[24.712,60.107],[24.563,60.175],[24.621,60.143],[24.572,60.104],[24.648,60.11],[24.393,59.966],[24.484,60.074],[24.322,60.004],[24.389,60.084],[24.337,60.095],[23.798,59.966],[23.425,59.964],[23.545,60.098],[23.218,59.84],[22.893,59.809],[23.207,59.912],[23.144,59.922],[23.193,59.976],[23.096,59.954],[23.231,60.035],[23.038,59.988],[23.03,59.91],[22.884,59.917],[22.807,60.017],[22.982,59.971],[22.99,60.04],[23.262,60.063],[23.054,60.047],[22.982,60.08],[23.061,60.13],[22.867,60.164],[23.092,60.37],[22.52,60.213],[22.636,60.285],[22.453,60.267],[22.65,60.405],[22.295,60.384],[21.905,60.555],[21.889,60.482],[21.76,60.475],[21.85,60.64],[21.587,60.491],[21.546,60.594],[21.426,60.603],[21.341,60.716],[21.464,60.747],[21.306,60.874],[21.444,60.886],[21.209,60.911],[21.319,60.907],[21.242,60.981],[21.297,61.007],[21.447,60.914],[21.299,61.088],[21.498,61.076],[21.426,61.135],[21.506,61.187],[21.441,61.193],[21.614,61.23],[21.494,61.264],[21.578,61.335],[21.449,61.43],[21.599,61.446],[21.451,61.51],[21.634,61.513],[21.471,61.589],[21.797,61.492],[21.529,61.69],[21.622,61.708],[21.436,61.8],[21.551,61.819],[21.422,61.952],[21.282,61.993],[21.304,62.144],[21.441,62.218],[21.382,62.286],[21.319,62.247],[21.367,62.371],[21.306,62.349],[21.302,62.418],[21.217,62.34],[21.246,62.448],[21.175,62.419],[21.211,62.494],[21.113,62.488],[21.104,62.553],[21.234,62.602],[21.079,62.614],[21.082,62.684],[21.252,62.892],[21.408,62.878],[21.473,63.061],[21.691,63.056],[21.556,63.089],[21.617,63.114],[21.511,63.175],[21.573,63.192],[21.548,63.269],[21.677,63.21],[21.992,63.26],[21.938,63.188],[22.007,63.155],[22.027,63.238],[22.371,63.286],[22.387,63.352],[22.206,63.455],[22.411,63.437],[22.289,63.52],[22.324,63.575],[22.445,63.474],[22.524,63.592],[22.426,63.601],[22.618,63.724],[22.812,63.645],[22.939,63.711],[22.862,63.741],[22.944,63.757],[22.883,63.804],[22.671,63.812],[22.733,63.85],[22.947,63.89],[23.015,63.78],[23.044,63.876],[23.136,63.873],[23.08,63.916],[23.433,63.942],[23.373,63.968],[23.397,64.082],[23.622,64.043],[23.582,64.116],[23.689,64.218],[23.946,64.258],[23.919,64.329],[24.083,64.443],[24.303,64.448],[24.247,64.532],[24.358,64.535],[24.409,64.668],[24.574,64.734],[24.546,64.821],[25.095,64.92],[25.395,64.836],[25.201,65.007],[25.455,64.945],[25.424,65.004],[25.509,65.022],[25.227,65.127],[25.267,65.2],[25.409,65.194],[25.256,65.219],[25.352,65.231],[25.244,65.318],[25.476,65.314],[25.259,65.369],[25.364,65.461],[25.052,65.645],[24.657,65.64],[24.537,65.742],[24.592,65.844],[24.428,65.77],[24.248,65.831],[24.166,65.756],[24.157,65.861],[23.818,65.752],[23.732,65.832],[23.572,65.783],[23.473,65.845],[23.395,65.749],[23.365,65.825],[23.06,65.882],[23.234,65.773],[23.095,65.696],[22.64,65.907],[22.717,65.819],[22.672,65.75],[22.306,65.848],[22.369,65.672],[22.283,65.715],[22.232,65.656],[22.372,65.637],[22.296,65.602],[22.397,65.535],[22.028,65.592],[21.746,65.752],[22.186,65.548],[21.833,65.523],[22.036,65.468],[21.922,65.397],[21.545,65.43],[21.683,65.337],[21.447,65.387],[21.5,65.317],[21.709,65.311],[21.634,65.244],[21.747,65.191],[21.522,65.23],[21.34,65.367],[21.233,65.333],[21.466,65.286],[21.594,65.14],[21.509,65.143],[21.549,65.065],[21.441,65.067],[21.466,65.014],[21.364,65.026],[21.392,64.957],[21.234,64.942],[21.163,64.816],[21.001,64.844],[21.304,64.755],[21.221,64.742],[21.285,64.665],[21.102,64.686],[21.485,64.575],[21.558,64.515],[21.414,64.511],[21.619,64.443],[20.976,64.163],[20.899,63.977],[20.674,63.796],[20.573,63.81],[20.543,63.735],[20.5,63.836],[20.4,63.671],[20.317,63.784],[20.317,63.658],[20.249,63.67],[20.288,63.75],[20.241,63.655],[20.022,63.672],[20.019,63.607],[19.862,63.599],[19.665,63.43],[19.453,63.573],[19.516,63.407],[19.335,63.497],[19.367,63.441],[19.264,63.456],[19.257,63.334],[19.134,63.333],[19.136,63.256],[19.009,63.249],[19.097,63.231],[19.032,63.186],[18.873,63.295],[18.72,63.285],[18.889,63.206],[18.74,63.178],[18.714,63.226],[18.794,63.223],[18.685,63.251],[18.729,63.162],[18.519,63.157],[18.474,63.024],[18.204,63.013],[18.562,62.963],[18.417,62.978],[18.514,62.927],[18.392,62.917],[18.461,62.878],[18.35,62.836],[18.206,62.887],[18.282,62.829],[18.122,62.769],[17.984,62.81],[18.161,62.814],[18.047,62.858],[17.914,62.828],[17.826,63.009],[17.684,63.005],[17.841,62.928],[17.993,62.667],[17.849,62.673],[17.941,62.648],[17.854,62.491],[17.664,62.472],[17.742,62.387],[17.463,62.537],[17.327,62.472],[17.397,62.438],[17.319,62.392],[17.382,62.304],[17.666,62.231],[17.504,62.227],[17.547,62.171],[17.433,62.066],[17.462,62.001],[17.326,61.928],[17.321,61.819],[17.419,61.809],[17.351,61.782],[17.382,61.71],[17.509,61.712],[17.488,61.621],[17.118,61.727],[17.256,61.657],[17.097,61.623],[17.244,61.604],[17.039,61.577],[17.222,61.553],[17.044,61.548],[17.224,61.426],[17.086,61.413],[17.261,61.307],[17.136,61.315],[17.274,61.281],[17.084,61.315],[17.216,61.249],[17.121,61.207],[17.206,61.085],[17.139,61.002],[17.249,61.006],[17.141,60.946],[17.336,60.884],[17.244,60.81],[17.359,60.754],[17.176,60.682],[17.617,60.646],[17.589,60.583],[17.735,60.5],[17.732,60.555],[17.99,60.605],[17.986,60.508],[18.286,60.378],[18.229,60.338],[18.453,60.34],[18.504,60.283],[18.432,60.281],[18.611,60.253],[18.502,60.225],[18.311,60.317],[18.587,60.062],[18.595,60.145],[18.77,60.05],[18.838,60.11],[18.904,59.932],[19.088,59.878],[19.052,59.815],[18.873,59.935],[18.942,59.845],[18.716,59.749],[19.091,59.748],[18.267,59.464],[18.224,59.43],[18.332,59.381],[18.084,59.423],[18.054,59.376],[18.156,59.323],[18.085,59.319],[18.463,59.317],[18.414,59.423],[18.478,59.423],[18.712,59.278],[18.432,59.307],[18.621,59.248],[18.498,59.214],[18.306,59.333],[18.368,59.264],[18.256,59.269],[18.474,59.166],[17.992,59.016],[17.923,58.804],[17.862,58.916],[17.773,58.961],[17.798,58.865],[17.733,58.928],[17.784,59.097],[17.693,59.052],[17.653,59.185],[17.687,59.104],[17.574,58.949],[17.631,58.883],[17.526,58.896],[17.575,58.831],[17.454,58.888],[17.507,58.782],[17.158,58.716],[17.083,58.77],[17.014,58.741],[17.124,58.708],[17.034,58.697],[17.171,58.689],[16.953,58.68],[17.044,58.649],[16.935,58.61],[16.187,58.642],[16.773,58.605],[16.949,58.478],[16.738,58.421],[16.416,58.477],[16.789,58.367],[16.631,58.354],[16.824,58.307],[16.699,58.265],[16.856,58.195],[16.781,58.172],[16.829,58.128],[16.694,58.148],[16.816,58.058],[16.689,58.048],[16.782,58.005],[16.649,58.011],[16.742,57.948],[16.814,57.997],[16.759,57.958],[16.806,57.909],[16.741,57.913],[16.796,57.866],[16.471,57.892],[16.719,57.731],[16.411,57.882],[16.742,57.672],[16.589,57.694],[16.668,57.557],[16.514,57.588],[16.671,57.546],[16.714,57.488],[16.654,57.463],[16.729,57.444],[16.457,57.267],[16.584,57.048],[16.451,57.045],[16.536,57.003],[16.446,57.014],[16.394,56.786],[16.482,56.771],[16.361,56.763],[16.379,56.657],[16.246,56.631],[16.049,56.25],[15.848,56.074],[15.782,56.115],[15.829,56.17],[15.588,56.15],[15.593,56.212],[15.35,56.12],[15.31,56.18],[14.688,56.167],[14.756,56.01],[14.542,56.061],[14.339,55.956],[14.226,55.859],[14.209,55.701],[14.364,55.552],[14.197,55.382],[13.893,55.433],[13.367,55.336],[12.813,55.378],[12.974,55.439],[12.898,55.565],[13.069,55.674],[12.906,55.751],[12.917,55.835],[12.446,56.304],[12.794,56.215],[12.832,56.275],[12.619,56.422],[12.883,56.437],[12.941,56.583],[12.848,56.662],[12.729,56.641],[12.611,56.821],[12.352,56.931],[12.151,57.193],[12.213,57.225],[12.094,57.234],[12.169,57.307],[12.066,57.337],[12.109,57.434],[12.063,57.463],[12.005,57.34],[11.909,57.392],[11.967,57.495],[11.928,57.624],[11.834,57.659],[11.957,57.707],[11.702,57.705],[11.854,57.8],[11.674,57.848],[11.784,57.902],[11.806,58.105],[11.917,58.223],[11.814,58.317],[11.911,58.342],[11.702,58.341],[11.671,58.262],[11.489,58.21],[11.705,58.306],[11.846,58.231],[11.831,58.122],[11.701,58.075],[11.782,58.064],[11.762,58.007],[11.568,57.928],[11.517,57.991],[11.589,58.007],[11.489,58.029],[11.706,58.103],[11.443,58.06],[11.399,58.163],[11.479,58.193],[11.406,58.206],[11.706,58.437],[11.623,58.402],[11.576,58.478],[11.576,58.357],[11.436,58.268],[11.456,58.393],[11.357,58.351],[11.463,58.46],[11.211,58.351],[11.229,58.441],[11.362,58.49],[11.227,58.514],[11.319,58.582],[11.172,58.721],[11.197,58.771],[11.262,58.72],[11.186,58.782],[11.239,58.853],[11.136,58.833],[11.219,58.867],[11.114,58.92],[11.206,58.915],[11.119,58.961],[11.176,58.993],[11.094,58.983],[11.264,59.097],[11.144,59.196],[11.077,59.123],[10.917,59.223],[10.821,59.172],[10.728,59.228],[10.796,59.322],[10.682,59.306],[10.657,59.428],[10.587,59.422],[10.689,59.525],[10.584,59.761],[10.66,59.871],[10.736,59.767],[10.753,59.909],[10.474,59.835],[10.609,59.563],[10.234,59.568],[10.499,59.433],[10.529,59.308],[10.386,59.173],[10.447,59.156],[10.422,59.063],[10.359,59.185],[10.4,59.28],[10.282,59.14],[10.308,59.055],[10.23,59.128],[10.214,59.027],[10.02,59.049],[10.041,58.98],[9.96,58.963],[9.814,58.973],[9.798,59.09],[9.672,59.055],[9.518,59.135],[9.751,58.987],[9.467,58.938],[9.564,58.908],[9.497,58.872],[9.299,58.887],[9.441,58.804],[9.061,58.73],[9.23,58.739],[9.203,58.666],[9.01,58.567],[8.936,58.62],[9.003,58.559],[8.889,58.523],[8.921,58.475],[8.752,58.452],[8.382,58.197],[8.256,58.207],[8.329,58.189],[8.217,58.109],[8.043,58.13],[8.032,58.235],[7.948,58.074],[7.598,58.001],[7.178,58.057],[7.048,57.98],[7.134,58.078],[6.983,58.023],[7.057,58.12],[6.96,58.048],[6.953,58.106],[6.812,58.094],[7.047,58.138],[6.907,58.132],[6.877,58.197],[6.794,58.185],[6.866,58.131],[6.773,58.115],[6.797,58.055],[6.638,58.065],[6.554,58.116],[6.622,58.179],[6.938,58.295],[6.723,58.22],[6.662,58.295],[6.648,58.233],[6.48,58.255],[5.862,58.429],[5.489,58.751],[5.601,58.878],[5.572,58.962],[5.684,58.928],[5.574,59.032],[5.769,58.996],[5.743,58.853],[5.872,58.97],[6.286,58.839],[6.117,58.937],[6.647,59.052],[6.268,59.009],[6.072,58.902],[5.996,58.972],[6.087,58.986],[5.889,59.084],[6.194,59.148],[6.027,59.144],[6.198,59.257],[6.563,59.319],[6.16,59.26],[6.123,59.304],[6.292,59.317],[6.219,59.391],[6.235,59.322],[6.022,59.343],[6.27,59.504],[6.597,59.559],[6.273,59.515],[6.318,59.639],[6.216,59.472],[5.977,59.352],[5.912,59.447],[6.198,59.482],[5.905,59.473],[5.85,59.54],[5.852,59.462],[5.735,59.474],[5.667,59.391],[5.842,59.435],[5.889,59.35],[5.648,59.259],[5.629,59.501],[5.466,59.456],[5.612,59.445],[5.558,59.273],[5.464,59.283],[5.475,59.394],[5.399,59.299],[5.382,59.42],[5.353,59.267],[5.224,59.526],[5.39,59.65],[5.474,59.622],[5.412,59.662],[5.523,59.733],[5.536,59.568],[5.46,59.482],[5.593,59.684],[5.81,59.605],[5.937,59.672],[5.782,59.682],[5.93,59.77],[6.095,59.736],[6.357,59.853],[6.028,59.752],[5.954,59.787],[5.988,59.856],[5.883,59.767],[5.672,59.845],[5.991,59.953],[6.038,60.07],[6.316,60.129],[6.138,60.108],[6.083,60.193],[6.355,60.373],[6.671,60.41],[6.545,60.072],[6.684,60.387],[6.832,60.475],[7.141,60.498],[6.912,60.496],[7.025,60.587],[6.702,60.431],[6.629,60.467],[6.717,60.522],[6.15,60.374],[6.197,60.281],[6.018,60.269],[5.901,60.157],[5.898,60.013],[5.767,59.976],[5.705,60.05],[5.621,59.939],[5.669,59.904],[5.547,59.886],[5.501,59.974],[5.376,59.99],[5.492,59.99],[5.557,60.08],[5.756,60.06],[5.766,60.188],[5.572,60.157],[5.748,60.24],[5.582,60.254],[5.766,60.391],[5.647,60.372],[5.442,60.132],[5.324,60.189],[5.36,60.23],[5.244,60.21],[5.328,60.268],[5.201,60.286],[5.334,60.343],[5.169,60.374],[5.349,60.38],[5.253,60.478],[5.295,60.526],[5.46,60.422],[5.736,60.458],[5.736,60.692],[5.799,60.734],[5.677,60.7],[5.707,60.765],[5.551,60.699],[5.559,60.629],[5.277,60.54],[5.112,60.658],[5.267,60.619],[5.159,60.729],[4.947,60.808],[5.458,60.635],[5.379,60.684],[5.468,60.659],[5.452,60.713],[5.268,60.769],[5.375,60.865],[5.533,60.87],[5.352,60.87],[5.26,60.791],[5.087,60.832],[5.006,60.964],[5.126,60.956],[5.122,60.875],[5.194,60.968],[5.052,60.969],[5.047,61.061],[5.482,60.986],[5.513,61.063],[5.987,61.128],[6.29,61.1],[6.273,61.035],[6.415,61.07],[6.354,61.01],[6.41,61.006],[6.647,61.175],[7.011,61.068],[7.041,60.998],[6.871,60.921],[7.053,60.986],[7.158,60.939],[7.123,60.862],[7.194,60.938],[7.086,60.975],[7.042,61.105],[7.477,61.1],[7.374,61.148],[7.712,61.234],[7.42,61.201],[7.311,61.298],[7.587,61.494],[7.287,61.399],[7.349,61.347],[7.249,61.301],[7.397,61.182],[7.328,61.157],[6.946,61.113],[7.172,61.202],[7.119,61.212],[7.167,61.268],[6.997,61.158],[6.6,61.206],[6.753,61.419],[6.657,61.284],[6.504,61.276],[6.572,61.212],[6.487,61.227],[6.549,61.138],[6.478,61.115],[6.225,61.187],[6.053,61.146],[6.068,61.218],[5.425,61.07],[5.232,61.105],[5.197,61.148],[5.289,61.137],[5.089,61.2],[5.313,61.187],[5.013,61.22],[4.981,61.284],[5.674,61.368],[5.082,61.321],[5.034,61.393],[5.164,61.431],[4.979,61.422],[5.24,61.484],[5.856,61.456],[5.178,61.514],[5.401,61.551],[5.182,61.597],[5.388,61.607],[4.997,61.58],[5.288,61.625],[4.972,61.672],[5.037,61.76],[5.168,61.703],[5.226,61.727],[5.162,61.764],[5.298,61.772],[5.106,61.783],[5.386,61.847],[5.192,61.882],[5.615,61.9],[5.782,61.852],[5.647,61.813],[5.983,61.85],[5.923,61.738],[6.023,61.845],[6.188,61.766],[6.083,61.848],[6.498,61.805],[6.846,61.871],[5.178,61.895],[5.161,61.983],[5.225,61.935],[5.203,61.98],[5.424,62.02],[5.117,62.099],[5.099,62.193],[5.331,62.166],[5.496,62.042],[5.458,62.005],[5.622,62.067],[5.404,62.128],[5.488,62.201],[5.727,62.089],[5.672,62.175],[5.916,62.19],[5.944,62.117],[5.848,62.006],[5.978,62.144],[6.091,62.095],[6.038,62.046],[6.313,62.06],[5.931,62.222],[6.118,62.19],[5.983,62.27],[6.348,62.375],[6.552,62.105],[6.611,62.143],[6.556,62.194],[6.654,62.194],[6.531,62.207],[6.411,62.387],[6.593,62.334],[6.547,62.412],[6.728,62.452],[6.916,62.412],[7.011,62.283],[7.021,62.179],[6.869,62.087],[7.198,62.099],[6.962,62.116],[7.039,62.277],[7.429,62.252],[6.99,62.312],[6.944,62.426],[6.81,62.482],[6.253,62.455],[6.723,62.493],[6.255,62.53],[6.259,62.585],[6.572,62.625],[6.615,62.559],[6.626,62.629],[6.782,62.655],[6.915,62.574],[6.912,62.648],[7.08,62.655],[7.027,62.617],[7.142,62.523],[7.17,62.631],[7.558,62.497],[7.784,62.577],[7.553,62.554],[7.4,62.632],[7.543,62.589],[7.505,62.664],[7.953,62.744],[8.147,62.695],[8.065,62.775],[7.346,62.695],[7.67,62.794],[6.982,62.724],[6.997,62.814],[7.242,62.81],[6.997,62.835],[6.899,62.907],[6.983,62.956],[7.29,63.016],[7.472,62.901],[7.778,62.97],[7.69,62.897],[8.037,62.967],[8.141,62.819],[8.532,62.669],[8.538,62.73],[8.192,62.828],[8.151,62.89],[8.206,62.91],[7.982,63.039],[7.882,62.99],[8.112,63.108],[8.334,62.965],[8.3,62.86],[8.513,62.836],[8.42,62.902],[8.699,62.817],[8.422,62.947],[8.656,62.988],[8.37,62.969],[8.492,63.021],[8.265,63.016],[8.156,63.112],[8.622,63.098],[8.497,63.146],[8.983,63.205],[8.595,63.193],[8.477,63.277],[8.611,63.317],[8.446,63.338],[8.515,63.382],[8.721,63.34],[8.617,63.316],[8.835,63.345],[8.651,63.408],[9.003,63.403],[9.02,63.464],[9.179,63.375],[9.1,63.288],[9.499,63.396],[9.24,63.369],[9.192,63.43],[9.506,63.484],[9.148,63.488],[9.388,63.56],[9.42,63.501],[9.483,63.573],[9.582,63.527],[9.492,63.58],[9.732,63.648],[9.808,63.517],[9.979,63.443],[9.827,63.313],[10.26,63.325],[10.057,63.381],[10.188,63.451],[10.961,63.447],[10.754,63.505],[10.934,63.561],[10.849,63.574],[10.908,63.614],[10.629,63.548],[10.952,63.701],[11.43,63.772],[11.442,63.825],[11.292,63.866],[11.378,63.948],[11.303,63.869],[11.071,63.86],[11.493,64.008],[11.236,64.032],[11.385,64.113],[10.591,63.806],[10.945,63.906],[11.069,63.839],[10.95,63.742],[10.1,63.495],[9.934,63.501],[9.899,63.573],[10.004,63.597],[9.852,63.587],[9.803,63.657],[10.115,63.783],[9.527,63.636],[9.537,63.719],[9.806,63.763],[9.561,63.77],[9.853,63.884],[10.251,63.907],[10.2,63.962],[9.947,63.907],[10.174,63.986],[9.943,63.945],[10.054,63.99],[10.027,64.101],[10.253,64.103],[10.116,64.126],[10.224,64.149],[10.207,64.207],[10.376,64.181],[10.276,64.237],[10.501,64.297],[10.44,64.356],[10.681,64.361],[10.466,64.4],[10.518,64.44],[10.84,64.372],[10.651,64.455],[10.986,64.502],[10.904,64.577],[10.955,64.608],[11.087,64.572],[11.16,64.443],[11.339,64.437],[11.218,64.312],[11.403,64.449],[11.86,64.448],[11.44,64.455],[11.522,64.562],[11.794,64.592],[11.513,64.569],[11.386,64.688],[11.865,64.798],[11.625,64.818],[11.794,64.839],[11.652,64.837],[11.693,64.876],[12.17,64.96],[11.225,64.727],[11.442,64.812],[11.188,64.783],[11.262,64.849],[11.722,64.91],[11.288,64.879],[11.452,64.941],[11.571,64.893],[11.61,64.932],[11.47,64.945],[12.067,65.08],[12.203,65.214],[12.307,65.164],[12.237,65.111],[12.342,65.092],[11.972,65.066],[12.45,65.077],[12.961,65.314],[12.497,65.135],[12.351,65.161],[12.509,65.195],[12.336,65.229],[12.458,65.258],[12.251,65.232],[12.47,65.369],[12.044,65.214],[12.147,65.371],[12.276,65.392],[12.161,65.39],[12.353,65.466],[12.177,65.438],[12.293,65.588],[12.513,65.393],[12.467,65.458],[12.695,65.374],[12.609,65.434],[12.776,65.46],[12.606,65.462],[12.664,65.479],[12.549,65.507],[12.622,65.524],[12.567,65.586],[12.52,65.51],[12.456,65.519],[12.54,65.583],[12.402,65.536],[12.351,65.626],[12.51,65.738],[12.789,65.632],[12.537,65.75],[12.721,65.779],[12.598,65.823],[12.669,65.923],[12.87,65.974],[13.201,65.828],[13.131,65.943],[12.894,65.972],[13.047,66.078],[12.677,66.071],[13.522,66.243],[13.582,66.214],[13.501,66.193],[13.607,66.202],[13.54,66.11],[13.823,66.14],[13.598,66.226],[13.798,66.244],[13.787,66.193],[14.125,66.307],[13.018,66.178],[13.17,66.275],[13.559,66.308],[13,66.33],[13.157,66.407],[13.074,66.466],[13.166,66.466],[12.974,66.531],[13.123,66.551],[13.257,66.446],[13.381,66.468],[13.264,66.467],[13.26,66.53],[13.663,66.519],[13.469,66.566],[13.727,66.606],[13.202,66.556],[13.372,66.636],[13.212,66.632],[13.166,66.661],[13.228,66.681],[13.559,66.648],[13.201,66.72],[13.703,66.7],[13.897,66.73],[13.573,66.71],[13.473,66.743],[13.754,66.758],[13.497,66.805],[13.991,66.798],[13.673,66.831],[13.701,66.874],[13.489,66.952],[13.787,66.959],[13.719,66.978],[13.958,67.06],[13.926,67.011],[14.004,67.002],[13.894,66.972],[14.008,66.964],[14.052,67.082],[14.142,66.967],[14.247,67],[14.235,67.078],[14.424,67.082],[14.241,67.092],[14.337,67.173],[14.812,67.242],[15.009,67.239],[14.889,67.174],[14.975,67.12],[14.941,67.193],[15.097,67.237],[15.393,67.191],[15.396,67.105],[15.473,67.1],[15.481,67.184],[15.352,67.223],[15.513,67.244],[15.04,67.271],[15.17,67.329],[14.728,67.24],[14.732,67.312],[14.311,67.264],[14.652,67.442],[14.865,67.385],[15.056,67.453],[14.656,67.474],[14.93,67.575],[15.154,67.566],[15.007,67.577],[15.084,67.53],[14.933,67.49],[15.242,67.508],[15.143,67.434],[15.45,67.495],[15.592,67.35],[15.696,67.436],[15.578,67.411],[15.538,67.492],[15.887,67.579],[15.525,67.51],[15.216,67.556],[15.237,67.617],[15.452,67.59],[15.159,67.63],[15.334,67.69],[15.246,67.701],[15.305,67.739],[15.852,67.709],[15.372,67.878],[15.376,67.802],[15.165,67.717],[14.767,67.658],[14.894,67.711],[14.782,67.737],[15.134,67.762],[14.823,67.77],[14.752,67.809],[14.807,67.847],[15.111,67.867],[14.85,67.878],[15.228,67.904],[15.185,67.852],[15.725,67.969],[15.865,67.908],[15.996,67.995],[15.938,68.03],[15.52,68.098],[15.407,67.994],[15.278,68.062],[15.63,68.19],[15.726,68.154],[15.604,68.111],[15.653,68.084],[15.803,68.098],[16.003,68.267],[16.124,68.207],[16.044,68.18],[16.143,68.188],[16.066,68.049],[16.221,67.974],[16.203,67.9],[16.517,67.817],[16.236,67.903],[16.282,67.985],[16.192,68.024],[16.458,67.915],[16.319,68.028],[16.522,67.966],[16.461,67.993],[16.517,68.028],[16.361,68.043],[16.458,68.122],[16.746,68.089],[16.335,68.097],[16.246,68.138],[16.422,68.14],[16.488,68.187],[16.422,68.206],[16.614,68.183],[16.48,68.244],[16.198,68.21],[16.367,68.249],[16.171,68.322],[16.826,68.156],[16.285,68.376],[16.767,68.423],[16.904,68.384],[16.832,68.335],[17.195,68.392],[17.346,68.279],[17.333,68.194],[17.411,68.262],[17.269,68.322],[17.305,68.421],[17.905,68.415],[17.478,68.465],[17.558,68.548],[17.066,68.45],[17.107,68.484],[17.003,68.525],[16.513,68.445],[16.456,68.507],[16.632,68.537],[16.562,68.584],[16.62,68.645],[16.973,68.715],[17.147,68.645],[17.212,68.658],[17.114,68.708],[17.267,68.737],[17.691,68.671],[17.257,68.762],[17.477,68.82],[17.807,68.749],[17.481,68.832],[17.862,68.865],[17.716,68.932],[17.461,68.893],[17.569,68.961],[17.481,68.992],[17.642,69.109],[18.212,69.123],[17.967,69.233],[18.172,69.388],[18.148,69.465],[18.368,69.458],[18.311,69.362],[18.493,69.37],[18.507,69.258],[18.557,69.355],[18.697,69.254],[18.677,69.323],[19,69.288],[18.448,69.44],[18.445,69.51],[18.828,69.562],[18.987,69.39],[19.337,69.324],[19.255,69.226],[19.55,69.215],[19.416,69.253],[19.367,69.376],[19.115,69.374],[18.964,69.458],[19.08,69.547],[19.246,69.518],[18.963,69.54],[18.939,69.624],[19.127,69.747],[19.72,69.813],[19.622,69.661],[19.741,69.64],[19.639,69.54],[19.672,69.483],[19.489,69.397],[19.647,69.415],[19.735,69.608],[20.143,69.584],[19.767,69.681],[20.155,69.945],[20.204,69.857],[20.187,69.926],[20.288,69.979],[20.396,69.892],[20.254,69.681],[20.351,69.618],[19.91,69.271],[20.269,69.396],[20.403,69.589],[20.819,69.498],[20.481,69.619],[20.527,69.716],[20.461,69.764],[20.708,69.793],[20.767,69.884],[21.055,69.961],[20.846,69.854],[21.018,69.775],[21.034,69.874],[21.193,69.878],[21.138,69.803],[21.227,69.851],[21.197,69.905],[21.324,69.906],[21.182,69.937],[21.235,70.012],[21.427,70.016],[22.033,69.77],[21.965,69.735],[22.118,69.736],[21.889,69.836],[22.028,69.849],[21.861,69.937],[21.987,69.993],[22.04,69.935],[22.004,70.016],[22.081,70.031],[21.774,70.038],[22.069,70.126],[21.715,70.055],[21.446,70.104],[21.401,70.148],[21.47,70.175],[21.184,70.202],[21.417,70.274],[21.49,70.195],[21.474,70.302],[21.563,70.323],[21.845,70.14],[21.866,70.217],[21.784,70.261],[21.947,70.329],[22.014,70.321],[21.953,70.276],[22.096,70.306],[22.08,70.233],[22.299,70.279],[22.215,70.13],[22.549,70.113],[22.301,70.155],[22.355,70.26],[22.954,70.2],[22.833,70.11],[22.292,70.025],[22.985,70.14],[22.956,70.042],[23.142,69.976],[23.017,69.923],[23.468,69.981],[23.507,70.023],[23.129,70.086],[23.381,70.123],[23.176,70.216],[23.501,70.24],[23.244,70.249],[23.594,70.293],[23.436,70.328],[23.855,70.494],[24.331,70.448],[24.096,70.54],[24.312,70.688],[24.706,70.627],[24.543,70.75],[24.256,70.776],[24.251,70.842],[24.362,70.877],[24.641,70.795],[24.571,70.867],[24.719,70.873],[24.546,70.968],[24.64,70.992],[24.871,70.923],[25.03,70.971],[24.899,70.875],[25.133,70.928],[25.25,70.797],[25.404,70.884],[25.33,70.98],[25.554,70.916],[25.45,70.845],[25.618,70.907],[25.914,70.874],[25.056,70.502],[25.238,70.529],[25.074,70.488],[25.296,70.465],[25.181,70.421],[25.259,70.392],[25.051,70.354],[25.194,70.303],[24.946,70.23],[24.929,70.065],[25.015,70.054],[24.979,70.122],[25.087,70.162],[25.159,70.13],[25.094,70.077],[25.234,70.094],[25.579,70.316],[25.404,70.32],[25.451,70.367],[26.501,70.935],[26.699,70.966],[26.657,70.829],[26.729,70.842],[26.684,70.745],[26.316,70.649],[26.644,70.647],[26.522,70.347],[26.736,70.418],[26.753,70.488],[27.091,70.463],[26.956,70.587],[27.271,70.586],[27.059,70.701],[27.316,70.737],[27.277,70.833],[27.683,70.802],[27.441,70.839],[27.518,70.864],[27.351,70.878],[27.4,70.923],[27.102,70.916],[27.132,70.98],[27.338,70.945],[27.199,71.011],[27.265,71.042],[27.532,70.955],[27.571,71.014],[27.496,71.085],[27.657,71.131],[27.822,71.028],[28.241,71.089],[28.193,70.959],[28.554,70.97],[28.351,70.889],[28.469,70.874],[28.361,70.825],[28.219,70.839],[28.324,70.813],[28.25,70.79],[27.726,70.799],[28.149,70.738],[27.662,70.616],[28.316,70.693],[27.806,70.485],[27.855,70.427],[28.155,70.513],[28.03,70.422],[28.245,70.512],[28.376,70.503],[28.225,70.411],[28.423,70.493],[28.516,70.45],[28.554,70.508],[28.399,70.543],[28.511,70.685],[28.641,70.681],[28.529,70.73],[28.972,70.885],[29.409,70.785],[29.266,70.74],[29.434,70.732],[29.26,70.655],[29.735,70.737],[29.821,70.692],[29.71,70.616],[30.092,70.708],[30.216,70.677],[30.104,70.646],[30.344,70.609],[30.019,70.531],[30.617,70.551],[30.724,70.431],[31.031,70.397],[31.064,70.289],[30.525,70.24],[30.182,70.07],[28.556,70.172],[29.122,70.012],[29.652,69.974],[29.356,69.874],[29.766,69.882],[29.49,69.656],[30.02,69.78],[29.941,69.707],[30.113,69.683],[30.104,69.758],[30.204,69.77],[30.131,69.853],[30.298,69.88],[30.237,69.837],[30.375,69.845],[30.417,69.771],[30.424,69.689],[30.333,69.669],[30.461,69.682],[30.421,69.809],[30.505,69.825],[31.42,69.71],[31.262,69.557],[31.513,69.688],[31.826,69.652],[31.693,69.711],[31.778,69.832],[32.095,69.762],[31.901,69.906],[32.092,69.941],[32.608,69.774],[33.131,69.717],[33.09,69.64],[32.833,69.567],[32.197,69.63],[32.102,69.742],[32.134,69.686],[31.962,69.631],[32.052,69.588],[32.006,69.552],[32.18,69.588],[32.501,69.502],[32.155,69.412],[32.74,69.479],[32.901,69.464],[32.802,69.374],[33.058,69.458],[32.816,69.326],[32.882,69.279],[33.032,69.378],[33.499,69.402],[33.398,69.286],[33.209,69.252],[33.45,69.264],[33.267,69.22],[33.479,69.156],[33.046,69.063],[33.032,68.883],[33.075,69.051],[33.577,69.133],[33.567,69.193],[33.629,69.181],[33.568,69.3],[34.317,69.303],[34.978,69.218],[34.935,69.166],[35.13,69.205],[35.153,69.125],[35.287,69.205],[35.154,69.252],[35.307,69.251],[35.802,69.178],[35.772,69.027],[35.818,69.189],[37.804,68.644],[38.321,68.413],[38.428,68.294],[38.45,68.348],[38.773,68.239],[38.494,68.336],[38.645,68.369],[39.702,68.004],[39.663,68.054],[39.862,68.036],[39.777,68.15],[40,67.988],[40.377,67.885],[40.271,67.843],[40.421,67.758],[40.639,67.802],[40.965,67.71],[41.035,67.616],[40.956,67.445],[41.122,67.409],[41.06,67.273],[41.348,67.204],[41.298,67.14],[41.391,67.115],[41.321,67.079],[41.34,66.985],[41.244,66.996],[41.221,66.83],[40.502,66.424],[40.003,66.254],[38.764,66.071],[37.923,66.082],[37.146,66.242],[35.545,66.384],[34.807,66.607],[34.455,66.542],[34.367,66.619],[34.5,66.632],[34.358,66.708],[34.093,66.674],[34.149,66.785],[34.126,66.701],[34.013,66.75],[34.028,66.686],[33.606,66.853],[33.547,66.719],[33.17,66.821],[32.792,67.024],[32.98,67.088],[31.869,67.139],[32.098,67.064],[32.265,67.11],[32.569,66.96],[32.417,66.945],[32.503,66.905],[32.407,66.871],[32.85,66.776],[32.953,66.729],[32.692,66.746],[32.853,66.692],[33.316,66.638],[32.825,66.593],[33.191,66.538],[32.934,66.518],[33.713,66.413],[33.469,66.377],[33.67,66.338],[32.977,66.247],[33.539,66.313],[33.88,66.201],[34.104,66.227],[34.701,65.984],[34.634,65.917],[34.683,65.867],[34.86,65.865],[34.778,65.809],[34.852,65.796],[34.698,65.801],[34.891,65.828],[34.914,65.767],[34.841,65.753],[34.948,65.678],[34.634,65.78],[34.796,65.582],[34.626,65.489],[34.685,65.437],[34.245,65.375],[34.473,65.342],[34.473,65.253],[34.693,65.157],[34.647,65.102],[34.794,65.07],[34.788,64.981],[34.616,64.952],[34.959,64.836],[34.761,64.742],[35.018,64.743],[34.823,64.695],[34.995,64.618],[34.784,64.512],[35.01,64.504],[34.967,64.417],[35.342,64.343],[35.327,64.293],[35.619,64.313],[35.601,64.383],[35.805,64.327],[35.976,64.163],[36.044,64.209],[36.245,64.127],[36.162,64.091],[36.308,63.944],[37.19,63.877],[37.418,63.781],[37.695,63.901],[38.067,63.916],[38.003,63.943],[38.061,64.07],[37.89,64.212],[38.042,64.29],[37.788,64.368],[37.793,64.441],[37.615,64.355],[37.153,64.383],[36.735,64.688],[36.534,64.715],[36.517,64.815],[36.569,64.81],[36.445,64.925],[36.81,64.954],[36.849,65.153],[37.173,65.149],[37.676,65.029],[37.874,64.893],[38.367,64.844],[38.366,64.763],[37.997,64.755],[38.123,64.67],[38.004,64.581],[38.152,64.709],[38.491,64.736],[38.433,64.808],[39.526,64.548],[39.724,64.557],[39.842,64.65],[40.464,64.512],[40.669,64.677],[40.359,64.811],[40.388,64.927],[40.242,64.87],[40.195,64.982],[40.284,64.944],[40.297,65.009],[40.177,65.015],[39.724,65.335],[39.701,65.466],[39.799,65.589],[40.428,65.774],[40.74,65.985],[41.516,66.116],[41.868,66.329],[42.009,66.326],[41.961,66.351],[42.033,66.438],[42.211,66.52],[42.608,66.443],[42.519,66.376],[43.266,66.412],[43.678,66.235],[43.261,66.093],[43.835,66.192],[44.076,66.067],[44.034,65.986],[44.106,65.962],[44.18,66.071],[44.068,66.191],[44.11,66.304],[44.38,66.498],[44.429,66.628],[44.55,66.652],[44.358,66.763],[44.53,66.898],[44.324,67.068],[43.767,67.211],[43.92,67.503],[44.064,67.659],[44.176,67.673],[44.078,67.678],[44.118,67.88],[44.307,67.907],[44.164,67.923],[44.239,67.975],[44.162,67.985],[44.221,68.269],[43.282,68.672],[44.052,68.539],[45.725,68.497],[46.008,68.442],[45.931,68.414],[46.041,68.328],[45.943,68.32],[46.546,68.125],[46.434,68.102],[46.536,68.099],[46.707,67.889],[46.693,67.807],[45.464,67.74],[45.289,67.695],[45.348,67.654],[45.308,67.573],[44.925,67.424],[44.903,67.325],[45.58,67.158],[45.816,66.896],[45.742,66.889],[46.019,66.816],[47.56,66.893],[47.751,67.005],[47.766,67.132],[47.668,67.188],[47.936,67.449],[47.826,67.577],[48.666,67.693],[49.072,67.6],[48.738,67.699],[48.781,67.824],[48.593,67.913],[49.005,67.829],[50.03,68.079],[49.848,68],[49.967,67.993],[50.08,68.099],[50.787,68.354],[51.08,68.337],[52.217,68.574],[52.044,68.485],[52.336,68.46],[52.163,68.362],[52.327,68.301],[52.759,68.468],[52.491,68.573],[52.547,68.623],[52.295,68.598],[53.873,68.96],[54.566,68.978],[53.581,68.867],[54.011,68.826],[53.874,68.788],[53.709,68.597],[53.894,68.531],[53.947,68.405],[53.827,68.326],[53.57,68.392],[53.657,68.316],[53.315,68.337],[53.164,68.226],[53.218,68.186],[54.088,68.246],[54.181,68.224],[54.157,68.121],[54.24,68.223],[54.505,68.295],[54.85,68.14],[54.949,68.248],[54.859,68.321],[55.362,68.54],[56.067,68.639],[57.303,68.532],[57.736,68.745],[57.22,68.722],[57.917,68.811],[57.95,68.742],[57.998,68.827],[59.003,68.994],[59.314,68.981],[58.968,68.92],[59.526,68.74],[59.146,68.654],[59.088,68.582],[59.172,68.523],[59.126,68.406],[59.765,68.338],[59.949,68.459],[59.796,68.627],[59.945,68.716],[60.522,68.714],[60.883,68.891],[61.189,68.808],[61.003,68.873],[61.082,68.892],[61.004,68.907],[60.886,69.139],[60.651,69.137],[60.629,69.265],[60.184,69.565],[60.322,69.669],[60.663,69.664],[60.773,69.736],[60.717,69.817],[60.845,69.865],[63.025,69.698],[64.187,69.527],[64.891,69.296],[64.687,69.248],[64.782,69.234],[64.695,69.108],[64.924,69.198],[64.907,69.257],[65.067,69.267],[66.185,69.078],[66.545,68.911],[66.14,69.073],[65.529,69.143],[67.163,68.819],[67.062,68.795],[67.175,68.705],[68.174,68.375],[68.261,68.314],[68.114,68.216],[68.241,68.202],[68.202,68.12],[68.258,68.127],[68.644,68.287],[68.552,68.343],[69.132,68.822],[68.976,68.885],[69.264,68.938],[68.775,68.89],[68.392,68.998],[68.004,69.312],[68.086,69.367],[68.102,69.53],[67.973,69.465],[67.033,69.693],[66.841,69.614],[66.908,69.513],[66.807,69.552],[66.784,69.802],[66.884,70.004],[67.009,70.057],[66.914,69.997],[67.008,69.954],[67.351,70.077],[67.104,70.223],[67.196,70.367],[67.371,70.358],[67.209,70.523],[67.424,70.657],[67.296,70.672],[67.299,70.779],[67.182,70.829],[66.661,70.743],[66.701,70.806],[66.604,70.863],[66.956,71.066],[66.729,71.107],[66.925,71.269],[67.702,71.395],[67.584,71.427],[67.989,71.503],[68.16,71.625],[68.339,71.587],[68.176,71.631],[68.369,71.685],[68.324,71.715],[68.744,72.105],[68.689,72.117],[68.856,72.304],[68.796,72.309],[68.836,72.423],[68.971,72.646],[69.056,72.639],[68.979,72.662],[69.396,72.948],[69.81,72.955],[69.596,72.899],[69.66,72.864],[71.632,72.9],[72.879,72.693],[72.731,72.698],[72.836,72.636],[72.716,72.597],[72.819,72.494],[72.694,72.488],[72.821,72.483],[72.851,72.266],[72.584,72.079],[72.491,71.894],[72.341,71.853],[72.334,71.705],[72.015,71.55],[71.944,71.582],[71.811,71.464],[72.009,71.363],[71.916,71.347],[72.581,71.133],[72.711,71.05],[72.594,70.992],[72.811,70.87],[72.699,70.603],[72.756,70.394],[72.391,70.263],[72.596,70.179],[72.496,70.008],[72.682,69.786],[72.526,69.63],[72.644,69.478],[72.568,69.375],[72.437,69.44],[72.614,69.285],[72.474,69.147],[72.539,68.953],[73.507,68.57],[73.626,68.423],[73.525,68.467],[73.086,68.198],[73.026,68.062],[73.181,67.859],[73.043,67.797],[73.069,67.727],[72.526,67.592],[72.544,67.524],[72.406,67.46],[72.419,67.338],[72.044,67.3],[72.207,67.257],[72.238,67.135],[72.177,67.188],[71.95,67.127],[72.059,67.059],[71.75,66.905],[71.398,66.968],[71.329,66.938],[71.478,66.89],[70.63,66.74],[70.127,66.73],[69.927,66.85],[69.417,66.803],[69.547,66.773],[69.333,66.72],[69.16,66.779],[69.127,66.613],[70.17,66.352],[71.443,66.336],[72.133,66.199],[72.424,66.339],[72.361,66.452],[72.414,66.483],[72.307,66.491],[72.482,66.595],[72.977,66.625],[72.931,66.652],[72.998,66.713],[73.886,67],[73.971,67.193],[73.934,67.287],[74.772,67.7],[74.837,68.013],[74.601,68.238],[74.316,68.367],[74.476,68.511],[74.457,68.685],[74.667,68.766],[76.585,68.966],[76.698,68.842],[76.551,68.753],[77.299,68.502],[77.229,68.511],[77.299,68.491],[77.241,68.441],[77.304,68.363],[77.139,68.27],[77.347,68.227],[77.194,67.977],[77.299,67.856],[77.094,67.762],[77.873,67.505],[78.272,67.555],[78.745,67.453],[78.806,67.514],[78.842,67.617],[78.778,67.64],[78.455,67.686],[78.415,67.619],[78.117,67.63],[77.922,67.659],[78,67.702],[77.486,67.744],[77.472,67.831],[77.612,67.912],[77.477,67.96],[77.557,68.125],[78.184,68.245],[77.887,68.453],[77.959,68.502],[77.789,68.516],[77.652,68.892],[75.942,69.255],[75.513,69.249],[74.818,69.074],[74.31,69.132],[73.933,69.065],[73.764,69.157],[73.908,69.398],[73.544,69.742],[73.763,69.945],[73.799,70.068],[73.691,70.116],[74.241,70.419],[74.326,70.591],[73.939,70.838],[73.939,70.957],[73.576,71.213],[73.009,71.397],[73.491,71.639],[73.539,71.719],[73.461,71.769],[73.521,71.804],[74.657,72.035],[75.019,72.19],[75.081,72.462],[74.829,72.831],[75.027,72.878],[75.481,72.752],[75.339,72.696],[75.681,72.533],[75.509,72.503],[75.716,72.259],[75.539,72.203],[75.386,72.02],[75.441,71.968],[75.296,71.958],[75.261,71.851],[75.296,71.737],[75.519,71.657],[75.454,71.588],[75.541,71.522],[75.249,71.417],[75.425,71.305],[76.132,71.161],[77.662,71.149],[77.849,71.112],[77.947,70.975],[78.509,70.904],[78.421,70.917],[78.556,71.043],[78.284,71.078],[78.304,71.24],[77.916,71.246],[78.001,71.369],[77.687,71.265],[76.615,71.47],[76.246,71.578],[76.274,71.645],[76.106,71.752],[76.104,71.843],[75.966,71.886],[76.88,72.053],[77.62,71.801],[77.985,71.826],[78.184,71.896],[78.254,71.954],[78.204,72.003],[77.945,72.103],[77.427,72.064],[77.519,72.174],[77.464,72.207],[77.687,72.187],[78.09,72.355],[78.588,72.29],[78.429,72.333],[78.601,72.374],[78.448,72.386],[79.503,72.345],[79.923,72.21],[80.862,72.076],[80.914,71.973],[81.452,71.72],[82.872,71.785],[83.264,71.722],[83.314,71.678],[83.174,71.59],[82.964,71.54],[83.021,71.416],[82.241,71.252],[82.324,71.069],[82.201,71.017],[82.206,70.943],[82.396,70.755],[82.014,70.556],[82.203,70.41],[82.201,70.489],[82.37,70.595],[82.651,70.49],[82.419,70.668],[82.513,70.752],[82.659,70.744],[82.771,70.954],[83.076,70.883],[83.131,70.777],[83.016,70.719],[83.128,70.767],[83.059,70.589],[82.934,70.548],[83.046,70.496],[83.029,70.439],[82.947,70.38],[82.826,70.422],[82.939,70.364],[82.636,70.241],[82.659,70.164],[82.424,70.171],[83.364,70.011],[83.492,69.862],[83.199,69.899],[83.509,69.725],[83.963,69.73],[83.919,69.802],[83.979,69.803],[83.775,69.837],[83.486,70.035],[83.146,70.08],[83.171,70.151],[82.961,70.308],[83.543,70.315],[83.789,70.454],[83.741,70.504],[83.801,70.532],[83.606,70.693],[83.421,71.003],[83.179,71.098],[83.271,71.139],[83.154,71.238],[83.326,71.303],[83.419,71.482],[83.596,71.525],[83.669,71.641],[83.357,71.847],[82.641,71.878],[82.494,72.017],[82.211,72.101],[82.334,72.162],[82.232,72.305],[80.851,72.428],[80.741,72.515],[80.866,72.598],[80.699,72.631],[80.674,72.729],[80.821,72.789],[80.871,72.938],[80.786,73.028],[80.486,73.08],[80.609,73.131],[80.306,73.168],[80.676,73.207],[80.331,73.292],[80.666,73.423],[80.624,73.461],[80.701,73.48],[80.531,73.473],[80.506,73.557],[83.545,73.657],[84.763,73.768],[85.295,73.708],[85.63,73.821],[86.71,73.901],[87.237,73.835],[87.104,73.912],[87.126,73.984],[86.989,74.023],[87.499,74.05],[86.952,74.055],[86.769,74.122],[86.839,74.193],[86.68,74.246],[85.934,74.327],[86.148,74.395],[86.348,74.318],[86.324,74.404],[86.094,74.427],[86.6,74.477],[86.759,74.43],[86.675,74.408],[87.029,74.407],[86.766,74.315],[87.035,74.358],[87.021,74.279],[87.097,74.277],[87.076,74.39],[87.244,74.368],[87.086,74.411],[87.161,74.459],[86.832,74.429],[86.606,74.511],[86.871,74.562],[85.769,74.648],[86.191,74.776],[85.917,74.852],[87.008,74.601],[86.901,74.645],[87.024,74.672],[86.774,74.703],[87.111,74.722],[87.109,74.859],[87.421,74.948],[87.214,74.985],[87.45,75.011],[87.511,74.982],[87.431,74.953],[87.59,74.937],[87.842,75.022],[86.983,75.135],[88.12,75.09],[88.348,75.158],[88.135,75.167],[88.182,75.211],[88.51,75.281],[88.712,75.237],[88.605,75.317],[89.085,75.413],[88.755,75.402],[89.297,75.52],[89.508,75.511],[89.295,75.503],[89.433,75.435],[89.78,75.439],[89.723,75.494],[90.145,75.505],[89.948,75.554],[90.19,75.605],[90.913,75.675],[91,75.603],[91.263,75.674],[91.24,75.625],[91.68,75.619],[91.602,75.683],[91.7,75.722],[93.813,75.865],[94.12,75.963],[93.64,75.875],[93.55,75.943],[93.442,75.914],[93.507,75.861],[93.235,75.927],[93.3,75.975],[92.836,75.879],[92.912,75.91],[92.798,75.953],[92.962,75.983],[92.935,76.041],[93.237,76.016],[93.342,76.058],[93.182,76.078],[93.273,76.105],[93.502,76.096],[93.385,76.057],[93.49,76.006],[94.075,76.037],[93.727,76.11],[94.423,76.12],[94.477,76.055],[94.812,76.095],[94.607,76.143],[95.063,76.082],[95.457,76.164],[96.127,76.117],[96.255,76.089],[95.992,76.064],[96.158,76.048],[95.545,75.874],[95.703,75.826],[96.407,76.01],[96.678,75.971],[96.4,75.826],[97.316,76.025],[97.135,75.981],[97.228,75.953],[97.143,75.917],[97.44,75.99],[97.863,75.96],[97.78,76.033],[97.545,76.038],[98.237,76.075],[97.945,76.118],[98.827,76.26],[98.787,76.203],[99.368,76.198],[99.195,76.148],[99.27,76.123],[99.62,76.157],[99.458,76.092],[99.733,76.114],[99.845,76.042],[99.875,76.093],[99.605,76.26],[99.092,76.339],[98.878,76.485],[99.77,76.433],[100.96,76.522],[101.128,76.464],[100.962,76.528],[101.105,76.548],[101.178,76.677],[101.318,76.722],[100.932,76.858],[101.078,76.962],[101.342,76.971],[101.402,77.038],[101.295,77.055],[101.355,77.089],[102.143,77.347],[102.385,77.315],[102.295,77.358],[103.027,77.57],[103.843,77.607],[104.297,77.72],[104.4,77.649],[104.843,77.673],[104.907,77.594],[105.403,77.535],[105.967,77.551],[106.062,77.41],[106.345,77.366],[105.623,77.348],[105.878,77.345],[105.393,77.198],[104.167,77.083],[105.957,77.136],[105.782,77.051],[105.841,77.03],[105.443,76.995],[106.903,77.052],[107.33,77.013],[107.238,76.994],[107.338,76.945],[107.545,76.914],[107.252,76.893],[107.415,76.868],[107.225,76.842],[107.295,76.81],[106.791,76.725],[106.862,76.667],[106.678,76.55],[106.428,76.582],[106.533,76.5],[107.716,76.501],[108.012,76.58],[107.952,76.726],[108.043,76.739],[109.137,76.698],[109.423,76.756],[110.123,76.657],[110.365,76.737],[110.058,76.7],[110.257,76.732],[111.093,76.765],[111.228,76.747],[111.088,76.65],[111.693,76.679],[111.575,76.691],[111.635,76.67],[111.438,76.59],[111.623,76.625],[112.222,76.473],[111.957,76.359],[112.347,76.456],[112.808,76.333],[112.702,76.243],[112.745,76.207],[112.572,76.198],[112.822,76.202],[112.908,76.102],[112.637,76.053],[112.96,76.041],[113.093,76.16],[113.368,76.113],[112.952,76.248],[113.298,76.267],[113.575,76.035],[113.592,75.961],[113.428,75.947],[113.622,75.929],[113.521,75.913],[113.628,75.863],[113.482,75.842],[113.797,75.936],[113.935,75.835],[113.583,75.531],[113.415,75.552],[113.598,75.654],[113.023,75.666],[113.178,75.698],[113.092,75.728],[112.348,75.84],[112.895,75.715],[112.762,75.682],[112.918,75.625],[112.822,75.544],[113.017,75.531],[113.008,75.609],[113.3,75.661],[113.388,75.522],[113.752,75.501],[113.782,75.41],[113.562,75.387],[113.748,75.376],[113.578,75.213],[112.795,74.933],[112.204,74.854],[111.85,74.64],[111.445,74.675],[111.055,74.605],[111.164,74.586],[111.07,74.553],[110.382,74.5],[110.449,74.432],[110.175,74.345],[109.564,74.311],[109.974,74.314],[109.924,74.193],[109.027,74.017],[108.137,73.629],[107.017,73.632],[107.201,73.567],[107.006,73.572],[107.209,73.537],[106.916,73.448],[106.854,73.338],[106.119,73.273],[106.059,73.146],[105.889,73.105],[105.921,73.01],[105.277,72.756],[105.5,72.745],[106.24,72.961],[106.204,73.127],[106.34,73.19],[106.857,73.131],[108.365,73.208],[108.385,73.255],[108.206,73.246],[108.255,73.29],[109.285,73.387],[109.255,73.473],[109.439,73.402],[109.346,73.494],[109.211,73.487],[109.227,73.555],[109.792,73.435],[110.472,73.635],[111.035,73.688],[110.692,73.794],[110.315,73.68],[109.69,73.674],[109.571,73.817],[109.869,73.871],[110.022,74.006],[111.022,73.925],[111.205,74.034],[111.573,74.052],[111.618,74.01],[111.256,73.985],[111.339,73.855],[112.307,73.69],[112.991,73.758],[112.845,73.987],[113.186,73.86],[113.461,73.642],[113.484,73.595],[113.189,73.441],[113.571,73.338],[113.515,73.203],[113.807,73.325],[114.193,73.321],[113.862,73.345],[113.532,73.5],[115.687,73.705],[118.88,73.53],[119.041,73.489],[118.972,73.45],[118.426,73.421],[118.384,73.376],[118.471,73.348],[118.406,73.225],[119.595,73.075],[119.848,72.958],[119.806,73.008],[119.91,73.02],[121.107,72.925],[121.767,72.964],[122.17,72.888],[122.071,72.931],[122.317,72.965],[122.842,72.853],[122.924,72.888],[122.555,73.022],[123.222,72.883],[123.454,72.949],[123.361,73.023],[123.466,73.112],[123.49,73.046],[123.523,73.131],[123.662,73.062],[123.804,73.1],[123.451,73.148],[123.724,73.204],[123.399,73.279],[123.466,73.301],[123.356,73.347],[123.519,73.38],[123.254,73.398],[123.366,73.401],[123.347,73.456],[123.506,73.393],[123.319,73.476],[123.371,73.508],[123.314,73.547],[123.451,73.543],[123.354,73.58],[123.509,73.559],[123.421,73.655],[123.525,73.606],[123.692,73.7],[123.606,73.617],[123.985,73.589],[124.437,73.801],[124.47,73.723],[124.912,73.72],[124.841,73.677],[124.947,73.646],[125.024,73.698],[125.015,73.598],[125.152,73.707],[125.109,73.622],[125.256,73.61],[125.196,73.511],[125.373,73.586],[125.45,73.527],[125.46,73.585],[125.474,73.501],[125.67,73.529],[125.657,73.443],[125.797,73.414],[125.884,73.418],[125.796,73.463],[125.925,73.525],[126.026,73.451],[126.315,73.551],[126.366,73.531],[126.266,73.482],[126.439,73.509],[126.404,73.415],[126.342,73.396],[126.332,73.47],[126.274,73.443],[126.325,73.416],[126.079,73.423],[126.326,73.383],[126.176,73.342],[126.321,73.363],[126.281,73.259],[126.47,73.36],[126.759,73.358],[126.696,73.395],[126.81,73.445],[126.826,73.331],[126.911,73.323],[126.854,73.293],[127.03,73.29],[126.866,73.341],[126.941,73.365],[126.884,73.417],[127.1,73.317],[127.056,73.433],[127.117,73.465],[127.194,73.442],[127.159,73.314],[127.238,73.456],[127.251,73.327],[127.354,73.351],[127.235,73.267],[128.015,73.408],[127.88,73.27],[128.2,73.355],[128.036,73.285],[128.319,73.301],[128.049,73.243],[128.261,73.248],[128.042,73.182],[128.816,73.2],[128.751,73.167],[128.835,73.187],[128.791,73.126],[128.476,73.081],[128.719,73.098],[128.616,73.031],[128.669,73.008],[129.111,73.032],[128.914,72.928],[129.365,72.871],[129.155,72.83],[129.409,72.779],[129.033,72.71],[129.451,72.652],[128.443,72.518],[129.4,72.43],[129.318,72.385],[129.521,72.304],[129.129,72.242],[129.556,72.212],[129.093,72.153],[129.362,72.078],[128.923,72.066],[128.512,72.178],[128.32,72.155],[128.306,72.081],[128.491,72.031],[128.721,71.772],[128.928,71.714],[129.246,71.808],[129.106,72.003],[129.591,71.705],[129.025,71.705],[128.836,71.646],[128.901,71.592],[129.224,71.6],[129.439,71.304],[129.741,71.202],[129.801,71.086],[129.719,71.068],[130.132,71.066],[130.236,70.933],[130.62,70.838],[130.781,70.872],[130.819,70.964],[130.909,70.761],[131.045,70.703],[131.434,70.698],[131.344,70.742],[131.576,70.807],[131.481,70.811],[131.819,71.068],[131.741,71.119],[131.979,71.143],[131.804,71.164],[132.154,71.203],[131.914,71.241],[132.301,71.69],[132.78,71.951],[133.127,71.969],[133.306,71.895],[132.795,71.925],[132.774,71.771],[133.818,71.415],[134.824,71.343],[134.754,71.412],[134.971,71.397],[134.801,71.45],[134.957,71.507],[136.022,71.627],[136.511,71.552],[136.391,71.485],[136.84,71.523],[137.349,71.388],[137.295,71.348],[137.545,71.356],[137.511,71.258],[137.749,71.273],[137.684,71.238],[137.761,71.255],[137.716,71.222],[137.863,71.1],[138.121,71.133],[137.754,71.211],[137.827,71.26],[138.025,71.209],[138.304,71.258],[137.809,71.372],[138.031,71.453],[138.115,71.57],[138.407,71.579],[138.46,71.518],[138.803,71.626],[139.094,71.571],[139.089,71.447],[139.18,71.399],[139.351,71.401],[139.415,71.49],[140.117,71.432],[140.144,71.484],[139.956,71.483],[140.089,71.517],[139.939,71.526],[139.714,71.689],[139.771,71.758],[139.716,71.827],[140.076,71.861],[139.306,71.942],[139.637,71.939],[139.906,72.16],[140.296,72.173],[140.081,72.228],[140.201,72.278],[139.385,72.15],[139.164,72.182],[139.124,72.253],[139.39,72.36],[140.075,72.308],[140.256,72.358],[139.382,72.402],[139.587,72.491],[140.538,72.47],[141.301,72.582],[140.776,72.791],[140.721,72.867],[140.89,72.872],[141.932,72.719],[144.31,72.645],[146.863,72.363],[145.395,72.333],[145.275,72.445],[144.795,72.4],[144.5,72.224],[144.245,72.249],[144.547,72.151],[145.217,72.262],[146.944,72.318],[145.982,71.863],[145.979,72.058],[146.324,72.137],[146.03,72.17],[146.086,72.124],[145.982,72.067],[145.931,72.102],[146.034,72.225],[145.855,72.155],[145.831,72.213],[145.929,72.193],[145.875,72.221],[145.499,72.248],[145.816,72.215],[145.616,72.09],[145.786,72.044],[145.846,71.94],[145.342,71.862],[145.023,71.957],[145.234,71.835],[144.914,71.766],[145.006,71.733],[144.932,71.639],[145.339,71.681],[145.414,71.611],[145.348,71.555],[145.429,71.603],[145.393,71.655],[146.124,71.798],[147.115,72.315],[148.367,72.331],[148.96,72.249],[148.902,72.205],[149.505,72.173],[150.064,71.929],[150.021,71.832],[149.687,71.755],[149.499,71.887],[149.331,71.89],[149.399,71.875],[149.183,71.779],[148.91,71.795],[149.079,71.761],[148.829,71.689],[150.057,71.65],[150.179,71.594],[150.033,71.549],[150.279,71.548],[150.08,71.501],[150.674,71.506],[150.701,71.451],[150.561,71.346],[150.741,71.378],[150.635,71.289],[151.075,71.399],[151.582,71.317],[151.976,71.078],[151.781,71.071],[152.116,70.986],[151.631,70.974],[152.531,70.815],[153.648,70.837],[155.922,71.089],[156.55,71.081],[156.64,71.013],[156.623,71.095],[157.125,71.085],[158.505,70.963],[158.365,70.855],[158.607,70.941],[158.925,70.89],[159.604,70.703],[159.991,70.454],[160.111,70.247],[159.943,70.113],[159.694,70.112],[159.969,70.087],[159.696,69.882],[159.807,69.812],[159.692,69.822],[159.834,69.798],[159.757,69.739],[159.85,69.787],[160.358,69.64],[160.88,69.63],[160.833,69.573],[161.026,69.541],[160.941,69.483],[161.113,69.16],[161.139,69.269],[161.237,69.251],[161.101,69.383],[161.12,69.455],[161.408,69.53],[161.441,69.447],[161.341,69.41],[161.457,69.344],[162.347,69.674],[163.67,69.67],[164.092,69.751],[164.598,69.579],[165.818,69.569],[166.873,69.462],[167.808,69.765],[168.111,69.693],[167.967,69.631],[168.313,69.548],[168.229,69.427],[168.322,69.222],[169.348,69.082],[169.442,69.015],[169.417,68.862],[169.597,68.773],[170.335,68.84],[170.482,68.764],[170.419,68.783],[170.507,68.815],[170.352,68.845],[170.623,68.927],[170.715,68.825],[170.64,68.93],[170.957,69.048],[171.179,69.03],[170.994,69.054],[171.031,69.105],[170.889,69.163],[170.926,69.28],[170.771,69.361],[170.657,69.562],[170.162,69.598],[170.258,69.704],[170.614,69.76],[170.528,69.904],[170.589,70.068],[170.434,70.1],[172.77,69.97],[173.325,69.796],[173.223,69.765],[173.509,69.794],[173.297,69.908],[173.183,69.856],[173.428,69.939],[173.747,69.812],[173.76,69.882],[174.003,69.907],[175.312,69.823],[176.082,69.884],[176.962,69.635],[178.772,69.409],[179.132,69.314],[178.948,69.361],[179.076,69.317],[178.958,69.277],[179.3,69.265],[180,68.994],[180,65.033]]]}},{"type":"Feature","properties":{},"geometry":{"type":"Polygon","coordinates":[[[32.294,31.212],[32.208,31.246],[32.322,31.273],[32.342,30.703],[32.26,30.581],[32.363,30.426],[32.303,30.343],[32.56,30.198],[32.585,29.974],[32.478,29.94],[32.505,29.86],[32.342,29.588],[32.595,29.341],[32.668,29.096],[32.625,28.977],[32.818,28.759],[32.87,28.575],[33.586,27.848],[33.596,27.787],[33.472,27.82],[33.595,27.652],[33.495,27.645],[33.695,27.337],[33.847,27.241],[33.828,27.11],[33.995,26.902],[33.935,26.672],[34.543,25.748],[35.139,24.513],[35.497,24.111],[35.794,23.909],[35.476,23.934],[35.489,23.483],[35.668,22.947],[35.946,22.688],[36.259,22.611],[36.442,22.359],[36.895,22.063],[36.858,21.789],[36.976,21.4],[37.319,21.065],[37.255,20.985],[37.139,21.225],[37.093,21.038],[37.243,20.527],[37.185,20.453],[37.18,20.004],[37.269,19.84],[37.217,19.605],[37.412,18.875],[37.503,18.73],[37.738,18.71],[38.111,18.417],[38.08,18.286],[38.214,18.226],[38.284,18.292],[38.264,18.205],[38.38,18.206],[38.579,18.024],[38.923,17.415],[39.145,16.697],[39.24,16.073],[39.307,15.896],[39.443,15.795],[39.465,15.523],[39.624,15.48],[39.712,15.095],[39.814,15.07],[39.853,15.166],[39.775,15.397],[39.875,15.508],[40.088,15.332],[40.021,15.239],[40.21,14.949],[40.311,14.905],[40.382,14.996],[40.513,14.955],[40.529,15.022],[40.637,14.958],[40.618,14.894],[40.72,14.901],[40.78,14.707],[41.19,14.624],[41.689,13.935],[41.969,13.854],[42.237,13.544],[42.161,13.661],[42.234,13.637],[42.386,13.21],[42.552,13.23],[42.743,13.037],[42.786,12.843],[42.925,12.785],[43.003,12.899],[43.327,12.476],[43.417,12.163],[43.376,11.988],[42.784,11.749],[42.683,11.556],[42.53,11.59],[42.527,11.523],[42.628,11.466],[42.803,11.588],[43.157,11.613],[43.238,11.47],[43.495,11.392],[43.507,11.22],[43.895,10.732],[44.3,10.425],[44.576,10.375],[44.954,10.407],[45.806,10.868],[46.441,10.684],[47.413,11.18],[47.702,11.094],[48.153,11.131],[48.531,11.313],[48.96,11.243],[49.427,11.338],[49.572,11.455],[50.269,11.585],[50.486,11.716],[50.579,11.905],[50.798,11.986],[51.291,11.833],[51.084,11.315],[51.097,11.175],[51.185,11.144],[51.12,10.958],[51.172,10.573],[51.022,10.421],[51.235,10.435],[51.18,10.564],[51.415,10.443],[51.377,10.364],[51.192,10.425],[50.902,10.315],[50.83,9.419],[50.42,8.857],[50.128,8.194],[49.823,7.925],[49.825,7.74],[49.21,6.741],[48.954,5.992],[47.965,4.478],[46.012,2.43],[44.767,1.711],[43.559,0.715],[42.18,-0.808],[42.069,-0.84],[41.89,-1.207],[41.785,-1.148],[41.843,-1.214],[41.79,-1.334],[41.315,-1.961],[41.227,-1.886],[41.14,-1.958],[41.176,-2.004],[41.106,-1.97],[41.008,-2.054],[41.046,-1.864],[40.945,-2.085],[40.876,-1.948],[40.775,-1.934],[40.905,-2.009],[40.988,-2.264],[40.924,-2.322],[40.896,-2.218],[40.807,-2.309],[40.751,-2.256],[40.825,-2.373],[40.77,-2.454],[40.608,-2.561],[40.386,-2.572],[40.186,-2.736],[40.167,-3],[40.242,-2.989],[40.12,-3.29],[39.972,-3.391],[39.964,-3.327],[39.87,-3.633],[39.782,-3.614],[39.861,-3.643],[39.825,-3.835],[39.703,-4.057],[39.564,-4.052],[39.674,-4.092],[39.454,-4.577],[39.202,-4.681],[39.214,-4.852],[39.174,-4.94],[39.172,-4.853],[39.106,-4.917],[39.165,-5.018],[39.085,-5.062],[39.14,-5.12],[39.02,-5.408],[38.944,-5.412],[38.996,-5.477],[38.773,-6.053],[38.859,-6.177],[38.847,-6.393],[39.147,-6.576],[39.283,-6.737],[39.288,-6.867],[39.312,-6.814],[39.462,-6.856],[39.544,-6.987],[39.554,-7.132],[39.348,-7.322],[39.309,-7.754],[39.217,-7.851],[39.325,-7.727],[39.271,-7.924],[39.362,-7.77],[39.385,-7.838],[39.447,-7.813],[39.385,-7.92],[39.445,-8.017],[39.308,-8.2],[39.349,-8.278],[39.255,-8.293],[39.33,-8.71],[39.555,-8.925],[39.395,-8.87],[39.361,-8.947],[39.493,-8.934],[39.494,-9.191],[39.539,-9.095],[39.595,-9.151],[39.54,-9.034],[39.61,-9.068],[39.647,-9.363],[39.53,-9.375],[39.68,-9.502],[39.791,-9.834],[39.704,-10.032],[39.875,-10.016],[39.969,-10.201],[39.987,-10.126],[40.133,-10.182],[40.112,-10.278],[40.23,-10.307],[40.234,-10.205],[40.329,-10.355],[40.41,-10.36],[40.403,-10.296],[40.396,-10.517],[40.52,-10.491],[40.471,-10.583],[40.642,-10.684],[40.435,-10.791],[40.614,-10.831],[40.493,-10.943],[40.571,-11.03],[40.508,-11.2],[40.332,-11.313],[40.481,-11.402],[40.42,-11.675],[40.55,-11.997],[40.47,-12.267],[40.516,-12.418],[40.574,-12.398],[40.435,-12.555],[40.577,-12.531],[40.628,-12.657],[40.557,-12.575],[40.56,-12.719],[40.642,-12.747],[40.593,-12.815],[40.553,-12.772],[40.522,-12.927],[40.47,-12.876],[40.395,-12.928],[40.491,-13.083],[40.489,-12.963],[40.597,-12.97],[40.538,-13.253],[40.591,-13.389],[40.535,-13.505],[40.454,-13.501],[40.614,-13.552],[40.537,-13.682],[40.645,-14.025],[40.617,-14.138],[40.502,-14.177],[40.611,-14.264],[40.728,-14.201],[40.739,-14.326],[40.675,-14.378],[40.634,-14.323],[40.631,-14.569],[40.678,-14.451],[40.816,-14.403],[40.838,-14.502],[40.767,-14.554],[40.836,-14.532],[40.842,-14.833],[40.62,-14.86],[40.78,-14.998],[40.621,-14.94],[40.71,-15.078],[40.52,-15.129],[40.502,-15.191],[40.66,-15.186],[40.63,-15.324],[40.67,-15.273],[40.535,-15.535],[40.382,-15.596],[40.488,-15.573],[40.059,-16.001],[40.13,-15.998],[40.017,-16.19],[39.902,-16.242],[39.883,-16.171],[39.847,-16.266],[39.733,-16.273],[39.799,-16.281],[39.745,-16.317],[39.792,-16.456],[39.857,-16.439],[39.284,-16.776],[39.229,-16.705],[39.19,-16.775],[39.256,-16.787],[39.12,-16.848],[39.069,-17.009],[38.703,-17.077],[38.68,-17.025],[38.148,-17.292],[38.063,-17.196],[38.087,-17.314],[37.423,-17.576],[37.223,-17.748],[37.182,-17.711],[36.982,-18.016],[36.855,-17.879],[36.969,-18.056],[36.506,-18.56],[36.424,-18.548],[36.475,-18.581],[36.313,-18.877],[36.268,-18.81],[36.292,-18.887],[35.874,-18.954],[35.347,-19.512],[34.885,-19.853],[34.631,-19.651],[34.785,-19.85],[34.716,-19.893],[34.78,-20.146],[34.666,-20.145],[34.746,-20.216],[34.654,-20.372],[34.72,-20.469],[34.661,-20.555],[34.737,-20.51],[34.82,-20.68],[34.892,-20.639],[34.886,-20.722],[34.994,-20.708],[35.026,-20.79],[34.966,-20.808],[35.119,-20.927],[35,-21.115],[35.108,-21.211],[35.031,-21.248],[35.092,-21.33],[35.126,-21.159],[35.122,-21.372],[35.272,-21.638],[35.316,-22.195],[35.416,-22.204],[35.491,-22.095],[35.525,-22.309],[35.546,-22.172],[35.511,-22.761],[35.605,-22.924],[35.483,-23.174],[35.324,-23.956],[35.385,-23.839],[35.469,-23.879],[35.488,-23.784],[35.554,-23.87],[35.405,-24.263],[35.103,-24.616],[33.221,-25.296],[32.824,-25.591],[32.752,-25.87],[32.697,-25.755],[32.699,-25.88],[32.593,-25.985],[32.499,-25.96],[32.682,-26.215],[32.834,-26.293],[32.964,-26.084],[32.87,-27.012],[32.385,-28.549],[32.015,-28.877],[31.757,-28.968],[31.275,-29.454],[30.549,-30.628],[30.009,-31.297],[29.427,-31.689],[28.884,-32.278],[27.907,-33.035],[27.115,-33.52],[26.472,-33.766],[25.851,-33.71],[25.632,-33.861],[25.705,-34.028],[25.003,-33.973],[24.84,-34.206],[23.65,-33.974],[23.415,-34.012],[23.408,-34.105],[22.556,-33.979],[22.158,-34.083],[22.165,-34.181],[21.955,-34.224],[21.831,-34.372],[21.415,-34.36],[21.299,-34.431],[20.947,-34.358],[20.81,-34.393],[20.847,-34.467],[20.45,-34.501],[20.02,-34.83],[19.877,-34.76],[19.653,-34.781],[19.419,-34.604],[19.294,-34.622],[19.361,-34.482],[19.281,-34.405],[19.122,-34.41],[19.123,-34.312],[18.828,-34.382],[18.868,-34.152],[18.791,-34.08],[18.436,-34.131],[18.497,-34.349],[18.318,-34.143],[18.377,-33.917],[18.485,-33.882],[18.439,-33.693],[17.955,-33.103],[17.997,-33.064],[18.125,-33.184],[18.033,-33.021],[17.895,-33.035],[17.848,-32.82],[17.971,-32.693],[18.148,-32.765],[18.327,-32.53],[18.345,-32.2],[18.2,-31.682],[17.745,-31.133],[17.278,-30.345],[16.817,-29.091],[16.604,-28.872],[16.492,-28.608],[16.349,-28.56],[15.691,-27.968],[15.29,-27.312],[15.226,-26.928],[15.149,-26.907],[15.084,-26.727],[15.169,-26.582],[15.081,-26.4],[14.946,-26.318],[14.975,-26.072],[14.824,-25.749],[14.88,-25.542],[14.799,-25.288],[14.873,-25.083],[14.764,-24.761],[14.591,-24.554],[14.451,-24.04],[14.511,-23.635],[14.434,-23.41],[14.5,-23.324],[14.403,-23.022],[14.438,-22.878],[14.457,-23.022],[14.537,-22.9],[14.502,-22.543],[13.415,-20.876],[13.197,-20.217],[13.055,-20.074],[12.57,-19.082],[12.032,-18.484],[11.8,-17.979],[11.735,-17.495],[11.828,-16.451],[11.745,-15.836],[11.996,-15.629],[12.057,-15.234],[12.156,-15.178],[12.117,-15.117],[12.29,-14.754],[12.385,-14.267],[12.364,-14.057],[12.424,-13.876],[12.53,-13.848],[12.533,-13.418],[12.981,-12.981],[12.941,-12.833],[13.202,-12.594],[13.417,-12.564],[13.657,-12.235],[13.799,-11.775],[13.863,-11.008],[13.718,-10.757],[13.784,-10.686],[13.311,-9.975],[13.196,-9.687],[13.176,-9.325],[12.995,-9.088],[13.134,-8.874],[13.011,-9.101],[13.221,-8.805],[13.4,-8.749],[13.392,-8.388],[12.854,-7.27],[12.829,-6.992],[12.273,-6.14],[12.673,-6.011],[12.439,-6.057],[12.467,-5.973],[12.404,-6.023],[12.168,-5.728],[12.145,-5.634],[12.233,-5.527],[12.177,-5.313],[11.821,-4.785],[11.818,-4.609],[11.707,-4.474],[11.013,-3.827],[10.955,-3.668],[10.648,-3.443],[10.73,-3.454],[10.658,-3.331],[10.305,-2.978],[9.884,-2.682],[9.697,-2.475],[9.783,-2.52],[9.753,-2.436],[9.62,-2.408],[9.548,-2.202],[9.276,-1.899],[9.323,-1.857],[9.265,-1.882],[9.235,-1.644],[8.859,-1.018],[8.937,-1.065],[8.956,-0.989],[8.849,-0.983],[8.7,-0.668],[8.78,-0.682],[8.853,-0.852],[9.009,-0.635],[9.13,-0.714],[9.106,-0.639],[9.298,-0.371],[9.352,0.358],[9.356,0.179],[9.433,0.199],[9.502,0.05],[9.515,0.175],[9.603,0.029],[9.63,0.156],[9.839,0.013],[9.757,0.132],[9.987,0.173],[9.756,0.185],[9.731,0.27],[9.677,0.213],[9.58,0.362],[9.507,0.284],[9.31,0.513],[9.321,0.615],[9.502,0.67],[9.537,0.593],[9.445,0.562],[9.559,0.597],[9.557,0.499],[9.664,0.453],[9.551,0.947],[9.696,1.079],[9.586,1.032],[9.543,1.123],[9.409,1.096],[9.344,1.176],[9.649,1.567],[9.61,1.664],[9.812,1.93],[9.775,2.317],[9.845,2.318],[9.826,2.558],[9.975,3.079],[9.898,3.256],[9.971,3.291],[9.902,3.261],[9.645,3.537],[9.768,3.624],[9.637,3.587],[9.543,3.811],[9.667,3.68],[9.615,3.745],[9.73,3.733],[9.693,3.851],[9.787,3.77],[9.834,3.809],[9.74,3.836],[9.8,3.891],[9.675,3.905],[9.787,3.899],[9.787,3.963],[9.627,3.945],[9.728,4.098],[9.587,4.003],[9.481,4.113],[9.437,3.881],[9.3,3.945],[9.351,4.015],[9.214,3.941],[8.974,4.1],[8.883,4.414],[8.963,4.594],[8.893,4.505],[8.83,4.747],[8.804,4.662],[8.743,4.647],[8.762,4.74],[8.731,4.685],[8.767,4.527],[8.677,4.65],[8.722,4.729],[8.676,4.663],[8.633,4.751],[8.676,4.547],[8.626,4.55],[8.715,4.507],[8.555,4.482],[8.604,4.513],[8.511,4.498],[8.494,4.561],[8.588,4.623],[8.571,4.818],[8.48,4.69],[8.507,4.757],[8.397,4.732],[8.398,4.859],[8.345,4.898],[8.372,4.774],[8.236,4.929],[8.27,4.842],[8.188,4.877],[8.326,4.697],[8.256,4.681],[8.33,4.643],[8.278,4.536],[7.973,4.57],[7.604,4.477],[7.523,4.629],[7.584,4.457],[7.34,4.444],[7.45,4.545],[7.272,4.5],[7.076,4.738],[7.179,4.579],[7.113,4.445],[6.969,4.711],[6.982,4.611],[6.901,4.684],[7.006,4.373],[6.86,4.398],[6.779,4.668],[6.867,4.36],[6.716,4.355],[6.723,4.613],[6.697,4.422],[6.613,4.544],[6.705,4.339],[6.615,4.323],[6.54,4.525],[6.588,4.329],[6.403,4.338],[6.342,4.481],[6.264,4.387],[6.237,4.506],[6.216,4.282],[6.083,4.278],[6.139,4.445],[6.052,4.398],[6.064,4.289],[5.983,4.31],[5.975,4.393],[5.965,4.333],[5.754,4.473],[5.539,4.743],[5.379,5.122],[5.511,5.137],[5.476,5.221],[5.462,5.154],[5.362,5.163],[5.318,5.363],[5.475,5.327],[5.552,5.386],[5.519,5.501],[5.68,5.541],[5.362,5.39],[5.176,5.568],[5.543,5.619],[5.327,5.607],[5.323,5.724],[5.292,5.619],[5.178,5.592],[5.08,5.718],[5.367,5.97],[5.064,5.765],[4.76,6.119],[4.431,6.35],[3.877,6.437],[3.401,6.396],[3.822,6.621],[3.528,6.529],[3.462,6.601],[3.37,6.466],[3.4,6.39],[1.934,6.31],[1.343,6.161],[1.082,6.045],[0.928,5.783],[0.68,5.762],[0.642,5.871],[0.674,5.759],[0.18,5.748],[-0.81,5.214],[-1.617,5.025],[-1.748,4.878],[-2.093,4.735],[-2.385,4.938],[-4.017,5.258],[-5.61,5.115],[-6.124,4.997],[-6.081,4.948],[-6.202,4.885],[-7.618,4.353],[-8.252,4.572],[-9.299,5.151],[-9.596,5.433],[-9.554,5.477],[-10.376,6.16],[-10.698,6.233],[-10.82,6.312],[-10.782,6.395],[-11.081,6.617],[-11.351,6.7],[-11.358,6.761],[-11.201,6.675],[-11.231,6.79],[-11.348,6.758],[-11.564,6.996],[-12.521,7.384],[-12.353,7.383],[-12.49,7.447],[-12.335,7.544],[-12.466,7.556],[-12.456,7.681],[-12.54,7.654],[-12.456,7.767],[-12.711,7.702],[-12.787,7.761],[-12.739,7.82],[-12.809,7.789],[-12.962,7.917],[-12.834,7.932],[-12.906,8.038],[-12.836,8.077],[-12.925,8.108],[-12.964,8.263],[-13.164,8.17],[-13.298,8.497],[-13.047,8.375],[-13.135,8.448],[-13.051,8.527],[-13.015,8.478],[-13.022,8.565],[-12.837,8.561],[-12.956,8.579],[-12.876,8.69],[-13.061,8.575],[-13.027,8.672],[-13.087,8.614],[-13.151,8.665],[-13.175,8.532],[-13.251,8.803],[-13.12,8.834],[-13.11,8.93],[-13.283,8.984],[-13.315,9.067],[-13.216,9.176],[-13.317,9.152],[-13.304,9.335],[-13.41,9.277],[-13.39,9.414],[-13.521,9.474],[-13.477,9.57],[-13.523,9.5],[-13.555,9.588],[-13.724,9.507],[-13.537,9.797],[-13.603,9.77],[-13.661,9.875],[-13.74,9.824],[-13.692,9.952],[-13.8,9.838],[-14.034,10.003],[-14.03,10.17],[-14.138,10.196],[-14.205,10.104],[-14.202,10.205],[-14.264,10.152],[-14.309,10.223],[-14.456,10.209],[-14.527,10.521],[-14.665,10.468],[-14.539,10.828],[-14.701,10.63],[-14.705,10.758],[-14.619,10.81],[-14.745,10.69],[-14.792,10.754],[-14.71,10.849],[-14.731,10.914],[-14.808,10.819],[-14.819,10.929],[-14.627,11.011],[-14.697,11.077],[-14.862,10.963],[-14.918,11.045],[-14.9,10.964],[-15.078,10.919],[-15.099,11.053],[-15.005,11.183],[-15.235,10.998],[-15.192,11.124],[-15.408,11.199],[-15.345,11.417],[-15.505,11.328],[-15.467,11.48],[-15.278,11.535],[-15.288,11.61],[-15.221,11.547],[-15.283,11.62],[-15.176,11.561],[-15.185,11.638],[-15.075,11.575],[-15.034,11.643],[-15.137,11.694],[-15.258,11.632],[-15.175,11.744],[-15.233,11.66],[-15.264,11.743],[-15.274,11.646],[-15.337,11.685],[-15.323,11.609],[-15.376,11.657],[-15.348,11.588],[-15.403,11.618],[-15.427,11.542],[-15.402,11.682],[-15.529,11.673],[-15.51,11.789],[-15.382,11.889],[-15.163,11.879],[-14.939,11.989],[-15.175,11.909],[-15.404,11.965],[-15.649,11.8],[-15.956,11.735],[-15.854,11.992],[-16.101,11.878],[-16.352,12.097],[-16.014,12.345],[-16.237,12.321],[-16.319,12.215],[-16.322,12.289],[-16.338,12.198],[-16.448,12.181],[-16.776,12.407],[-16.777,12.527],[-16.667,12.45],[-16.68,12.551],[-16.587,12.635],[-16.526,12.539],[-16.512,12.597],[-16.366,12.545],[-16.22,12.61],[-16.426,12.58],[-16.482,12.716],[-16.494,12.616],[-16.637,12.7],[-16.764,12.572],[-16.71,12.73],[-16.785,12.708],[-16.742,13.057],[-16.817,13.341],[-16.718,13.46],[-16.58,13.462],[-16.595,13.314],[-16.355,13.25],[-16.21,13.31],[-16.15,13.435],[-15.927,13.4],[-15.605,13.449],[-15.575,13.516],[-15.967,13.445],[-16.135,13.499],[-16.314,13.336],[-16.507,13.361],[-16.478,13.44],[-16.638,13.7],[-16.514,13.879],[-16.694,13.775],[-16.745,13.912],[-16.689,14.044],[-16.761,13.834],[-16.788,14.096],[-16.966,14.399],[-17.247,14.698],[-17.417,14.735],[-17.437,14.647],[-17.534,14.742],[-17.131,14.913],[-16.577,15.697],[-16.454,16.067],[-16.522,15.878],[-16.52,16.281],[-16.445,16.614],[-16.044,17.748],[-16.054,18.433],[-16.175,18.909],[-16.548,19.38],[-16.309,19.47],[-16.291,19.546],[-16.401,19.458],[-16.355,19.536],[-16.473,19.422],[-16.272,19.732],[-16.255,19.881],[-16.317,19.884],[-16.198,20.225],[-16.358,20.421],[-16.463,20.646],[-16.418,20.676],[-16.525,20.735],[-16.534,20.55],[-16.678,20.679],[-16.913,21.161],[-17.026,21.042],[-17.044,20.772],[-17.107,20.838],[-16.983,21.798],[-16.799,22.197],[-16.516,22.327],[-16.3,22.907],[-16.163,22.979],[-16.183,23.112],[-16.231,23.085],[-15.727,23.822],[-15.705,23.973],[-15.797,23.918],[-15.988,23.624],[-15.915,23.803],[-14.904,24.686],[-14.835,25.297],[-14.465,26.197],[-14.184,26.424],[-13.651,26.659],[-13.2,27.638],[-12.916,27.956],[-12.234,28.033],[-11.525,28.299],[-11.069,28.744],[-10.54,29.006],[-10.218,29.309],[-9.663,30.072],[-9.606,30.416],[-9.891,30.633],[-9.807,30.827],[-9.846,31.398],[-9.263,32.181],[-9.287,32.546],[-8.514,33.267],[-7.538,33.628],[-6.812,34.025],[-6.122,35.215],[-5.935,35.791],[-5.471,35.917],[-5.282,35.902],[-5.355,35.796],[-5.245,35.552],[-4.688,35.206],[-4.356,35.15],[-3.934,35.265],[-3.808,35.205],[-3.708,35.29],[-3.342,35.187],[-3.088,35.284],[-2.979,35.442],[-2.877,35.218],[-2.929,35.263],[-2.926,35.182],[-2.83,35.109],[-2.742,35.116],[-2.875,35.214],[-2.628,35.088],[-2.428,35.15],[-1.957,35.075],[-1.287,35.358],[-1.2,35.573],[-0.938,35.728],[-0.791,35.774],[-0.623,35.714],[-0.382,35.91],[-0.098,35.791],[0.345,36.196],[1.361,36.555],[2.348,36.643],[2.558,36.592],[2.899,36.805],[3.487,36.768],[3.896,36.925],[4.788,36.892],[5.344,36.641],[5.692,36.821],[6.208,36.907],[6.267,37.026],[6.416,37.086],[6.931,36.882],[7.229,36.965],[7.258,37.025],[7.173,37.082],[7.382,37.084],[7.621,36.962],[7.792,36.97],[7.766,36.875],[7.9,36.843],[8.226,36.951],[8.431,36.896],[8.788,36.955],[9.219,37.24],[9.838,37.34],[9.882,37.272],[9.765,37.223],[9.816,37.143],[9.936,37.192],[9.822,37.227],[9.883,37.271],[10.282,37.185],[10.139,37.143],[10.239,37.113],[10.175,37.038],[10.355,36.874],[10.285,36.792],[10.35,36.729],[10.484,36.725],[10.612,36.884],[11.039,37.09],[11.137,36.878],[10.809,36.457],[10.544,36.372],[10.468,36.136],[10.652,35.811],[11.05,35.626],[11.035,35.345],[11.163,35.216],[10.726,34.649],[10.191,34.362],[10.018,34.188],[10.044,34.006],[10.214,33.797],[10.486,33.631],[10.728,33.705],[10.684,33.533],[10.755,33.472],[10.927,33.528],[10.92,33.617],[11.052,33.623],[11.099,33.359],[11.298,33.277],[11.09,33.3],[11.182,33.204],[11.44,33.18],[11.329,33.265],[12.299,32.838],[12.747,32.793],[13.388,32.898],[13.606,32.791],[14.221,32.698],[14.481,32.511],[15.205,32.382],[15.36,32.161],[15.482,31.68],[15.742,31.398],[16.125,31.253],[16.767,31.214],[17.853,30.925],[18.99,30.275],[19.289,30.286],[19.625,30.421],[20.057,30.851],[20.174,31.161],[19.921,31.76],[19.947,31.973],[20.1,32.182],[20.651,32.584],[21.708,32.941],[22.147,32.94],[23.107,32.635],[23.16,32.453],[23.133,32.39],[23.095,32.432],[23.094,32.309],[23.32,32.153],[23.314,32.214],[23.72,32.178],[24.088,32.013],[24.98,31.971],[25.201,31.524],[25.419,31.506],[25.888,31.63],[26.982,31.442],[27.34,31.374],[27.45,31.215],[27.675,31.179],[27.86,31.248],[27.925,31.1],[28.435,31.089],[29.065,30.822],[29.501,30.949],[30.069,31.33],[30.256,31.301],[30.342,31.496],[30.39,31.443],[30.358,31.51],[30.49,31.453],[30.973,31.585],[30.557,31.424],[30.728,31.385],[30.99,31.44],[31.02,31.517],[31.117,31.49],[30.975,31.583],[31.028,31.6],[31.558,31.443],[31.919,31.531],[32.205,31.289],[31.888,31.532],[31.771,31.273],[31.927,31.18],[32.031,31.217],[32.012,31.126],[32.099,31.048],[32.278,31.125],[32.294,31.212]]]}},{"type":"Feature","properties":{},"geometry":{"type":"Polygon","coordinates":[[[-79.952,9.318],[-79.962,9.13],[-80.086,9.019],[-79.961,8.998],[-79.885,9.182],[-79.826,9.052],[-79.799,9.117],[-79.691,9.105],[-79.566,8.901],[-79.749,8.839],[-79.754,8.693],[-79.859,8.653],[-79.693,8.66],[-79.752,8.598],[-80.249,8.298],[-80.393,8.322],[-80.496,8.094],[-80.053,7.645],[-80.001,7.465],[-80.316,7.418],[-80.44,7.24],[-80.89,7.206],[-80.952,7.554],[-81.091,7.774],[-81.025,7.825],[-81.056,7.915],[-81.1,7.843],[-81.223,7.884],[-81.168,7.778],[-81.229,7.609],[-81.442,7.678],[-81.585,7.77],[-81.609,7.992],[-81.639,7.942],[-81.718,8.031],[-81.761,8.214],[-81.783,8.133],[-81.955,8.19],[-81.939,8.242],[-82.137,8.238],[-82.164,8.167],[-82.224,8.281],[-82.157,8.339],[-82.22,8.359],[-82.268,8.29],[-82.285,8.344],[-82.352,8.287],[-82.431,8.34],[-82.481,8.278],[-82.837,8.292],[-82.893,8.033],[-82.977,8.241],[-83.148,8.365],[-83.094,8.45],[-83.184,8.611],[-83.125,8.599],[-83.322,8.726],[-83.479,8.719],[-83.284,8.542],[-83.277,8.386],[-83.569,8.441],[-83.739,8.611],[-83.575,8.805],[-83.654,8.794],[-83.562,8.899],[-83.632,8.916],[-83.622,9.041],[-84.246,9.494],[-84.617,9.58],[-84.741,9.969],[-85.283,10.268],[-85.186,10.025],[-84.921,9.928],[-84.932,9.838],[-84.862,9.83],[-85.11,9.555],[-85.295,9.801],[-85.673,9.905],[-85.877,10.356],[-85.773,10.452],[-85.814,10.519],[-85.629,10.625],[-85.701,10.61],[-85.661,10.776],[-85.953,10.893],[-85.714,10.927],[-85.757,11.024],[-85.671,11.06],[-86.517,11.775],[-86.765,12.222],[-87.181,12.459],[-87.508,12.82],[-87.692,12.909],[-87.58,13.087],[-87.474,12.938],[-87.303,12.925],[-87.387,12.939],[-87.274,13.042],[-87.432,13.102],[-87.517,13.261],[-87.404,13.418],[-87.587,13.305],[-87.661,13.338],[-87.585,13.38],[-87.607,13.461],[-87.744,13.353],[-87.839,13.445],[-87.868,13.361],[-87.778,13.293],[-87.899,13.154],[-88.349,13.172],[-88.355,13.241],[-88.641,13.308],[-88.705,13.247],[-88.594,13.262],[-88.468,13.157],[-89.303,13.484],[-89.811,13.522],[-90.033,13.711],[-90.53,13.904],[-91.305,13.949],[-91.788,14.189],[-92.195,14.506],[-93.688,15.856],[-94.319,16.14],[-94.698,16.212],[-95.145,16.182],[-95.439,15.976],[-96.245,15.667],[-96.563,15.645],[-97.203,15.903],[-97.788,15.959],[-98.072,16.17],[-98.57,16.327],[-98.784,16.56],[-99.693,16.703],[-100.021,16.92],[-101.072,17.266],[-101.203,17.423],[-101.659,17.664],[-101.95,17.961],[-102.27,17.947],[-103.51,18.313],[-103.843,18.777],[-104.333,19.018],[-104.292,19.071],[-104.357,19.116],[-104.695,19.174],[-104.812,19.235],[-104.799,19.299],[-105.031,19.386],[-105.089,19.561],[-105.519,20.032],[-105.695,20.41],[-105.247,20.582],[-105.341,20.756],[-105.54,20.77],[-105.239,21.06],[-105.19,21.461],[-105.451,21.624],[-105.65,22.002],[-105.757,22.54],[-105.697,22.471],[-106.035,22.832],[-105.973,22.88],[-106.039,22.837],[-106.268,23.125],[-106.419,23.178],[-106.389,23.221],[-106.429,23.176],[-106.897,23.845],[-107.4,24.235],[-107.11,24.05],[-107.146,24.143],[-107.791,24.485],[-107.487,24.327],[-107.558,24.388],[-107.476,24.397],[-107.54,24.519],[-107.639,24.464],[-107.996,24.647],[-108.07,24.783],[-107.941,24.725],[-108.018,24.842],[-107.885,24.881],[-108.007,24.863],[-108.044,25.069],[-108.318,25.193],[-108.345,25.283],[-108.389,25.185],[-108.739,25.396],[-108.777,25.545],[-108.898,25.567],[-108.915,25.462],[-109.039,25.461],[-109.119,25.542],[-109.048,25.598],[-109.161,25.615],[-109.247,25.748],[-109.237,25.643],[-109.368,25.786],[-109.4,25.682],[-109.435,25.807],[-109.358,25.854],[-109.43,25.818],[-109.436,25.998],[-109.213,26.343],[-109.12,26.176],[-109.136,26.344],[-109.252,26.474],[-109.261,26.318],[-109.268,26.5],[-109.485,26.744],[-109.577,26.702],[-109.495,26.671],[-109.674,26.673],[-109.83,26.758],[-109.974,27.109],[-110.283,27.145],[-110.524,27.291],[-110.439,27.305],[-110.558,27.395],[-110.532,27.46],[-110.594,27.439],[-110.632,27.651],[-110.55,27.732],[-110.608,27.812],[-110.501,27.869],[-110.826,27.952],[-110.887,27.838],[-110.972,27.972],[-111.106,27.936],[-111.457,28.315],[-111.435,28.372],[-111.713,28.457],[-111.952,28.758],[-111.85,28.795],[-112.175,28.968],[-112.234,29.305],[-112.412,29.346],[-112.385,29.492],[-112.75,29.916],[-112.761,30.198],[-113.088,30.679],[-113.132,31.061],[-113.078,30.998],[-113.069,31.154],[-113.253,31.287],[-113.631,31.332],[-113.659,31.501],[-113.877,31.623],[-113.974,31.66],[-114.023,31.493],[-114.159,31.494],[-114.585,31.778],[-114.955,31.881],[-114.851,31.852],[-114.784,31.664],[-114.919,31.263],[-114.835,31.001],[-114.712,30.913],[-114.629,30.121],[-114.384,29.776],[-114.207,29.744],[-113.637,29.285],[-113.525,28.892],[-113.384,28.941],[-113.349,28.797],[-113.197,28.797],[-113.102,28.505],[-112.846,28.441],[-112.773,27.861],[-112.595,27.653],[-112.356,27.551],[-112.217,27.208],[-111.968,27.098],[-112.007,26.954],[-111.872,26.833],[-111.908,26.723],[-111.766,26.552],[-111.678,26.586],[-111.818,26.716],[-111.853,26.877],[-111.561,26.697],[-111.566,26.56],[-111.442,26.519],[-111.469,26.419],[-111.322,26.098],[-111.307,25.775],[-111.121,25.529],[-111.018,25.516],[-110.907,25.145],[-110.696,24.917],[-110.729,24.518],[-110.613,24.261],[-110.326,24.177],[-110.438,24.175],[-110.352,24.116],[-110.334,24.331],[-110.231,24.344],[-110.016,24.171],[-109.987,24.047],[-109.827,24.061],[-109.698,23.662],[-109.468,23.556],[-109.426,23.454],[-109.538,23.107],[-109.971,22.871],[-110.09,22.991],[-110.171,23.319],[-110.328,23.56],[-110.623,23.712],[-111.56,24.465],[-111.586,24.415],[-111.639,24.559],[-111.816,24.597],[-111.756,24.516],[-111.813,24.508],[-111.992,24.87],[-111.957,24.752],[-112.032,24.738],[-112.037,24.844],[-112.08,24.725],[-112.104,25.014],[-112.143,24.804],[-112.186,24.957],[-112.074,25.195],[-112.127,25.192],[-112.089,25.461],[-112.005,25.498],[-112.09,25.474],[-112.097,25.812],[-112.239,26.084],[-112.295,26.056],[-112.404,26.24],[-112.684,26.316],[-113.059,26.594],[-113.13,26.798],[-113.246,26.786],[-113.141,26.859],[-113.167,26.993],[-113.268,26.749],[-113.44,26.832],[-113.626,26.719],[-113.854,26.971],[-114.005,26.971],[-114.162,27.132],[-114.436,27.176],[-114.52,27.424],[-115.027,27.74],[-115.059,27.861],[-114.5,27.772],[-114.319,27.873],[-114.321,27.779],[-114.108,27.602],[-114.064,27.695],[-113.958,27.656],[-113.922,27.718],[-114.069,27.806],[-114.048,27.718],[-114.147,27.728],[-114.162,27.953],[-114.278,27.903],[-114.139,28.088],[-114.14,27.945],[-114.12,28.037],[-114.041,28.028],[-114.116,28.115],[-114.064,28.195],[-114.059,28.111],[-114.052,28.218],[-114.127,28.258],[-114.047,28.465],[-114.965,29.373],[-115.189,29.427],[-115.7,29.755],[-115.703,29.898],[-115.814,29.949],[-115.811,30.299],[-115.987,30.395],[-115.93,30.447],[-115.993,30.506],[-116.006,30.365],[-116.06,30.803],[-116.335,30.964],[-116.361,31.24],[-116.694,31.553],[-116.652,31.664],[-116.749,31.742],[-116.623,31.772],[-116.631,31.698],[-116.615,31.843],[-116.861,31.992],[-116.923,32.226],[-117.038,32.283],[-117.138,32.621],[-117.228,32.687],[-117.122,32.604],[-117.12,32.674],[-117.179,32.728],[-117.247,32.667],[-117.332,33.125],[-117.508,33.332],[-118.089,33.736],[-118.413,33.742],[-118.443,33.977],[-118.535,34.034],[-118.808,34],[-119.133,34.099],[-119.566,34.414],[-120.455,34.442],[-120.639,34.559],[-120.641,35.135],[-120.887,35.234],[-120.828,35.339],[-120.886,35.431],[-121.285,35.664],[-121.505,36],[-121.903,36.304],[-121.98,36.58],[-121.816,36.681],[-121.864,36.932],[-122.136,36.967],[-122.407,37.197],[-122.4,37.358],[-122.521,37.534],[-122.478,37.81],[-122.387,37.792],[-122.363,37.593],[-122.009,37.464],[-122.109,37.499],[-122.19,37.704],[-122.332,37.782],[-122.315,37.895],[-122.423,37.947],[-122.257,38.061],[-122.409,38.155],[-122.516,38.129],[-122.448,37.988],[-122.513,37.942],[-122.439,37.882],[-122.523,37.892],[-122.472,37.833],[-122.528,37.815],[-122.86,38.019],[-123.023,37.994],[-122.98,38.269],[-123.732,38.922],[-123.691,39.035],[-123.829,39.348],[-123.768,39.558],[-123.852,39.83],[-124.365,40.26],[-124.412,40.442],[-124.138,40.927],[-124.164,41.141],[-124.064,41.445],[-124.149,41.723],[-124.256,41.771],[-124.21,41.998],[-124.414,42.252],[-124.403,42.625],[-124.568,42.839],[-124.387,43.331],[-124.241,43.426],[-124.175,43.383],[-124.198,43.468],[-124.339,43.357],[-124.187,43.68],[-124.11,44.315],[-124.026,44.438],[-124.085,44.498],[-124.069,44.614],[-124.004,44.62],[-124.081,44.678],[-123.957,45.275],[-124.009,45.34],[-123.933,45.403],[-123.957,45.512],[-123.865,45.499],[-123.959,45.571],[-123.894,45.707],[-123.937,45.658],[-123.984,45.767],[-123.994,45.948],[-123.919,46.015],[-124.023,46.23],[-123.817,46.15],[-123.868,46.19],[-123.431,46.244],[-123.707,46.312],[-123.876,46.241],[-123.993,46.313],[-124.088,46.271],[-124.067,46.636],[-124.015,46.381],[-123.953,46.37],[-123.935,46.46],[-123.886,46.432],[-123.961,46.638],[-123.819,46.691],[-124.092,46.728],[-124.138,46.906],[-124.044,46.857],[-123.806,46.972],[-124.121,47.041],[-124.174,46.927],[-124.206,47.208],[-124.322,47.357],[-124.425,47.736],[-124.679,47.966],[-124.736,48.163],[-124.657,48.325],[-124.731,48.382],[-123.982,48.165],[-123.248,48.116],[-123.103,48.186],[-123.185,48.148],[-123.006,48.025],[-123.041,48.082],[-122.918,48.096],[-122.887,47.991],[-122.828,48.042],[-122.886,48.106],[-122.757,48.145],[-122.801,48.086],[-122.61,47.888],[-122.813,47.681],[-122.787,47.806],[-122.859,47.827],[-122.904,47.646],[-123.159,47.354],[-122.842,47.434],[-123.122,47.391],[-122.965,47.586],[-122.752,47.671],[-122.611,47.858],[-122.567,47.823],[-122.613,47.942],[-122.525,47.912],[-122.47,47.757],[-122.59,47.69],[-122.655,47.744],[-122.593,47.593],[-122.692,47.649],[-122.622,47.571],[-122.694,47.529],[-122.552,47.59],[-122.495,47.512],[-122.577,47.257],[-122.696,47.286],[-122.627,47.409],[-122.732,47.345],[-122.769,47.168],[-122.827,47.405],[-122.933,47.206],[-123.069,47.211],[-123.017,47.262],[-123.094,47.213],[-122.938,47.2],[-123.085,47.097],[-122.937,47.189],[-123.015,47.067],[-122.925,47.149],[-122.893,47.049],[-122.898,47.147],[-122.824,47.097],[-122.814,47.18],[-122.691,47.088],[-122.548,47.32],[-122.433,47.256],[-122.326,47.348],[-122.422,47.576],[-122.34,47.6],[-122.438,47.663],[-122.276,47.644],[-122.201,47.507],[-122.249,47.755],[-122.273,47.648],[-122.41,47.678],[-122.307,47.95],[-122.178,48.006],[-122.345,48.099],[-122.382,48.232],[-122.479,48.177],[-122.358,48.057],[-122.511,48.132],[-122.535,48.247],[-122.396,48.248],[-122.382,48.315],[-122.534,48.375],[-122.549,48.453],[-122.657,48.408],[-122.703,48.498],[-122.474,48.46],[-122.562,48.582],[-122.428,48.595],[-122.512,48.666],[-122.491,48.752],[-122.674,48.731],[-122.648,48.785],[-122.796,48.894],[-122.751,48.932],[-122.826,48.945],[-122.731,48.973],[-122.875,49.027],[-122.863,49.088],[-123.044,49.049],[-123.026,48.975],[-123.161,49.017],[-123.187,49.109],[-123.075,49.115],[-123.197,49.128],[-123.154,49.179],[-123.269,49.206],[-123.153,49.211],[-123.265,49.269],[-123.031,49.301],[-123.296,49.37],[-123.171,49.693],[-123.492,49.519],[-123.52,49.385],[-123.97,49.512],[-124.074,49.64],[-124.013,49.755],[-123.89,49.731],[-123.756,49.481],[-123.79,49.603],[-123.526,49.704],[-123.806,49.625],[-123.718,49.786],[-123.836,49.686],[-123.947,49.774],[-123.867,49.92],[-123.972,49.988],[-123.746,50.088],[-123.852,50.163],[-123.992,50.209],[-123.802,50.095],[-124.009,49.992],[-123.92,49.827],[-123.999,49.811],[-124.036,49.934],[-124.078,49.8],[-124.266,49.742],[-124.518,49.803],[-124.808,50.011],[-124.808,50.066],[-124.671,49.967],[-124.712,50.082],[-124.809,50.077],[-124.593,50.242],[-124.737,50.326],[-124.34,50.507],[-124.67,50.432],[-124.828,50.308],[-124.958,50.332],[-125.007,50.446],[-124.968,50.377],[-125.081,50.324],[-125.056,50.481],[-124.863,50.593],[-124.833,50.735],[-124.92,50.802],[-124.822,50.929],[-124.982,50.811],[-124.885,50.73],[-124.905,50.613],[-125.118,50.428],[-125.228,50.425],[-125.258,50.505],[-125.312,50.457],[-125.367,50.558],[-125.417,50.458],[-125.596,50.449],[-125.472,50.721],[-125.614,50.452],[-125.707,50.421],[-125.769,50.471],[-125.699,50.49],[-125.819,50.49],[-125.725,50.528],[-125.963,50.468],[-126.082,50.495],[-125.937,50.562],[-126.093,50.484],[-126.284,50.517],[-125.94,50.638],[-126.197,50.58],[-126.299,50.632],[-125.73,50.66],[-125.594,50.796],[-125.649,50.856],[-125.497,50.94],[-125.537,50.996],[-125.568,50.903],[-125.683,50.875],[-125.643,50.787],[-125.709,50.717],[-126.183,50.668],[-126.02,50.807],[-126.193,50.781],[-126.18,50.874],[-126.586,50.849],[-126.493,50.925],[-126.414,50.9],[-126.462,50.874],[-126.193,50.948],[-126.526,50.997],[-126.511,50.941],[-126.665,50.866],[-126.841,50.912],[-126.637,50.933],[-126.78,50.935],[-126.788,50.998],[-126.902,50.894],[-127.137,50.95],[-126.896,50.887],[-127.028,50.818],[-127.531,51.014],[-127.503,51.1],[-127.318,51.033],[-126.782,51.068],[-126.657,51.196],[-126.794,51.082],[-127.34,51.039],[-127.469,51.091],[-127.198,51.094],[-127.558,51.127],[-126.91,51.103],[-127.413,51.136],[-127.406,51.202],[-127.25,51.211],[-127.616,51.145],[-127.508,51.095],[-127.786,51.163],[-127.773,51.248],[-127.6,51.305],[-127.376,51.296],[-127.47,51.266],[-127.061,51.352],[-127.543,51.321],[-127.36,51.408],[-127.783,51.322],[-127.573,51.473],[-127.466,51.436],[-127.552,51.402],[-127.246,51.406],[-127.568,51.482],[-127.509,51.624],[-127.246,51.682],[-127.454,51.665],[-127.363,51.87],[-127.458,51.696],[-127.661,51.707],[-127.459,51.683],[-127.678,51.462],[-127.651,51.523],[-127.803,51.533],[-127.786,51.612],[-127.683,51.608],[-127.859,51.648],[-127.899,51.819],[-127.886,51.901],[-127.672,51.951],[-127.608,52.122],[-127.461,52.132],[-127.613,52.029],[-127.375,52.107],[-127.472,52.189],[-127.179,52.315],[-127.009,52.305],[-127.216,52.384],[-127.245,52.513],[-127.004,52.666],[-127.238,52.579],[-127.343,52.417],[-127.628,52.606],[-127.415,52.406],[-127.54,52.4],[-127.485,52.339],[-127.625,52.284],[-127.757,52.269],[-127.723,52.358],[-127.876,52.196],[-127.933,52.318],[-127.852,52.376],[-127.93,52.446],[-127.716,52.451],[-127.89,52.501],[-127.944,52.444],[-127.881,52.373],[-127.976,52.313],[-127.963,52.478],[-128.029,52.32],[-128.086,52.436],[-128.006,52.514],[-128.104,52.55],[-128.05,52.652],[-128.103,52.473],[-128.201,52.459],[-128.149,52.412],[-128.357,52.266],[-128.411,52.291],[-128.199,52.483],[-128.249,52.568],[-128.118,52.759],[-127.832,52.736],[-128.133,52.768],[-128.136,52.879],[-128.035,52.918],[-128.136,52.928],[-128.243,52.799],[-128.438,52.815],[-128.503,52.922],[-128.413,52.942],[-128.504,52.931],[-128.554,53.07],[-128.43,53.095],[-128.558,53.086],[-128.48,53.146],[-128.853,53.269],[-128.908,53.43],[-128.842,53.475],[-128.926,53.444],[-128.989,53.545],[-128.816,53.568],[-128.475,53.326],[-128.526,53.408],[-128.364,53.478],[-128.136,53.448],[-128.075,53.381],[-128.128,53.333],[-128.001,53.34],[-128.121,53.491],[-128.372,53.507],[-128.545,53.427],[-128.77,53.547],[-128.84,53.645],[-128.797,53.785],[-128.684,53.854],[-128.48,53.813],[-128.713,53.876],[-128.66,53.996],[-128.933,53.778],[-128.92,53.854],[-128.967,53.798],[-129.01,53.895],[-128.974,53.769],[-129.085,53.835],[-129.031,53.753],[-129.308,53.647],[-129.241,53.614],[-129.233,53.519],[-129.349,53.564],[-129.238,53.512],[-129.271,53.364],[-130.046,53.867],[-130.111,53.95],[-130.056,54.148],[-129.958,54.159],[-129.817,54.024],[-129.943,54.183],[-129.558,54.221],[-129.865,54.235],[-130.13,54.148],[-130.301,54.201],[-130.151,54.283],[-130.236,54.27],[-130.244,54.399],[-130.373,54.32],[-130.489,54.364],[-130.483,54.442],[-130.384,54.463],[-130.446,54.489],[-130.384,54.561],[-130.448,54.649],[-129.988,54.304],[-130.106,54.407],[-129.988,54.511],[-130.117,54.418],[-130.443,54.654],[-130.348,54.623],[-130.293,54.662],[-130.365,54.637],[-130.354,54.692],[-130.192,54.713],[-129.923,54.605],[-130.221,54.723],[-130.059,54.893],[-130.178,54.851],[-130.019,54.975],[-129.951,54.962],[-129.987,54.915],[-129.661,54.978],[-130.013,55.009],[-129.922,55.121],[-130.099,54.983],[-130.172,55.074],[-129.907,55.288],[-130.01,55.339],[-130.147,55.744],[-129.933,55.949],[-130.177,55.759],[-130.002,55.277],[-130.479,54.838],[-130.473,54.95],[-130.631,54.816],[-130.681,54.869],[-130.596,54.973],[-130.681,54.938],[-130.667,54.77],[-130.741,54.796],[-130.748,54.961],[-130.738,54.82],[-130.934,54.802],[-130.979,54.924],[-130.866,54.97],[-130.967,54.961],[-131.006,55.042],[-130.831,55.119],[-130.69,55.02],[-130.715,55.114],[-130.53,55.153],[-130.693,55.152],[-130.478,55.336],[-130.767,55.092],[-130.822,55.195],[-130.906,55.101],[-131.072,55.121],[-131.096,55.193],[-130.929,55.302],[-130.627,55.3],[-130.692,55.323],[-130.614,55.375],[-130.877,55.314],[-130.875,55.546],[-130.677,55.559],[-130.695,55.64],[-130.878,55.56],[-130.905,55.698],[-130.705,55.756],[-130.908,55.713],[-130.972,55.779],[-130.928,55.818],[-131,55.801],[-131.221,55.982],[-131.031,56.102],[-131.345,55.968],[-131.425,56.009],[-131.513,55.92],[-131.619,55.927],[-131.525,56.003],[-131.735,55.89],[-131.843,55.93],[-131.748,55.887],[-131.921,55.864],[-131.766,55.818],[-131.826,55.719],[-131.887,55.746],[-131.819,55.67],[-131.9,55.6],[-132.042,55.682],[-131.934,55.585],[-131.971,55.498],[-132.186,55.589],[-132.288,55.763],[-132.006,55.778],[-132.099,55.85],[-132.069,55.945],[-131.936,55.978],[-131.973,56.175],[-131.6,56.164],[-131.491,56.237],[-131.9,56.225],[-131.967,56.386],[-132.183,56.381],[-132.371,56.595],[-132.063,56.721],[-132.543,56.701],[-132.372,56.82],[-132.528,56.748],[-132.786,56.839],[-132.952,56.99],[-132.794,56.968],[-132.82,57.097],[-133,57.018],[-133.189,57.091],[-133.13,57.174],[-133.312,57.106],[-133.572,57.183],[-133.503,57.291],[-133.202,57.24],[-133.259,57.293],[-133.057,57.358],[-133.466,57.358],[-133.349,57.443],[-133.508,57.447],[-133.519,57.545],[-133.341,57.593],[-133.618,57.576],[-133.663,57.714],[-132.894,57.496],[-133.182,57.606],[-133.105,57.7],[-133.189,57.699],[-133.195,57.615],[-133.589,57.77],[-133.573,57.918],[-133.183,57.897],[-133.577,57.928],[-133.651,57.887],[-133.634,57.791],[-133.729,57.804],[-133.856,57.952],[-133.765,57.995],[-133.686,57.931],[-133.665,58.02],[-133.779,58.065],[-133.645,58.156],[-133.889,57.974],[-134.056,58.062],[-134.083,58.281],[-133.97,58.317],[-134.019,58.402],[-133.932,58.5],[-133.713,58.538],[-134.094,58.417],[-134.058,58.333],[-134.146,58.305],[-134.147,58.202],[-134.783,58.393],[-134.784,58.496],[-134.993,58.678],[-134.909,58.661],[-134.991,58.811],[-134.926,58.955],[-135.025,58.733],[-135.146,58.838],[-135.284,59.195],[-135.091,59.26],[-135.343,59.236],[-135.35,59.481],[-135.4,59.288],[-135.634,59.372],[-135.361,59.21],[-135.303,59.084],[-135.635,59.265],[-135.381,59.102],[-135.381,58.925],[-135.139,58.619],[-135.238,58.622],[-135.054,58.349],[-135.091,58.241],[-135.316,58.246],[-135.513,58.514],[-135.478,58.376],[-135.63,58.43],[-135.921,58.381],[-135.839,58.481],[-135.908,58.572],[-135.833,58.603],[-136.089,58.823],[-135.764,58.886],[-135.98,58.913],[-136.058,58.853],[-136.186,59.068],[-136.149,58.948],[-136.246,58.924],[-136.128,58.936],[-136.108,58.863],[-136.237,58.751],[-136.404,58.822],[-136.283,58.827],[-136.491,58.838],[-136.515,58.965],[-136.592,58.909],[-136.709,59.014],[-136.668,58.893],[-137.048,59.068],[-136.919,58.932],[-137.146,58.831],[-137.018,58.905],[-136.668,58.855],[-136.546,58.702],[-136.444,58.663],[-136.51,58.758],[-136.351,58.688],[-136.553,58.608],[-136.359,58.589],[-136.3,58.665],[-136.141,58.549],[-136.236,58.509],[-136.098,58.512],[-136.039,58.385],[-136.285,58.315],[-136.329,58.416],[-136.53,58.453],[-136.496,58.386],[-136.593,58.392],[-136.497,58.327],[-136.486,58.397],[-136.417,58.382],[-136.369,58.302],[-136.608,58.369],[-136.658,58.342],[-136.568,58.246],[-136.687,58.21],[-136.678,58.297],[-136.858,58.317],[-136.81,58.418],[-136.892,58.342],[-136.923,58.399],[-137.112,58.382],[-137.658,58.609],[-137.506,58.68],[-137.675,58.618],[-138.127,59.015],[-138.619,59.125],[-138.515,59.118],[-138.478,59.2],[-138.697,59.165],[-138.637,59.129],[-139.235,59.327],[-139.133,59.311],[-139.252,59.394],[-139.325,59.348],[-139.863,59.536],[-139.645,59.568],[-139.473,59.703],[-139.641,59.874],[-139.505,59.991],[-139.313,59.854],[-139.363,59.757],[-139.283,59.617],[-139.361,59.593],[-139.3,59.561],[-139.229,59.606],[-139.303,59.821],[-138.886,59.807],[-139.255,59.861],[-139.515,60.057],[-139.815,59.821],[-140.315,59.692],[-141.453,59.875],[-141.26,59.964],[-141.33,60.059],[-141.28,60.073],[-141.411,60.14],[-141.467,60.078],[-141.369,60.023],[-141.693,59.95],[-142.8,60.101],[-143.892,59.988],[-144.252,60.025],[-143.971,60.046],[-144.259,60.149],[-144.198,60.192],[-144.593,60.18],[-144.712,60.218],[-144.628,60.2],[-144.701,60.264],[-144.657,60.295],[-144.938,60.286],[-144.878,60.457],[-144.999,60.409],[-145.051,60.466],[-145.312,60.335],[-145.506,60.397],[-145.429,60.467],[-145.948,60.454],[-145.609,60.66],[-145.893,60.61],[-145.803,60.657],[-145.899,60.629],[-145.862,60.687],[-146.008,60.614],[-145.905,60.714],[-146.258,60.622],[-145.984,60.744],[-146.045,60.796],[-146.16,60.722],[-146.313,60.716],[-146.278,60.776],[-146.49,60.668],[-146.657,60.685],[-146.7,60.743],[-146.053,60.825],[-146.233,60.89],[-146.558,60.807],[-146.523,60.859],[-146.638,60.817],[-146.633,60.884],[-146.738,60.908],[-146.757,60.96],[-146.557,60.937],[-146.72,60.966],[-146.671,61.035],[-146.48,61.001],[-146.659,61.068],[-146.231,61.089],[-146.316,61.134],[-146.602,61.141],[-146.973,60.93],[-147.057,60.945],[-146.957,61.054],[-147.17,60.931],[-147.235,61.014],[-147.256,60.918],[-147.385,60.871],[-147.453,60.893],[-147.384,60.932],[-147.456,60.922],[-147.376,60.977],[-147.471,60.954],[-147.417,61.017],[-147.549,60.907],[-147.52,61.155],[-147.585,61.017],[-147.677,61.012],[-147.609,60.978],[-147.703,60.958],[-147.594,60.949],[-147.601,60.849],[-147.732,60.941],[-147.829,60.878],[-147.746,60.829],[-147.877,60.825],[-148.068,60.933],[-147.695,61.201],[-147.766,61.206],[-147.721,61.277],[-148.069,61.001],[-148.146,61.127],[-148.416,61.053],[-148.359,61.001],[-148.165,61.07],[-148.186,60.971],[-148.326,60.956],[-148.264,60.914],[-148.303,60.837],[-148.414,60.848],[-148.338,60.806],[-148.714,60.787],[-148.449,60.795],[-148.617,60.752],[-148.682,60.653],[-148.522,60.767],[-148.361,60.767],[-148.43,60.617],[-148.227,60.765],[-148.294,60.676],[-148.189,60.608],[-148.482,60.546],[-148.267,60.489],[-148.28,60.433],[-148.083,60.596],[-148.038,60.556],[-148.094,60.523],[-147.961,60.501],[-148.098,60.453],[-147.936,60.438],[-148.263,60.363],[-148.208,60.302],[-148.325,60.247],[-148.391,60.28],[-148.339,60.234],[-148.445,60.18],[-148.233,60.26],[-148.301,60.207],[-148.189,60.215],[-148.217,60.147],[-148.088,60.214],[-148.24,60.115],[-148.346,60.184],[-148.426,59.949],[-148.547,60.032],[-148.635,59.916],[-148.771,59.984],[-148.84,59.924],[-149.098,59.955],[-149.025,60.094],[-149.208,60.009],[-149.291,59.866],[-149.291,60.013],[-149.427,60.123],[-149.387,59.983],[-149.625,59.82],[-149.526,59.705],[-149.645,59.739],[-149.577,59.757],[-149.67,59.811],[-149.62,59.879],[-149.723,59.954],[-149.747,59.823],[-149.868,59.851],[-149.76,59.793],[-149.741,59.637],[-150.033,59.803],[-149.942,59.656],[-150.037,59.612],[-150.135,59.694],[-150.098,59.612],[-150.164,59.622],[-150.083,59.578],[-150.21,59.579],[-150.177,59.536],[-150.361,59.459],[-150.226,59.73],[-150.499,59.455],[-150.485,59.517],[-150.572,59.53],[-150.487,59.583],[-150.56,59.596],[-150.663,59.541],[-150.579,59.492],[-150.658,59.47],[-150.6,59.426],[-150.952,59.308],[-150.887,59.27],[-150.961,59.195],[-151.025,59.323],[-151.094,59.268],[-151.323,59.31],[-151.115,59.209],[-151.438,59.27],[-151.57,59.228],[-151.468,59.202],[-151.743,59.157],[-151.706,59.223],[-151.983,59.255],[-151.925,59.361],[-151.767,59.326],[-151.89,59.426],[-151.744,59.455],[-151.684,59.392],[-151.709,59.471],[-151.57,59.487],[-151.292,59.41],[-151.453,59.535],[-151.194,59.563],[-151.206,59.647],[-150.93,59.792],[-151.432,59.668],[-151.483,59.635],[-151.411,59.598],[-151.867,59.761],[-151.703,60.035],[-151.298,60.385],[-151.229,60.548],[-151.414,60.72],[-150.39,61.04],[-150.195,60.925],[-149.767,60.969],[-148.969,60.807],[-149.188,60.945],[-149.698,61.003],[-150.079,61.157],[-149.709,61.382],[-149.153,61.503],[-149.354,61.522],[-149.755,61.449],[-149.987,61.237],[-150.49,61.247],[-150.581,61.36],[-150.591,61.28],[-150.945,61.216],[-151.168,61.046],[-151.744,60.923],[-151.804,60.853],[-151.711,60.711],[-151.868,60.753],[-152.05,60.681],[-152.308,60.508],[-152.327,60.438],[-152.235,60.395],[-152.557,60.224],[-152.995,60.3],[-152.572,60.071],[-152.701,59.919],[-153.224,59.864],[-153.28,59.812],[-152.997,59.783],[-153.217,59.634],[-153.419,59.636],[-153.338,59.721],[-153.467,59.798],[-153.475,59.643],[-153.562,59.622],[-153.598,59.696],[-153.708,59.634],[-153.558,59.605],[-153.582,59.553],[-153.857,59.544],[-153.732,59.505],[-153.727,59.435],[-154.141,59.374],[-153.943,59.36],[-154.265,59.14],[-154.173,59.12],[-154.165,59.01],[-153.701,59.076],[-153.25,58.853],[-153.591,58.633],[-153.906,58.61],[-153.93,58.496],[-154.093,58.48],[-154.003,58.375],[-154.354,58.285],[-154.105,58.282],[-154.246,58.247],[-154.147,58.239],[-154.178,58.189],[-154.302,58.193],[-154.212,58.134],[-154.336,58.157],[-154.344,58.081],[-154.489,58.204],[-154.449,58.093],[-154.609,58.124],[-154.568,58.023],[-155.03,58.024],[-155.128,57.949],[-155.081,57.876],[-155.34,57.826],[-155.308,57.724],[-155.615,57.792],[-155.591,57.658],[-155.775,57.641],[-155.73,57.545],[-156.037,57.567],[-156.095,57.524],[-156.022,57.436],[-156.182,57.484],[-156.54,57.325],[-156.318,57.291],[-156.403,57.225],[-156.365,57.145],[-156.622,57.06],[-156.553,56.979],[-156.772,57.041],[-156.828,56.898],[-156.953,56.983],[-156.932,56.918],[-157.088,56.818],[-157.186,56.857],[-157.136,56.804],[-157.201,56.765],[-157.442,56.857],[-157.403,56.763],[-157.599,56.72],[-157.466,56.624],[-157.68,56.608],[-157.761,56.679],[-158.126,56.551],[-157.841,56.567],[-157.865,56.473],[-158.141,56.521],[-158.128,56.461],[-158.408,56.453],[-158.677,56.268],[-158.534,56.254],[-158.436,56.345],[-158.198,56.291],[-158.408,56.241],[-158.297,56.213],[-158.338,56.179],[-158.113,56.241],[-158.349,56.125],[-158.385,56.189],[-158.4,56.063],[-158.49,56.114],[-158.415,56.003],[-158.602,56.047],[-158.456,56.19],[-158.621,56.201],[-158.549,56.176],[-158.608,56.124],[-158.72,56.154],[-158.646,56.089],[-158.723,56.049],[-158.639,56.021],[-158.668,55.951],[-158.848,56.014],[-158.92,55.911],[-159.377,55.87],[-159.417,55.787],[-159.457,55.895],[-159.552,55.872],[-159.497,55.764],[-159.6,55.563],[-159.752,55.599],[-159.635,55.608],[-159.712,55.66],[-159.61,55.809],[-159.817,55.856],[-159.865,55.786],[-160.028,55.792],[-160.055,55.695],[-160.154,55.738],[-160.13,55.664],[-160.424,55.662],[-160.356,55.608],[-160.469,55.583],[-160.503,55.477],[-160.602,55.608],[-160.788,55.531],[-160.663,55.519],[-160.672,55.46],[-160.928,55.524],[-161.237,55.355],[-161.504,55.359],[-161.495,55.488],[-161.364,55.592],[-161.143,55.539],[-161.58,55.621],[-161.682,55.573],[-161.632,55.566],[-161.71,55.516],[-161.687,55.408],[-161.885,55.217],[-162.054,55.237],[-161.962,55.106],[-162.135,55.106],[-162.083,55.175],[-162.22,55.117],[-162.223,55.028],[-162.415,55.033],[-162.525,55.118],[-162.352,55.108],[-162.645,55.303],[-162.717,55.216],[-162.58,55.136],[-162.643,55.067],[-162.553,54.958],[-162.882,54.934],[-162.972,55.001],[-162.919,55.022],[-163.183,55.139],[-163.222,55.035],[-163.027,54.948],[-163.357,54.811],[-163.389,54.86],[-163.268,54.917],[-163.343,54.956],[-163.221,54.936],[-163.353,55.11],[-163,55.25],[-163.081,55.178],[-162.862,55.185],[-162.903,55.271],[-162.635,55.393],[-162.461,55.371],[-162.438,55.304],[-162.502,55.462],[-162.588,55.451],[-162.258,55.697],[-161.804,55.897],[-160.879,56.001],[-160.856,55.931],[-161.025,55.896],[-160.932,55.888],[-160.953,55.821],[-160.793,55.714],[-160.654,55.736],[-160.79,55.886],[-160.257,55.768],[-160.321,55.82],[-160.243,55.853],[-160.583,55.914],[-160.335,56.294],[-159.817,56.548],[-159.213,56.695],[-159.282,56.718],[-158.885,56.885],[-158.985,56.789],[-158.954,56.844],[-158.612,56.76],[-158.693,56.977],[-158.346,57.273],[-157.732,57.561],[-157.662,57.449],[-157.401,57.487],[-157.577,57.486],[-157.604,57.623],[-157.709,57.637],[-157.611,58.051],[-157.527,58.204],[-157.183,58.204],[-157.454,58.212],[-157.545,58.279],[-157.536,58.399],[-157.167,58.675],[-156.905,58.735],[-157.068,58.77],[-156.842,59.036],[-157.107,58.872],[-158.189,58.612],[-158.562,58.841],[-158.412,58.968],[-158.492,59],[-158.378,59.036],[-158.147,59.003],[-158.044,58.894],[-158.042,58.949],[-158.539,59.142],[-158.428,59.053],[-158.614,58.911],[-158.744,58.921],[-158.795,58.736],[-158.895,58.762],[-158.817,58.811],[-158.967,58.778],[-158.848,58.791],[-158.896,58.719],[-158.697,58.492],[-158.885,58.392],[-159.066,58.425],[-159.452,58.8],[-159.653,58.84],[-159.616,58.946],[-159.751,58.933],[-159.75,58.842],[-159.919,58.769],[-160.008,58.88],[-160.328,58.945],[-160.253,58.991],[-160.339,59.077],[-160.836,58.81],[-160.95,58.879],[-161.683,58.561],[-161.771,58.552],[-161.755,58.641],[-161.755,58.581],[-162.136,58.634],[-161.879,58.659],[-161.679,58.774],[-161.773,58.771],[-161.843,59.037],[-161.521,59.105],[-161.818,59.119],[-161.855,59.06],[-162.008,59.177],[-162.059,59.271],[-161.998,59.329],[-162.05,59.259],[-161.959,59.248],[-161.955,59.378],[-161.708,59.497],[-162.211,60.022],[-162.195,60.158],[-162.274,60.201],[-162.324,60.108],[-162.365,60.239],[-162.521,60.283],[-162.667,60.255],[-162.448,60.188],[-162.541,59.98],[-162.756,59.998],[-163.433,59.808],[-164.128,59.837],[-164.218,59.948],[-164.069,59.943],[-164.107,59.993],[-164.657,60.259],[-164.535,60.387],[-164.569,60.454],[-164.428,60.482],[-164.492,60.554],[-163.919,60.789],[-163.78,60.756],[-163.781,60.578],[-163.418,60.726],[-163.762,60.851],[-165.129,60.917],[-165.195,60.985],[-164.946,61.003],[-164.957,61.087],[-164.847,61.052],[-164.783,61.139],[-165.065,61.058],[-165.132,61.09],[-165.026,61.111],[-165.19,61.122],[-165.067,61.213],[-165.134,61.248],[-165.08,61.21],[-165.243,61.15],[-165.372,61.194],[-165.29,61.263],[-165.393,61.2],[-165.343,61.074],[-165.562,61.088],[-165.615,61.294],[-165.905,61.359],[-165.879,61.431],[-165.717,61.439],[-165.78,61.515],[-166.125,61.494],[-166.193,61.584],[-166.151,61.721],[-166.146,61.632],[-165.733,61.661],[-166.01,61.719],[-166.105,61.813],[-165.543,61.863],[-165.742,61.954],[-165.712,62.111],[-165.36,62.357],[-165.167,62.346],[-165.345,62.347],[-165.102,62.523],[-164.816,62.515],[-164.861,62.57],[-164.708,62.609],[-164.826,62.639],[-164.884,62.785],[-164.747,62.792],[-164.86,62.838],[-164.704,63.015],[-164.47,63.017],[-164.592,63.124],[-164.427,63.212],[-163.773,63.218],[-163.61,63.064],[-163.475,63.099],[-163.308,63.004],[-162.567,63.268],[-162.278,63.488],[-162.313,63.544],[-162.004,63.487],[-162.163,63.411],[-161.143,63.503],[-160.783,63.754],[-160.79,63.868],[-160.729,63.871],[-160.941,64.051],[-160.972,64.227],[-161.242,64.379],[-161.138,64.374],[-161.265,64.386],[-161.2,64.416],[-161.536,64.417],[-161.387,64.535],[-161.017,64.503],[-161.09,64.543],[-160.905,64.553],[-160.795,64.619],[-160.786,64.718],[-160.852,64.833],[-161.155,64.911],[-160.957,64.97],[-161.533,64.737],[-161.747,64.845],[-161.79,64.808],[-161.676,64.783],[-162.541,64.532],[-162.632,64.387],[-162.794,64.323],[-162.845,64.492],[-163.051,64.54],[-163.134,64.653],[-163.453,64.61],[-163.033,64.516],[-163.168,64.396],[-163.661,64.567],[-164.307,64.569],[-164.885,64.475],[-164.926,64.53],[-164.954,64.487],[-164.86,64.465],[-164.923,64.447],[-164.747,64.465],[-165.018,64.435],[-166.212,64.579],[-166.483,64.731],[-166.382,64.818],[-166.423,64.915],[-166.96,65.164],[-166.857,65.281],[-166.93,65.143],[-166.759,65.111],[-166.542,65.123],[-166.641,65.127],[-166.363,65.276],[-166.053,65.252],[-167.473,65.415],[-168.074,65.577],[-168.105,65.685],[-167.82,65.764],[-168.043,65.682],[-168.011,65.628],[-167.543,65.721],[-167.49,65.761],[-167.591,65.795],[-167.448,65.805],[-167.534,65.825],[-167.272,65.903],[-167.047,65.869],[-166.861,65.924],[-166.983,65.973],[-166.276,66.167],[-165.766,66.094],[-165.477,66.136],[-165.873,66.219],[-165.76,66.32],[-165.144,66.437],[-165.02,66.384],[-164.713,66.541],[-164.404,66.582],[-163.752,66.552],[-163.735,66.483],[-163.87,66.387],[-163.828,66.265],[-164.195,66.186],[-163.9,66.196],[-163.761,66.061],[-162.747,66.102],[-162.63,66.039],[-162.67,66.002],[-162.133,66.079],[-161.843,66.024],[-161.957,66.015],[-161.885,66.022],[-161.897,65.958],[-161.783,65.974],[-161.838,66],[-161.785,66.063],[-161.493,66.262],[-161.06,66.23],[-161.193,66.099],[-161.092,66.112],[-160.987,66.222],[-161.145,66.337],[-161.696,66.397],[-161.913,66.352],[-161.823,66.272],[-161.912,66.265],[-161.897,66.523],[-162.221,66.704],[-162.497,66.731],[-162.624,66.855],[-162.471,66.952],[-162.012,66.783],[-162.068,66.649],[-161.583,66.442],[-161.179,66.538],[-160.583,66.354],[-160.24,66.385],[-160.212,66.509],[-160.317,66.587],[-160.267,66.638],[-160.531,66.577],[-160.949,66.656],[-161.143,66.635],[-161.291,66.521],[-161.488,66.526],[-161.436,66.563],[-161.887,66.716],[-161.715,66.938],[-161.482,66.947],[-161.654,67.022],[-162.435,66.984],[-162.437,67.057],[-162.705,67.053],[-162.961,67.025],[-162.845,66.992],[-163.698,67.107],[-163.872,67.412],[-164.169,67.626],[-165.352,68.027],[-165.958,68.132],[-166.215,68.267],[-166.848,68.338],[-166.333,68.442],[-166.199,68.692],[-166.23,68.877],[-164.272,68.928],[-163.561,69.13],[-163.149,69.418],[-163.286,69.275],[-163.095,69.374],[-163.02,69.539],[-163.117,69.595],[-163.01,69.612],[-163.043,69.691],[-162.921,69.694],[-163.008,69.762],[-162.491,69.959],[-162.464,70.045],[-162.251,70.038],[-162.324,70.106],[-161.925,70.295],[-161.654,70.242],[-161.875,70.247],[-161.729,70.207],[-162.068,70.137],[-161.028,70.328],[-160.9,70.276],[-160.984,70.319],[-160.128,70.607],[-159.904,70.586],[-159.904,70.525],[-160.199,70.462],[-159.906,70.469],[-160.181,70.341],[-159.965,70.375],[-159.844,70.311],[-159.886,70.388],[-159.801,70.487],[-159.466,70.512],[-159.735,70.485],[-159.92,70.617],[-160.126,70.599],[-159.657,70.796],[-159.172,70.86],[-159.116,70.818],[-159.346,70.806],[-159.274,70.735],[-158.964,70.771],[-159.073,70.817],[-157.817,70.867],[-157.304,71.003],[-157.077,71.148],[-156.964,71.117],[-157.069,71.15],[-157.026,71.178],[-156.485,71.389],[-156.364,71.358],[-156.639,71.335],[-156.575,71.276],[-156.083,71.239],[-156.029,71.197],[-156.093,71.158],[-155.93,71.21],[-155.569,71.162],[-155.516,71.068],[-155.723,70.984],[-156.204,70.916],[-155.953,70.896],[-155.993,70.863],[-155.928,70.849],[-156.159,70.838],[-155.933,70.836],[-155.997,70.75],[-155.89,70.758],[-155.933,70.808],[-155.876,70.832],[-155.513,70.862],[-155.326,70.787],[-155.256,70.827],[-155.486,70.843],[-155.516,70.941],[-155.178,70.982],[-155.281,71.066],[-155.078,71.059],[-155.129,71.123],[-155.075,71.13],[-155.025,71.027],[-154.927,71.055],[-155.004,71.087],[-154.958,71.11],[-154.579,70.997],[-154.606,70.908],[-154.764,70.871],[-154.188,70.769],[-153.91,70.885],[-153.233,70.924],[-152.782,70.885],[-152.688,70.792],[-152.629,70.847],[-152.707,70.883],[-152.263,70.84],[-152.191,70.797],[-152.569,70.633],[-152.046,70.58],[-152.604,70.546],[-151.71,70.556],[-151.971,70.428],[-151.221,70.364],[-151.151,70.37],[-151.186,70.432],[-151.097,70.392],[-150.773,70.499],[-150.115,70.422],[-149.868,70.51],[-149.465,70.517],[-148.59,70.399],[-148.471,70.358],[-148.495,70.298],[-148.108,70.344],[-147.901,70.293],[-147.945,70.254],[-147.784,70.29],[-147.785,70.218],[-147.057,70.143],[-145.86,70.165],[-145.576,70.077],[-145.602,70.028],[-144.963,69.96],[-143.255,70.118],[-141.739,69.786],[-141.378,69.635],[-141.251,69.631],[-141.217,69.678],[-141.289,69.69],[-140.532,69.592],[-139.896,69.611],[-139.121,69.499],[-138.614,69.23],[-138.453,69.205],[-138.391,69.292],[-137.983,69.093],[-136.788,68.861],[-136.594,68.843],[-136.487,68.868],[-136.536,68.905],[-136.092,68.831],[-136.138,68.882],[-135.295,68.64],[-135.12,68.655],[-135.527,68.828],[-135.352,68.825],[-135.647,68.879],[-135.256,68.929],[-135.486,68.936],[-135.424,69.03],[-135.71,68.998],[-135.939,69.078],[-135.999,69.206],[-135.906,69.248],[-135.561,69.114],[-135.85,69.238],[-135.854,69.302],[-135.668,69.268],[-135.782,69.318],[-135.682,69.32],[-135.599,69.216],[-135.628,69.314],[-135.562,69.339],[-135.192,69.245],[-135.512,69.39],[-134.82,69.485],[-134.535,69.418],[-134.411,69.473],[-134.617,69.495],[-134.424,69.627],[-134.498,69.709],[-134.169,69.641],[-134.264,69.577],[-134.138,69.52],[-133.75,69.532],[-134.206,69.248],[-133.723,69.346],[-133.685,69.299],[-133.666,69.379],[-133.032,69.392],[-133.04,69.458],[-132.97,69.426],[-133.021,69.36],[-132.919,69.427],[-133.011,69.577],[-132.907,69.646],[-132.497,69.624],[-132.472,69.698],[-132.631,69.683],[-132.309,69.758],[-132.488,69.723],[-132.229,69.674],[-131.994,69.701],[-131.353,69.972],[-131.414,69.932],[-131.237,69.918],[-131.201,69.819],[-131.003,69.964],[-131.078,69.951],[-131.037,70.004],[-130.945,69.994],[-131.033,70.013],[-130.944,70.038],[-130.981,70.074],[-130.701,70.067],[-130.689,70.136],[-130.472,70.156],[-130.556,70.113],[-130.424,70.091],[-130.371,70.156],[-130.372,70.092],[-130.309,70.117],[-130.36,70.077],[-130.163,70.11],[-130.224,70.04],[-130.122,70.1],[-129.887,70.061],[-129.858,70.162],[-129.747,70.172],[-129.863,70.188],[-129.668,70.256],[-129.716,70.219],[-129.585,70.204],[-129.616,70.148],[-129.373,70.101],[-129.43,70.037],[-130.531,69.777],[-130.567,69.702],[-130.916,69.597],[-130.984,69.537],[-130.967,69.386],[-130.881,69.306],[-130.632,69.411],[-130.758,69.438],[-130.34,69.686],[-129.107,69.852],[-128.927,69.96],[-128.872,69.942],[-128.977,69.87],[-128.919,69.832],[-129.176,69.82],[-129.169,69.702],[-128.926,69.651],[-128.873,69.67],[-128.989,69.723],[-128.613,69.871],[-128.234,69.921],[-128.405,70.068],[-128.341,70.126],[-128.102,70.167],[-128.193,70.135],[-127.866,70.064],[-128.143,70.152],[-127.555,70.218],[-127.449,70.141],[-127.645,70.25],[-128.047,70.269],[-128.124,70.347],[-127.913,70.379],[-128.151,70.357],[-128.15,70.41],[-128.206,70.354],[-128.04,70.577],[-127.28,70.305],[-126.82,69.956],[-126.91,69.925],[-126.803,69.942],[-126.72,69.755],[-126.315,69.536],[-125.464,69.311],[-125.352,69.375],[-125.487,69.397],[-125.182,69.374],[-125.127,69.444],[-125.646,69.411],[-125.457,69.515],[-125.14,69.477],[-125.3,69.518],[-125.255,69.591],[-125.478,69.597],[-125.389,69.674],[-125.044,69.74],[-124.917,69.625],[-124.877,69.717],[-124.79,69.705],[-125.301,69.812],[-125.185,69.851],[-125.176,69.785],[-125.077,69.784],[-124.875,69.97],[-124.638,69.979],[-125.021,70.006],[-125.221,69.927],[-125.221,70.006],[-124.419,70.04],[-124.756,70.103],[-124.689,70.152],[-124.754,70.183],[-124.526,70.201],[-124.676,70.142],[-124.383,70.143],[-124.435,70.107],[-124.324,70.048],[-124.527,69.955],[-124.418,69.946],[-124.499,69.898],[-124.382,69.85],[-124.51,69.725],[-124.033,69.679],[-124.442,69.479],[-124.424,69.397],[-124.542,69.408],[-124.374,69.336],[-123.496,69.373],[-123.304,69.496],[-123.39,69.486],[-123.188,69.488],[-123.092,69.667],[-123.149,69.768],[-122.96,69.83],[-121.88,69.817],[-121.38,69.772],[-119.978,69.348],[-118.694,69.233],[-118.019,69.022],[-117.07,68.879],[-116.964,68.947],[-115.977,68.806],[-116.327,68.958],[-115.816,68.933],[-115.921,69.013],[-114.978,68.871],[-114.18,68.568],[-114.058,68.39],[-113.889,68.398],[-114.046,68.294],[-114.003,68.239],[-115.021,68.289],[-114.729,68.181],[-115.249,68.189],[-115.143,68.141],[-115.224,68.029],[-115.091,68.008],[-115.714,67.911],[-115.212,67.894],[-115.278,67.852],[-115.098,67.803],[-112.988,67.671],[-111.972,67.754],[-111.967,67.682],[-111.866,67.668],[-111.903,67.756],[-111.416,67.725],[-111.205,67.841],[-111.119,67.837],[-111.194,67.756],[-111.028,67.763],[-110.036,68.011],[-109.951,67.951],[-109.968,67.851],[-109.87,67.89],[-109.653,67.803],[-109.726,67.779],[-109.598,67.736],[-109.705,67.718],[-109.498,67.694],[-109.383,67.773],[-109.023,67.726],[-108.885,67.535],[-109,67.484],[-108.828,67.353],[-108.659,67.64],[-108.555,67.601],[-108.468,67.347],[-108.373,67.451],[-108.28,67.384],[-108.37,67.363],[-108.338,67.317],[-108.243,67.31],[-108.264,67.415],[-107.964,67.283],[-107.854,67.039],[-108.13,67.08],[-108.175,67.003],[-108.6,67.151],[-108.536,67.062],[-108.157,66.973],[-108.098,66.847],[-107.921,66.797],[-107.867,66.667],[-107.861,66.77],[-107.207,66.347],[-107.154,66.373],[-107.788,66.77],[-107.67,66.756],[-107.763,66.962],[-107.739,67.017],[-107.606,66.963],[-107.624,67.081],[-107.46,66.921],[-107.679,66.963],[-107.498,66.871],[-107.557,66.839],[-107.386,66.816],[-107.492,66.876],[-107.369,66.908],[-107.434,66.983],[-107.066,66.819],[-107.192,66.969],[-107.432,67.06],[-107.044,67.138],[-107.527,67.206],[-107.712,67.403],[-107.624,67.396],[-107.57,67.5],[-108.029,67.775],[-107.636,67.931],[-107.753,67.985],[-107.68,68.053],[-107.294,68.056],[-107.128,68.137],[-106.733,68.098],[-106.785,68.232],[-106.632,68.176],[-106.592,68.259],[-106.325,68.188],[-106.496,68.244],[-106.428,68.342],[-106.188,68.403],[-106.133,68.378],[-106.219,68.33],[-105.796,68.465],[-105.739,68.415],[-105.661,68.527],[-105.772,68.553],[-105.626,68.637],[-106.566,68.53],[-106.378,68.507],[-106.619,68.474],[-106.447,68.408],[-106.551,68.358],[-106.518,68.293],[-106.785,68.418],[-106.966,68.368],[-106.933,68.429],[-107.218,68.26],[-107.286,68.33],[-107.804,68.35],[-107.873,68.256],[-107.56,68.167],[-108.363,68.115],[-108.393,68.161],[-108.278,68.205],[-108.419,68.182],[-108.353,68.27],[-108.412,68.336],[-108.541,68.254],[-108.811,68.266],[-108.257,68.632],[-107.28,68.705],[-106.189,68.947],[-105.774,68.887],[-105.431,68.736],[-105.546,68.694],[-105.274,68.462],[-105.535,68.409],[-105.301,68.431],[-105.326,68.377],[-104.956,68.245],[-104.997,68.155],[-104.946,68.254],[-105.053,68.324],[-104.881,68.361],[-104.794,68.316],[-104.942,68.251],[-104.584,68.261],[-104.649,68.147],[-104.503,68.127],[-104.565,68.116],[-104.481,68.025],[-103.781,68.026],[-103.384,68.159],[-103.304,68.104],[-103.383,68.099],[-103.347,68.005],[-102.756,67.81],[-102.421,67.787],[-102.217,67.659],[-102.129,67.665],[-102.195,67.742],[-101.94,67.801],[-101.793,67.753],[-101.81,67.697],[-101.723,67.741],[-101.516,67.655],[-101.399,67.743],[-101.283,67.699],[-101.073,67.796],[-101.079,67.738],[-100.982,67.743],[-100.653,67.854],[-100.569,67.838],[-100.604,67.79],[-99.752,67.842],[-98.886,67.688],[-98.895,67.743],[-98.692,67.815],[-98.317,67.794],[-98.715,67.964],[-98.72,68.078],[-98.564,68.106],[-97.905,67.694],[-97.609,67.6],[-97.201,67.661],[-97.426,67.58],[-97.311,67.52],[-97.405,67.584],[-97.013,67.683],[-97.097,67.717],[-97.016,67.787],[-97.192,67.701],[-97.081,67.784],[-97.206,67.95],[-97.355,67.873],[-97.634,68.024],[-97.921,67.927],[-97.967,67.991],[-98.083,67.838],[-98.562,68.153],[-98.421,68.195],[-98.345,68.082],[-98.277,68.099],[-98.292,68.181],[-98.479,68.203],[-98.681,68.399],[-98.473,68.333],[-98.51,68.388],[-98.417,68.346],[-98.478,68.427],[-98.15,68.296],[-98.008,68.32],[-98.062,68.377],[-97.689,68.357],[-97.998,68.522],[-97.866,68.524],[-97.912,68.562],[-97.687,68.543],[-97.471,68.413],[-97.589,68.495],[-97.304,68.507],[-96.961,68.348],[-96.917,68.279],[-97.024,68.281],[-96.656,68.292],[-96.574,68.179],[-96.606,68.237],[-96.368,68.321],[-96.645,68.084],[-96.799,68.093],[-96.668,68.006],[-96.583,68.071],[-96.403,68.049],[-96.532,68.083],[-96.414,68.16],[-95.882,68.301],[-96.056,68.16],[-96.003,68.1],[-96.2,67.831],[-96.14,67.75],[-96.184,67.654],[-96.126,67.704],[-96.124,67.642],[-96.311,67.706],[-96.282,67.619],[-96.446,67.466],[-96.347,67.51],[-96.363,67.453],[-96.205,67.425],[-96.071,67.485],[-96.235,67.247],[-96.085,67.225],[-95.555,67.392],[-95.54,67.31],[-95.828,67.163],[-95.616,67.241],[-95.451,67.207],[-95.466,67.143],[-95.304,67.166],[-95.24,67.273],[-95.136,67.284],[-95.383,67.464],[-95.289,67.531],[-95.692,67.732],[-95.49,67.863],[-95.556,67.91],[-95.393,68.019],[-95.468,68.063],[-94.732,68.045],[-94.181,68.264],[-94.191,68.372],[-94.021,68.457],[-93.456,68.579],[-93.535,68.597],[-93.396,68.628],[-93.752,68.617],[-93.565,68.856],[-93.631,68.979],[-93.822,69.014],[-94.061,68.871],[-93.789,68.887],[-94.074,68.76],[-94.616,68.752],[-94.516,68.892],[-94.578,68.975],[-94.406,68.948],[-94.002,69.15],[-94.3,69.162],[-94.261,69.322],[-93.509,69.441],[-93.856,69.262],[-93.787,69.269],[-93.866,69.222],[-93.789,69.222],[-93.827,69.163],[-93.342,69.377],[-93.574,69.363],[-93.415,69.477],[-93.526,69.531],[-93.896,69.435],[-94.284,69.44],[-94.614,69.642],[-94.558,69.708],[-94.84,69.56],[-95.627,69.782],[-95.75,69.738],[-96.186,69.862],[-96.064,69.867],[-96.116,69.912],[-96.05,69.942],[-96.477,70.094],[-96.535,70.326],[-96.307,70.416],[-96.219,70.57],[-95.768,70.532],[-96.047,70.644],[-95.754,70.717],[-96.155,70.617],[-96.575,70.781],[-96.456,71.04],[-96.33,71.086],[-96.538,71.13],[-96.343,71.147],[-96.473,71.272],[-96.269,71.288],[-96.031,71.421],[-95.525,71.282],[-95.495,71.338],[-95.566,71.36],[-95.393,71.378],[-95.545,71.417],[-95.5,71.467],[-95.169,71.523],[-95.817,71.51],[-95.9,71.604],[-95.209,71.733],[-95.282,71.762],[-95.225,71.835],[-94.579,71.862],[-95.188,71.84],[-95.182,71.955],[-94.484,71.994],[-94.368,71.939],[-94.633,71.824],[-94.541,71.747],[-94.429,71.782],[-94.505,71.783],[-94.463,71.825],[-94.329,71.811],[-94.392,71.67],[-94.173,71.805],[-93.685,71.767],[-93.783,71.645],[-92.95,71.35],[-92.833,71.048],[-92.922,70.89],[-92.817,70.863],[-93.029,70.888],[-92.671,70.782],[-92.64,70.677],[-92.143,70.6],[-92.259,70.559],[-92.175,70.509],[-92.289,70.498],[-92.102,70.486],[-92.052,70.377],[-91.959,70.375],[-92.077,70.298],[-91.94,70.25],[-91.832,70.317],[-91.894,70.368],[-91.73,70.373],[-91.689,70.199],[-91.505,70.184],[-91.972,70.122],[-92.358,70.245],[-92.274,70.187],[-92.534,70.177],[-92.376,70.151],[-92.579,70.083],[-92.151,70.098],[-91.933,70.021],[-92.876,69.691],[-92.253,69.667],[-92.158,69.633],[-92.281,69.642],[-92.219,69.588],[-91.759,69.475],[-91.459,69.664],[-91.255,69.656],[-91.216,69.606],[-91.329,69.546],[-91.605,69.51],[-91.155,69.564],[-90.882,69.512],[-90.973,69.47],[-90.815,69.5],[-90.869,69.446],[-90.681,69.548],[-90.757,69.46],[-90.633,69.542],[-90.349,69.459],[-90.704,69.459],[-90.595,69.421],[-90.808,69.361],[-90.853,69.248],[-91.096,69.28],[-90.924,69.356],[-91.145,69.288],[-91.427,69.358],[-90.632,69.081],[-90.691,69.014],[-90.547,68.957],[-90.617,68.919],[-90.434,68.888],[-90.476,68.854],[-90.415,68.841],[-90.592,68.806],[-90.43,68.835],[-90.521,68.792],[-90.456,68.714],[-90.544,68.63],[-90.466,68.528],[-90.596,68.459],[-90.285,68.376],[-90.55,68.324],[-90.299,68.356],[-90.331,68.286],[-90.248,68.187],[-90.086,68.269],[-90.136,68.332],[-89.888,68.386],[-89.995,68.439],[-89.786,68.543],[-89.912,68.553],[-89.904,68.66],[-89.792,68.725],[-89.729,68.64],[-89.676,68.811],[-89.755,68.964],[-89.331,69.245],[-88.964,69.242],[-88.804,69.107],[-88.05,68.829],[-87.927,68.727],[-87.936,68.594],[-87.814,68.476],[-87.783,68.314],[-87.916,68.2],[-88.182,68.248],[-88.177,68.383],[-88.381,68.287],[-88.267,68.126],[-88.392,67.986],[-88.118,67.676],[-87.481,67.372],[-87.39,67.286],[-87.452,67.242],[-87.337,67.264],[-87.547,67.192],[-87.457,67.161],[-87.5,67.107],[-87.318,67.186],[-87.257,67.098],[-87.242,67.19],[-87.159,67.238],[-87.092,67.164],[-87.055,67.258],[-86.847,67.161],[-87.077,67.327],[-86.862,67.409],[-86.614,67.353],[-86.61,67.408],[-86.512,67.334],[-86.433,67.589],[-86.502,67.698],[-86.098,68.013],[-85.871,68.043],[-85.888,68.186],[-85.762,68.215],[-85.844,68.233],[-85.763,68.288],[-85.815,68.32],[-85.655,68.444],[-85.729,68.458],[-85.724,68.608],[-85.621,68.737],[-85.465,68.786],[-85.173,68.712],[-85.277,68.758],[-85.182,68.766],[-84.711,68.728],[-84.843,68.82],[-85.154,68.822],[-85.165,68.875],[-84.951,68.889],[-85.147,68.954],[-84.785,68.929],[-84.971,69.016],[-84.514,69.016],[-84.951,69.084],[-85.016,69.11],[-84.976,69.146],[-85.116,69.112],[-84.979,69.173],[-85.246,69.131],[-85.309,69.162],[-85.191,69.187],[-85.455,69.26],[-85.486,69.323],[-85.315,69.302],[-85.485,69.413],[-85.306,69.44],[-85.523,69.484],[-85.468,69.568],[-85.344,69.57],[-85.525,69.644],[-85.394,69.723],[-85.5,69.755],[-85.186,69.786],[-85.578,69.816],[-85.542,69.862],[-85.004,69.758],[-84.851,69.807],[-84.876,69.856],[-84.434,69.863],[-83.545,69.684],[-82.681,69.708],[-82.213,69.636],[-82.652,69.631],[-82.53,69.58],[-82.737,69.573],[-82.442,69.492],[-83.255,69.537],[-82.201,69.395],[-82.391,69.402],[-82.119,69.293],[-82.254,69.243],[-81.679,69.267],[-81.322,69.199],[-81.248,69.084],[-82.042,68.881],[-81.625,68.909],[-81.54,68.822],[-81.366,68.876],[-81.21,68.774],[-81.238,68.64],[-81.578,68.517],[-81.785,68.526],[-81.788,68.46],[-81.939,68.408],[-82.252,68.544],[-82.19,68.458],[-82.555,68.525],[-82.629,68.499],[-82.474,68.445],[-82.644,68.438],[-82.007,68.344],[-82.492,68.315],[-82.242,68.294],[-82.212,68.248],[-82.331,68.161],[-82.248,68.126],[-81.973,68.21],[-82.034,68.108],[-82.126,68.107],[-82.065,68.08],[-82.15,68.106],[-82.099,68.062],[-82.176,67.996],[-82.092,67.91],[-81.188,67.454],[-81.334,67.313],[-81.465,66.997],[-81.886,66.981],[-82.156,66.777],[-82.127,66.707],[-82.357,66.733],[-82.575,66.565],[-83.002,66.548],[-83.032,66.458],[-83.436,66.341],[-83.574,66.362],[-83.618,66.413],[-83.468,66.39],[-83.623,66.525],[-83.957,66.587],[-83.914,66.625],[-83.991,66.694],[-83.845,66.68],[-83.945,66.725],[-83.855,66.826],[-83.91,66.917],[-83.894,66.806],[-84.111,66.701],[-84.429,66.807],[-84.208,66.834],[-84.382,66.852],[-84.414,66.912],[-84.356,66.915],[-85.034,66.964],[-85.177,66.91],[-85.106,66.836],[-84.828,66.888],[-84.959,66.93],[-84.596,66.94],[-84.546,66.9],[-84.755,66.899],[-84.48,66.828],[-84.678,66.837],[-84.292,66.783],[-84.411,66.722],[-84.292,66.679],[-84.107,66.685],[-84.206,66.598],[-83.883,66.449],[-83.866,66.305],[-83.658,66.208],[-83.807,66.144],[-83.777,66.217],[-83.949,66.194],[-84.125,66.314],[-84.36,66.279],[-84.435,66.388],[-84.516,66.376],[-84.473,66.407],[-84.597,66.356],[-84.516,66.324],[-84.628,66.325],[-84.344,66.153],[-84.927,66.233],[-85.113,66.34],[-85.142,66.253],[-85.224,66.265],[-85.424,66.598],[-85.923,66.476],[-86.22,66.551],[-86.769,66.54],[-86.615,66.44],[-86.786,66.446],[-86.639,66.324],[-85.858,66.159],[-85.992,66.101],[-85.956,66.032],[-86.419,65.908],[-86.487,65.793],[-86.427,65.738],[-86.521,65.661],[-86.976,65.543],[-87.09,65.462],[-87.065,65.397],[-87.34,65.32],[-88.016,65.345],[-88.839,65.646],[-88.377,65.627],[-88.964,65.693],[-89.822,65.992],[-89.719,65.927],[-89.996,65.938],[-89.716,65.876],[-89.816,65.887],[-89.734,65.823],[-90.415,65.876],[-90.215,65.924],[-90.924,65.926],[-89.815,65.758],[-89.035,65.323],[-88.006,65.242],[-87.552,65.292],[-87.006,65.239],[-87.024,65.184],[-86.911,65.141],[-87.124,65.006],[-87.056,64.972],[-87.24,64.876],[-87.296,64.749],[-87.456,64.7],[-87.486,64.751],[-87.556,64.569],[-87.812,64.51],[-87.841,64.382],[-88.077,64.253],[-88.012,64.221],[-88.113,64.145],[-88.512,64.101],[-88.411,64.084],[-88.468,64.047],[-88.758,63.981],[-89.077,64.016],[-89.221,64.114],[-89.071,63.971],[-89.254,63.998],[-89.246,63.934],[-89.388,64.047],[-89.561,64.087],[-89.515,63.973],[-89.674,64.094],[-89.685,64.026],[-89.794,64.137],[-89.98,64.162],[-89.833,64.019],[-89.959,63.995],[-89.829,63.984],[-89.824,63.921],[-90.193,63.987],[-89.963,63.79],[-90.079,63.78],[-90.045,63.719],[-90.201,63.606],[-90.542,63.645],[-90.55,63.589],[-90.891,63.569],[-90.709,63.547],[-90.672,63.507],[-90.782,63.51],[-90.65,63.445],[-91.039,63.622],[-91.355,63.639],[-91.403,63.713],[-92.38,63.77],[-93.361,63.981],[-93.808,64.214],[-93.518,63.988],[-93.792,63.995],[-93.731,63.968],[-93.949,63.918],[-93.717,63.952],[-93.63,63.853],[-93.341,63.813],[-93.26,63.849],[-93.423,63.89],[-93.441,63.955],[-93.365,63.967],[-92.608,63.762],[-92.519,63.813],[-92.384,63.723],[-92.227,63.746],[-92.085,63.684],[-92.352,63.632],[-92.526,63.548],[-92.463,63.517],[-91.73,63.712],[-91.603,63.656],[-91.647,63.576],[-91.376,63.471],[-91,63.472],[-90.759,63.378],[-90.937,63.388],[-90.68,63.357],[-90.76,63.323],[-90.626,63.051],[-90.777,62.905],[-91.01,62.932],[-91.386,62.781],[-92.4,62.84],[-92.303,62.707],[-91.84,62.612],[-91.947,62.518],[-92.598,62.592],[-92.492,62.491],[-92.579,62.492],[-92.543,62.454],[-92.092,62.415],[-92.179,62.391],[-92.134,62.36],[-92.583,62.391],[-92.638,62.431],[-92.545,62.458],[-92.732,62.485],[-92.666,62.384],[-92.783,62.373],[-92.546,62.314],[-92.529,62.167],[-92.595,62.145],[-92.581,62.208],[-92.748,62.305],[-93.059,62.328],[-92.758,62.249],[-92.774,62.171],[-93.272,62.176],[-92.959,62.101],[-93.182,62.051],[-93.102,61.983],[-93.159,61.971],[-93.419,62.044],[-93.197,61.943],[-93.382,61.949],[-93.282,61.895],[-93.332,61.876],[-93.641,61.953],[-93.483,61.878],[-93.667,61.909],[-93.619,61.847],[-93.261,61.735],[-93.666,61.759],[-93.294,61.726],[-93.991,61.458],[-93.927,61.404],[-93.992,61.378],[-93.804,61.337],[-94.069,61.292],[-94.015,61.207],[-94.077,61.177],[-94.008,61.165],[-94.11,61.159],[-93.966,61.134],[-94.116,61.138],[-93.983,61.092],[-94.169,61.065],[-94.227,60.885],[-94.409,60.802],[-94.559,60.532],[-94.757,60.516],[-94.682,60.513],[-94.729,60.474],[-94.643,60.382],[-94.707,60.094],[-94.846,59.968],[-94.74,59.764],[-94.831,59.641],[-94.745,59.342],[-94.664,59.351],[-94.804,59.268],[-94.797,59.08],[-94.969,59.059],[-94.808,59.066],[-94.597,58.942],[-94.424,58.704],[-94.208,58.808],[-94.256,58.713],[-94.195,58.686],[-94.311,58.539],[-94.257,58.406],[-94.264,58.587],[-94.144,58.74],[-94.202,58.789],[-93.177,58.737],[-93.114,58.475],[-92.428,57.351],[-92.541,57.106],[-92.812,56.914],[-92.451,57.045],[-92.202,57.065],[-92.362,56.955],[-90.803,57.323],[-89.941,57],[-88.823,56.839],[-88.652,56.691],[-87.969,56.458],[-87.702,56.119],[-87.569,56.069],[-87.609,56.013],[-87.528,56.059],[-87.468,56.028],[-87.562,56.013],[-87.362,55.945],[-86.907,55.915],[-85.902,55.655],[-85.126,55.332],[-85.209,55.235],[-83.889,55.295],[-83.634,55.213],[-83.693,55.267],[-82.962,55.222],[-82.805,55.128],[-82.68,55.179],[-82.309,55.053],[-82.326,55.151],[-82.249,55.106],[-82.269,54.918],[-82.198,54.804],[-82.453,54.201],[-82.238,54.032],[-82.126,53.819],[-82.216,53.589],[-82.112,53.271],[-82.273,53.137],[-82.331,52.944],[-82.115,52.882],[-81.542,52.441],[-81.521,52.326],[-81.595,52.281],[-81.467,52.236],[-81.589,52.23],[-81.041,52.04],[-80.569,51.701],[-80.431,51.388],[-80.629,51.271],[-80.369,51.335],[-79.758,51.133],[-79.789,51.175],[-79.647,51.252],[-79.735,51.37],[-79.49,51.468],[-79.54,51.552],[-79.311,51.664],[-79.224,51.644],[-79.265,51.522],[-78.981,51.462],[-78.948,51.21],[-78.859,51.173],[-78.926,51.243],[-78.838,51.353],[-78.894,51.394],[-78.69,51.493],[-78.828,51.51],[-78.774,51.599],[-79.046,51.763],[-78.84,51.835],[-78.882,51.928],[-78.657,51.989],[-78.709,52.046],[-78.578,52.103],[-78.559,52.233],[-78.406,52.233],[-78.58,52.254],[-78.461,52.366],[-78.543,52.371],[-78.5,52.489],[-78.765,52.556],[-78.678,52.596],[-78.813,52.64],[-78.712,52.678],[-78.871,52.741],[-78.705,52.77],[-78.793,52.815],[-78.7,52.877],[-78.878,52.878],[-78.91,52.917],[-78.776,52.967],[-78.99,53.019],[-78.918,53.051],[-78.989,53.072],[-78.895,53.24],[-78.981,53.275],[-78.935,53.396],[-79.135,53.501],[-78.883,53.556],[-79.067,53.589],[-78.997,53.675],[-79.088,53.707],[-78.98,53.701],[-79.083,53.714],[-79.02,53.726],[-79.078,53.793],[-78.908,53.819],[-79.082,53.863],[-78.952,53.889],[-78.994,53.927],[-79.152,53.948],[-78.963,54.008],[-79.178,54.084],[-79.057,54.085],[-79.118,54.14],[-79.032,54.17],[-79.394,54.177],[-79.28,54.238],[-79.481,54.294],[-79.345,54.317],[-79.513,54.364],[-79.448,54.41],[-79.592,54.552],[-79.505,54.589],[-79.761,54.634],[-77.632,55.278],[-77.784,55.269],[-77.117,55.667],[-77.079,55.721],[-77.197,55.668],[-76.718,56.02],[-76.525,56.376],[-76.577,57.189],[-76.87,57.627],[-76.809,57.649],[-77.202,58.001],[-77.002,58.021],[-77.219,58.022],[-77.529,58.16],[-77.448,58.164],[-77.537,58.24],[-78.071,58.381],[-78.01,58.391],[-78.083,58.463],[-78.392,58.586],[-78.339,58.626],[-78.476,58.637],[-78.369,58.531],[-78.601,58.678],[-78.496,58.649],[-78.586,58.775],[-78.426,58.738],[-78.537,58.776],[-78.483,58.902],[-78.326,58.927],[-78.244,59.108],[-78.101,59.114],[-78.19,59.141],[-78.153,59.2],[-77.929,59.218],[-78.023,59.248],[-77.785,59.303],[-77.843,59.364],[-77.64,59.372],[-77.948,59.405],[-77.839,59.436],[-77.897,59.507],[-77.7,59.541],[-77.812,59.708],[-77.477,59.64],[-77.569,59.755],[-77.281,59.798],[-77.465,59.916],[-77.196,60.044],[-77.645,60.059],[-77.443,60.118],[-77.578,60.187],[-77.493,60.2],[-77.593,60.259],[-77.547,60.282],[-77.78,60.389],[-77.581,60.538],[-77.394,60.526],[-77.677,60.542],[-77.839,60.637],[-77.581,60.754],[-77.773,60.761],[-77.509,60.84],[-77.873,60.761],[-78.226,60.784],[-77.707,61.176],[-77.793,61.24],[-77.744,61.259],[-77.813,61.462],[-77.707,61.42],[-77.562,61.478],[-77.712,61.544],[-77.483,61.533],[-77.737,61.596],[-77.79,61.689],[-78.008,61.706],[-78.182,62.148],[-78.126,62.294],[-78.195,62.255],[-78.09,62.363],[-77.428,62.582],[-77.4,62.525],[-76.795,62.521],[-76.632,62.477],[-76.658,62.433],[-75.563,62.273],[-75.899,62.165],[-75.459,62.303],[-75.375,62.255],[-75.416,62.308],[-75.342,62.317],[-74.532,62.107],[-74.75,62.208],[-74.712,62.252],[-74.351,62.256],[-73.695,62.482],[-73.555,62.379],[-73.195,62.316],[-73.057,62.182],[-72.873,62.139],[-72.935,62.119],[-72.607,62.111],[-72.663,62.061],[-72.579,62.052],[-72.581,61.969],[-72.795,61.822],[-72.646,61.884],[-72.588,61.804],[-72.579,61.95],[-72.193,61.865],[-72.108,61.795],[-72.26,61.785],[-72.05,61.749],[-71.981,61.662],[-72.271,61.574],[-71.961,61.597],[-71.94,61.709],[-71.555,61.617],[-71.541,61.564],[-71.83,61.538],[-71.709,61.469],[-71.867,61.424],[-71.57,61.405],[-71.914,61.392],[-71.641,61.327],[-71.799,61.274],[-71.579,61.254],[-71.629,61.195],[-71.538,61.184],[-71.62,61.154],[-71.444,61.225],[-71.385,61.165],[-71.436,61.12],[-70.986,61.128],[-70.937,61.042],[-70.831,61.079],[-70.725,61.002],[-70.751,61.085],[-70.41,61.007],[-70.408,61.089],[-70.136,61.092],[-70.161,61.001],[-70.078,60.9],[-70.146,60.882],[-69.897,60.799],[-69.761,60.918],[-69.646,60.876],[-69.68,61.023],[-69.504,61.068],[-69.358,60.814],[-69.694,60.695],[-69.644,60.628],[-69.698,60.605],[-69.624,60.581],[-69.82,60.508],[-69.66,60.356],[-69.765,60.305],[-69.583,60.222],[-69.617,60.071],[-69.826,60.081],[-69.778,59.989],[-70.875,60.046],[-70.565,59.973],[-69.717,59.967],[-69.763,59.911],[-69.541,59.872],[-69.6,59.84],[-69.555,59.744],[-69.679,59.685],[-69.499,59.668],[-69.741,59.512],[-69.62,59.391],[-69.761,59.322],[-69.238,59.323],[-69.234,59.223],[-69.442,59.228],[-69.539,59.152],[-69.345,59.094],[-69.438,59.022],[-69.494,59.079],[-69.438,58.905],[-69.546,58.809],[-69.681,58.808],[-69.658,58.942],[-69.688,58.895],[-69.698,58.991],[-69.771,59.029],[-69.769,58.959],[-69.846,59.06],[-69.894,58.96],[-69.81,58.957],[-69.789,58.828],[-69.891,58.882],[-69.88,58.826],[-70.256,58.777],[-69.907,58.783],[-69.93,58.69],[-69.78,58.71],[-69.867,58.638],[-69.813,58.583],[-69.678,58.717],[-69.644,58.666],[-69.612,58.767],[-69.254,58.904],[-68.634,58.911],[-68.348,58.782],[-68.343,58.598],[-68.292,58.527],[-68.185,58.548],[-68.214,58.384],[-68.336,58.119],[-68.685,58.003],[-68.312,58.091],[-68.179,58.488],[-68.023,58.51],[-68.008,58.585],[-67.846,58.308],[-68.108,58.082],[-67.852,58.231],[-67.76,58.471],[-67.683,58.421],[-67.739,58.269],[-67.642,58.257],[-67.711,58.129],[-67.675,58.015],[-67.646,58.158],[-67.46,58.296],[-67.4,58.26],[-67.181,58.4],[-67.09,58.333],[-67.083,58.42],[-66.939,58.512],[-66.855,58.42],[-66.808,58.496],[-66.623,58.479],[-66.663,58.548],[-66.377,58.855],[-65.926,58.623],[-66.025,58.49],[-65.987,58.404],[-66.095,58.362],[-65.971,58.273],[-66.072,58.357],[-65.96,58.398],[-65.998,58.489],[-65.889,58.521],[-65.895,58.593],[-65.818,58.572],[-66.051,58.696],[-66.086,58.818],[-65.995,58.866],[-65.712,58.804],[-65.999,58.906],[-65.858,58.991],[-65.665,58.936],[-65.784,59.019],[-65.67,59.034],[-65.77,59.046],[-65.363,58.923],[-65.593,59.058],[-65.315,59.046],[-65.547,59.119],[-65.64,59.074],[-65.74,59.182],[-65.641,59.206],[-65.748,59.271],[-65.559,59.149],[-65.584,59.26],[-65.47,59.141],[-65.551,59.387],[-65.31,59.245],[-65.45,59.346],[-65.425,59.411],[-65.34,59.386],[-65.515,59.482],[-65.29,59.494],[-65.014,59.383],[-65.391,59.5],[-65.537,59.746],[-65.322,59.865],[-65.134,59.78],[-65.274,59.878],[-65.122,59.864],[-65.232,59.922],[-65.144,59.965],[-65.002,59.897],[-65.145,60.051],[-65.016,60.041],[-65.042,60.125],[-64.963,60.088],[-65.018,60.158],[-64.849,60.22],[-64.963,60.257],[-64.806,60.303],[-64.848,60.373],[-64.368,60.247],[-64.728,60.269],[-64.439,60.233],[-64.562,60.17],[-64.39,60.228],[-64.363,60.173],[-64.699,60.025],[-64.364,60.131],[-64.389,60.013],[-64.539,60.004],[-64.394,59.981],[-64.487,59.893],[-64.223,60.006],[-64.32,60.057],[-64.172,60.037],[-64.158,59.978],[-64.301,59.942],[-64.127,59.906],[-64.172,59.788],[-64.062,59.875],[-64.028,59.799],[-64.094,59.792],[-63.944,59.757],[-64.135,59.695],[-64.199,59.764],[-64.152,59.792],[-64.259,59.757],[-63.913,59.669],[-64.043,59.643],[-64.126,59.522],[-64.002,59.632],[-63.723,59.514],[-63.82,59.404],[-64.063,59.382],[-63.703,59.369],[-63.805,59.239],[-63.645,59.361],[-63.535,59.342],[-63.521,59.266],[-63.633,59.213],[-63.392,59.282],[-63.464,59.178],[-63.358,59.197],[-63.588,59.061],[-63.917,59.086],[-64.051,59.019],[-63.905,59.06],[-63.88,58.952],[-63.847,59.049],[-63.138,59.055],[-63.354,59.027],[-63.218,59.007],[-63.302,58.937],[-63.175,58.989],[-63.234,58.936],[-63.139,58.928],[-63.349,58.865],[-63.146,58.877],[-63.175,58.764],[-63.023,58.896],[-63.066,58.862],[-62.899,58.784],[-63.089,58.664],[-62.852,58.701],[-62.906,58.599],[-63.167,58.506],[-63.464,58.547],[-63.556,58.464],[-63.336,58.463],[-63.608,58.292],[-63.282,58.465],[-63.094,58.461],[-63.17,58.362],[-62.807,58.501],[-62.558,58.48],[-62.706,58.405],[-62.609,58.312],[-62.921,58.2],[-62.655,58.267],[-62.607,58.191],[-63.052,58.157],[-63.234,58.056],[-63.141,58.069],[-63.157,58.015],[-63.356,57.969],[-63.133,57.999],[-62.953,58.124],[-62.572,58.168],[-62.545,58.112],[-62.546,58.178],[-62.45,58.173],[-62.524,58.091],[-62.378,58.107],[-62.411,58.042],[-62.321,58.022],[-62.679,57.929],[-62.46,57.971],[-62.428,57.86],[-62.338,57.977],[-62.358,57.895],[-62.137,57.978],[-62.092,57.867],[-61.945,57.916],[-61.877,57.846],[-61.945,57.782],[-62.124,57.809],[-62.102,57.87],[-62.163,57.83],[-61.892,57.633],[-62.287,57.535],[-62.362,57.448],[-62.533,57.489],[-61.958,57.43],[-61.806,57.374],[-61.933,57.363],[-61.864,57.29],[-62.039,57.264],[-61.986,57.211],[-61.8,57.153],[-61.64,57.237],[-61.732,57.156],[-61.362,57.1],[-61.347,56.952],[-61.543,56.967],[-61.695,56.795],[-61.934,56.806],[-61.916,56.701],[-61.745,56.752],[-61.714,56.7],[-61.831,56.708],[-61.672,56.619],[-62.539,56.756],[-61.903,56.613],[-62.283,56.621],[-61.651,56.539],[-62.224,56.472],[-61.92,56.438],[-61.773,56.39],[-61.924,56.344],[-61.581,56.283],[-62.1,56.294],[-62.027,56.226],[-61.777,56.225],[-61.763,56.161],[-61.695,56.225],[-61.321,56.224],[-61.436,56.148],[-61.328,56.106],[-61.493,56.067],[-61.298,56.125],[-61.252,56.099],[-61.321,56.066],[-61.246,56.059],[-61.356,56.035],[-61.288,56.024],[-61.753,55.965],[-61.527,56.024],[-61.406,56.012],[-61.469,55.984],[-61.413,55.958],[-61.143,55.979],[-61.071,55.887],[-61.202,55.865],[-60.726,55.836],[-60.953,55.726],[-60.595,55.812],[-60.67,55.549],[-60.494,55.804],[-60.323,55.778],[-60.531,55.595],[-60.396,55.609],[-60.457,55.497],[-60.306,55.577],[-60.516,55.338],[-60.34,55.495],[-60.332,55.435],[-60.275,55.509],[-60.189,55.432],[-60.352,55.419],[-60.388,55.29],[-60.621,55.155],[-60.344,55.232],[-60.696,54.987],[-60.223,55.276],[-60.136,55.27],[-60.244,55.158],[-60.033,55.266],[-60.304,55.003],[-59.778,55.335],[-59.737,55.206],[-59.988,55.107],[-59.672,55.114],[-59.518,55.219],[-59.519,55.142],[-59.416,55.158],[-59.753,54.967],[-59.935,54.745],[-59.435,55.079],[-59.403,55.024],[-59.197,55.24],[-59.229,55.167],[-59.148,55.235],[-59.141,55.149],[-59.405,54.969],[-59.028,55.155],[-58.951,55.109],[-59.053,55.001],[-58.983,55.029],[-58.899,54.944],[-59.034,54.896],[-58.899,54.913],[-58.973,54.827],[-58.813,54.853],[-58.777,54.785],[-58.693,54.84],[-58.397,54.735],[-58.412,54.787],[-58.226,54.787],[-58.228,54.881],[-57.943,54.93],[-57.991,54.787],[-57.841,54.812],[-58.189,54.748],[-57.845,54.741],[-57.722,54.64],[-57.457,54.658],[-57.334,54.581],[-57.405,54.495],[-57.706,54.482],[-57.411,54.463],[-57.602,54.383],[-58.087,54.383],[-58.241,54.328],[-58.088,54.322],[-58.247,54.246],[-59.593,54.037],[-59.377,53.998],[-58.428,54.229],[-58.446,54.15],[-58.613,54.039],[-59.062,54.026],[-58.939,54.02],[-58.985,53.963],[-59.495,53.83],[-59.857,53.848],[-59.906,53.818],[-59.815,53.79],[-60.122,53.764],[-60.018,53.712],[-60.111,53.685],[-60.081,53.569],[-60.151,53.523],[-60.029,53.438],[-60.417,53.37],[-60.191,53.363],[-60.292,53.29],[-60.772,53.246],[-60.275,53.274],[-59.794,53.485],[-59.917,53.529],[-59.588,53.531],[-59.32,53.697],[-59.102,53.677],[-58.981,53.75],[-59.068,53.79],[-58.855,53.95],[-58.153,54.1],[-57.939,54.073],[-58.073,54.132],[-58.322,54.089],[-58.416,54.13],[-58.365,54.205],[-57.42,54.19],[-57.293,54.004],[-57.128,53.94],[-57.222,53.898],[-57.072,53.809],[-57.238,53.822],[-57.093,53.808],[-57.163,53.786],[-57.114,53.74],[-57.534,53.584],[-57.321,53.593],[-57.304,53.455],[-57.372,53.425],[-57.251,53.425],[-57.297,53.463],[-57.121,53.56],[-57.144,53.628],[-57.032,53.637],[-57.022,53.715],[-56.703,53.76],[-56.6,53.705],[-56.623,53.757],[-56.483,53.789],[-56.405,53.715],[-56.728,53.682],[-55.966,53.544],[-56.279,53.557],[-56.068,53.505],[-56.188,53.517],[-55.966,53.403],[-56.035,53.37],[-55.923,53.398],[-55.861,53.365],[-55.938,53.337],[-55.801,53.335],[-55.928,53.3],[-55.744,53.252],[-55.856,53.204],[-55.752,53.133],[-55.894,53.107],[-55.895,53.019],[-56.122,52.986],[-55.883,53.009],[-55.906,52.935],[-55.806,52.837],[-55.989,52.822],[-55.932,52.76],[-56.194,52.832],[-55.965,52.681],[-55.774,52.693],[-55.922,52.64],[-55.762,52.665],[-55.766,52.593],[-56.113,52.66],[-55.967,52.622],[-56.074,52.583],[-55.993,52.558],[-56.541,52.603],[-55.748,52.497],[-55.772,52.445],[-55.628,52.445],[-55.631,52.386],[-55.847,52.385],[-55.817,52.336],[-56.251,52.45],[-55.709,52.289],[-55.843,52.232],[-55.621,52.217],[-55.787,52.202],[-55.687,52.168],[-55.693,52.088],[-55.803,52.09],[-55.832,52],[-55.991,52.026],[-55.891,51.962],[-56.612,51.638],[-56.706,51.663],[-56.709,51.577],[-56.855,51.46],[-56.956,51.49],[-56.958,51.424],[-57.203,51.41],[-57.243,51.504],[-57.698,51.42],[-57.717,51.517],[-57.774,51.397],[-58.01,51.308],[-58.047,51.362],[-58.145,51.277],[-58.132,51.347],[-58.217,51.252],[-58.294,51.332],[-58.342,51.196],[-58.579,51.224],[-58.452,51.305],[-58.329,51.247],[-58.428,51.314],[-58.59,51.23],[-58.69,51.261],[-58.566,51.18],[-58.618,51.149],[-58.528,51.168],[-58.778,51.01],[-58.759,51.101],[-58.836,51.079],[-58.9,50.93],[-58.901,51.057],[-59.008,51.013],[-58.953,50.825],[-59.012,50.736],[-59.266,50.757],[-59.224,50.688],[-59.464,50.62],[-59.432,50.536],[-59.79,50.455],[-59.904,50.372],[-59.807,50.342],[-59.905,50.263],[-60.188,50.191],[-60.183,50.283],[-60.343,50.207],[-60.873,50.196],[-60.833,50.248],[-60.945,50.182],[-60.908,50.241],[-61.013,50.245],[-60.956,50.221],[-61.075,50.23],[-61.062,50.175],[-61.737,50.085],[-61.806,50.107],[-61.593,50.177],[-61.808,50.128],[-61.902,50.228],[-62.768,50.313],[-63.4,50.202],[-63.797,50.307],[-65.965,50.285],[-66.115,50.184],[-66.367,50.185],[-66.457,50.268],[-66.543,50.21],[-66.453,50.125],[-66.638,50.188],[-66.609,50.138],[-66.736,50.041],[-66.933,49.999],[-67.043,49.824],[-67.151,49.803],[-67.24,49.458],[-67.377,49.318],[-68.129,49.272],[-68.149,49.202],[-68.325,49.187],[-68.191,49.162],[-68.193,49.101],[-68.463,49.044],[-68.387,49.142],[-68.599,49.051],[-68.643,48.931],[-68.747,48.942],[-68.637,48.9],[-69.059,48.771],[-69.129,48.578],[-69.233,48.573],[-69.427,48.298],[-69.678,48.139],[-69.989,48.257],[-69.716,48.125],[-69.801,47.915],[-69.989,47.703],[-70.149,47.656],[-70.229,47.489],[-70.496,47.44],[-70.716,47.109],[-71.203,46.847],[-70.991,46.834],[-70.5,47.012],[-69.39,48.025],[-68.184,48.635],[-66.172,49.207],[-65.327,49.253],[-64.603,49.111],[-64.2,48.858],[-64.163,48.749],[-64.555,48.878],[-64.166,48.626],[-64.272,48.618],[-64.289,48.553],[-64.205,48.524],[-64.317,48.418],[-64.671,48.348],[-64.774,48.205],[-64.969,48.18],[-65.243,48.011],[-65.455,48.006],[-65.903,48.207],[-66.095,48.091],[-66.476,48.121],[-66.795,47.987],[-66.368,48.073],[-66.383,48.02],[-66.086,47.925],[-65.831,47.91],[-65.623,47.66],[-65.67,47.601],[-65.193,47.818],[-64.98,47.834],[-65.076,47.764],[-64.806,47.805],[-64.845,47.736],[-64.666,47.716],[-64.857,47.689],[-64.778,47.657],[-64.924,47.535],[-64.914,47.342],[-64.923,47.399],[-65.022,47.342],[-64.963,47.282],[-65.419,47.07],[-65.207,47.084],[-65.236,47.019],[-64.797,47.075],[-64.91,46.844],[-64.99,46.837],[-64.816,46.726],[-64.911,46.742],[-64.872,46.648],[-64.719,46.688],[-64.713,46.554],[-64.609,46.459],[-64.691,46.527],[-64.702,46.433],[-64.613,46.413],[-64.669,46.322],[-64.512,46.323],[-64.558,46.21],[-64.265,46.236],[-64.137,46.142],[-63.791,46.138],[-64.101,46.015],[-63.876,45.969],[-63.74,45.851],[-63.251,45.81],[-63.386,45.758],[-63.281,45.708],[-63.064,45.754],[-63.11,45.808],[-62.468,45.638],[-61.909,45.883],[-61.891,45.673],[-61.96,45.623],[-61.884,45.693],[-61.622,45.615],[-61.491,45.695],[-61.229,45.483],[-61.487,45.38],[-61.519,45.435],[-61.493,45.369],[-61.016,45.355],[-60.982,45.255],[-61.049,45.295],[-61.042,45.23],[-61.156,45.21],[-61.118,45.282],[-61.194,45.208],[-61.279,45.265],[-61.388,45.203],[-61.311,45.191],[-61.601,45.145],[-61.795,45.245],[-61.654,45.09],[-61.845,45.106],[-61.854,45.035],[-61.958,45.095],[-61.885,45.026],[-62.186,44.931],[-62.257,44.972],[-62.458,44.82],[-62.545,44.923],[-62.49,44.893],[-62.571,44.867],[-62.546,44.786],[-62.619,44.845],[-62.659,44.771],[-62.879,44.814],[-62.803,44.71],[-63,44.695],[-63.068,44.775],[-63.049,44.671],[-63.128,44.79],[-63.14,44.687],[-63.223,44.667],[-63.251,44.736],[-63.282,44.625],[-63.452,44.68],[-63.449,44.587],[-63.662,44.726],[-63.52,44.504],[-63.648,44.431],[-63.768,44.525],[-63.817,44.479],[-63.79,44.535],[-63.939,44.505],[-63.888,44.69],[-64.065,44.635],[-64.007,44.507],[-64.08,44.47],[-64.173,44.587],[-64.306,44.566],[-64.294,44.482],[-64.373,44.449],[-64.213,44.381],[-64.343,44.366],[-64.245,44.259],[-64.438,44.345],[-64.369,44.261],[-64.522,44.117],[-64.616,44.156],[-64.552,44.071],[-64.845,43.933],[-64.784,43.868],[-64.835,43.814],[-64.918,43.878],[-64.912,43.789],[-64.973,43.871],[-64.924,43.797],[-64.981,43.744],[-65.043,43.825],[-65.029,43.695],[-65.092,43.749],[-65.129,43.654],[-65.238,43.797],[-65.255,43.659],[-65.38,43.744],[-65.339,43.538],[-65.464,43.601],[-65.469,43.45],[-65.575,43.567],[-65.729,43.493],[-65.775,43.701],[-65.803,43.592],[-65.935,43.864],[-65.96,43.761],[-66.007,43.844],[-66.014,43.681],[-66.09,43.779],[-66.125,43.741],[-66.119,43.847],[-66.17,43.8],[-66.15,44.021],[-66.215,44.097],[-66.127,44.332],[-65.847,44.572],[-65.98,44.558],[-66.203,44.376],[-66.112,44.499],[-65.787,44.693],[-65.766,44.602],[-65.684,44.62],[-65.515,44.752],[-65.742,44.713],[-64.95,45.107],[-64.461,45.245],[-64.399,45.297],[-64.496,45.337],[-64.328,45.298],[-64.36,45.1],[-64.287,45.141],[-64.103,45.002],[-64.201,45.121],[-64.173,45.19],[-63.377,45.361],[-64.572,45.408],[-64.774,45.293],[-64.944,45.33],[-64.913,45.433],[-64.574,45.599],[-64.383,45.797],[-64.301,45.826],[-64.333,45.754],[-64.259,45.757],[-64.338,45.881],[-64.552,45.725],[-64.492,45.811],[-64.678,45.976],[-64.569,45.831],[-64.779,45.595],[-64.866,45.633],[-65.907,45.195],[-66.067,45.271],[-66.458,45.059],[-66.463,45.17],[-66.888,45.041],[-66.916,45.112],[-66.857,45.122],[-66.969,45.183],[-67.08,45.075],[-67.187,45.226],[-66.982,44.912],[-67.163,44.949],[-67.129,44.884],[-67.216,44.914],[-67.16,44.814],[-67.102,44.897],[-66.949,44.817],[-67.258,44.628],[-67.382,44.72],[-67.405,44.596],[-67.566,44.663],[-67.566,44.533],[-67.659,44.571],[-67.742,44.497],[-67.79,44.607],[-67.891,44.552],[-67.9,44.396],[-67.909,44.493],[-67.937,44.412],[-67.968,44.507],[-68.025,44.488],[-67.96,44.4],[-68.059,44.332],[-68.098,44.472],[-68.191,44.471],[-68.244,44.586],[-68.292,44.558],[-68.223,44.464],[-68.318,44.537],[-68.268,44.457],[-68.355,44.494],[-68.428,44.396],[-68.421,44.497],[-68.499,44.494],[-68.457,44.385],[-68.479,44.455],[-68.582,44.41],[-68.522,44.228],[-68.75,44.349],[-68.825,44.31],[-68.741,44.561],[-68.826,44.666],[-68.808,44.468],[-69.004,44.431],[-68.946,44.345],[-69.104,44.11],[-69.044,44.085],[-69.211,43.933],[-69.278,43.952],[-69.166,44.071],[-69.308,43.955],[-69.387,44.077],[-69.513,43.833],[-69.542,43.924],[-69.582,43.884],[-69.544,44.025],[-69.604,43.813],[-69.662,43.975],[-69.711,43.854],[-69.676,43.973],[-69.805,43.912],[-69.79,44.09],[-69.913,43.921],[-69.834,43.978],[-69.78,43.743],[-69.856,43.705],[-69.889,43.899],[-70.025,43.73],[-69.986,43.866],[-70.26,43.716],[-70.196,43.565],[-70.37,43.522],[-70.334,43.448],[-70.562,43.323],[-70.593,43.165],[-70.73,43.081],[-70.866,42.814],[-70.808,42.815],[-70.771,42.703],[-70.843,42.733],[-70.765,42.639],[-70.627,42.694],[-70.59,42.637],[-70.892,42.545],[-70.833,42.491],[-70.987,42.417],[-70.952,42.343],[-71.059,42.371],[-70.96,42.244],[-70.876,42.252],[-70.889,42.31],[-70.761,42.251],[-70.597,42.006],[-70.717,41.995],[-70.543,41.929],[-70.536,41.806],[-70.334,41.709],[-70.007,41.81],[-70.095,42.032],[-70.246,42.065],[-70.057,42.042],[-69.944,41.833],[-69.955,41.647],[-69.973,41.776],[-69.967,41.653],[-70.409,41.638],[-70.66,41.515],[-70.608,41.765],[-70.678,41.691],[-70.709,41.754],[-70.856,41.582],[-70.923,41.662],[-70.954,41.515],[-71.108,41.542],[-71.195,41.453],[-71.159,41.721],[-71.301,41.648],[-71.288,41.73],[-71.405,41.819],[-71.347,41.717],[-71.454,41.696],[-71.401,41.601],[-71.482,41.359],[-71.507,41.42],[-71.855,41.302],[-71.831,41.352],[-72.008,41.306],[-72.086,41.359],[-72.111,41.299],[-72.543,41.248],[-72.895,41.241],[-72.906,41.301],[-73.104,41.151],[-73.589,41.043],[-73.813,40.863],[-73.79,40.805],[-73.928,40.798],[-74.015,40.7],[-74.017,40.768],[-74.087,40.653],[-74.144,40.644],[-74.123,40.719],[-74.291,40.509],[-73.986,40.407],[-74.077,40.358],[-73.982,40.383],[-74.023,40.321],[-73.98,40.444],[-74.097,39.767],[-74.051,40.067],[-74.122,40.063],[-74.058,40.049],[-74.178,39.947],[-74.105,39.931],[-74.16,39.704],[-74.336,39.579],[-74.308,39.509],[-74.433,39.555],[-74.377,39.483],[-74.491,39.398],[-74.411,39.362],[-74.655,39.317],[-74.615,39.283],[-74.711,39.183],[-74.65,39.2],[-74.863,38.942],[-74.972,38.938],[-74.899,39.17],[-75.138,39.178],[-75.542,39.465],[-75.499,39.571],[-75.572,39.627],[-75.412,39.803],[-75.537,39.732],[-75.621,39.593],[-75.591,39.464],[-75.403,39.256],[-75.315,38.928],[-75.09,38.8],[-75.061,38.61],[-75.148,38.693],[-75.089,38.624],[-75.195,38.589],[-75.058,38.607],[-75.053,38.41],[-75.064,38.507],[-75.098,38.39],[-75.178,38.414],[-75.091,38.329],[-75.247,38.231],[-75.5,37.864],[-75.42,37.882],[-75.682,37.645],[-75.675,37.524],[-75.805,37.469],[-75.715,37.587],[-75.815,37.475],[-75.948,37.12],[-76.027,37.257],[-75.98,37.33],[-76.024,37.303],[-75.896,37.496],[-75.964,37.475],[-75.942,37.543],[-75.841,37.557],[-75.943,37.568],[-75.764,37.713],[-75.823,37.795],[-75.703,37.786],[-75.656,37.903],[-75.762,37.901],[-75.641,37.976],[-75.9,37.973],[-75.749,38.088],[-75.856,38.068],[-75.759,38.154],[-75.952,38.176],[-75.804,38.255],[-75.918,38.266],[-75.843,38.401],[-75.96,38.234],[-75.977,38.368],[-76.062,38.306],[-76.034,38.217],[-76.227,38.394],[-76.228,38.308],[-76.343,38.496],[-76.276,38.454],[-76.191,38.557],[-76.312,38.574],[-76.172,38.631],[-76.013,38.565],[-75.94,38.677],[-76.03,38.578],[-76.215,38.682],[-76.245,38.804],[-76.3,38.717],[-76.29,38.814],[-76.342,38.671],[-76.301,38.83],[-76.252,38.864],[-76.172,38.745],[-76.198,38.849],[-76.11,38.883],[-76.207,38.853],[-76.231,38.964],[-76.299,38.901],[-76.342,38.955],[-76.379,38.852],[-76.314,39.038],[-76.223,38.97],[-76.111,39.084],[-76.173,39.125],[-76.229,39.056],[-76.281,39.148],[-76.187,39.321],[-75.873,39.461],[-75.926,39.487],[-75.876,39.539],[-76.011,39.449],[-75.948,39.592],[-76.09,39.558],[-76.104,39.434],[-76.23,39.349],[-76.227,39.468],[-76.28,39.45],[-76.283,39.3],[-76.368,39.4],[-76.33,39.336],[-76.428,39.305],[-76.402,39.248],[-76.493,39.304],[-76.398,39.24],[-76.443,39.195],[-76.479,39.266],[-76.631,39.261],[-76.431,39.135],[-76.433,39.061],[-76.53,39.088],[-76.395,39.016],[-76.457,38.975],[-76.585,39.071],[-76.452,38.942],[-76.551,38.951],[-76.49,38.842],[-76.567,38.77],[-76.511,38.512],[-76.382,38.387],[-76.493,38.324],[-76.374,38.3],[-76.324,38.037],[-76.666,38.258],[-76.928,38.293],[-77.026,38.499],[-77.248,38.378],[-77.276,38.487],[-77.172,38.573],[-77.236,38.662],[-77.338,38.345],[-77.044,38.402],[-76.991,38.203],[-76.606,38.151],[-76.472,37.968],[-76.238,37.891],[-76.356,37.674],[-76.28,37.614],[-76.363,37.608],[-76.464,37.693],[-76.512,37.642],[-76.586,37.771],[-76.93,37.984],[-76.55,37.621],[-76.299,37.561],[-76.414,37.523],[-76.261,37.452],[-76.275,37.311],[-76.452,37.43],[-76.402,37.338],[-76.46,37.302],[-76.368,37.273],[-76.504,37.246],[-76.809,37.532],[-76.621,37.301],[-76.293,37.129],[-76.348,37.096],[-76.27,37.088],[-76.307,36.997],[-76.431,36.968],[-76.649,37.22],[-76.986,37.242],[-76.739,37.147],[-76.685,37.198],[-76.665,37.047],[-76.486,36.958],[-76.526,36.858],[-76.356,36.925],[-76.287,36.84],[-76.293,36.97],[-76.073,36.879],[-75.997,36.923],[-75.789,36.265],[-75.538,35.777],[-75.74,36.041],[-75.972,36.71],[-75.993,36.566],[-75.901,36.488],[-76.046,36.595],[-76.059,36.513],[-75.945,36.363],[-75.925,36.426],[-75.796,36.072],[-75.949,36.276],[-75.911,36.163],[-76.21,36.3],[-76.064,36.145],[-76.188,36.125],[-76.286,36.21],[-76.218,36.096],[-76.458,36.201],[-76.303,36.098],[-76.513,36.006],[-76.724,36.12],[-76.681,35.995],[-76.737,35.933],[-76.401,35.985],[-76.256,35.92],[-76.273,35.975],[-76.058,35.993],[-76.012,35.925],[-76.101,35.875],[-76.034,35.649],[-75.991,35.89],[-75.813,35.923],[-75.849,35.975],[-75.749,35.885],[-75.728,35.626],[-75.839,35.569],[-75.882,35.632],[-76.154,35.326],[-76.352,35.415],[-76.403,35.348],[-76.422,35.459],[-76.464,35.371],[-76.532,35.4],[-76.588,35.508],[-76.474,35.539],[-76.652,35.549],[-76.575,35.387],[-76.996,35.484],[-76.466,35.262],[-76.587,35.24],[-76.525,35.185],[-76.624,35.205],[-76.535,35.151],[-76.713,35.005],[-76.803,34.965],[-76.937,35.078],[-76.976,35],[-76.756,34.898],[-76.658,34.984],[-76.492,34.962],[-76.466,35.078],[-76.444,34.913],[-76.318,34.959],[-76.378,35.04],[-76.261,35.007],[-76.317,35.014],[-76.331,34.885],[-76.413,34.879],[-76.515,34.718],[-76.621,34.81],[-76.617,34.707],[-76.687,34.803],[-76.777,34.754],[-76.699,34.716],[-77.1,34.674],[-77.131,34.762],[-77.115,34.689],[-77.188,34.7],[-77.153,34.661],[-77.281,34.567],[-77.395,34.59],[-77.374,34.518],[-77.7,34.346],[-77.898,34.057],[-77.96,34.181],[-78.017,33.888],[-78.385,33.911],[-78.777,33.767],[-79.091,33.477],[-79.172,33.205],[-79.279,33.356],[-79.175,33.188],[-79.385,33.068],[-79.368,33.009],[-79.534,33.035],[-79.848,32.755],[-79.935,32.85],[-79.961,32.771],[-79.87,32.737],[-80.002,32.605],[-80.178,32.558],[-80.236,32.609],[-80.194,32.561],[-80.333,32.475],[-80.419,32.555],[-80.423,32.496],[-80.606,32.506],[-80.457,32.408],[-80.618,32.256],[-80.827,32.497],[-80.807,32.308],[-80.669,32.216],[-80.817,32.106],[-80.786,32.185],[-80.839,32.154],[-80.915,32.047],[-80.855,31.972],[-80.996,31.952],[-80.934,31.909],[-80.992,31.859],[-81.188,31.929],[-81.09,31.883],[-81.164,31.875],[-81.165,31.731],[-81.3,31.789],[-81.189,31.707],[-81.283,31.681],[-81.18,31.593],[-81.327,31.666],[-81.197,31.579],[-81.353,31.533],[-81.26,31.53],[-81.33,31.477],[-81.18,31.518],[-81.271,31.382],[-81.36,31.435],[-81.335,31.375],[-81.425,31.354],[-81.332,31.333],[-81.435,31.34],[-81.373,31.324],[-81.447,31.315],[-81.388,31.275],[-81.449,31.111],[-81.584,31.217],[-81.405,31.106],[-81.428,31.014],[-81.438,31.085],[-81.514,31.086],[-81.481,31.035],[-81.548,31.085],[-81.457,31.012],[-81.544,30.986],[-81.447,30.967],[-81.47,30.905],[-81.405,30.977],[-81.448,30.718],[-81.489,30.797],[-81.511,30.723],[-81.427,30.702],[-81.465,30.528],[-81.308,29.829],[-80.94,29.082],[-80.573,28.583],[-80.525,28.455],[-80.643,28.41],[-80.624,28.518],[-80.684,28.347],[-80.606,28.144],[-80.732,28.405],[-80.724,28.597],[-80.82,28.649],[-80.797,28.557],[-80.188,27.174],[-80.323,27.241],[-80.153,27.154],[-80.032,26.806],[-80.121,25.809],[-80.131,25.929],[-80.308,25.612],[-80.309,25.375],[-80.432,25.232],[-80.353,25.205],[-80.365,25.286],[-80.253,25.341],[-80.371,25.138],[-80.613,24.942],[-80.435,25.109],[-80.461,25.167],[-80.423,25.118],[-80.379,25.175],[-80.443,25.245],[-80.495,25.226],[-80.448,25.175],[-80.557,25.245],[-80.673,25.138],[-80.813,25.185],[-81.09,25.117],[-81.173,25.225],[-81.145,25.326],[-81,25.213],[-80.904,25.252],[-81.148,25.383],[-81.211,25.52],[-81.026,25.564],[-81.122,25.617],[-81.227,25.556],[-81.286,25.679],[-81.23,25.72],[-81.348,25.722],[-81.377,25.769],[-81.297,25.792],[-81.396,25.856],[-81.511,25.91],[-81.529,25.851],[-81.618,25.951],[-81.732,25.911],[-81.744,25.971],[-81.655,25.98],[-81.741,25.975],[-81.68,25.996],[-81.805,26.089],[-81.855,26.451],[-82.014,26.487],[-81.805,26.7],[-82.04,26.526],[-82.096,26.917],[-82,26.977],[-82.137,26.935],[-82.274,27.02],[-82.149,26.786],[-82.285,26.819],[-82.571,27.277],[-82.575,27.413],[-82.694,27.474],[-82.477,27.519],[-82.649,27.533],[-82.437,27.718],[-82.484,27.743],[-82.386,27.822],[-82.405,27.946],[-82.491,27.919],[-82.474,27.821],[-82.537,27.834],[-82.551,27.962],[-82.694,28.036],[-82.73,27.935],[-82.584,27.881],[-82.678,27.695],[-82.776,27.886],[-82.772,27.8],[-82.842,27.848],[-82.783,27.785],[-82.854,27.87],[-82.64,28.533],[-82.639,28.833],[-82.735,28.855],[-82.626,28.872],[-82.768,29.001],[-82.799,29.175],[-83.061,29.161],[-83.225,29.43],[-83.401,29.518],[-83.401,29.674],[-83.587,29.76],[-83.682,29.925],[-83.986,30.106],[-84.177,30.073],[-84.208,30.14],[-84.385,30.037],[-84.342,29.971],[-84.435,29.994],[-84.347,29.897],[-84.519,29.915],[-84.888,29.718],[-84.856,29.814],[-84.995,29.713],[-85.357,29.663],[-85.415,29.856],[-85.359,29.68],[-85.316,29.834],[-85.687,30.127],[-85.473,30.006],[-85.394,30.052],[-85.477,30.03],[-85.512,30.133],[-85.74,30.187],[-85.583,30.311],[-85.722,30.234],[-85.765,30.317],[-85.875,30.312],[-85.741,30.217],[-85.735,30.123],[-86.075,30.297],[-86.516,30.39],[-86.117,30.374],[-86.199,30.494],[-86.422,30.451],[-86.498,30.52],[-86.59,30.403],[-87.186,30.342],[-86.88,30.439],[-87.023,30.504],[-87.028,30.607],[-87.07,30.446],[-87.191,30.571],[-87.179,30.423],[-87.424,30.305],[-87.327,30.316],[-87.551,30.277],[-87.344,30.43],[-87.419,30.462],[-87.542,30.306],[-87.614,30.358],[-87.557,30.274],[-88.03,30.222],[-87.729,30.303],[-87.91,30.412],[-87.917,30.651],[-88.006,30.681],[-88.001,30.775],[-88.066,30.581],[-88.123,30.591],[-88.137,30.311],[-88.336,30.405],[-88.485,30.318],[-88.608,30.413],[-88.711,30.341],[-88.93,30.431],[-88.858,30.388],[-89.284,30.303],[-89.25,30.345],[-89.354,30.37],[-89.326,30.31],[-89.457,30.177],[-89.652,30.162],[-90.2,30.386],[-90.408,30.212],[-90.393,30.07],[-90.152,30.022],[-89.863,30.155],[-89.797,30.079],[-89.743,30.173],[-89.859,30.005],[-89.811,29.915],[-89.726,29.957],[-89.708,29.877],[-89.612,29.872],[-89.58,29.997],[-89.445,30.063],[-89.48,29.954],[-89.238,29.887],[-89.422,29.824],[-89.341,29.781],[-89.417,29.748],[-89.47,29.817],[-89.425,29.728],[-89.53,29.778],[-89.427,29.676],[-89.639,29.764],[-89.563,29.657],[-89.668,29.691],[-89.628,29.616],[-89.693,29.607],[-89.614,29.574],[-89.708,29.563],[-89.518,29.458],[-89.561,29.393],[-89.381,29.394],[-89.252,29.302],[-89.201,29.353],[-89.125,29.183],[-88.999,29.183],[-89.111,29.163],[-89.026,29.139],[-89.152,29],[-89.26,29.112],[-89.414,28.92],[-89.287,29.123],[-89.407,29.086],[-89.464,29.249],[-89.621,29.256],[-89.675,29.29],[-89.617,29.258],[-89.623,29.326],[-89.827,29.311],[-89.776,29.415],[-89.848,29.434],[-89.767,29.48],[-89.981,29.455],[-90.196,29.569],[-90.228,29.509],[-90.024,29.431],[-90.115,29.141],[-90.242,29.087],[-90.257,29.256],[-90.404,29.26],[-90.445,29.35],[-90.482,29.275],[-90.599,29.31],[-90.648,29.13],[-90.858,29.088],[-90.951,29.213],[-91.13,29.217],[-91.09,29.304],[-91.26,29.446],[-91.251,29.635],[-91.316,29.488],[-91.43,29.523],[-91.401,29.637],[-91.437,29.545],[-91.554,29.517],[-91.556,29.632],[-91.655,29.634],[-91.608,29.755],[-91.884,29.713],[-91.829,29.833],[-92.206,29.752],[-92.1,29.607],[-92.006,29.612],[-92.324,29.532],[-93.347,29.805],[-93.835,29.693],[-93.907,29.796],[-93.789,29.849],[-93.758,29.966],[-93.863,29.99],[-93.938,29.783],[-93.842,29.679],[-94.102,29.658],[-94.771,29.361],[-94.469,29.557],[-94.781,29.529],[-94.698,29.654],[-94.727,29.789],[-94.906,29.656],[-94.991,29.714],[-94.958,29.625],[-94.981,29.677],[-95.075,29.548],[-94.91,29.497],[-94.953,29.422],[-94.809,29.365],[-94.892,29.389],[-94.899,29.303],[-95.105,29.171],[-95.19,29.214],[-95.215,29.02],[-95.123,29.068],[-95.392,28.862],[-95.932,28.702],[-95.961,28.628],[-95.697,28.731],[-96.218,28.49],[-95.973,28.658],[-96.228,28.578],[-96.153,28.617],[-96.237,28.643],[-96.163,28.763],[-96.365,28.626],[-96.442,28.77],[-96.374,28.624],[-96.488,28.567],[-96.462,28.666],[-96.486,28.605],[-96.57,28.646],[-96.563,28.748],[-96.663,28.722],[-96.64,28.573],[-96.401,28.443],[-96.669,28.314],[-96.623,28.343],[-96.69,28.325],[-96.804,28.48],[-96.766,28.41],[-96.859,28.415],[-96.784,28.23],[-96.908,28.128],[-96.966,28.124],[-96.916,28.269],[-96.979,28.129],[-97.023,28.206],[-97.193,28.17],[-97.153,28.137],[-97.246,28.065],[-97.147,28.034],[-97.193,27.971],[-97.02,28.103],[-97.191,27.823],[-97.525,27.873],[-97.381,27.836],[-97.479,27.819],[-97.311,27.712],[-97.346,27.633],[-97.245,27.691],[-97.405,27.331],[-97.499,27.31],[-97.506,27.47],[-97.549,27.406],[-97.476,27.396],[-97.568,27.317],[-97.637,27.354],[-97.606,27.287],[-97.733,27.415],[-97.655,27.304],[-97.782,27.282],[-97.543,27.205],[-97.422,27.263],[-97.471,27.001],[-97.567,26.968],[-97.47,26.859],[-97.566,26.847],[-97.416,26.554],[-97.477,26.457],[-97.371,26.398],[-97.429,26.352],[-97.331,26.352],[-97.311,26.12],[-97.189,26.071],[-97.248,25.963],[-97.153,26.064],[-97.145,25.96],[-97.197,25.643],[-97.527,25.015],[-97.41,25.425],[-97.558,25.486],[-97.483,25.362],[-97.563,25.376],[-97.535,25.287],[-97.703,25.414],[-97.72,25.255],[-97.81,25.258],[-97.67,25.177],[-97.785,25.133],[-97.695,25.152],[-97.752,24.979],[-97.64,24.928],[-97.745,24.862],[-97.741,24.487],[-97.826,24.581],[-97.866,24.525],[-97.81,24.518],[-97.857,24.463],[-97.796,24.317],[-97.745,24.451],[-97.816,24.101],[-97.788,23.771],[-97.735,23.771],[-97.76,22.893],[-97.891,22.598],[-97.838,22.677],[-97.728,22.007],[-97.322,21.571],[-97.436,21.251],[-97.374,21.527],[-97.773,22.073],[-97.674,21.661],[-97.574,21.471],[-97.486,21.455],[-97.329,20.962],[-96.995,20.478],[-97.056,20.47],[-96.986,20.471],[-96.447,19.858],[-96.306,19.313],[-95.742,18.786],[-95.864,18.822],[-95.808,18.744],[-95.857,18.717],[-95.667,18.72],[-95.736,18.785],[-95.186,18.719],[-94.987,18.562],[-95.024,18.513],[-94.801,18.54],[-94.599,18.192],[-94.41,18.151],[-94.417,18.061],[-94.407,18.159],[-94.131,18.174],[-93.858,18.301],[-93.879,18.242],[-93.756,18.265],[-93.588,18.394],[-93.846,18.304],[-93.448,18.447],[-93.151,18.443],[-93.129,18.343],[-93.074,18.4],[-93.146,18.441],[-92.953,18.435],[-92.702,18.602],[-92.652,18.503],[-92.684,18.619],[-92.345,18.679],[-91.976,18.719],[-91.852,18.596],[-92.007,18.6],[-92.012,18.528],[-91.962,18.58],[-91.872,18.496],[-91.556,18.44],[-91.322,18.562],[-91.231,18.749],[-91.383,18.786],[-91.381,18.867],[-91.511,18.788],[-91.456,18.867],[-90.719,19.363],[-90.701,19.691],[-90.486,19.907],[-90.496,20.518],[-90.282,21.053],[-89.854,21.249],[-88.839,21.404],[-88.137,21.63],[-87.224,21.419],[-87.117,21.473],[-87.111,21.591],[-87.037,21.591],[-86.849,21.254],[-86.79,21.343],[-86.806,21.185],[-86.738,21.139],[-86.873,20.845],[-87.278,20.453],[-87.454,20.163],[-87.467,19.775],[-87.468,19.948],[-87.491,19.808],[-87.744,19.672],[-87.665,19.503],[-87.429,19.575],[-87.459,19.647],[-87.415,19.592],[-87.448,19.469],[-87.639,19.374],[-87.7,19.235],[-87.628,19.19],[-87.564,19.305],[-87.457,19.318],[-87.839,18.188],[-87.931,18.438],[-88.081,18.479],[-88.004,18.659],[-88.052,18.857],[-88.398,18.378],[-88.093,18.355],[-88.105,18.098],[-88.294,17.62],[-88.182,17.497],[-88.25,17.47],[-88.305,17.231],[-88.217,16.957],[-88.363,16.513],[-88.583,16.24],[-88.649,16.284],[-88.748,16.218],[-88.937,15.891],[-88.623,15.695],[-88.564,15.862],[-88.493,15.844],[-88.592,15.964],[-88.147,15.682],[-87.953,15.866],[-87.723,15.926],[-87.64,15.877],[-87.602,15.93],[-87.51,15.777],[-87.376,15.849],[-86.912,15.757],[-86.361,15.783],[-85.937,15.931],[-85.918,16.001],[-86.008,16.029],[-85.465,15.861],[-85.022,15.987],[-84.658,15.869],[-84.651,15.776],[-84.485,15.812],[-84.647,15.868],[-84.305,15.817],[-83.727,15.394],[-84.045,15.528],[-84.138,15.424],[-84.092,15.338],[-83.969,15.396],[-83.782,15.28],[-83.768,15.194],[-83.635,15.304],[-83.553,15.281],[-83.718,15.397],[-83.385,15.251],[-83.307,15.09],[-83.142,14.993],[-83.304,14.783],[-83.327,14.91],[-83.426,14.817],[-83.362,14.731],[-83.307,14.775],[-83.197,14.328],[-83.431,13.969],[-83.545,13.563],[-83.489,12.403],[-83.643,12.376],[-83.557,12.801],[-83.654,12.799],[-83.595,12.624],[-83.777,12.529],[-83.679,12.273],[-83.617,12.355],[-83.68,11.991],[-83.75,12.109],[-83.844,11.888],[-83.784,11.801],[-83.705,11.858],[-83.643,11.606],[-83.795,11.507],[-83.88,11.293],[-83.777,10.999],[-83.627,10.895],[-83.51,10.533],[-82.781,9.665],[-82.343,9.433],[-82.397,9.265],[-82.172,9.198],[-82.273,9.144],[-82.264,9.017],[-82.082,8.925],[-81.923,8.99],[-81.789,8.943],[-81.949,9.138],[-81.895,9.188],[-81.516,8.803],[-81.083,8.808],[-80.535,9.106],[-80.133,9.211],[-79.977,9.365],[-79.952,9.318]]]}},{"type":"Feature","properties":{},"geometry":{"type":"Polygon","coordinates":[[[-73.362,-53],[-73.168,-52.922],[-73.283,-52.949],[-73.573,-52.818],[-73.227,-52.815],[-73.316,-52.791],[-73.301,-52.725],[-73.119,-52.667],[-73.128,-52.574],[-73.004,-52.586],[-73.119,-52.529],[-72.888,-52.555],[-72.891,-52.502],[-73.137,-52.512],[-73.212,-52.417],[-73.186,-52.502],[-73.269,-52.515],[-73.142,-52.588],[-73.246,-52.697],[-73.395,-52.57],[-73.364,-52.667],[-73.703,-52.796],[-73.661,-52.763],[-73.729,-52.747],[-73.581,-52.663],[-73.676,-52.638],[-73.567,-52.589],[-73.626,-52.552],[-73.533,-52.587],[-73.549,-52.491],[-73.441,-52.513],[-73.546,-52.48],[-73.505,-52.425],[-73.648,-52.444],[-73.551,-52.385],[-73.604,-52.297],[-73.552,-52.224],[-73.739,-52.043],[-73.33,-52.249],[-73.232,-52.144],[-72.998,-52.084],[-73.146,-52.273],[-72.978,-52.188],[-73.043,-52.362],[-72.988,-52.364],[-72.866,-52.314],[-72.886,-52.157],[-72.821,-52.148],[-72.897,-52.129],[-72.927,-52.2],[-72.969,-52.073],[-72.924,-52.106],[-72.899,-51.983],[-72.771,-51.969],[-72.566,-52.241],[-72.918,-52.476],[-72.551,-52.353],[-72.484,-52.182],[-72.688,-51.97],[-72.493,-51.941],[-72.539,-51.852],[-72.479,-51.793],[-72.707,-51.595],[-72.69,-51.675],[-72.728,-51.6],[-73.144,-51.522],[-73.067,-51.265],[-72.863,-51.177],[-72.934,-51.157],[-73.098,-51.268],[-73.077,-51.388],[-73.426,-51.465],[-73.172,-51.539],[-73.242,-51.602],[-73.135,-51.535],[-72.549,-51.757],[-72.667,-51.851],[-72.82,-51.843],[-72.974,-51.795],[-72.99,-51.72],[-73.203,-51.708],[-73.182,-51.626],[-73.342,-51.557],[-73.262,-51.722],[-73.014,-51.795],[-73.174,-51.801],[-73.085,-51.78],[-73.048,-51.854],[-73.222,-51.919],[-72.998,-51.829],[-72.934,-51.874],[-73.136,-51.972],[-73.153,-52.123],[-73.283,-52.072],[-73.314,-51.913],[-73.229,-51.888],[-73.403,-51.634],[-73.27,-52.176],[-73.562,-52.029],[-73.554,-51.933],[-73.644,-51.866],[-73.597,-51.8],[-73.534,-51.945],[-73.373,-52.048],[-73.598,-51.748],[-73.496,-51.696],[-73.61,-51.72],[-73.618,-51.645],[-73.708,-51.795],[-73.816,-51.704],[-73.741,-51.654],[-73.931,-51.628],[-73.789,-51.553],[-73.923,-51.547],[-73.909,-51.422],[-73.968,-51.422],[-73.902,-51.372],[-73.586,-51.622],[-73.679,-51.486],[-73.58,-51.546],[-73.637,-51.468],[-73.546,-51.456],[-73.678,-51.44],[-73.721,-51.321],[-73.623,-51.318],[-73.686,-51.291],[-73.661,-51.112],[-73.722,-51.164],[-73.812,-51.064],[-73.743,-51.174],[-73.893,-51.264],[-73.99,-51.116],[-74.004,-51.212],[-74.078,-51.217],[-74.149,-51.067],[-74.043,-50.951],[-74.198,-51.062],[-74.237,-50.923],[-73.898,-50.869],[-73.798,-50.965],[-73.883,-50.844],[-73.734,-50.825],[-73.791,-50.798],[-73.759,-50.664],[-73.339,-50.694],[-73.744,-50.565],[-73.57,-50.387],[-73.632,-50.502],[-73.769,-50.541],[-73.819,-50.773],[-74.037,-50.851],[-74.132,-50.768],[-74.054,-50.696],[-74.128,-50.69],[-74.135,-50.761],[-74.228,-50.596],[-74.091,-50.582],[-74.299,-50.473],[-73.872,-50.562],[-74.161,-50.44],[-73.962,-50.375],[-74.243,-50.453],[-74.321,-50.419],[-74.299,-50.354],[-74.129,-50.337],[-74.269,-50.328],[-74.282,-50.245],[-74.357,-50.408],[-74.544,-50.303],[-74.456,-50.271],[-74.631,-50.24],[-74.568,-50.178],[-74.701,-50.21],[-74.568,-50.108],[-74.487,-50.144],[-74.517,-50.082],[-74.381,-50.095],[-74.609,-50.103],[-74.425,-50.02],[-74.253,-50.132],[-74.344,-50.194],[-74.239,-50.153],[-74.163,-50.288],[-74.063,-50.228],[-73.862,-50.301],[-74.021,-50.239],[-73.94,-50.2],[-74.156,-50.215],[-74.201,-50.156],[-74.134,-50.099],[-74.198,-50.148],[-74.354,-49.99],[-74.302,-49.927],[-73.866,-50.07],[-74.012,-50.004],[-73.823,-49.925],[-73.904,-49.921],[-73.839,-49.834],[-74.017,-49.99],[-74.263,-49.91],[-74.316,-49.785],[-74.023,-49.775],[-74.022,-49.721],[-74.275,-49.766],[-74.319,-49.64],[-74.09,-49.537],[-73.993,-49.559],[-74.025,-49.648],[-73.907,-49.552],[-73.873,-49.656],[-73.714,-49.728],[-73.715,-49.811],[-73.649,-49.724],[-73.841,-49.654],[-73.87,-49.527],[-74.096,-49.509],[-74.032,-49.259],[-73.804,-49.399],[-74.038,-49.193],[-74.095,-49.256],[-74.186,-49.207],[-74.128,-49.273],[-74.176,-49.538],[-74.413,-49.396],[-74.396,-49.183],[-74.322,-49.192],[-74.459,-49],[-74.327,-48.942],[-74.443,-48.889],[-74.382,-48.875],[-74.435,-48.809],[-74.363,-48.714],[-74.201,-48.855],[-74.311,-48.755],[-74.053,-48.745],[-74.284,-48.729],[-74.219,-48.652],[-74.345,-48.686],[-74.395,-48.602],[-74.185,-48.48],[-73.958,-48.609],[-74.019,-48.442],[-73.841,-48.408],[-74.245,-48.357],[-73.948,-48.32],[-74.268,-48.348],[-74.316,-48.214],[-74.516,-48.103],[-74.398,-48.018],[-74.585,-48.106],[-74.652,-48.01],[-74.534,-47.95],[-74.334,-48.023],[-74.274,-48.275],[-74.254,-48.2],[-74.193,-48.257],[-74.109,-48.213],[-74.2,-48.245],[-74.312,-48.028],[-74.202,-48.007],[-74.153,-48.105],[-74.194,-48.007],[-74.125,-47.996],[-73.888,-48.051],[-73.895,-48.136],[-73.778,-48.06],[-73.816,-48.175],[-73.762,-48.116],[-73.624,-48.167],[-73.665,-48.277],[-73.498,-48.202],[-73.387,-48.289],[-73.268,-48.258],[-73.399,-48.229],[-73.312,-48.19],[-73.299,-48.066],[-73.401,-48.215],[-73.628,-48.063],[-73.538,-48.017],[-73.657,-48.037],[-73.679,-47.922],[-73.227,-48.019],[-73.545,-47.961],[-73.553,-47.83],[-73.738,-47.803],[-73.735,-47.707],[-73.638,-47.665],[-73.731,-47.625],[-73.77,-47.811],[-73.937,-47.867],[-74.059,-47.785],[-74.543,-47.795],[-74.456,-47.701],[-74.552,-47.79],[-74.674,-47.754],[-74.601,-47.769],[-74.657,-47.738],[-74.598,-47.698],[-74.73,-47.714],[-74.567,-47.639],[-74.638,-47.589],[-74.52,-47.527],[-74.493,-47.617],[-74.467,-47.535],[-74.385,-47.615],[-74.58,-47.688],[-74.327,-47.646],[-74.301,-47.724],[-74.115,-47.749],[-74.254,-47.738],[-74.29,-47.657],[-74.068,-47.644],[-74.291,-47.638],[-74.008,-47.619],[-74.128,-47.578],[-73.915,-47.509],[-74.298,-47.603],[-74.324,-47.531],[-74.093,-47.439],[-74.381,-47.5],[-74.358,-47.545],[-74.457,-47.469],[-74.245,-47.405],[-74.514,-47.454],[-74.305,-47.206],[-74.22,-47.23],[-74.178,-47.38],[-74.235,-47.205],[-74.142,-47.211],[-74.076,-47.39],[-74.129,-47.205],[-73.924,-47.212],[-74.045,-47.16],[-73.937,-47.008],[-74.102,-46.988],[-74.21,-46.883],[-74.095,-46.837],[-74.218,-46.878],[-74.309,-46.799],[-74.212,-46.755],[-74.598,-46.725],[-74.458,-46.784],[-74.719,-46.816],[-74.414,-46.855],[-74.455,-46.9],[-74.668,-46.879],[-74.804,-46.783],[-74.757,-46.748],[-74.85,-46.809],[-75.016,-46.65],[-74.869,-46.437],[-75.07,-46.616],[-75.138,-46.641],[-75.163,-46.571],[-75.168,-46.635],[-75.347,-46.624],[-75.522,-46.717],[-75.553,-46.818],[-75.468,-46.72],[-75.305,-46.726],[-75.392,-46.811],[-75.268,-46.818],[-75.354,-46.893],[-75.229,-46.848],[-75.298,-46.947],[-75.471,-46.968],[-75.625,-46.822],[-75.622,-46.729],[-75.558,-46.587],[-75.382,-46.634],[-75.475,-46.537],[-75.291,-46.505],[-75.277,-46.418],[-75.2,-46.379],[-75.12,-46.458],[-75.156,-46.313],[-74.855,-46.372],[-75.078,-46.335],[-74.985,-46.297],[-75.05,-46.25],[-74.844,-46.302],[-74.911,-46.237],[-74.873,-46.163],[-74.749,-46.223],[-74.665,-46.174],[-74.77,-46.164],[-74.762,-46.05],[-74.564,-46.048],[-74.72,-46.028],[-74.684,-45.9],[-74.877,-46.115],[-75.012,-46.117],[-75.053,-46.04],[-74.853,-46.012],[-75.023,-46.001],[-74.927,-45.966],[-75.052,-45.975],[-75.091,-45.885],[-74.784,-45.949],[-74.949,-45.866],[-74.851,-45.902],[-74.727,-45.814],[-74.714,-45.9],[-74.525,-45.84],[-74.431,-46.048],[-74.35,-45.966],[-74.442,-45.803],[-74.292,-45.812],[-74.277,-45.875],[-74.084,-45.815],[-74.266,-45.906],[-74.04,-45.912],[-74.022,-45.977],[-74.274,-46.035],[-74.068,-46.017],[-74.068,-46.11],[-74.334,-46.133],[-74.063,-46.125],[-74.017,-45.99],[-73.955,-46.04],[-73.995,-46.153],[-74.304,-46.256],[-74.46,-46.199],[-74.311,-46.265],[-74.016,-46.188],[-74.095,-46.349],[-73.97,-46.233],[-73.936,-46.283],[-73.995,-46.287],[-73.843,-46.355],[-74.008,-46.232],[-73.869,-46.145],[-73.726,-46.272],[-73.904,-46.561],[-73.809,-46.584],[-73.751,-46.498],[-73.637,-46.54],[-73.76,-46.476],[-73.751,-46.408],[-73.568,-46.301],[-73.399,-46.326],[-73.56,-46.27],[-73.336,-46.04],[-73.424,-46.018],[-73.673,-46.332],[-73.645,-45.98],[-73.462,-45.886],[-73.541,-45.83],[-73.388,-45.704],[-73.141,-45.653],[-73.281,-45.647],[-73.282,-45.591],[-73.573,-45.785],[-73.493,-45.458],[-73.402,-45.407],[-73.394,-45.49],[-73.387,-45.386],[-73.21,-45.291],[-72.991,-45.451],[-72.836,-45.483],[-72.772,-45.408],[-72.99,-45.405],[-73.209,-45.242],[-73.335,-45.296],[-73.516,-45.2],[-73.445,-45.264],[-73.437,-45.195],[-73.281,-45.153],[-73.366,-44.956],[-73.108,-44.951],[-72.883,-44.84],[-72.693,-44.727],[-72.663,-44.536],[-72.55,-44.527],[-72.609,-44.471],[-72.56,-44.326],[-72.682,-44.51],[-72.767,-44.383],[-72.921,-44.373],[-72.854,-44.288],[-73.186,-44.252],[-73.101,-44.236],[-73.114,-44.145],[-73.174,-44.204],[-73.287,-44.165],[-73.265,-44.11],[-73.184,-44.154],[-73.191,-44.057],[-73.08,-44.109],[-73.132,-43.982],[-73.074,-44.031],[-73.118,-43.955],[-72.993,-43.791],[-72.942,-43.866],[-72.875,-43.791],[-72.74,-43.845],[-72.834,-43.812],[-72.838,-43.663],[-72.856,-43.781],[-73.048,-43.742],[-72.875,-43.656],[-73.103,-43.459],[-73.066,-43.325],[-72.866,-43.239],[-72.868,-43.033],[-72.71,-43.108],[-72.776,-43.006],[-72.682,-42.923],[-72.861,-42.77],[-72.825,-42.516],[-72.496,-42.619],[-72.845,-42.303],[-72.578,-42.203],[-72.489,-42.513],[-72.437,-42.486],[-72.495,-42.288],[-72.383,-42.249],[-72.467,-42.263],[-72.476,-42.193],[-72.353,-42.176],[-72.474,-42.161],[-72.422,-41.959],[-72.583,-42.05],[-72.885,-41.914],[-72.659,-41.731],[-72.285,-41.667],[-72.283,-41.393],[-72.341,-41.397],[-72.372,-41.659],[-72.458,-41.695],[-72.65,-41.706],[-72.746,-41.535],[-72.951,-41.475],[-73.109,-41.592],[-73.047,-41.71],[-73.142,-41.757],[-73.159,-41.703],[-73.133,-41.768],[-73.255,-41.699],[-73.265,-41.792],[-73.4,-41.772],[-73.355,-41.815],[-73.765,-41.749],[-73.659,-41.606],[-73.579,-41.646],[-73.486,-41.569],[-73.804,-41.584],[-73.861,-41.429],[-73.815,-41.288],[-73.864,-41.308],[-73.96,-41.007],[-73.86,-40.937],[-73.875,-40.769],[-73.786,-40.771],[-73.852,-40.761],[-73.775,-40.703],[-73.85,-40.66],[-73.718,-40.556],[-73.79,-40.446],[-73.76,-40.278],[-73.682,-40.263],[-73.741,-40.192],[-73.655,-40.128],[-73.71,-40],[-73.47,-39.848],[-73.314,-39.943],[-73.383,-39.875],[-73.283,-39.857],[-73.402,-39.873],[-73.413,-39.713],[-73.255,-39.534],[-73.269,-39.454],[-73.194,-39.442],[-73.365,-38.822],[-73.491,-38.655],[-73.535,-38.383],[-73.449,-38.1],[-73.665,-37.722],[-73.592,-37.458],[-73.685,-37.332],[-73.587,-37.145],[-73.447,-37.252],[-73.283,-37.234],[-73.155,-37.115],[-73.17,-36.81],[-73.087,-36.815],[-73.218,-36.772],[-73.133,-36.745],[-73.122,-36.613],[-73.109,-36.728],[-72.981,-36.709],[-73.003,-36.575],[-72.816,-36.289],[-72.789,-35.975],[-72.56,-35.77],[-72.641,-35.6],[-72.437,-35.326],[-72.367,-35.371],[-72.38,-35.216],[-72.204,-35.128],[-72.182,-34.892],[-72.045,-34.636],[-72.053,-34.422],[-71.979,-34.352],[-72.01,-34.13],[-71.83,-33.919],[-71.81,-33.776],[-71.619,-33.626],[-71.751,-33.1],[-71.48,-32.913],[-71.55,-32.793],[-71.442,-32.677],[-71.41,-32.388],[-71.555,-32.195],[-71.496,-32.119],[-71.548,-32.104],[-71.507,-31.877],[-71.578,-31.86],[-71.53,-31.602],[-71.65,-31.364],[-71.72,-30.599],[-71.652,-30.264],[-71.541,-30.295],[-71.398,-30.182],[-71.42,-29.997],[-71.277,-29.91],[-71.346,-29.754],[-71.312,-29.416],[-71.495,-29.201],[-71.52,-28.913],[-71.298,-28.678],[-71.316,-28.564],[-71.165,-28.357],[-71.185,-28.105],[-71.039,-27.662],[-70.9,-27.619],[-70.975,-27.167],[-70.81,-27.054],[-70.836,-26.878],[-70.685,-26.569],[-70.7,-26.388],[-70.626,-26.343],[-70.677,-26.29],[-70.627,-25.999],[-70.738,-25.823],[-70.654,-25.536],[-70.45,-25.367],[-70.58,-24.545],[-70.528,-23.863],[-70.396,-23.577],[-70.486,-23.466],[-70.622,-23.52],[-70.597,-23.221],[-70.58,-23.083],[-70.518,-23.023],[-70.483,-23.097],[-70.399,-23.076],[-70.291,-22.912],[-70.194,-21.897],[-70.057,-21.44],[-70.18,-21.023],[-70.139,-20.882],[-70.211,-20.811],[-70.123,-20.009],[-70.364,-18.792],[-70.307,-18.439],[-70.942,-17.914],[-71.382,-17.706],[-71.364,-17.486],[-71.514,-17.264],[-72.112,-17.015],[-72.45,-16.703],[-73.703,-16.242],[-74.054,-15.952],[-75.143,-15.406],[-75.497,-14.919],[-75.916,-14.654],[-75.97,-14.468],[-76.141,-14.33],[-76.138,-14.227],[-76.291,-14.159],[-76.285,-13.908],[-76.399,-13.907],[-76.366,-13.8],[-76.252,-13.852],[-76.202,-13.396],[-76.805,-12.508],[-76.802,-12.358],[-77.172,-12.073],[-77.211,-11.648],[-77.347,-11.473],[-77.658,-11.29],[-77.595,-11.176],[-77.66,-10.945],[-78.185,-10.107],[-78.41,-9.362],[-78.525,-9.273],[-78.496,-9.186],[-78.556,-9.231],[-78.612,-9.174],[-78.559,-9.122],[-78.763,-8.772],[-78.746,-8.629],[-78.935,-8.434],[-78.985,-8.213],[-79.465,-7.716],[-79.686,-7.118],[-79.981,-6.751],[-80.782,-6.3],[-81.152,-5.979],[-81.081,-5.785],[-80.947,-5.843],[-80.873,-5.765],[-80.85,-5.838],[-80.852,-5.657],[-80.937,-5.446],[-81.194,-5.215],[-81.17,-5.081],[-81.06,-5.03],[-81.329,-4.68],[-81.255,-4.273],[-80.748,-3.715],[-80.306,-3.396],[-80.196,-3.441],[-80.005,-3.375],[-79.715,-2.597],[-79.713,-2.467],[-79.773,-2.517],[-79.878,-2.217],[-79.875,-2.286],[-79.98,-2.219],[-79.957,-2.323],[-80.1,-2.408],[-80.147,-2.571],[-80.18,-2.527],[-80.248,-2.645],[-80.289,-2.602],[-80.247,-2.739],[-80.652,-2.411],[-80.899,-2.331],[-81.01,-2.185],[-80.849,-2.191],[-80.73,-2.038],[-80.851,-1.598],[-80.736,-1.354],[-80.911,-1.054],[-80.827,-0.952],[-80.583,-0.925],[-80.461,-0.62],[-80.275,-0.67],[-80.396,-0.65],[-80.5,-0.392],[-80.079,0.052],[-80.05,0.37],[-79.998,0.119],[-79.948,0.17],[-80.091,0.775],[-79.651,0.982],[-79.649,0.9],[-79.431,1.068],[-79.177,1.08],[-79.061,1.216],[-79.014,1.041],[-78.928,1.064],[-78.983,1.082],[-78.898,1.145],[-78.936,1.229],[-78.779,1.265],[-78.878,1.3],[-78.782,1.416],[-78.845,1.54],[-79.033,1.636],[-78.844,1.822],[-78.624,1.796],[-78.622,1.726],[-78.53,1.767],[-78.686,2.169],[-78.615,2.181],[-78.663,2.225],[-78.562,2.442],[-78.542,2.336],[-78.415,2.512],[-78.319,2.376],[-78.239,2.563],[-78.102,2.471],[-78.011,2.656],[-77.768,2.663],[-77.808,2.745],[-77.682,2.78],[-77.764,2.802],[-77.613,2.853],[-77.701,2.893],[-77.625,2.906],[-77.623,2.985],[-77.709,2.969],[-77.672,3.053],[-77.544,3.05],[-77.528,3.147],[-77.463,3.1],[-77.507,3.215],[-77.39,3.225],[-77.362,3.479],[-77.226,3.492],[-77.289,3.555],[-77.109,3.71],[-77.205,3.672],[-77.195,3.754],[-77.123,3.724],[-77.147,3.813],[-77.023,3.889],[-77.119,3.936],[-77.182,3.833],[-77.279,3.84],[-77.315,3.955],[-77.203,3.953],[-77.248,3.989],[-77.163,4.059],[-77.262,4.118],[-77.357,3.929],[-77.445,4.037],[-77.431,4.192],[-77.523,4.147],[-77.452,4.215],[-77.531,4.206],[-77.498,4.296],[-77.419,4.253],[-77.332,4.743],[-77.275,4.72],[-77.357,4.807],[-77.412,5.438],[-77.555,5.476],[-77.506,5.6],[-77.344,5.612],[-77.244,5.757],[-77.329,6.059],[-77.461,6.192],[-77.445,6.304],[-77.368,6.24],[-77.386,6.394],[-77.294,6.558],[-77.378,6.691],[-77.509,6.65],[-77.572,6.822],[-77.696,6.849],[-77.681,7.048],[-78.182,7.519],[-78.443,8.042],[-78.408,8.108],[-78.28,8.082],[-78.246,8.188],[-78.315,8.261],[-78.202,8.279],[-78.157,8.42],[-78.024,8.246],[-77.964,8.262],[-78.119,8.484],[-78.107,8.41],[-78.161,8.476],[-78.248,8.38],[-78.226,8.467],[-78.369,8.423],[-78.418,8.551],[-78.366,8.399],[-78.421,8.347],[-78.515,8.639],[-79.088,9.041],[-79.484,9.009],[-79.544,8.93],[-79.674,9.139],[-79.859,9.186],[-79.768,9.272],[-79.843,9.333],[-79.916,9.261],[-79.915,9.356],[-79.798,9.361],[-79.684,9.566],[-79.539,9.635],[-79.523,9.578],[-78.971,9.565],[-79.074,9.509],[-79.06,9.439],[-78.563,9.443],[-78.038,9.236],[-77.544,8.708],[-77.354,8.69],[-77.267,8.492],[-76.983,8.264],[-76.94,8.102],[-76.835,8.141],[-76.929,7.938],[-76.771,7.914],[-76.758,8.393],[-76.937,8.558],[-76.333,8.93],[-76.082,9.342],[-75.921,9.435],[-75.797,9.44],[-75.798,9.385],[-75.62,9.452],[-75.576,9.643],[-75.705,9.705],[-75.622,9.811],[-75.583,10.13],[-75.506,10.161],[-75.542,10.247],[-75.703,10.148],[-75.502,10.308],[-75.563,10.402],[-75.488,10.491],[-75.473,10.428],[-75.513,10.575],[-75.276,10.721],[-75.259,10.808],[-75.042,10.902],[-74.854,11.114],[-74.767,11.005],[-74.843,11.114],[-74.505,10.992],[-74.277,11.002],[-74.515,10.973],[-74.456,10.732],[-74.387,10.742],[-74.212,11.077],[-74.192,11.31],[-73.272,11.292],[-72.77,11.683],[-72.295,11.863],[-72.14,12.098],[-72.175,12.221],[-71.96,12.262],[-71.998,12.192],[-71.926,12.158],[-71.852,12.228],[-71.954,12.278],[-71.821,12.377],[-71.799,12.312],[-71.72,12.418],[-71.686,12.365],[-71.626,12.42],[-71.734,12.42],[-71.666,12.465],[-71.272,12.345],[-71.11,12.052],[-71.383,11.755],[-71.965,11.557],[-71.872,11.219],[-71.605,10.992],[-71.773,11],[-71.579,10.705],[-71.627,10.442],[-71.96,10.115],[-72.131,9.813],[-71.935,9.519],[-71.994,9.6],[-71.998,9.444],[-71.942,9.5],[-71.842,9.437],[-71.907,9.389],[-71.822,9.424],[-71.772,9.335],[-71.72,9.387],[-71.824,9.23],[-71.753,9.238],[-71.709,9.052],[-71.347,9.09],[-71.072,9.312],[-71.025,9.717],[-71.478,10.397],[-71.59,10.797],[-71.431,10.801],[-71.407,10.918],[-71.496,10.955],[-70.199,11.35],[-70.164,11.473],[-70.016,11.473],[-70.137,11.571],[-69.788,11.431],[-69.722,11.499],[-69.803,11.697],[-70.235,11.636],[-70.203,11.764],[-70.287,11.913],[-70.214,12.097],[-70.02,12.202],[-69.833,12.035],[-69.623,11.475],[-69.262,11.54],[-68.856,11.455],[-68.396,11.187],[-68.26,10.912],[-68.362,10.925],[-68.221,10.888],[-68.323,10.858],[-68.296,10.691],[-68.129,10.489],[-67.836,10.445],[-67.016,10.62],[-66.234,10.654],[-66.046,10.583],[-66.107,10.502],[-65.816,10.225],[-65.706,10.214],[-65.873,10.307],[-65.055,10.064],[-64.753,10.106],[-64.707,10.226],[-64.457,10.256],[-64.363,10.307],[-64.459,10.335],[-64.175,10.483],[-63.643,10.492],[-64.048,10.598],[-64.232,10.502],[-64.261,10.667],[-63.922,10.627],[-63.811,10.71],[-63.53,10.63],[-62.712,10.766],[-62.171,10.685],[-61.867,10.746],[-61.922,10.653],[-62.249,10.635],[-62.344,10.535],[-62.876,10.533],[-62.82,10.417],[-62.889,10.375],[-62.726,10.388],[-62.622,10.1],[-62.612,10.234],[-62.505,10.187],[-62.447,9.923],[-62.339,9.818],[-62.195,10.024],[-62.025,9.963],[-61.825,9.754],[-61.827,9.824],[-61.605,9.815],[-61.528,9.726],[-61.637,9.903],[-60.855,9.438],[-60.787,9.314],[-61.005,9.167],[-60.846,9.187],[-60.865,9.058],[-60.958,9.02],[-60.851,9],[-60.883,8.918],[-60.811,8.985],[-60.886,8.856],[-60.83,8.871],[-60.878,8.829],[-60.784,8.704],[-60.876,8.59],[-60.465,8.514],[-60.403,8.637],[-60.227,8.643],[-60.001,8.539],[-59.757,8.291],[-59.772,8.346],[-59.673,8.301],[-59.802,8.408],[-59.682,8.375],[-59.045,7.959],[-58.48,7.335],[-58.49,7.009],[-58.69,6.382],[-58.623,6.419],[-58.581,6.325],[-58.565,6.674],[-58.342,6.892],[-58.179,6.817],[-58.212,6.63],[-58.168,6.825],[-58.08,6.831],[-57.639,6.484],[-57.531,6.289],[-57.532,6.198],[-57.627,6.174],[-57.53,6.192],[-57.498,6.337],[-57.324,6.272],[-57.161,6.084],[-57.144,5.837],[-56.956,6.007],[-56.471,5.95],[-55.93,5.805],[-55.903,5.673],[-55.901,5.846],[-55.766,5.86],[-55.962,5.911],[-55.667,5.999],[-55.144,5.917],[-55.092,5.717],[-55.157,5.822],[-55.091,5.901],[-55.02,5.873],[-55.159,5.982],[-55.041,6.017],[-54.169,5.884],[-54.016,5.832],[-54.035,5.631],[-53.947,5.758],[-53.772,5.654],[-53.897,5.778],[-53.76,5.73],[-53.104,5.373],[-52.796,5.31],[-52.622,5.165],[-52.708,5.122],[-52.597,5.164],[-52.366,4.918],[-52.421,4.852],[-52.291,4.948],[-52.249,4.879],[-52.333,4.8],[-52.226,4.865],[-52.162,4.721],[-52.226,4.615],[-52.149,4.713],[-52.089,4.67],[-51.953,4.515],[-51.955,4.381],[-51.888,4.579],[-51.727,4.449],[-51.657,4.06],[-51.594,4.235],[-51.534,4.136],[-51.576,4.328],[-51.49,4.423],[-51.178,4.038],[-51.196,3.424],[-51.163,3.836],[-51.077,3.885],[-51.035,3.126],[-50.843,2.641],[-50.859,2.491],[-50.79,2.496],[-50.687,2.192],[-50.767,2.102],[-50.621,2.1],[-50.46,1.817],[-50.176,1.822],[-49.933,1.712],[-49.904,1.325],[-50.138,1.21],[-49.918,1.257],[-49.898,1.198],[-50.125,0.951],[-50.27,0.865],[-50.297,0.934],[-50.326,0.734],[-50.781,0.188],[-51.03,0.1],[-51.088,-0.053],[-51.311,-0.079],[-51.221,-0.095],[-51.701,-0.749],[-51.712,-1.026],[-51.917,-1.162],[-51.921,-1.324],[-52.026,-1.411],[-52.232,-1.345],[-52.712,-1.603],[-52.266,-1.521],[-52.268,-1.68],[-52.201,-1.69],[-51.261,-1.221],[-51.028,-1.038],[-51,-0.931],[-50.858,-0.913],[-50.824,-1.044],[-50.953,-1.13],[-50.822,-1.225],[-50.816,-1.439],[-50.678,-1.635],[-50.663,-1.767],[-50.739,-1.742],[-50.523,-1.927],[-50.166,-1.94],[-50.165,-1.875],[-49.995,-1.821],[-49.877,-1.892],[-49.86,-2.012],[-49.854,-1.914],[-49.654,-1.926],[-49.512,-1.78],[-49.371,-1.815],[-49.371,-1.745],[-49.276,-1.733],[-49.413,-1.888],[-49.545,-2.525],[-49.689,-2.676],[-49.613,-2.671],[-49.434,-2.494],[-49.195,-1.901],[-48.995,-1.896],[-48.652,-1.395],[-48.447,-1.707],[-48.39,-1.681],[-48.492,-1.518],[-48.278,-1.477],[-48.067,-1.55],[-48.247,-1.457],[-48.495,-1.463],[-48.475,-1.285],[-48.388,-1.234],[-48.342,-1.31],[-48.239,-1.083],[-48.305,-0.945],[-48.212,-0.828],[-48.136,-0.899],[-48.165,-0.785],[-48.053,-0.66],[-48.02,-0.754],[-47.981,-0.696],[-47.943,-0.752],[-47.929,-0.63],[-47.816,-0.741],[-47.825,-0.607],[-47.766,-0.67],[-47.662,-0.581],[-47.63,-0.697],[-47.723,-0.81],[-47.613,-0.699],[-47.577,-0.749],[-47.553,-0.635],[-47.498,-0.808],[-47.407,-0.761],[-47.367,-0.829],[-47.48,-0.617],[-47.414,-0.593],[-47.414,-0.689],[-47.318,-0.591],[-47.269,-0.675],[-47.207,-0.64],[-47.239,-0.721],[-47.164,-0.678],[-47.203,-0.765],[-47.143,-0.802],[-47.077,-0.683],[-47.091,-0.848],[-46.987,-0.836],[-46.955,-0.714],[-46.979,-0.911],[-46.845,-0.735],[-46.818,-0.925],[-46.782,-0.835],[-46.744,-0.921],[-46.715,-0.821],[-46.624,-0.855],[-46.757,-0.994],[-46.6,-0.951],[-46.631,-1.012],[-46.409,-1.065],[-46.375,-0.971],[-46.348,-1.114],[-46.318,-1.02],[-46.262,-1.077],[-46.31,-1.012],[-46.197,-0.889],[-46.285,-1.209],[-46.176,-0.993],[-46.176,-1.162],[-46.077,-1.024],[-46.147,-1.305],[-45.988,-1.045],[-45.97,-1.233],[-45.896,-1.115],[-45.865,-1.283],[-45.82,-1.168],[-45.842,-1.279],[-45.782,-1.277],[-45.684,-1.139],[-45.75,-1.238],[-45.695,-1.431],[-45.59,-1.26],[-45.566,-1.36],[-45.506,-1.295],[-45.562,-1.43],[-45.415,-1.292],[-45.522,-1.512],[-45.446,-1.509],[-45.327,-1.318],[-45.299,-1.423],[-45.404,-1.573],[-45.331,-1.562],[-45.364,-1.723],[-45.276,-1.735],[-45.239,-1.851],[-45.275,-1.699],[-45.16,-1.683],[-45.227,-1.674],[-45.238,-1.547],[-45.071,-1.427],[-44.969,-1.544],[-45.022,-1.59],[-44.958,-1.583],[-44.97,-1.495],[-44.833,-1.414],[-44.963,-1.624],[-44.881,-1.601],[-44.843,-1.673],[-44.815,-1.588],[-44.805,-1.753],[-44.707,-1.73],[-44.801,-1.81],[-44.707,-1.832],[-44.667,-1.724],[-44.592,-1.742],[-44.711,-1.893],[-44.578,-1.779],[-44.645,-1.873],[-44.536,-1.825],[-44.61,-1.927],[-44.518,-1.895],[-44.485,-2.007],[-44.577,-2.041],[-44.483,-2.051],[-44.684,-2.282],[-44.752,-2.249],[-44.988,-2.448],[-44.752,-2.281],[-44.689,-2.353],[-44.766,-2.432],[-44.653,-2.367],[-44.636,-2.468],[-44.646,-2.32],[-44.498,-2.147],[-44.36,-2.337],[-44.391,-2.41],[-44.547,-2.397],[-44.49,-2.417],[-44.527,-2.521],[-44.75,-2.623],[-44.544,-2.538],[-44.703,-2.734],[-44.639,-2.737],[-44.682,-3],[-44.617,-3.067],[-44.815,-3.188],[-44.76,-3.296],[-44.837,-3.251],[-44.818,-3.358],[-44.735,-3.299],[-44.765,-3.228],[-44.452,-2.988],[-44.371,-2.762],[-44.356,-2.876],[-44.312,-2.792],[-44.221,-2.859],[-44.234,-2.965],[-44.113,-2.745],[-44.087,-2.967],[-44.081,-2.727],[-43.945,-2.559],[-43.843,-2.586],[-43.726,-2.476],[-43.632,-2.576],[-43.524,-2.418],[-43.458,-2.587],[-43.405,-2.54],[-43.461,-2.422],[-43.347,-2.438],[-43.479,-2.383],[-43.422,-2.332],[-42.747,-2.567],[-42.722,-2.702],[-42.665,-2.661],[-42.718,-2.559],[-42.502,-2.735],[-42.275,-2.756],[-42.261,-2.86],[-42.03,-2.77],[-42.036,-2.83],[-41.968,-2.819],[-42.022,-2.721],[-41.835,-2.706],[-41.856,-2.763],[-41.707,-2.864],[-41.405,-2.897],[-41.333,-2.984],[-41.237,-2.987],[-41.316,-2.911],[-41.268,-2.879],[-41.079,-2.925],[-40.866,-2.858],[-40.828,-2.924],[-40.504,-2.785],[-40.022,-2.837],[-39.25,-3.225],[-39.093,-3.418],[-38.982,-3.406],[-38.634,-3.704],[-38.475,-3.703],[-38.181,-4.056],[-38.227,-4.11],[-38.179,-4.059],[-37.772,-4.401],[-37.79,-4.501],[-37.768,-4.428],[-37.593,-4.628],[-37.322,-4.705],[-37.15,-4.974],[-36.963,-4.919],[-36.629,-5.125],[-36.686,-5.091],[-36.482,-5.061],[-36.223,-5.134],[-36.301,-5.09],[-35.979,-5.04],[-35.488,-5.158],[-35.226,-5.582],[-35.193,-5.702],[-35.273,-5.786],[-35.195,-5.76],[-35.097,-6.056],[-35.15,-6.22],[-35.093,-6.181],[-35.073,-6.35],[-34.989,-6.386],[-34.971,-6.793],[-34.92,-6.77],[-34.933,-6.881],[-34.856,-6.905],[-34.914,-7.116],[-34.835,-6.968],[-34.794,-7.33],[-34.808,-7.511],[-34.888,-7.537],[-34.809,-7.626],[-34.908,-7.755],[-34.82,-7.923],[-34.94,-8.356],[-35.36,-9.268],[-35.499,-9.425],[-35.519,-9.356],[-35.511,-9.444],[-35.718,-9.683],[-35.788,-9.71],[-35.797,-9.592],[-35.787,-9.702],[-35.87,-9.753],[-35.956,-9.61],[-35.878,-9.751],[-35.802,-9.727],[-35.894,-9.849],[-35.991,-9.824],[-35.902,-9.875],[-36.281,-10.275],[-36.396,-10.504],[-36.428,-10.437],[-37.024,-10.948],[-37.047,-10.897],[-37.031,-10.976],[-37.17,-11.083],[-37.331,-11.428],[-37.434,-11.429],[-37.435,-11.511],[-37.356,-11.461],[-37.697,-12.119],[-38.251,-12.866],[-38.542,-13.002],[-38.449,-12.777],[-38.627,-12.725],[-38.691,-12.585],[-38.778,-12.821],[-38.846,-12.835],[-38.721,-12.875],[-38.853,-13.05],[-38.806,-13.148],[-38.96,-13.217],[-38.956,-13.382],[-39.038,-13.385],[-38.907,-13.381],[-38.97,-13.576],[-38.892,-13.659],[-38.984,-13.614],[-38.988,-13.858],[-39.09,-13.888],[-38.986,-14.084],[-38.991,-13.913],[-38.93,-13.911],[-39.046,-14.294],[-38.976,-14.29],[-39.07,-14.813],[-39.017,-14.806],[-38.992,-14.997],[-38.987,-15.655],[-38.857,-15.864],[-39.026,-16.27],[-39.222,-17.192],[-39.137,-17.691],[-39.348,-17.716],[-39.205,-17.775],[-39.522,-18.032],[-39.699,-18.373],[-39.721,-19.34],[-39.809,-19.605],[-40.195,-19.949],[-40.134,-19.963],[-40.196,-20.199],[-40.304,-20.32],[-40.314,-20.241],[-40.358,-20.276],[-40.27,-20.327],[-40.409,-20.602],[-40.629,-20.845],[-40.757,-20.862],[-41.071,-21.502],[-40.985,-22.002],[-41.697,-22.285],[-41.962,-22.531],[-41.992,-22.707],[-41.864,-22.755],[-42.02,-22.877],[-42.014,-22.997],[-42.512,-22.934],[-43.051,-22.982],[-43.137,-22.902],[-43.025,-22.742],[-43.083,-22.679],[-43.289,-22.8],[-43.165,-22.894],[-43.183,-22.985],[-43.558,-23.078],[-43.843,-22.903],[-44.193,-23.057],[-44.355,-23.032],[-44.325,-22.928],[-44.413,-22.944],[-44.441,-23.027],[-44.67,-23.056],[-44.722,-23.199],[-44.616,-23.204],[-44.689,-23.253],[-44.614,-23.235],[-44.645,-23.301],[-44.562,-23.228],[-44.508,-23.303],[-44.829,-23.39],[-44.91,-23.335],[-45.06,-23.419],[-45.085,-23.523],[-45.168,-23.492],[-45.213,-23.584],[-45.415,-23.631],[-45.413,-23.825],[-45.898,-23.757],[-46.156,-23.86],[-46.184,-23.992],[-46.283,-24.045],[-46.38,-23.899],[-46.435,-23.94],[-46.394,-24.032],[-46.804,-24.172],[-47.23,-24.574],[-47.572,-24.679],[-48.067,-25.046],[-47.996,-25.209],[-48.212,-25.469],[-48.227,-25.339],[-48.134,-25.286],[-48.288,-25.29],[-48.324,-25.365],[-48.333,-25.23],[-48.507,-25.327],[-48.435,-25.352],[-48.463,-25.479],[-48.638,-25.47],[-48.741,-25.373],[-48.714,-25.5],[-48.349,-25.572],[-48.536,-25.856],[-48.607,-25.824],[-48.585,-26.174],[-48.707,-26.25],[-48.783,-26.16],[-48.812,-26.309],[-48.621,-26.401],[-48.688,-26.68],[-48.584,-26.787],[-48.685,-26.89],[-48.57,-27.01],[-48.6,-27.133],[-48.465,-27.146],[-48.652,-27.26],[-48.525,-27.335],[-48.65,-27.485],[-48.57,-27.596],[-48.662,-27.648],[-48.577,-27.847],[-48.688,-28.138],[-48.645,-28.234],[-48.747,-28.495],[-48.833,-28.44],[-48.702,-28.238],[-48.767,-28.349],[-48.883,-28.341],[-48.859,-28.485],[-48.762,-28.538],[-49.377,-28.912],[-49.7,-29.302],[-50.133,-29.983],[-50.34,-30.509],[-50.795,-31.143],[-52.086,-32.165],[-52.011,-31.947],[-52.106,-31.84],[-51.86,-31.87],[-51.783,-31.808],[-51.863,-31.8],[-51.665,-31.77],[-51.479,-31.566],[-51.44,-31.622],[-51.425,-31.487],[-51.267,-31.484],[-51.163,-31.296],[-51.173,-31.064],[-50.982,-31.042],[-50.973,-30.895],[-50.708,-30.755],[-50.733,-30.368],[-50.569,-30.464],[-50.537,-30.274],[-50.599,-30.195],[-50.69,-30.211],[-50.673,-30.297],[-50.918,-30.329],[-50.928,-30.44],[-51.062,-30.39],[-51.034,-30.275],[-51.252,-30.187],[-51.225,-30.002],[-51.304,-30.005],[-51.298,-30.302],[-51.095,-30.372],[-51.269,-30.481],[-51.297,-30.819],[-51.32,-30.649],[-51.388,-30.653],[-51.37,-30.874],[-51.505,-30.937],[-51.44,-31.088],[-51.621,-31.142],[-51.622,-31.27],[-51.757,-31.233],[-51.93,-31.318],[-52.033,-31.695],[-52.038,-31.559],[-52.114,-31.555],[-52.071,-31.678],[-52.274,-31.778],[-52.235,-31.892],[-52.109,-31.947],[-52.217,-31.961],[-52.256,-32.053],[-52.083,-32.03],[-52.158,-32.097],[-52.087,-32.063],[-52.101,-32.162],[-52.306,-32.357],[-52.595,-33.059],[-52.797,-33.303],[-53.447,-33.807],[-53.552,-34.068],[-53.78,-34.282],[-53.775,-34.405],[-54.08,-34.551],[-54.151,-34.67],[-54.9,-34.891],[-54.953,-34.976],[-55.071,-34.88],[-55.264,-34.906],[-55.402,-34.775],[-55.707,-34.746],[-56.162,-34.935],[-56.425,-34.833],[-56.341,-34.782],[-56.365,-34.704],[-56.425,-34.691],[-56.352,-34.782],[-56.814,-34.691],[-57.153,-34.454],[-57.856,-34.477],[-57.971,-34.271],[-58.21,-34.166],[-58.43,-33.919],[-58.366,-33.147],[-58.24,-33.101],[-58.443,-33.07],[-58.42,-33.312],[-58.536,-33.477],[-58.552,-33.691],[-58.463,-33.819],[-58.559,-33.84],[-58.447,-33.845],[-58.56,-33.914],[-58.407,-33.967],[-58.592,-34.033],[-58.406,-34.015],[-58.378,-34.188],[-58.465,-34.275],[-58.635,-34.268],[-58.48,-34.345],[-58.57,-34.418],[-58.363,-34.643],[-57.529,-35.016],[-57.198,-35.303],[-57.12,-35.451],[-57.373,-35.743],[-57.361,-36.023],[-57.133,-36.278],[-56.928,-36.37],[-56.741,-36.36],[-56.783,-36.292],[-56.698,-36.415],[-56.669,-36.888],[-57.131,-37.5],[-57.434,-37.697],[-57.548,-38.104],[-57.857,-38.3],[-59.014,-38.683],[-60.845,-38.986],[-61.803,-38.995],[-62.341,-38.77],[-62.295,-38.795],[-62.402,-38.837],[-62.302,-38.993],[-62.346,-39.164],[-62.239,-39.252],[-62.328,-39.262],[-62.006,-39.383],[-62.314,-39.298],[-62.036,-39.453],[-62.156,-39.728],[-62.099,-39.688],[-62.11,-39.85],[-62.321,-39.868],[-62.34,-40.19],[-62.48,-40.302],[-62.428,-40.459],[-62.263,-40.559],[-62.266,-40.649],[-62.197,-40.638],[-62.308,-40.874],[-62.63,-40.999],[-62.752,-41.038],[-62.815,-40.972],[-62.835,-41.058],[-63.108,-41.159],[-63.79,-41.167],[-64.098,-40.979],[-64.197,-41.015],[-64.542,-40.867],[-64.872,-40.834],[-64.743,-40.813],[-64.763,-40.745],[-65.008,-40.718],[-64.905,-40.763],[-65.116,-40.837],[-65.169,-41.063],[-64.98,-41.521],[-65.013,-41.615],[-65.095,-41.573],[-65.015,-41.628],[-65.088,-41.933],[-65.047,-42.056],[-64.872,-42.186],[-64.458,-42.238],[-64.616,-42.407],[-64.471,-42.441],[-64.118,-42.43],[-64.04,-42.353],[-64.073,-42.26],[-64.374,-42.238],[-63.765,-42.075],[-63.603,-42.315],[-63.605,-42.506],[-63.673,-42.293],[-63.585,-42.617],[-63.626,-42.761],[-64.145,-42.875],[-64.252,-42.768],[-64.205,-42.63],[-64.562,-42.492],[-64.979,-42.653],[-65.012,-42.785],[-64.306,-42.978],[-65.063,-43.305],[-65.048,-43.399],[-65.332,-43.663],[-65.297,-43.935],[-65.188,-44.037],[-65.31,-44.2],[-65.215,-44.37],[-65.333,-44.458],[-65.28,-44.52],[-65.645,-44.675],[-65.729,-44.813],[-65.521,-44.932],[-65.688,-45.063],[-66.19,-44.985],[-66.516,-45.098],[-66.475,-45.167],[-66.599,-45.144],[-66.523,-45.228],[-66.949,-45.267],[-67.348,-45.63],[-67.367,-45.788],[-67.627,-46.053],[-67.598,-46.301],[-67.432,-46.561],[-67.129,-46.706],[-66.794,-46.999],[-65.979,-47.072],[-65.74,-47.203],[-65.743,-47.509],[-65.85,-47.746],[-66.095,-47.791],[-65.901,-47.764],[-65.765,-47.917],[-65.945,-47.955],[-66.009,-48.057],[-65.918,-48.112],[-66.122,-48.125],[-66.354,-48.361],[-67.047,-48.638],[-67.218,-48.842],[-67.573,-49.043],[-67.604,-49.187],[-67.826,-49.385],[-67.698,-49.378],[-67.661,-49.257],[-67.596,-49.298],[-67.718,-49.767],[-67.918,-50.009],[-68.343,-50.126],[-68.727,-49.757],[-68.569,-49.942],[-68.807,-49.967],[-68.575,-49.97],[-68.361,-50.167],[-69.048,-50.451],[-69.167,-50.763],[-69.141,-50.908],[-69.429,-51.092],[-69.164,-50.987],[-68.954,-51.57],[-69.586,-51.608],[-69.32,-51.582],[-69.163,-51.65],[-69.292,-51.698],[-68.968,-51.626],[-68.352,-52.341],[-68.433,-52.391],[-69.217,-52.203],[-69.463,-52.272],[-69.483,-52.405],[-69.658,-52.545],[-69.845,-52.497],[-70.202,-52.661],[-70.883,-52.739],[-70.732,-52.788],[-70.901,-52.928],[-70.772,-52.947],[-70.989,-53.394],[-70.916,-53.636],[-70.984,-53.8],[-71.283,-53.9],[-71.852,-53.75],[-71.923,-53.703],[-71.875,-53.678],[-72.107,-53.681],[-72.484,-53.395],[-72.292,-53.259],[-72.102,-53.255],[-72.099,-53.391],[-72.269,-53.421],[-72.185,-53.445],[-72.008,-53.383],[-72.022,-53.242],[-71.855,-53.231],[-71.766,-53.45],[-72.126,-53.565],[-71.967,-53.579],[-71.749,-53.468],[-71.739,-53.217],[-71.349,-53.128],[-71.114,-52.884],[-71.169,-52.815],[-71.374,-52.813],[-71.545,-52.569],[-72.313,-52.525],[-72.427,-52.68],[-72.561,-52.618],[-72.405,-52.508],[-72.565,-52.602],[-72.613,-52.535],[-72.927,-52.556],[-72.828,-52.616],[-72.964,-52.602],[-72.853,-52.624],[-72.941,-52.753],[-72.833,-52.63],[-72.681,-52.706],[-73.027,-52.869],[-72.926,-52.925],[-72.978,-53.082],[-73.128,-53.108],[-73.172,-53.028],[-73.146,-53.11],[-73.238,-53.115],[-73.441,-53.031],[-73.362,-53]]]}},{"type":"Feature","properties":{},"geometry":{"type":"Polygon","coordinates":[[[146.276,-39.001],[146.161,-38.801],[146.178,-38.863],[146.041,-38.815],[145.924,-38.91],[145.732,-38.648],[145.845,-38.699],[145.824,-38.647],[145.608,-38.686],[145.372,-38.54],[145.417,-38.408],[145.545,-38.383],[145.488,-38.235],[145.258,-38.22],[145.195,-38.303],[145.233,-38.414],[144.938,-38.5],[144.658,-38.311],[144.929,-38.35],[145.116,-38.148],[144.928,-37.843],[144.366,-38.109],[144.482,-38.168],[144.697,-38.123],[144.663,-38.279],[144.496,-38.265],[144.042,-38.478],[143.557,-38.859],[142.376,-38.352],[142.147,-38.394],[141.737,-38.257],[141.543,-38.435],[141.374,-38.389],[141.356,-38.272],[141.002,-38.053],[140.582,-38.033],[140.378,-37.901],[140.332,-37.691],[140.367,-37.87],[139.74,-37.183],[139.794,-37.117],[139.67,-36.96],[139.845,-36.841],[139.865,-36.703],[139.612,-36.157],[139.304,-35.826],[138.893,-35.564],[139.358,-35.853],[139.722,-36.289],[139.518,-35.961],[138.891,-35.534],[138.713,-35.516],[138.526,-35.645],[138.098,-35.627],[138.445,-35.351],[138.52,-35.03],[138.484,-34.78],[138.499,-34.848],[138.568,-34.827],[138.268,-34.48],[138.094,-34.135],[137.887,-34.516],[137.868,-34.782],[137.71,-35.062],[137.763,-35.118],[137.641,-35.173],[137.431,-35.1],[137.178,-35.239],[136.852,-35.285],[137.016,-34.895],[137.453,-34.908],[137.512,-34.599],[137.485,-34.441],[137.416,-34.458],[137.504,-34.301],[137.45,-34.14],[137.525,-34.132],[137.603,-33.878],[137.978,-33.553],[137.813,-33.266],[138.049,-33.089],[137.944,-33],[137.932,-32.76],[137.754,-32.459],[137.781,-33],[137.642,-32.957],[137.455,-33.14],[137.218,-33.663],[137,-33.729],[136.936,-33.676],[136.879,-33.764],[136.958,-33.757],[136.596,-33.902],[136.115,-34.364],[136.1,-34.541],[136.062,-34.481],[135.934,-34.534],[135.895,-34.754],[135.79,-34.812],[136.01,-34.737],[135.958,-35.008],[135.79,-34.861],[135.621,-34.945],[135.252,-34.551],[135.113,-34.59],[135.212,-34.43],[135.223,-34.498],[135.358,-34.523],[135.302,-34.552],[135.369,-34.642],[135.519,-34.614],[135.437,-34.607],[135.405,-34.506],[135.392,-34.596],[135.348,-34.265],[135.245,-34.149],[135.274,-34.02],[134.83,-33.627],[134.847,-33.446],[134.658,-33.235],[134.708,-33.182],[134.561,-33.161],[134.631,-33.246],[134.455,-33.147],[134.368,-33.177],[134.275,-33.026],[134.328,-33.2],[134.139,-33.021],[134.19,-32.947],[134.06,-32.914],[134.138,-32.838],[134.062,-32.719],[134.221,-32.735],[134.167,-32.735],[134.203,-32.8],[134.288,-32.699],[134.182,-32.485],[133.85,-32.549],[133.865,-32.403],[133.945,-32.381],[133.607,-32.089],[133.547,-32.174],[133.472,-32.104],[133.4,-32.142],[133.486,-32.207],[133.127,-32.211],[132.742,-31.951],[132.199,-32.031],[131.758,-31.72],[131.152,-31.465],[130.792,-31.61],[130.154,-31.58],[128.994,-31.688],[128.247,-32.003],[127.221,-32.276],[126.681,-32.31],[126.199,-32.233],[125.958,-32.289],[124.807,-32.877],[124.234,-33.02],[124.112,-33.147],[123.97,-33.562],[123.527,-33.938],[123.368,-33.895],[123.157,-34.015],[123.127,-33.9],[123.013,-33.855],[122.615,-33.892],[122.569,-33.961],[122.366,-33.909],[122.283,-34.005],[122.115,-34.025],[122.003,-33.829],[121.788,-33.908],[121.376,-33.814],[120.58,-33.891],[120.424,-33.975],[119.903,-33.935],[119.455,-34.282],[119.57,-34.385],[119.41,-34.37],[119.41,-34.455],[119.284,-34.448],[119.251,-34.53],[118.856,-34.446],[118.91,-34.499],[118.762,-34.531],[118.718,-34.655],[118.435,-34.761],[118.397,-34.915],[118.173,-34.939],[118.196,-35.025],[117.964,-35.015],[117.974,-34.918],[117.85,-35.048],[118.006,-35.089],[117.953,-35.129],[117.684,-35.045],[117.614,-35.135],[117.338,-35.017],[116.914,-35.06],[116.729,-34.987],[116.624,-35.058],[116.366,-34.939],[116.521,-34.948],[116.409,-34.865],[116.366,-34.933],[115.996,-34.838],[115.704,-34.468],[115.35,-34.316],[115.162,-34.321],[115.226,-34.254],[115.128,-34.373],[115.015,-34.251],[114.974,-33.96],[115,-33.528],[115.197,-33.649],[115.356,-33.639],[115.698,-33.301],[115.6,-32.665],[115.742,-32.472],[115.68,-32.264],[115.769,-32.191],[115.732,-32.053],[115.892,-32.02],[115.883,-31.962],[115.73,-32.05],[115.68,-31.653],[115.052,-30.508],[114.949,-30.049],[114.992,-29.492],[114.867,-29.114],[114.572,-28.782],[114.606,-28.662],[114.526,-28.492],[114.17,-28.112],[114.1,-27.85],[114.175,-27.637],[113.779,-26.929],[113.153,-26.149],[113.275,-26.243],[113.301,-26.012],[113.318,-26.338],[113.388,-26.399],[113.367,-26.012],[113.495,-26.333],[113.473,-26.473],[113.542,-26.292],[113.581,-26.642],[113.626,-26.46],[113.66,-26.671],[113.838,-26.592],[113.877,-26.33],[113.576,-26.092],[113.467,-25.686],[113.467,-25.781],[113.41,-25.721],[113.509,-25.505],[113.758,-25.882],[113.722,-26.2],[113.885,-26.058],[113.871,-25.942],[113.92,-26.248],[114.073,-26.464],[114.231,-26.316],[114.19,-25.978],[114.28,-25.996],[114.277,-25.847],[114.164,-25.798],[113.816,-25.163],[113.695,-25.081],[113.613,-24.857],[113.661,-24.81],[113.396,-24.407],[113.463,-23.894],[113.776,-23.471],[113.756,-23.118],[113.822,-22.948],[113.647,-22.576],[113.929,-21.97],[114.104,-21.799],[114.185,-21.811],[114.078,-22.153],[114.106,-22.352],[114.175,-22.303],[114.11,-22.522],[114.277,-22.432],[114.33,-22.522],[114.412,-22.302],[114.472,-22.332],[114.425,-22.269],[114.522,-22.134],[114.498,-21.995],[114.542,-22.05],[114.605,-21.995],[114.646,-21.838],[114.91,-21.686],[115.49,-21.531],[115.656,-21.303],[115.833,-21.25],[115.912,-21.077],[116.175,-20.973],[116.199,-20.829],[116.287,-20.879],[116.687,-20.738],[116.637,-20.702],[116.804,-20.524],[116.863,-20.522],[116.785,-20.663],[116.829,-20.707],[117.174,-20.59],[117.18,-20.697],[117.377,-20.777],[117.632,-20.66],[117.791,-20.676],[117.874,-20.55],[117.966,-20.543],[117.936,-20.477],[118.174,-20.331],[118.193,-20.391],[118.852,-20.289],[119.092,-19.958],[119.213,-20.029],[119.173,-19.953],[119.466,-20.001],[119.556,-20.088],[119.759,-19.952],[120.226,-19.905],[121.113,-19.54],[121.506,-19.103],[121.653,-18.837],[121.618,-18.707],[121.794,-18.658],[121.73,-18.573],[121.814,-18.452],[121.947,-18.44],[122.37,-18.117],[122.375,-17.991],[122.172,-17.973],[122.239,-17.761],[122.145,-17.561],[122.173,-17.263],[122.475,-16.897],[122.602,-16.967],[122.53,-16.852],[122.574,-16.763],[122.823,-16.777],[122.737,-16.682],[122.923,-16.388],[123.035,-16.355],[123.078,-16.433],[122.984,-16.463],[122.956,-16.59],[123.136,-16.688],[123.136,-16.932],[123.272,-17.03],[123.371,-17.326],[123.575,-17.526],[123.567,-17.627],[123.57,-17.363],[123.621,-17.195],[123.687,-17.225],[123.57,-17.038],[123.664,-17.003],[123.931,-17.268],[123.791,-17.008],[123.895,-17.028],[123.823,-16.958],[123.971,-16.826],[123.927,-16.79],[123.943,-16.853],[123.79,-16.91],[123.712,-16.726],[123.505,-16.662],[123.639,-16.569],[123.512,-16.599],[123.424,-16.501],[123.663,-16.489],[123.497,-16.409],[123.721,-16.419],[123.629,-16.36],[123.723,-16.375],[123.697,-16.322],[123.547,-16.282],[123.625,-16.261],[123.558,-16.174],[123.628,-16.228],[123.583,-16.165],[123.701,-16.187],[123.702,-16.128],[123.808,-16.188],[123.727,-16.257],[123.866,-16.328],[123.871,-16.445],[123.884,-16.302],[124.015,-16.388],[123.934,-16.297],[124.019,-16.292],[123.909,-16.209],[124.121,-16.279],[124.218,-16.412],[124.333,-16.428],[124.24,-16.458],[124.39,-16.448],[124.4,-16.565],[124.484,-16.497],[124.335,-16.42],[124.386,-16.346],[124.819,-16.447],[124.976,-16.382],[124.391,-16.339],[124.441,-16.067],[124.52,-16.215],[124.575,-16.198],[124.523,-16.162],[124.643,-16.097],[124.585,-16.108],[124.604,-15.89],[124.733,-15.815],[124.654,-15.794],[124.695,-15.744],[124.625,-15.791],[124.495,-16.003],[124.36,-15.67],[124.451,-15.654],[124.4,-15.614],[124.506,-15.521],[124.473,-15.475],[124.624,-15.524],[124.643,-15.425],[124.675,-15.49],[124.745,-15.36],[124.659,-15.357],[124.675,-15.255],[124.753,-15.355],[124.845,-15.299],[125.012,-15.525],[125.076,-15.461],[125.25,-15.582],[125.065,-15.439],[125.149,-15.324],[125.085,-15.338],[125.102,-15.269],[124.919,-15.356],[124.875,-15.308],[125.045,-15.153],[124.873,-15.261],[124.893,-15.171],[124.83,-15.157],[125.026,-15.113],[125.01,-14.983],[125.073,-14.976],[125.162,-15.165],[125.278,-15.097],[125.336,-15.176],[125.49,-15.153],[125.354,-15.11],[125.47,-14.997],[125.184,-14.961],[125.33,-14.882],[125.21,-14.865],[125.138,-14.746],[125.324,-14.656],[125.248,-14.615],[125.363,-14.506],[125.343,-14.613],[125.408,-14.545],[125.444,-14.652],[125.494,-14.512],[125.601,-14.564],[125.614,-14.23],[125.734,-14.283],[125.654,-14.384],[125.64,-14.66],[125.736,-14.409],[125.742,-14.485],[125.853,-14.46],[125.831,-14.583],[125.918,-14.677],[125.92,-14.537],[126.047,-14.53],[125.979,-14.393],[126.085,-14.351],[126.051,-14.255],[126.162,-14.151],[125.99,-14.07],[125.982,-13.988],[126.007,-14.065],[126.109,-13.979],[126.009,-13.92],[126.16,-13.915],[126.109,-14.027],[126.218,-13.97],[126.142,-14.015],[126.221,-14.027],[126.147,-14.082],[126.211,-14.078],[126.23,-14.25],[126.356,-14.191],[126.292,-14.139],[126.333,-14.05],[126.536,-13.932],[126.45,-14.093],[126.515,-14.075],[126.613,-14.25],[126.642,-14.076],[126.693,-14.133],[126.755,-14.048],[126.703,-13.972],[126.924,-13.992],[126.745,-13.793],[126.882,-13.807],[126.875,-13.747],[127.051,-13.805],[127.118,-13.974],[127.189,-13.903],[127.206,-13.97],[127.265,-13.902],[127.358,-13.997],[127.322,-13.914],[127.428,-13.943],[127.455,-14.063],[127.669,-14.182],[127.958,-14.608],[127.993,-14.565],[128.227,-14.714],[128.149,-14.735],[128.202,-14.845],[128.088,-14.863],[128.144,-14.875],[128.067,-15.088],[128.094,-15.284],[128.012,-15.292],[128.093,-15.393],[128.01,-15.514],[128.117,-15.43],[128.128,-15.186],[128.372,-15.497],[128.2,-15.069],[128.29,-14.973],[128.393,-15.107],[128.369,-14.995],[128.507,-15.03],[128.406,-14.879],[128.539,-15.035],[128.497,-14.892],[128.382,-14.819],[128.559,-14.766],[128.748,-14.881],[129.028,-14.883],[129.043,-14.979],[129.093,-14.905],[129.2,-15.123],[129.126,-15.281],[129.199,-15.146],[129.214,-15.254],[129.238,-15.101],[129.341,-15.13],[129.236,-15.073],[129.291,-15.038],[129.233,-14.918],[129.338,-14.935],[129.29,-14.862],[129.437,-15.048],[129.385,-14.913],[129.479,-14.943],[129.606,-15.206],[129.58,-15.155],[129.687,-15.131],[129.627,-14.918],[129.706,-14.968],[129.645,-14.837],[129.848,-14.844],[129.837,-14.962],[129.848,-14.83],[129.943,-14.867],[129.863,-14.805],[129.997,-14.808],[129.999,-14.706],[129.758,-14.825],[129.81,-14.732],[129.722,-14.793],[129.662,-14.745],[129.72,-14.758],[129.706,-14.692],[129.625,-14.687],[129.801,-14.526],[129.527,-14.554],[129.515,-14.475],[129.454,-14.512],[129.356,-14.426],[129.365,-14.34],[129.495,-14.125],[129.526,-14.217],[129.567,-14.084],[129.63,-14.142],[129.597,-14.01],[129.741,-13.985],[129.817,-13.5],[129.896,-13.442],[130.003,-13.531],[130.236,-13.339],[130.318,-13.373],[130.116,-13.082],[130.137,-12.93],[130.345,-12.879],[130.351,-12.67],[130.405,-12.732],[130.461,-12.64],[130.622,-12.771],[130.619,-12.707],[130.732,-12.728],[130.544,-12.635],[130.627,-12.448],[130.576,-12.407],[130.748,-12.429],[130.73,-12.584],[130.778,-12.619],[130.807,-12.54],[130.869,-12.659],[130.916,-12.608],[130.965,-12.671],[130.855,-12.508],[130.99,-12.541],[130.812,-12.408],[130.893,-12.332],[131.038,-12.39],[130.994,-12.171],[131.244,-12.226],[131.288,-12.045],[131.322,-12.199],[131.462,-12.285],[131.894,-12.216],[132.066,-12.308],[132.238,-12.17],[132.27,-12.262],[132.353,-12.2],[132.427,-12.332],[132.436,-12.151],[132.55,-12.088],[132.763,-12.155],[132.617,-12.079],[132.695,-11.883],[132.579,-11.788],[132.723,-11.623],[132.548,-11.615],[132.614,-11.587],[132.544,-11.576],[132.605,-11.565],[132.524,-11.531],[132.562,-11.485],[132.497,-11.51],[132.528,-11.441],[132.065,-11.528],[131.941,-11.322],[131.756,-11.302],[131.882,-11.181],[131.958,-11.254],[131.973,-11.127],[132.113,-11.213],[132.168,-11.421],[132.234,-11.343],[132.135,-11.123],[132.283,-11.277],[132.264,-11.177],[132.342,-11.122],[132.373,-11.295],[132.449,-11.219],[132.674,-11.52],[132.839,-11.398],[132.888,-11.432],[132.913,-11.336],[133.156,-11.711],[133.342,-11.695],[133.318,-11.77],[133.403,-11.734],[133.461,-11.802],[133.535,-11.76],[133.508,-11.88],[133.793,-11.725],[133.916,-11.742],[133.822,-11.852],[133.907,-11.932],[134.032,-11.858],[134.063,-11.94],[134.129,-11.9],[134.192,-12.031],[134.151,-12.175],[134.246,-11.985],[134.491,-12.079],[134.748,-11.951],[134.841,-12.15],[135.215,-12.301],[135.16,-12.226],[135.344,-12.245],[135.221,-12.188],[135.369,-12.085],[135.518,-12.06],[135.558,-12.13],[135.913,-11.953],[135.653,-12.207],[135.777,-12.284],[136.045,-12.065],[135.93,-12.223],[135.958,-12.281],[136.062,-12.244],[135.954,-12.418],[136.015,-12.399],[136.017,-12.499],[136.299,-12.406],[136.396,-12.235],[136.167,-12.165],[136.564,-11.88],[136.458,-11.996],[136.528,-11.993],[136.647,-12.27],[136.748,-12.269],[136.673,-12.207],[136.782,-12.16],[136.978,-12.348],[136.77,-12.556],[136.79,-12.455],[136.725,-12.476],[136.76,-12.576],[136.692,-12.71],[136.602,-12.723],[136.614,-12.838],[136.545,-12.741],[136.536,-12.807],[136.462,-12.777],[136.665,-13.004],[136.447,-12.983],[136.562,-13.059],[136.462,-13.254],[136.33,-13.327],[136.387,-13.227],[136.332,-13.05],[136.179,-13.284],[136.142,-13.126],[136.043,-13.311],[136.002,-13.214],[135.91,-13.285],[135.878,-13.363],[135.972,-13.413],[135.856,-13.446],[135.877,-13.717],[136.072,-13.668],[135.906,-13.997],[135.9,-14.192],[135.696,-14.27],[135.536,-14.658],[135.34,-14.717],[135.411,-14.935],[135.56,-15.08],[135.651,-15.049],[135.657,-15.114],[136.212,-15.393],[136.319,-15.626],[136.675,-15.798],[136.677,-15.926],[136.939,-15.947],[136.914,-15.898],[137.003,-15.872],[137.41,-16.147],[137.73,-16.232],[138.132,-16.715],[138.626,-16.77],[139.037,-16.913],[139.155,-17.034],[139.22,-17.309],[139.47,-17.397],[139.598,-17.539],[140.057,-17.724],[140.609,-17.614],[140.881,-17.383],[140.955,-17.002],[141.22,-16.696],[141.425,-16.082],[141.37,-15.923],[141.459,-15.548],[141.667,-15.041],[141.52,-14.484],[141.61,-14.187],[141.461,-13.853],[141.621,-13.378],[141.739,-13.384],[141.679,-13.346],[141.733,-13.3],[141.651,-13.338],[141.692,-13.255],[141.59,-12.971],[141.815,-12.675],[141.941,-12.912],[141.902,-12.758],[141.972,-12.715],[141.82,-12.653],[141.977,-12.595],[141.814,-12.605],[141.667,-12.445],[141.686,-12.559],[141.586,-12.558],[141.71,-12.237],[141.809,-12.243],[141.732,-12.223],[141.865,-11.968],[141.902,-12.175],[141.949,-12.05],[142.018,-12.08],[142.08,-11.986],[142.011,-12.048],[141.935,-11.962],[141.976,-11.774],[142.095,-11.743],[141.996,-11.754],[142.051,-11.543],[142.116,-11.528],[142.059,-11.523],[142.164,-11.128],[142.13,-10.962],[142.323,-10.905],[142.43,-10.719],[142.534,-10.689],[142.612,-10.749],[142.441,-10.985],[142.593,-10.869],[142.653,-11.007],[142.749,-10.993],[142.864,-11.37],[142.851,-11.842],[142.973,-11.935],[143.096,-11.894],[143.239,-11.966],[143.061,-12.136],[143.08,-12.347],[143.246,-12.382],[143.24,-12.515],[143.436,-12.614],[143.358,-12.92],[143.545,-12.844],[143.503,-13.131],[143.596,-13.448],[143.527,-13.764],[143.68,-14.014],[143.773,-14.399],[144.036,-14.49],[144.19,-14.262],[144.34,-14.31],[144.515,-14.166],[144.682,-14.555],[144.904,-14.613],[145.04,-14.811],[145.228,-14.832],[145.278,-14.955],[145.348,-14.949],[145.214,-15.127],[145.266,-15.257],[145.358,-15.278],[145.22,-15.524],[145.322,-15.572],[145.349,-15.932],[145.476,-16.077],[145.488,-16.278],[145.413,-16.277],[145.402,-16.435],[145.78,-16.928],[145.958,-16.898],[145.89,-17.062],[146.073,-17.398],[146.085,-17.629],[146.149,-17.65],[146.001,-18.167],[146.203,-18.519],[146.338,-18.527],[146.26,-18.863],[146.457,-19.076],[146.773,-19.188],[146.883,-19.305],[146.963,-19.31],[147.014,-19.182],[147.117,-19.428],[147.434,-19.424],[147.416,-19.312],[147.573,-19.587],[147.528,-19.669],[147.598,-19.685],[147.491,-19.655],[147.672,-19.829],[147.8,-19.841],[147.751,-19.707],[147.819,-19.709],[147.929,-19.915],[148.08,-19.881],[148.259,-19.975],[148.23,-20.045],[148.335,-20.158],[148.453,-20.178],[148.443,-20.069],[148.56,-20.065],[148.682,-20.276],[148.773,-20.237],[148.933,-20.536],[148.797,-20.42],[148.767,-20.48],[148.677,-20.443],[148.715,-20.502],[148.633,-20.553],[148.844,-20.79],[148.789,-20.818],[148.836,-20.899],[149.047,-20.903],[149.023,-21.001],[149.232,-21.073],[149.155,-21.218],[149.187,-21.32],[149.3,-21.274],[149.296,-21.536],[149.339,-21.476],[149.443,-21.585],[149.485,-21.538],[149.433,-21.848],[149.604,-22.272],[149.505,-22.338],[149.629,-22.296],[149.66,-22.358],[149.582,-22.406],[149.71,-22.385],[149.63,-22.585],[149.813,-22.382],[150.06,-22.658],[149.913,-22.347],[150.042,-22.125],[150.181,-22.364],[150.636,-22.66],[150.565,-22.518],[150.651,-22.536],[150.53,-22.402],[150.624,-22.328],[150.663,-22.453],[150.668,-22.347],[150.757,-22.469],[150.65,-22.478],[150.693,-22.609],[150.75,-22.635],[150.778,-22.526],[150.835,-22.684],[150.8,-22.933],[150.73,-22.922],[150.831,-23.254],[150.769,-23.317],[150.873,-23.483],[150.792,-23.51],[150.932,-23.684],[151.024,-23.57],[151.446,-24.089],[151.443,-24.027],[151.563,-24.11],[151.573,-24.036],[151.678,-24.11],[151.624,-23.975],[151.731,-24.023],[151.717,-24.086],[151.77,-24.021],[151.75,-24.119],[151.875,-24.171],[151.852,-24.219],[151.887,-24.15],[152.039,-24.532],[152.201,-24.668],[152.151,-24.717],[152.202,-24.655],[152.378,-24.738],[152.371,-24.837],[152.391,-24.759],[152.468,-24.817],[152.459,-24.947],[152.633,-25.153],[152.543,-25.208],[152.909,-25.288],[152.925,-25.431],[152.776,-25.51],[152.956,-25.434],[152.86,-25.556],[152.867,-25.695],[152.985,-25.771],[152.922,-25.828],[153.021,-25.831],[153.018,-25.992],[153.047,-25.809],[153.193,-25.932],[153.049,-26.39],[153.122,-26.376],[153.104,-26.645],[153.045,-26.627],[153.14,-26.681],[153.082,-26.899],[153.137,-26.81],[153.209,-27.083],[153.07,-26.911],[153.044,-26.991],[153.145,-27.075],[153.03,-27.126],[153.12,-27.212],[153.025,-27.294],[153.157,-27.363],[153.089,-27.45],[153.17,-27.401],[153.292,-27.511],[153.447,-28.107],[153.573,-28.2],[153.536,-28.532],[153.64,-28.638],[153.599,-28.86],[153.531,-28.873],[153.585,-28.877],[153.345,-29.298],[153.366,-29.423],[153.296,-29.381],[153.362,-29.531],[153.206,-30.156],[153.023,-30.489],[152.99,-30.73],[153.089,-30.91],[152.94,-31.476],[152.756,-31.845],[152.546,-32.012],[152.503,-32.183],[152.36,-32.187],[152.476,-32.236],[152.499,-32.344],[152.495,-32.194],[152.57,-32.213],[152.543,-32.444],[152.336,-32.532],[152.208,-32.704],[152.17,-32.64],[151.929,-32.655],[151.98,-32.707],[151.914,-32.751],[152.044,-32.737],[151.956,-32.781],[152.065,-32.701],[152.189,-32.713],[152.172,-32.765],[151.788,-32.92],[151.812,-32.831],[151.738,-32.848],[151.8,-32.921],[151.661,-33.087],[151.615,-32.965],[151.617,-33.083],[151.514,-33.082],[151.57,-33.178],[151.668,-33.09],[151.575,-33.29],[151.448,-33.306],[151.511,-33.349],[151.451,-33.489],[151.351,-33.546],[151.341,-33.428],[151.313,-33.555],[151.201,-33.511],[151.253,-33.578],[151.168,-33.642],[151.288,-33.57],[151.28,-33.653],[151.329,-33.576],[151.35,-33.622],[151.308,-33.824],[151.21,-33.772],[151.255,-33.853],[151.15,-33.836],[151.29,-33.834],[151.275,-33.97],[151.061,-33.989],[151.231,-34.032],[151.066,-34.066],[151.174,-34.092],[150.937,-34.309],[150.924,-34.497],[150.815,-34.506],[150.905,-34.597],[150.825,-34.78],[150.603,-34.866],[150.718,-34.88],[150.708,-34.938],[150.774,-34.9],[150.843,-35.067],[150.775,-35.082],[150.786,-34.994],[150.664,-35.022],[150.76,-35.172],[150.532,-35.225],[150.281,-35.722],[150.153,-35.701],[150.24,-35.806],[150.098,-35.91],[150.165,-35.909],[150.085,-36.068],[150.139,-36.308],[149.926,-36.781],[149.94,-36.904],[149.879,-36.893],[149.95,-37.018],[149.879,-37.102],[150.004,-37.142],[150.053,-37.262],[149.945,-37.28],[149.98,-37.505],[149.769,-37.564],[149.813,-37.489],[149.707,-37.5],[149.769,-37.576],[149.488,-37.779],[148.134,-37.81],[147.857,-37.9],[147.657,-37.85],[147.746,-37.859],[147.712,-37.936],[147.454,-38.08],[147.972,-37.893],[147.538,-38.109],[146.884,-38.64],[146.23,-38.697],[146.187,-38.746],[146.296,-38.906],[146.48,-38.8],[146.428,-39.133],[146.276,-39.001]]]}},{"type":"Feature","properties":{},"geometry":{"type":"Polygon","coordinates":[[[-44.699,59.995],[-44.806,59.975],[-44.882,60.129],[-44.928,60.059],[-45.116,60.055],[-45.003,60.074],[-45.03,60.144],[-44.769,60.162],[-44.834,60.181],[-44.765,60.245],[-44.542,60.243],[-44.743,60.281],[-44.468,60.539],[-44.868,60.183],[-45.176,60.129],[-44.923,60.298],[-44.836,60.443],[-44.958,60.452],[-44.628,60.71],[-45.207,60.394],[-45.254,60.473],[-45.065,60.635],[-45.498,60.465],[-45.121,60.681],[-45.298,60.643],[-45.215,60.764],[-45.361,60.706],[-45.348,60.627],[-45.499,60.567],[-45.545,60.44],[-45.548,60.509],[-45.659,60.505],[-45.588,60.572],[-45.739,60.58],[-45.645,60.625],[-45.794,60.622],[-45.83,60.492],[-45.989,60.565],[-45.559,60.698],[-45.863,60.683],[-45.483,60.775],[-45.408,60.834],[-45.631,60.774],[-45.418,60.885],[-45.193,60.91],[-45.365,60.91],[-45.397,61],[-45.698,60.763],[-45.88,60.741],[-45.689,60.84],[-45.925,60.84],[-46.008,60.712],[-46.236,60.737],[-45.839,60.888],[-46.125,60.797],[-46.214,60.802],[-45.985,60.894],[-45.488,60.983],[-45.252,61.094],[-45.212,61.195],[-45.387,61.082],[-45.513,61.247],[-45.486,61.086],[-46.023,60.895],[-46.117,60.966],[-45.614,61.137],[-45.872,61.206],[-45.694,61.308],[-45.77,61.327],[-45.935,61.215],[-46.111,61.248],[-45.816,61.121],[-46.072,61.029],[-46.285,61.079],[-46.126,61.01],[-46.2,60.975],[-46.407,61.078],[-46.373,61.029],[-46.461,61.037],[-46.413,60.989],[-46.576,61.004],[-46.535,60.933],[-46.651,60.981],[-46.57,60.894],[-47.088,60.926],[-47.04,60.975],[-47.265,60.882],[-47.249,60.951],[-47.47,60.932],[-47.483,60.994],[-47.551,60.973],[-47.452,60.919],[-47.579,60.881],[-47.342,60.841],[-47.968,60.837],[-47.918,60.936],[-47.644,60.99],[-47.911,61.002],[-47.818,61.017],[-47.934,61.073],[-47.763,61.182],[-48.083,61.07],[-48.118,61.112],[-48.003,61.206],[-48.145,61.115],[-48.216,61.176],[-47.92,61.318],[-48.14,61.312],[-48.267,61.172],[-48.482,61.165],[-48.546,61.186],[-48.488,61.233],[-48.568,61.216],[-48.458,61.262],[-48.627,61.201],[-48.618,61.252],[-48.362,61.292],[-48.526,61.298],[-48.318,61.372],[-48.67,61.383],[-48.643,61.438],[-48.808,61.367],[-49.089,61.385],[-48.266,61.527],[-48.519,61.518],[-48.368,61.603],[-49.038,61.438],[-49.122,61.513],[-48.9,61.534],[-49.273,61.532],[-48.607,61.632],[-49.102,61.602],[-49.106,61.688],[-48.907,61.711],[-48.958,61.75],[-48.903,61.775],[-49.191,61.697],[-49.161,61.807],[-48.802,61.976],[-49.216,61.837],[-49.248,61.69],[-49.411,61.749],[-49.223,61.889],[-49.497,61.804],[-49.376,61.919],[-49.47,61.93],[-48.838,62.071],[-49.005,62.071],[-48.968,62.132],[-49.089,62.063],[-49.008,62.192],[-49.162,62.003],[-49.502,61.969],[-49.353,61.999],[-49.402,62.061],[-49.715,61.962],[-49.778,61.995],[-49.452,62.07],[-49.708,62.107],[-49.333,62.07],[-49.428,62.101],[-49.279,62.171],[-49.707,62.144],[-49.279,62.265],[-49.553,62.245],[-49.527,62.307],[-49.85,62.246],[-49.781,62.303],[-49.884,62.283],[-49.892,62.372],[-49.585,62.375],[-49.748,62.412],[-49.613,62.451],[-50.005,62.332],[-50.318,62.487],[-50.214,62.667],[-49.879,62.838],[-50.192,62.802],[-50.161,62.75],[-50.27,62.686],[-50.316,62.749],[-50.143,62.935],[-49.696,63.05],[-50.163,62.952],[-50.363,62.772],[-50.384,62.867],[-50.154,62.999],[-50.582,62.953],[-50.486,63.013],[-50.621,63.022],[-50.626,63.086],[-50.054,63.217],[-50.795,63.2],[-50.905,63.116],[-50.934,63.164],[-50.779,63.247],[-51.025,63.139],[-51.066,63.207],[-50.958,63.232],[-51.091,63.233],[-51.006,63.272],[-51.109,63.332],[-50.164,63.378],[-51.062,63.355],[-51.002,63.383],[-51.042,63.47],[-51.12,63.354],[-51.209,63.375],[-51.129,63.409],[-51.243,63.431],[-51.186,63.469],[-50.761,63.516],[-51.09,63.513],[-51.152,63.623],[-50.575,63.593],[-50.506,63.653],[-51.085,63.656],[-51.211,63.597],[-51.106,63.512],[-51.411,63.531],[-51.227,63.645],[-51.368,63.594],[-51.553,63.668],[-51.351,63.712],[-51.565,63.69],[-51.559,63.743],[-51.248,63.758],[-51.403,63.784],[-50.908,63.922],[-51.447,63.796],[-51.471,63.851],[-51.361,63.884],[-51.443,63.948],[-51.348,63.947],[-51.646,64.01],[-51.297,64.011],[-51.402,64.052],[-50.867,64.094],[-50.695,64.184],[-50.275,64.21],[-50.096,64.127],[-50.101,64.201],[-50.576,64.192],[-50.393,64.352],[-51.052,64.122],[-51.453,64.071],[-51.643,64.117],[-51.417,64.165],[-51.757,64.169],[-50.958,64.215],[-50.872,64.258],[-51.064,64.271],[-50.924,64.404],[-50.606,64.376],[-50.725,64.445],[-50.403,64.379],[-50.206,64.436],[-50.613,64.439],[-50.682,64.475],[-50.459,64.541],[-50.662,64.5],[-50.713,64.534],[-50.654,64.567],[-50.912,64.565],[-50.797,64.639],[-50.493,64.638],[-50.699,64.671],[-50.55,64.695],[-50.293,64.642],[-50.18,64.47],[-49.648,64.338],[-50.109,64.521],[-50.171,64.628],[-50.038,64.678],[-50.253,64.7],[-49.988,64.826],[-50.335,64.718],[-50.582,64.741],[-50.742,64.948],[-50.683,65.004],[-50.851,65.116],[-50.616,65.22],[-50.87,65.146],[-50.997,65.218],[-50.878,65.101],[-50.941,65.074],[-50.861,65.049],[-50.899,64.964],[-50.726,64.98],[-50.703,64.89],[-50.784,64.852],[-50.641,64.823],[-50.734,64.769],[-50.653,64.735],[-51.135,64.597],[-51.233,64.609],[-51.198,64.67],[-51.028,64.772],[-51.202,64.763],[-51.429,64.611],[-51.488,64.469],[-51.732,64.348],[-51.684,64.291],[-52.002,64.188],[-51.978,64.278],[-52.096,64.312],[-51.963,64.333],[-52.126,64.388],[-51.984,64.433],[-52.124,64.411],[-52.137,64.472],[-52.013,64.494],[-52.153,64.532],[-52.041,64.573],[-52.106,64.605],[-52.048,64.638],[-52.168,64.683],[-51.862,64.826],[-51.365,64.894],[-51.444,64.933],[-51.266,64.993],[-51.432,64.944],[-51.498,64.995],[-51.541,64.963],[-51.446,64.945],[-51.693,64.868],[-51.678,64.947],[-51.561,64.978],[-51.717,65.015],[-51.703,64.948],[-51.831,64.902],[-51.707,64.862],[-52.092,64.782],[-51.873,64.89],[-52.05,64.92],[-52.039,64.857],[-52.21,64.797],[-52.106,64.861],[-52.231,64.907],[-52,64.984],[-52.278,65.08],[-51.974,65.179],[-52.221,65.157],[-51.971,65.312],[-52.288,65.187],[-52.156,65.277],[-52.322,65.268],[-52.342,65.335],[-52.344,65.259],[-52.502,65.18],[-52.416,65.258],[-52.576,65.309],[-51.703,65.571],[-51.911,65.623],[-51.625,65.71],[-50.538,65.711],[-50.733,65.677],[-50.831,65.71],[-50.678,65.753],[-51.235,65.815],[-51.813,65.68],[-51.949,65.627],[-51.898,65.541],[-52.49,65.378],[-52.541,65.425],[-52.373,65.565],[-52.555,65.439],[-52.626,65.493],[-52.452,65.668],[-52.685,65.483],[-52.801,65.54],[-52.717,65.542],[-52.816,65.589],[-52.538,65.674],[-52.782,65.617],[-52.641,65.701],[-52.692,65.815],[-52.827,65.66],[-53.236,65.676],[-52.915,65.812],[-53.204,65.753],[-52.682,65.94],[-52.302,65.827],[-52.204,65.958],[-51.967,66.01],[-51.725,65.917],[-51.858,66.018],[-51.758,66.073],[-52.178,65.998],[-52.307,65.888],[-52.538,65.905],[-52.611,65.957],[-52.496,65.993],[-52.563,66.023],[-53.183,65.839],[-53.238,65.885],[-53.146,65.879],[-53.278,65.905],[-52.881,66.022],[-53.245,65.921],[-53.491,65.955],[-53.353,66.017],[-53.481,66.029],[-52.593,66.363],[-51.935,66.489],[-52.051,66.514],[-51.919,66.627],[-51.422,66.71],[-51.533,66.747],[-51.277,66.843],[-50.347,66.84],[-50.985,66.902],[-50.692,67.008],[-50.962,66.969],[-51.983,66.655],[-52.148,66.507],[-53.015,66.185],[-53.683,66.108],[-53.449,66.149],[-53.671,66.119],[-53.562,66.232],[-53.077,66.29],[-53.623,66.239],[-53.696,66.347],[-53.595,66.52],[-52.418,66.523],[-52.793,66.582],[-53.26,66.543],[-53.493,66.645],[-52.603,66.71],[-53.15,66.713],[-52.659,66.802],[-53.115,66.756],[-53.058,66.852],[-52.233,66.841],[-52.496,66.885],[-52.277,66.898],[-52.504,66.907],[-52.403,66.989],[-52.803,66.89],[-53.668,66.92],[-53.788,67.006],[-53.204,66.996],[-53.783,67.015],[-53.81,67.069],[-53.334,67.116],[-53.923,67.067],[-53.883,67.156],[-52.157,67.382],[-51.453,67.338],[-52.135,67.405],[-53.13,67.277],[-53.225,67.281],[-53.152,67.342],[-53.815,67.185],[-53.756,67.212],[-53.901,67.265],[-53.817,67.292],[-53.883,67.303],[-53.808,67.407],[-53.097,67.585],[-53.281,67.577],[-52.896,67.685],[-53.123,67.639],[-52.988,67.732],[-52.722,67.69],[-52.554,67.732],[-52.875,67.74],[-52.478,67.775],[-51.803,67.622],[-51.355,67.684],[-50.768,67.56],[-51.028,67.629],[-50.892,67.669],[-51.314,67.738],[-50.993,67.718],[-50.256,67.851],[-50.777,67.896],[-50.947,67.841],[-50.623,67.839],[-51.188,67.748],[-51.408,67.868],[-50.985,67.871],[-51.04,67.982],[-51.528,67.935],[-51.304,67.798],[-51.72,67.685],[-52.376,67.815],[-51.582,67.931],[-51.61,67.977],[-53.007,67.755],[-53.688,67.48],[-53.793,67.578],[-53.562,67.676],[-53.619,67.671],[-53.575,67.751],[-53.736,67.794],[-53.497,67.847],[-53.392,67.813],[-53.463,67.78],[-53.28,67.797],[-53.483,67.884],[-53.305,67.88],[-53.32,67.826],[-53.069,67.868],[-53.28,67.866],[-53.354,67.904],[-53.201,67.923],[-53.287,67.955],[-52.918,67.968],[-53.262,67.972],[-53.139,68.047],[-52.583,67.93],[-52.068,67.954],[-52.81,67.984],[-53.186,68.102],[-53.08,68.167],[-53.504,68.144],[-53.333,68.189],[-52.398,68.048],[-52.858,68.175],[-52.582,68.193],[-51.992,68.04],[-51.175,68.059],[-50.628,67.896],[-50.331,67.921],[-51.072,68.074],[-50.945,68.124],[-51.147,68.094],[-51.07,68.148],[-51.441,68.187],[-50.942,68.164],[-51.418,68.245],[-51.183,68.278],[-51.094,68.367],[-51.199,68.398],[-50.802,68.504],[-51.648,68.407],[-51.342,68.367],[-51.242,68.276],[-52.467,68.169],[-52.503,68.22],[-52.389,68.237],[-52.584,68.264],[-52.47,68.31],[-52.942,68.229],[-52.547,68.356],[-53.472,68.31],[-52.73,68.36],[-52.804,68.43],[-52.392,68.514],[-52.662,68.522],[-51.986,68.583],[-52.437,68.567],[-52.25,68.648],[-51.827,68.636],[-51.984,68.587],[-51.847,68.572],[-52.013,68.554],[-51.853,68.501],[-51.037,68.575],[-51.057,68.7],[-50.679,68.572],[-50.66,68.506],[-50.582,68.553],[-50.659,68.593],[-50.855,68.604],[-50.686,68.638],[-50.888,68.63],[-50.827,68.664],[-51.003,68.719],[-50.687,68.826],[-51.308,68.739],[-50.981,68.928],[-51.219,68.883],[-51.104,68.959],[-51.154,69.047],[-51.094,69.048],[-51.104,69.136],[-50.747,69.135],[-51.007,69.032],[-50.67,69.072],[-50.372,68.895],[-50.289,68.932],[-50.497,68.963],[-50.473,69.021],[-50.263,69.051],[-50.314,68.975],[-50.077,68.974],[-50.233,68.994],[-50.146,69.024],[-50.238,69.084],[-50.713,69.105],[-49.983,69.162],[-50.168,69.263],[-50.502,69.193],[-50.436,69.246],[-50.491,69.297],[-50.358,69.332],[-50.42,69.351],[-50.697,69.197],[-51.154,69.206],[-50.926,69.272],[-51.023,69.348],[-50.868,69.342],[-50.918,69.459],[-50.44,69.43],[-50.54,69.49],[-50.244,69.508],[-50.917,69.495],[-50.771,69.545],[-50.836,69.549],[-50.843,69.647],[-50.426,69.594],[-50.503,69.628],[-50.455,69.655],[-50.833,69.711],[-50.637,69.783],[-50.198,69.766],[-50.388,69.9],[-50.623,69.927],[-50.24,69.99],[-50.245,70.052],[-51.155,69.961],[-51.276,69.966],[-51.09,70.043],[-50.891,70.028],[-51.08,70.073],[-51.458,69.966],[-51.579,69.985],[-51.545,70.041],[-52.355,70.05],[-52.843,70.275],[-53.905,70.384],[-54.616,70.652],[-54.586,70.719],[-54.135,70.835],[-52.928,70.769],[-51.56,70.429],[-50.561,70.331],[-50.721,70.399],[-50.535,70.53],[-50.95,70.421],[-51.359,70.564],[-51.198,70.624],[-50.915,70.503],[-50.938,70.574],[-50.771,70.542],[-51.031,70.607],[-50.961,70.65],[-50.651,70.643],[-51.118,70.649],[-51.07,70.771],[-51.208,70.695],[-51.476,70.737],[-51.264,70.756],[-51.287,70.81],[-50.675,70.706],[-50.939,70.816],[-50.881,70.887],[-51.19,70.86],[-51.969,71.026],[-51.815,71.074],[-51.165,70.964],[-50.936,71.019],[-51.509,71.058],[-51.302,71.065],[-51.419,71.101],[-51.24,71.145],[-52.226,71.113],[-51.516,71.304],[-51.695,71.362],[-52.238,71.182],[-52.539,71.167],[-52.259,71.27],[-52.283,71.358],[-51.369,71.484],[-51.617,71.515],[-52.438,71.378],[-53.006,71.422],[-52.495,71.555],[-51.848,71.596],[-51.639,71.713],[-51.804,71.737],[-52.147,71.618],[-53.278,71.715],[-52.896,71.836],[-52.904,71.907],[-52.714,71.994],[-53.37,71.778],[-53.299,71.866],[-53.404,72.026],[-53.709,72.138],[-53.864,72.314],[-53.526,72.349],[-53.91,72.353],[-53.809,72.142],[-53.569,72.052],[-53.396,71.858],[-53.645,71.747],[-53.931,71.751],[-53.726,71.707],[-53.788,71.632],[-53.983,71.699],[-54.124,71.647],[-53.881,71.578],[-53.907,71.445],[-54.823,71.359],[-55.25,71.502],[-55.162,71.39],[-55.524,71.473],[-55.666,71.624],[-55.556,71.647],[-55.869,71.687],[-55.395,71.817],[-55.225,71.776],[-55.339,71.871],[-54.636,71.992],[-54.394,72.243],[-54.641,72.017],[-55.25,71.927],[-55.594,72.028],[-55.269,72.056],[-55.426,72.095],[-54.851,72.25],[-54.931,72.268],[-54.921,72.365],[-54.694,72.369],[-54.912,72.38],[-54.854,72.427],[-55.002,72.464],[-54.976,72.404],[-55.2,72.355],[-55.279,72.371],[-55.211,72.389],[-55.298,72.474],[-55.33,72.39],[-55.626,72.451],[-55.443,72.529],[-54.271,72.488],[-54.784,72.522],[-54.786,72.613],[-54.601,72.62],[-54.871,72.663],[-54.541,72.685],[-54.764,72.742],[-54.456,72.756],[-54.919,72.779],[-54.564,72.827],[-54.796,72.924],[-54.746,72.994],[-55.015,72.996],[-54.985,73.062],[-55.115,73.008],[-55.696,73.058],[-55.296,73.174],[-55.41,73.194],[-55.094,73.188],[-55.446,73.262],[-55.186,73.332],[-55.344,73.327],[-55.235,73.391],[-55.041,73.366],[-55.489,73.466],[-55.748,73.629],[-56.054,73.656],[-55.814,73.68],[-56.014,73.683],[-55.866,73.715],[-55.922,73.769],[-55.489,73.728],[-55.831,73.758],[-55.929,73.863],[-55.581,73.863],[-56.096,73.971],[-55.926,74.042],[-56.419,74.072],[-56.101,74.082],[-56.294,74.108],[-56.144,74.148],[-56.264,74.175],[-56.076,74.28],[-56.525,74.16],[-57.304,74.102],[-56.239,74.275],[-56.724,74.346],[-56.245,74.344],[-56.351,74.356],[-56.093,74.375],[-56.157,74.41],[-56.809,74.452],[-56.143,74.47],[-56.251,74.505],[-56.151,74.557],[-56.395,74.543],[-56.606,74.604],[-56.466,74.648],[-56.805,74.71],[-57.024,74.67],[-56.966,74.696],[-57.059,74.699],[-57.011,74.731],[-57.171,74.783],[-56.781,74.812],[-57.013,74.92],[-57.298,74.905],[-58.108,75.088],[-57.892,75.175],[-58.415,75.297],[-58.275,75.317],[-58.352,75.362],[-58.225,75.405],[-58.678,75.35],[-58.142,75.497],[-58.408,75.573],[-58.275,75.66],[-58.578,75.669],[-58.41,75.727],[-59.06,75.7],[-59.038,75.775],[-59.265,75.763],[-59.082,75.847],[-59.147,75.874],[-59.76,75.797],[-59.805,75.828],[-59.732,75.872],[-59.568,75.91],[-59.662,75.963],[-59.983,75.925],[-60.088,76.026],[-60.457,76.066],[-60.717,75.99],[-60.882,76.075],[-60.792,76.143],[-60.91,76.164],[-61.693,76.166],[-62.17,76.222],[-62.105,76.258],[-62.217,76.286],[-62.713,76.252],[-62.72,76.189],[-62.818,76.307],[-63.397,76.38],[-63.74,76.154],[-64.112,76.148],[-64.185,76.239],[-64.125,76.314],[-64.387,76.353],[-64.405,76.22],[-64.665,76.261],[-64.525,76.18],[-64.659,76.187],[-64.579,76.124],[-65.303,76.173],[-65.238,76.077],[-65.42,76.02],[-65.875,76.098],[-65.668,76.187],[-65.735,76.212],[-65.515,76.235],[-65.703,76.272],[-66.175,76.278],[-66.407,76.084],[-66.857,76.265],[-67.11,76.25],[-67.058,76.204],[-67.282,76.158],[-66.998,76.133],[-67.052,76.071],[-66.473,75.91],[-68.527,76.09],[-68.602,76.118],[-68.435,76.154],[-68.8,76.157],[-68.722,76.187],[-68.902,76.246],[-69.612,76.418],[-68.717,76.586],[-67.98,76.585],[-68.028,76.656],[-67.918,76.685],[-68.737,76.66],[-69.884,76.747],[-70.045,76.821],[-69.519,76.994],[-69.69,77.02],[-70.227,76.822],[-70.59,76.793],[-70.958,76.89],[-70.632,76.937],[-71.073,76.934],[-71.382,77.003],[-71.362,77.064],[-70.678,77.146],[-70.933,77.192],[-70.19,77.244],[-66.357,77.11],[-66.452,77.152],[-66.153,77.199],[-66.87,77.147],[-69.115,77.276],[-67.373,77.39],[-66.16,77.253],[-66.642,77.422],[-66.035,77.453],[-66.092,77.488],[-66.015,77.5],[-66.205,77.55],[-66.102,77.565],[-66.278,77.577],[-66.175,77.604],[-66.667,77.709],[-67.72,77.513],[-68.337,77.506],[-68.388,77.589],[-68.687,77.671],[-68.825,77.653],[-68.562,77.514],[-69.117,77.461],[-70.034,77.541],[-70.285,77.573],[-69.453,77.692],[-69.43,77.759],[-70.627,77.688],[-69.865,77.841],[-70.313,77.867],[-71.237,77.77],[-71.412,77.804],[-71.173,77.885],[-71.92,77.897],[-72.375,78.017],[-72.313,78.069],[-73.062,78.177],[-72.712,78.2],[-72.835,78.253],[-72.582,78.306],[-72.835,78.354],[-72.499,78.411],[-72.555,78.464],[-72.383,78.53],[-70.98,78.603],[-71.012,78.689],[-70.167,78.822],[-69.583,78.815],[-69.397,78.909],[-68.964,78.84],[-69.442,78.945],[-68.767,79.075],[-67.9,79.058],[-67.945,79.094],[-67.877,79.116],[-67.32,79.165],[-67.065,79.156],[-67.083,79.095],[-66.89,79.151],[-66.009,79.117],[-66.125,79.144],[-66.025,79.189],[-64.778,79.536],[-64.742,79.654],[-65.202,79.732],[-64.975,79.779],[-65.088,79.852],[-64.055,79.889],[-65.073,80.017],[-63.848,80.148],[-64.173,80.166],[-64.183,80.262],[-64.29,80.29],[-64.238,80.228],[-64.313,80.153],[-64.515,80.095],[-65.275,80.117],[-65.81,80.01],[-66.42,80.104],[-67.01,80.054],[-67.118,80.122],[-67.058,80.138],[-67.468,80.182],[-67.373,80.222],[-67.468,80.348],[-66.748,80.459],[-66.613,80.515],[-66.783,80.54],[-66.058,80.675],[-65.603,80.658],[-65.833,80.704],[-65.302,80.76],[-65.138,80.823],[-65.208,80.871],[-65.153,80.904],[-64.918,80.923],[-64.957,80.975],[-64.08,81.117],[-63.883,81.101],[-63.623,80.924],[-63.108,80.739],[-63.593,80.962],[-63.788,81.134],[-63.47,81.204],[-62.74,81.176],[-61.787,80.997],[-61.718,81.023],[-61.813,81.084],[-61.338,81.132],[-61.868,81.346],[-61.328,81.51],[-61.898,81.677],[-61.957,81.737],[-61.833,81.786],[-60.705,81.913],[-59.755,81.856],[-59.513,81.822],[-59.413,81.74],[-59.463,81.689],[-59.348,81.657],[-58.385,81.574],[-57.978,81.428],[-57.217,81.334],[-58.953,81.709],[-59.313,81.869],[-60.307,81.984],[-57.317,82.208],[-57.07,82.134],[-56.842,82.229],[-56.011,82.217],[-56.331,82.256],[-55.195,82.33],[-54.875,82.281],[-54.443,82.073],[-54.453,81.788],[-54.831,81.656],[-54.805,81.605],[-53.966,81.759],[-53.84,81.811],[-53.89,81.961],[-53.031,81.983],[-51.954,81.907],[-50.35,81.604],[-50.166,81.628],[-51.706,81.944],[-50.472,81.862],[-50.029,81.922],[-51.331,82.178],[-51.563,82.39],[-51.77,82.443],[-51.732,82.515],[-50.839,82.523],[-50.02,82.493],[-49.35,82.333],[-48.57,82.264],[-48.312,82.205],[-48.359,82.169],[-47.239,82.114],[-46.804,82.027],[-46.74,81.976],[-46.815,81.954],[-45.308,81.756],[-45.398,81.772],[-45.095,81.857],[-45.535,81.945],[-45.261,81.976],[-45.792,82.043],[-45.253,82.11],[-45.716,82.194],[-45.619,82.259],[-45.112,82.318],[-43.267,82.233],[-44.755,82.34],[-44.698,82.412],[-46.545,82.779],[-43.066,82.762],[-43.146,82.714],[-42.857,82.64],[-42.947,82.563],[-42.726,82.479],[-42.617,82.483],[-42.703,82.589],[-42.626,82.648],[-42.941,82.729],[-42.765,82.754],[-41.277,82.565],[-41.018,82.369],[-40.846,82.407],[-40.958,82.458],[-40.843,82.507],[-41.1,82.57],[-40.965,82.663],[-41.177,82.722],[-43.031,82.856],[-45.505,82.853],[-45.908,82.928],[-44.339,82.921],[-45.864,83.014],[-46.49,83.129],[-46.081,83.166],[-45.628,83.097],[-45.731,83.16],[-45.361,83.168],[-43.878,83.092],[-44.972,83.207],[-43.949,83.18],[-44.373,83.232],[-44.27,83.275],[-42.804,83.194],[-43.034,83.076],[-42.711,83.141],[-41.665,82.976],[-40.56,82.965],[-40.128,82.901],[-39.736,82.742],[-39.561,82.832],[-39.822,82.829],[-39.89,82.908],[-40.25,82.974],[-40.154,83.02],[-38.24,82.996],[-39.901,83.052],[-38.072,83.162],[-40.057,83.258],[-39.865,83.294],[-39.963,83.351],[-39.882,83.402],[-40.101,83.457],[-39.045,83.35],[-38.927,83.386],[-39.185,83.464],[-39.025,83.478],[-39.14,83.509],[-38.861,83.53],[-37.574,83.377],[-37.776,83.423],[-37.703,83.478],[-38.154,83.517],[-37.548,83.571],[-36.481,83.547],[-35.937,83.619],[-35.717,83.556],[-35.649,83.61],[-35.154,83.468],[-35.092,83.513],[-35.362,83.579],[-34.781,83.627],[-31.735,83.608],[-30.377,83.484],[-29.723,83.51],[-30.193,83.477],[-29.812,83.416],[-29.053,83.489],[-26.8,83.342],[-26.671,83.308],[-26.856,83.307],[-26.644,83.293],[-26.949,83.236],[-28.253,83.146],[-31.74,83.181],[-33.42,83.062],[-34.839,83.166],[-33.889,83.051],[-36.814,82.928],[-36.523,82.903],[-36.731,82.862],[-36.682,82.831],[-36.881,82.712],[-36.654,82.753],[-36.57,82.865],[-36.148,82.926],[-35.117,82.885],[-35.363,82.764],[-35.187,82.709],[-35.305,82.767],[-35.029,82.838],[-35.09,82.915],[-34.908,82.957],[-33.347,82.997],[-33.082,82.928],[-33.017,83],[-31.559,83.129],[-29.435,83.05],[-26.25,83.169],[-25.913,83.164],[-25.766,83.111],[-25.922,83.078],[-25.646,83.015],[-26.572,82.865],[-26.194,82.84],[-26.94,82.773],[-24.861,82.916],[-24.684,82.904],[-24.879,82.866],[-24.667,82.815],[-24.822,82.758],[-24.416,82.844],[-24.541,82.859],[-24.214,82.859],[-21.925,82.629],[-21.937,82.561],[-22.995,82.438],[-22.859,82.401],[-23.218,82.324],[-25.774,82.168],[-31.34,82.114],[-32.801,82.186],[-31.429,82.08],[-34.273,81.811],[-34.134,81.75],[-34.196,81.692],[-34.103,81.652],[-33.597,81.668],[-32.793,81.824],[-31.034,81.93],[-30.879,81.855],[-30.666,81.942],[-29.63,82.005],[-26.157,81.986],[-26.18,81.917],[-26.043,81.817],[-26.186,81.751],[-28.474,81.485],[-27.811,81.399],[-25.589,81.683],[-24.753,81.711],[-24.761,81.831],[-24.853,81.854],[-24.76,82],[-22.936,82.071],[-22.515,81.88],[-22.452,81.688],[-22.556,81.514],[-22.9,81.326],[-23.594,81.258],[-23.164,81.27],[-24.265,80.878],[-24.065,80.81],[-24.616,80.687],[-24.273,80.695],[-24.781,80.533],[-23.89,80.717],[-24.017,80.751],[-23.73,80.832],[-23.834,80.888],[-23.056,81],[-21.072,81.59],[-20.21,81.673],[-20.574,81.61],[-20.404,81.515],[-20.566,81.447],[-20.478,81.419],[-19.694,81.56],[-18.398,81.435],[-18.171,81.466],[-18.36,81.574],[-17.734,81.598],[-18.135,81.633],[-17.952,81.679],[-17.972,81.727],[-17.364,81.695],[-17.629,81.734],[-17.561,81.788],[-17.699,81.849],[-17,81.85],[-16.775,81.93],[-15.19,81.931],[-12.873,81.745],[-12.142,81.594],[-13.228,81.319],[-13.743,81.268],[-13.703,81.23],[-14.048,81.137],[-15.033,81.131],[-15.183,81.088],[-14.673,80.916],[-15.885,80.835],[-16.04,80.725],[-17.66,80.742],[-17.92,80.835],[-18.112,80.801],[-18.038,80.714],[-18.615,80.625],[-20.08,80.695],[-20.54,80.595],[-21.278,80.57],[-20.755,80.56],[-20.83,80.494],[-19.92,80.661],[-18.6,80.544],[-17.3,80.631],[-16.108,80.517],[-16.61,80.372],[-16.812,80.414],[-16.608,80.347],[-17.115,80.249],[-18.46,80.216],[-19.83,80.295],[-20.222,80.152],[-20.628,80.113],[-20.343,80.096],[-20.578,80.045],[-20.478,79.991],[-20.808,79.862],[-20.445,79.863],[-20.355,79.818],[-20.432,79.793],[-20.285,79.807],[-20.417,79.762],[-20.24,79.758],[-19.865,79.843],[-20.252,79.822],[-19.997,80.005],[-19.32,80.098],[-17.518,80.085],[-18.217,79.75],[-19.29,79.781],[-19.675,79.661],[-19.585,79.637],[-19.618,79.554],[-19.829,79.453],[-19.682,79.419],[-19.675,79.336],[-19.882,79.149],[-19.603,79.33],[-19.048,79.293],[-19.252,79.252],[-19.122,79.186],[-19.327,79.159],[-19.268,79.217],[-19.318,79.268],[-19.185,79.278],[-19.374,79.28],[-19.592,79.202],[-19.602,79.127],[-20.148,79.068],[-19.912,78.947],[-20.07,78.87],[-20.697,78.9],[-20.805,78.863],[-20.707,78.835],[-21.225,78.808],[-21.059,78.802],[-21.185,78.756],[-21.062,78.739],[-21.222,78.701],[-20.925,78.69],[-21.437,78.66],[-21.369,78.608],[-20.912,78.627],[-21.178,78.548],[-21.118,78.52],[-21.165,78.463],[-21.405,78.307],[-21.298,78.225],[-21.395,78.157],[-21.842,78.141],[-21.388,78.11],[-21.742,78.012],[-21.814,77.91],[-21.582,77.977],[-21.915,77.851],[-21.987,77.68],[-21.412,77.667],[-21.438,77.793],[-20.887,78.019],[-20.622,77.975],[-20.717,77.92],[-19.172,77.735],[-18.985,77.626],[-19.317,77.578],[-20.047,77.721],[-20.453,77.686],[-20.73,77.747],[-20.618,77.71],[-20.942,77.658],[-20.242,77.553],[-20.81,77.572],[-20.477,77.556],[-20.375,77.523],[-20.477,77.498],[-21.102,77.541],[-20.004,77.45],[-20.832,77.412],[-19.83,77.405],[-19.418,77.312],[-19.44,77.245],[-18.978,77.218],[-19.092,77.322],[-18.99,77.388],[-18.405,77.334],[-18.242,77.268],[-18.162,77.094],[-18.185,76.903],[-18.282,76.82],[-18.602,76.774],[-18.553,76.698],[-19.86,76.92],[-21.342,76.943],[-20.542,76.89],[-21.683,76.882],[-20.768,76.817],[-21.297,76.782],[-21.162,76.758],[-21.667,76.629],[-22.19,76.888],[-22.398,76.835],[-22.318,76.757],[-22.735,76.704],[-21.832,76.586],[-22.227,76.556],[-21.698,76.525],[-22.068,76.47],[-21.685,76.484],[-21.9,76.425],[-22.558,76.46],[-21.622,76.433],[-21.582,76.383],[-21.695,76.264],[-21.837,76.214],[-21.157,76.28],[-20.73,76.184],[-21.135,76.285],[-20.953,76.302],[-20.493,76.21],[-19.96,76.247],[-19.785,76.163],[-19.788,76.053],[-20.383,75.98],[-21.607,75.975],[-21.917,76.045],[-21.872,75.967],[-19.963,75.941],[-19.352,75.722],[-19.575,75.723],[-19.332,75.422],[-19.402,75.207],[-19.603,75.129],[-19.982,75.167],[-20.045,75.215],[-19.978,75.294],[-20.137,75.332],[-20.68,75.294],[-22.155,75.671],[-21.398,75.453],[-22.45,75.505],[-21.423,75.436],[-20.507,75.137],[-21.163,75.117],[-21.767,74.977],[-22.085,75.123],[-22.438,75.157],[-21.773,74.954],[-21.153,75.084],[-20.632,75.053],[-20.756,74.854],[-20.611,74.735],[-21.06,74.65],[-20.185,74.679],[-19.725,74.58],[-19.403,74.686],[-19.281,74.647],[-19.294,74.562],[-19.386,74.554],[-18.969,74.484],[-19.369,74.264],[-19.645,74.236],[-20.22,74.294],[-20.39,74.454],[-21.675,74.449],[-22.109,74.604],[-21.799,74.408],[-21.938,74.335],[-22.441,74.313],[-22.054,74.301],[-22.094,74.217],[-22.374,74.163],[-22.215,74.166],[-22.189,74.104],[-22.486,74.056],[-21.864,73.877],[-21.828,73.641],[-21.724,73.69],[-21.761,73.847],[-21.941,73.978],[-21.725,74.063],[-21.125,73.92],[-20.293,73.859],[-20.299,73.766],[-20.551,73.703],[-20.471,73.62],[-20.509,73.544],[-20.394,73.517],[-20.507,73.444],[-21.568,73.478],[-21.634,73.458],[-21.575,73.379],[-22.403,73.248],[-23.405,73.412],[-23.996,73.582],[-24.094,73.676],[-23.6,73.698],[-22.787,73.534],[-22.228,73.613],[-22.8,73.55],[-24.143,73.808],[-24.501,73.707],[-24.389,73.556],[-24.478,73.536],[-24.94,73.601],[-25.049,73.718],[-25.763,73.949],[-25.819,73.921],[-25.609,73.803],[-25.102,73.699],[-25.081,73.604],[-24.691,73.504],[-25.385,73.45],[-25.536,73.398],[-25.449,73.35],[-26,73.236],[-26.47,73.346],[-26.783,73.329],[-27.328,73.496],[-27.414,73.458],[-27.09,73.35],[-26.354,73.235],[-26.75,73.134],[-27.27,73.186],[-27.716,73.124],[-27.409,73.112],[-27.379,72.983],[-27.492,72.926],[-27.359,72.962],[-27.255,73.125],[-26.68,73.095],[-26.423,73.187],[-25.096,73.066],[-25.002,72.996],[-25.165,72.926],[-25.702,72.904],[-26.163,72.782],[-26.672,72.869],[-27.466,72.838],[-26.757,72.849],[-26.419,72.779],[-26.831,72.713],[-26.311,72.735],[-26.643,72.524],[-26.208,72.726],[-25.575,72.835],[-25.265,72.801],[-24.721,72.683],[-24.696,72.569],[-24.854,72.562],[-24.589,72.484],[-26.334,72.388],[-25.256,72.396],[-25.514,72.232],[-25.513,72.115],[-25.231,72.347],[-24.62,72.425],[-23.796,72.247],[-23.886,72.216],[-23.701,72.175],[-23.815,72.11],[-23.605,72.146],[-22.539,71.924],[-22.784,71.865],[-22.779,71.796],[-23.155,71.629],[-22.435,71.791],[-22.676,71.656],[-22.678,71.562],[-22.401,71.625],[-22.245,71.755],[-21.921,71.738],[-22.261,71.65],[-22.125,71.604],[-22.529,71.557],[-22.579,71.465],[-22.466,71.339],[-22.491,71.254],[-22.385,71.247],[-22.366,71.362],[-22.214,71.467],[-21.759,71.493],[-21.894,71.452],[-21.679,71.409],[-21.874,71.372],[-21.714,71.364],[-21.854,71.312],[-21.616,71.335],[-21.946,71.268],[-21.729,71.248],[-21.776,71.224],[-21.684,71.152],[-21.876,71.193],[-21.711,71.12],[-22.336,71.053],[-21.684,71.077],[-21.683,71.014],[-21.996,70.984],[-21.606,70.968],[-21.769,70.877],[-21.701,70.834],[-21.959,70.814],[-21.651,70.803],[-21.801,70.742],[-21.539,70.715],[-21.791,70.723],[-21.571,70.677],[-21.786,70.591],[-21.499,70.52],[-21.953,70.406],[-21.981,70.454],[-21.906,70.469],[-22.072,70.511],[-22.424,70.465],[-22.49,70.867],[-22.656,70.724],[-22.586,70.582],[-22.626,70.449],[-23.378,70.457],[-24.064,70.669],[-24.241,70.891],[-24.199,71.024],[-24.704,71.273],[-24.644,71.348],[-25.12,71.295],[-25.622,71.535],[-26.29,71.57],[-26.425,71.643],[-26.49,71.568],[-26.84,71.555],[-27.903,71.993],[-28.509,71.974],[-27.85,71.891],[-28.041,71.868],[-27.346,71.706],[-27.405,71.635],[-28.46,71.545],[-27.59,71.611],[-27.161,71.573],[-27.346,71.523],[-27.24,71.477],[-27.048,71.531],[-25.898,71.494],[-25.484,71.37],[-25.434,71.275],[-25.54,71.213],[-25.788,71.262],[-25.594,71.188],[-25.665,71.149],[-26.803,70.938],[-27.533,70.94],[-27.804,71.152],[-27.937,71.155],[-27.626,70.945],[-28.396,70.988],[-27.914,70.879],[-28.046,70.713],[-28.366,70.622],[-28.256,70.592],[-28.437,70.532],[-29.202,70.475],[-29.221,70.397],[-28.323,70.509],[-28.361,70.431],[-28.25,70.365],[-26.775,70.483],[-26.339,70.387],[-26.667,70.301],[-26.995,70.322],[-27.903,70.097],[-28.596,70.106],[-28.555,70.045],[-27.525,70.059],[-27.536,69.975],[-27.402,69.951],[-27.196,70.171],[-26.915,70.253],[-26.34,70.202],[-25.28,70.42],[-25.411,70.37],[-25.289,70.364],[-25.335,70.279],[-25.055,70.369],[-23.885,70.137],[-22.768,70.091],[-22.12,70.161],[-22.059,70.149],[-22.104,70.099],[-22.585,69.938],[-22.938,69.956],[-22.79,69.889],[-23.028,69.943],[-23.098,69.92],[-23.037,69.877],[-23.305,69.864],[-22.903,69.819],[-23.008,69.759],[-23.38,69.86],[-23.247,69.75],[-23.925,69.756],[-23.671,69.698],[-23.576,69.622],[-23.753,69.598],[-23.655,69.566],[-23.828,69.515],[-24.358,69.601],[-24.099,69.524],[-24.076,69.472],[-24.181,69.467],[-24.098,69.415],[-24.387,69.45],[-24.353,69.412],[-24.465,69.355],[-24.763,69.429],[-24.616,69.317],[-24.764,69.28],[-24.621,69.263],[-25.233,69.275],[-25.285,69.225],[-25.001,69.212],[-25.001,69.155],[-25.133,69.141],[-25.036,69.111],[-25.338,69.136],[-25.212,69.063],[-25.302,69.019],[-25.658,69.104],[-25.549,69.032],[-25.686,68.998],[-25.456,68.968],[-25.727,68.96],[-25.609,68.886],[-25.858,68.887],[-25.801,68.85],[-25.965,68.785],[-26.285,68.788],[-26.387,68.668],[-26.71,68.658],[-26.717,68.715],[-27.045,68.597],[-27.315,68.627],[-27.237,68.555],[-27.578,68.595],[-27.761,68.533],[-27.625,68.482],[-27.82,68.488],[-27.988,68.595],[-28.025,68.46],[-28.318,68.517],[-28.267,68.43],[-28.515,68.47],[-28.628,68.367],[-28.832,68.388],[-28.847,68.326],[-29.187,68.405],[-29.111,68.291],[-29.29,68.328],[-29.476,68.258],[-29.422,68.217],[-29.992,68.435],[-30.096,68.329],[-30.008,68.26],[-30.331,68.287],[-30.075,68.137],[-30.412,68.12],[-30.468,68.162],[-30.415,68.252],[-30.773,68.295],[-30.873,68.273],[-30.558,68.212],[-30.503,68.094],[-30.892,68.094],[-31.162,68.212],[-30.942,68.072],[-31.452,68.12],[-31.347,68.177],[-31.627,68.08],[-31.786,68.143],[-31.709,68.195],[-31.791,68.216],[-31.533,68.257],[-32.057,68.275],[-32.238,68.411],[-32.224,68.498],[-32.395,68.44],[-32.454,68.589],[-32.592,68.645],[-32.563,68.567],[-32.736,68.541],[-32.545,68.405],[-32.284,68.362],[-32.131,68.192],[-32.519,68.197],[-32.011,68.14],[-32.096,68.128],[-32.049,68.043],[-32.186,68.042],[-32.051,67.936],[-32.223,67.932],[-32.183,67.853],[-32.567,67.882],[-32.557,67.829],[-32.957,67.685],[-33.234,67.683],[-33.086,67.64],[-33.404,67.551],[-33.291,67.402],[-33.618,67.373],[-33.368,67.259],[-33.723,67.236],[-33.546,67.153],[-33.572,67.091],[-33.939,67.025],[-33.783,66.985],[-34.093,67.003],[-33.906,66.968],[-34.114,66.879],[-33.961,66.757],[-34.145,66.81],[-34.064,66.727],[-34.357,66.568],[-34.288,66.676],[-34.417,66.585],[-34.474,66.739],[-34.464,66.672],[-34.661,66.616],[-34.53,66.624],[-34.581,66.583],[-34.473,66.528],[-34.754,66.426],[-34.689,66.398],[-34.806,66.385],[-34.79,66.32],[-35.028,66.34],[-34.949,66.319],[-35.038,66.279],[-35.183,66.321],[-35.167,66.4],[-35.293,66.305],[-35.076,66.257],[-35.228,66.24],[-35.487,66.337],[-35.6,66.285],[-35.794,66.403],[-35.744,66.437],[-35.887,66.443],[-35.678,66.322],[-35.799,66.259],[-35.549,66.252],[-35.744,66.211],[-35.622,66.215],[-35.586,66.117],[-35.772,66.201],[-35.697,66.116],[-35.964,66.097],[-35.731,66.071],[-35.927,66.086],[-35.976,66.06],[-35.874,66.053],[-35.913,66.003],[-36.095,65.914],[-36.278,65.938],[-36.255,66.006],[-36.378,65.977],[-36.308,65.961],[-36.34,65.899],[-36.421,66.015],[-36.324,66.071],[-36.608,66.077],[-36.473,66.039],[-36.509,65.973],[-36.997,65.855],[-37.098,65.929],[-37.039,66.067],[-37.105,65.966],[-37.255,66.099],[-37.101,65.872],[-37.458,65.978],[-37.084,65.848],[-37.135,65.776],[-37.265,65.807],[-37.2,65.743],[-37.667,65.931],[-37.806,65.866],[-37.641,65.976],[-37.777,65.959],[-37.722,66.006],[-37.776,66.039],[-37.628,66.042],[-37.521,66.102],[-37.558,66.16],[-37.156,66.308],[-37.625,66.306],[-37.872,66.418],[-37.873,66.355],[-38.171,66.344],[-37.693,66.253],[-37.79,66.184],[-37.808,66.24],[-37.948,66.213],[-37.833,66.161],[-37.957,66.08],[-38.126,66.082],[-37.941,66.069],[-37.964,65.923],[-38.028,65.883],[-38.167,65.977],[-38.109,65.894],[-38.222,65.876],[-38.438,65.974],[-38.429,65.904],[-38.224,65.829],[-38.273,65.798],[-38.048,65.782],[-38.161,65.755],[-38.097,65.713],[-38.201,65.684],[-38.131,65.653],[-38.193,65.615],[-38.363,65.649],[-38.432,65.576],[-38.357,65.671],[-38.475,65.699],[-38.493,65.61],[-38.687,65.686],[-38.531,65.559],[-38.772,65.606],[-38.909,65.558],[-38.873,65.505],[-38.941,65.548],[-38.886,65.58],[-39,65.545],[-39.24,65.738],[-39.119,65.563],[-39.223,65.596],[-39.238,65.528],[-39.245,65.617],[-39.382,65.525],[-39.453,65.601],[-39.408,65.643],[-39.563,65.665],[-39.614,65.652],[-39.528,65.6],[-39.739,65.584],[-39.608,65.548],[-39.711,65.557],[-39.7,65.493],[-39.93,65.565],[-39.976,65.537],[-39.898,65.478],[-40.084,65.48],[-39.709,65.412],[-39.871,65.351],[-39.683,65.237],[-39.847,65.245],[-39.946,65.191],[-39.877,65.15],[-40.057,65.171],[-39.936,65.077],[-40.218,64.984],[-40.58,65.15],[-40.663,65.024],[-40.755,65.099],[-40.846,65.1],[-40.82,65.054],[-41.133,65.135],[-40.951,64.957],[-41.178,64.939],[-40.867,64.857],[-40.986,64.806],[-40.586,64.662],[-40.559,64.487],[-40.649,64.454],[-40.346,64.343],[-41.342,64.341],[-41.542,64.319],[-41.569,64.251],[-41.01,64.071],[-40.888,64.163],[-40.586,64.107],[-40.539,64.066],[-40.657,63.992],[-40.614,63.955],[-40.852,63.937],[-40.624,63.915],[-40.587,63.829],[-40.646,63.787],[-40.509,63.685],[-41,63.688],[-41.512,63.857],[-41.643,63.76],[-40.746,63.578],[-40.814,63.533],[-40.777,63.486],[-41.165,63.516],[-40.999,63.445],[-41.088,63.43],[-41.302,63.563],[-41.143,63.421],[-41.021,63.416],[-41.153,63.373],[-41.422,63.555],[-41.252,63.39],[-41.5,63.527],[-41.495,63.464],[-41.601,63.484],[-41.14,63.294],[-41.747,63.555],[-41.929,63.464],[-41.693,63.333],[-41.828,63.331],[-41.799,63.288],[-41.62,63.289],[-41.311,63.054],[-41.512,63.04],[-41.554,63.073],[-41.445,63.103],[-42.113,63.248],[-41.542,63.033],[-41.98,63.054],[-42.202,63.199],[-42.153,63.122],[-42.238,63.094],[-42.026,63.027],[-42.188,63.003],[-41.619,62.983],[-41.652,62.899],[-41.799,62.918],[-41.782,62.82],[-42.002,62.836],[-41.955,62.899],[-42.051,62.87],[-42.03,62.775],[-42.353,62.8],[-42.379,62.85],[-42.261,62.872],[-42.376,62.873],[-42.34,62.936],[-42.626,62.852],[-42.418,62.823],[-42.507,62.765],[-42.593,62.827],[-42.505,62.689],[-42.612,62.758],[-42.572,62.691],[-42.652,62.67],[-42.703,62.772],[-42.7,62.666],[-43.156,62.746],[-43.127,62.682],[-42.387,62.56],[-42.327,62.463],[-42.557,62.532],[-42.461,62.46],[-42.564,62.463],[-42.147,62.378],[-42.338,62.349],[-42.998,62.513],[-42.632,62.32],[-42.263,62.29],[-42.336,62.257],[-42.251,62.229],[-42.354,62.13],[-42.298,62.097],[-42.513,62.031],[-42.411,62.013],[-42.536,61.932],[-42.111,61.999],[-42.22,61.902],[-42.429,61.906],[-42.196,61.859],[-42.32,61.757],[-42.59,61.725],[-42.762,61.812],[-42.874,61.761],[-42.627,61.692],[-42.278,61.721],[-42.409,61.665],[-42.306,61.637],[-42.449,61.632],[-42.364,61.601],[-42.473,61.61],[-42.455,61.542],[-43.081,61.59],[-42.947,61.51],[-42.527,61.523],[-42.589,61.512],[-42.548,61.447],[-42.404,61.488],[-42.486,61.428],[-42.397,61.398],[-42.713,61.308],[-42.647,61.281],[-43.251,61.327],[-42.758,61.27],[-42.915,61.234],[-42.657,61.252],[-42.573,61.182],[-43.188,61.206],[-42.638,61.085],[-43.629,61.124],[-42.704,61.056],[-42.774,61.041],[-42.659,61.02],[-42.708,60.976],[-42.821,61.01],[-42.768,60.9],[-42.978,60.852],[-43.498,60.909],[-42.83,60.766],[-43.529,60.812],[-42.783,60.695],[-43.267,60.62],[-42.812,60.635],[-42.867,60.571],[-43.224,60.569],[-42.877,60.562],[-43.179,60.521],[-43.095,60.472],[-43.355,60.529],[-43.169,60.467],[-43.253,60.438],[-43.606,60.513],[-43.73,60.698],[-43.648,60.52],[-44.216,60.606],[-44.168,60.569],[-44.219,60.553],[-43.858,60.516],[-43.837,60.424],[-43.812,60.505],[-43.338,60.429],[-43.616,60.283],[-43.443,60.345],[-43.123,60.296],[-43.219,60.243],[-43.117,60.212],[-43.352,60.202],[-43.163,60.061],[-43.617,60.118],[-43.63,60.176],[-44.165,60.136],[-44.001,60.286],[-44.113,60.353],[-44.182,60.218],[-44.294,60.312],[-44.226,60.212],[-44.351,60.212],[-44.281,60.137],[-44.469,60.153],[-44.607,59.955],[-44.689,60.017],[-44.662,60.095],[-44.699,59.995]]]}},{"type":"Feature","properties":{},"geometry":{"type":"Polygon","coordinates":[[[150,-10.088],[150.588,-10.21],[150.613,-10.286],[150.877,-10.23],[150.623,-10.355],[150.344,-10.335],[150.343,-10.399],[150.652,-10.479],[150.695,-10.564],[150.427,-10.695],[150.202,-10.705],[149.854,-10.557],[150.087,-10.454],[149.953,-10.424],[149.914,-10.498],[149.743,-10.349],[149.479,-10.366],[149.095,-10.229],[148.964,-10.29],[148.744,-10.24],[148.798,-10.143],[148.702,-10.121],[148.65,-10.195],[148.399,-10.209],[148.171,-10.095],[148.232,-10.02],[147.992,-10.166],[147.855,-10.105],[147.89,-10.039],[147.725,-10.107],[147.29,-9.505],[147.242,-9.542],[147.127,-9.422],[147.075,-9.47],[146.99,-9.285],[146.899,-9.269],[146.892,-9.124],[146.97,-9.058],[146.884,-9.115],[146.591,-8.999],[146.546,-8.888],[146.611,-8.816],[146.346,-8.55],[146.28,-8.305],[146.09,-8.095],[145.826,-8.033],[145.757,-7.965],[145.813,-7.902],[145.417,-7.951],[145.195,-7.806],[145.185,-7.857],[145.158,-7.779],[145.173,-7.852],[145.055,-7.765],[145.06,-7.828],[144.862,-7.781],[144.89,-7.587],[144.813,-7.553],[144.79,-7.691],[144.705,-7.534],[144.753,-7.407],[144.673,-7.496],[144.608,-7.412],[144.661,-7.66],[144.577,-7.642],[144.507,-7.436],[144.537,-7.695],[144.373,-7.437],[144.506,-7.819],[144.282,-7.576],[144.259,-7.668],[144.171,-7.613],[144.256,-7.691],[144.22,-7.747],[144.112,-7.59],[144.153,-7.798],[143.908,-7.719],[143.637,-7.431],[143.929,-7.993],[143.852,-7.959],[143.867,-8.05],[143.731,-8.048],[143.391,-7.929],[143.571,-8.112],[143.463,-8.08],[143.711,-8.18],[143.694,-8.233],[142.979,-8.341],[142.666,-8.268],[142.513,-8.334],[142.35,-8.151],[142.211,-8.177],[142.361,-8.181],[142.453,-8.368],[142.758,-8.315],[143.1,-8.45],[143.403,-8.758],[143.372,-9.01],[143.018,-9.101],[142.639,-9.335],[142.213,-9.15],[142.219,-9.078],[142.082,-9.181],[141.623,-9.217],[141.342,-9.139],[141.126,-9.234],[140.625,-8.819],[140.386,-8.458],[139.958,-8.186],[140.037,-8.007],[139.941,-8.102],[139.567,-8.079],[139.391,-8.165],[139.265,-8.04],[138.955,-8.26],[138.868,-8.103],[138.969,-8.054],[138.948,-7.908],[139.049,-7.837],[139.14,-7.581],[138.972,-7.53],[138.924,-7.389],[138.671,-7.214],[139.17,-7.236],[139.244,-7.141],[139.179,-7.212],[138.854,-7.16],[138.544,-6.954],[138.921,-6.831],[138.66,-6.73],[138.663,-6.63],[138.805,-6.698],[138.395,-6.336],[138.355,-6.052],[138.244,-5.874],[138.408,-5.844],[138.41,-5.731],[138.335,-5.839],[138.154,-5.757],[138.367,-5.669],[138.054,-5.733],[138.035,-5.586],[138.126,-5.526],[138.045,-5.51],[138.05,-5.391],[138.117,-5.377],[137.996,-5.485],[137.867,-5.358],[137.997,-5.281],[137.803,-5.369],[137.847,-5.282],[137.772,-5.325],[137.79,-5.258],[137.684,-5.237],[137.708,-5.16],[137.675,-5.218],[137.547,-5.174],[137.612,-5.143],[137.547,-5.143],[137.577,-5.03],[137.497,-5.15],[137.448,-5.101],[137.513,-5.01],[137.433,-5.108],[137.419,-5.016],[137.402,-5.111],[137.356,-5.015],[137.239,-5.001],[137.262,-4.929],[137.194,-5],[137.131,-4.905],[137.109,-4.975],[137.078,-4.89],[136.973,-4.936],[136.938,-4.854],[136.822,-4.91],[136.778,-4.788],[136.735,-4.872],[136.706,-4.77],[136.6,-4.81],[135.907,-4.487],[135.198,-4.459],[134.618,-4.116],[134.725,-4.061],[134.678,-3.961],[134.862,-3.997],[134.932,-3.919],[134.652,-3.92],[134.503,-4.03],[134.314,-3.866],[134.31,-4.034],[134.113,-3.894],[134.193,-3.827],[134.138,-3.739],[133.969,-3.867],[133.835,-3.558],[133.775,-3.583],[133.812,-3.725],[133.69,-3.669],[133.618,-3.475],[133.698,-3.413],[133.689,-3.154],[133.769,-3.201],[133.836,-3.018],[133.892,-3.075],[133.808,-2.91],[133.794,-3.027],[133.646,-3.123],[133.65,-3.394],[133.536,-3.428],[133.508,-3.348],[133.516,-3.437],[133.443,-3.425],[133.596,-3.524],[133.408,-3.699],[133.4,-3.601],[133.448,-3.867],[133.356,-3.882],[133.232,-4.075],[132.896,-4.087],[132.722,-3.64],[132.88,-3.649],[132.932,-3.551],[132.809,-3.444],[132.837,-3.302],[132.658,-3.323],[132.585,-3.233],[132.628,-3.185],[132.342,-2.943],[131.978,-2.932],[132.031,-2.848],[131.974,-2.838],[132.062,-2.798],[131.947,-2.774],[132.21,-2.663],[132.422,-2.685],[132.45,-2.755],[132.565,-2.696],[132.724,-2.806],[133.04,-2.476],[133.219,-2.407],[133.38,-2.512],[133.322,-2.674],[133.4,-2.69],[133.428,-2.506],[133.452,-2.645],[133.468,-2.511],[133.525,-2.637],[133.64,-2.535],[133.667,-2.73],[133.748,-2.622],[133.695,-2.502],[133.812,-2.657],[133.819,-2.455],[133.732,-2.43],[133.892,-2.472],[133.852,-2.389],[133.998,-2.398],[133.85,-2.335],[133.968,-2.249],[133.94,-2.091],[133.637,-2.234],[133.587,-2.163],[133.527,-2.241],[133.27,-2.181],[132.699,-2.302],[132.572,-2.195],[132.308,-2.285],[132.034,-2.078],[132.105,-2.005],[132.033,-2.026],[131.92,-1.872],[132.071,-1.663],[131.901,-1.706],[131.963,-1.478],[131.967,-1.55],[131.81,-1.613],[131.793,-1.492],[131.764,-1.575],[131.697,-1.554],[131.743,-1.448],[131.662,-1.535],[131.581,-1.486],[131.648,-1.438],[131.525,-1.485],[131.555,-1.386],[131.447,-1.518],[131.357,-1.372],[131.273,-1.376],[131.335,-1.466],[131.217,-1.527],[130.93,-1.435],[131.224,-1.135],[131.299,-0.922],[131.222,-0.828],[131.834,-0.709],[132.263,-0.374],[132.713,-0.352],[133.161,-0.536],[133.408,-0.74],[133.954,-0.714],[134.14,-0.866],[134.058,-0.865],[134.014,-0.967],[134.278,-1.352],[134.208,-1.556],[134.074,-1.664],[134.175,-2.353],[134.32,-2.511],[134.458,-2.865],[134.521,-2.794],[134.458,-2.549],[134.569,-2.488],[134.528,-2.452],[134.63,-2.48],[134.683,-2.97],[134.768,-2.995],[134.851,-2.888],[134.796,-3.137],[134.858,-3.252],[134.946,-3.227],[134.972,-3.325],[135.107,-3.375],[135.468,-3.368],[135.614,-3.177],[135.766,-3.12],[135.727,-3.065],[135.944,-2.951],[135.911,-2.878],[136.02,-2.69],[136.225,-2.617],[136.391,-2.218],[136.748,-2.259],[136.944,-2.113],[137.171,-2.114],[137.258,-2.05],[137.113,-1.795],[137.271,-1.779],[137.663,-1.516],[137.924,-1.466],[137.973,-1.574],[138.668,-1.796],[138.861,-1.965],[139,-1.97],[139.752,-2.357],[140.119,-2.315],[140.335,-2.463],[140.346,-2.395],[140.619,-2.437],[140.75,-2.516],[140.715,-2.631],[141.203,-2.634],[142.537,-3.238],[143.514,-3.443],[144.018,-3.814],[144.174,-3.783],[144.085,-3.828],[144.265,-3.87],[144.274,-3.802],[144.383,-3.827],[144.28,-3.779],[144.523,-3.811],[144.578,-4.001],[144.857,-4.115],[145.03,-4.348],[145.322,-4.386],[145.805,-4.851],[145.759,-5.48],[146.46,-5.608],[146.797,-5.86],[147.081,-5.96],[147.339,-5.92],[147.625,-6.112],[147.846,-6.405],[147.857,-6.652],[147.576,-6.749],[146.95,-6.734],[146.948,-6.978],[147.039,-7.06],[147.07,-7.015],[147.176,-7.462],[147.465,-7.591],[147.713,-7.943],[148.13,-8.064],[148.222,-8.557],[148.437,-8.683],[148.603,-9.085],[148.766,-9.117],[149.251,-8.999],[149.331,-9.122],[149.18,-9.345],[149.238,-9.502],[149.456,-9.624],[150.013,-9.631],[150.054,-9.727],[149.71,-9.82],[150,-10.088]]]}},{"type":"Feature","properties":{},"geometry":{"type":"Polygon","coordinates":[[[115,-4.015],[114.595,-4.167],[114.611,-3.672],[114.506,-3.54],[114.531,-3.35],[114.459,-3.5],[114.251,-3.395],[114.3,-3.283],[114.187,-3.393],[114.099,-3.361],[114.113,-3.21],[114.042,-3.35],[113.635,-3.465],[113.58,-3.442],[113.614,-3.15],[113.366,-3.273],[113.321,-3.208],[113.344,-3.286],[113.022,-2.938],[112.93,-3.115],[113.033,-3.135],[112.636,-3.408],[112.533,-3.44],[112.258,-3.305],[111.903,-3.57],[111.783,-3.527],[111.829,-3.058],[111.702,-2.803],[111.692,-2.957],[111.541,-3.043],[111.435,-2.885],[110.977,-3.07],[110.743,-2.968],[110.673,-3.041],[110.613,-2.833],[110.259,-2.966],[110.263,-2.771],[110.148,-2.622],[110.201,-2.526],[110.263,-2.553],[110.062,-2.247],[110.13,-2.036],[109.89,-1.838],[110.032,-1.688],[110.08,-1.411],[109.905,-1.211],[109.955,-1.108],[109.758,-1.015],[109.774,-1.15],[109.431,-1.287],[109.447,-0.997],[109.64,-0.987],[109.438,-0.853],[109.399,-0.935],[109.297,-0.899],[109.245,-0.661],[109.591,-0.74],[109.453,-0.73],[109.349,-0.632],[109.476,-0.618],[109.386,-0.574],[109.261,-0.604],[109.11,-0.515],[109.095,-0.352],[109.156,-0.367],[109.05,-0.241],[109.208,-0.221],[109.168,0.033],[109.282,0.008],[109.077,0.261],[108.91,0.322],[108.929,0.622],[108.845,0.812],[108.975,0.993],[108.907,1.161],[109.148,1.248],[108.958,1.207],[109.06,1.525],[109.382,1.815],[109.293,1.787],[109.317,1.928],[109.585,1.99],[109.642,2.084],[109.68,1.861],[109.892,1.698],[110.287,1.675],[110.338,1.812],[110.373,1.697],[110.521,1.74],[110.464,1.633],[110.532,1.561],[110.725,1.555],[110.707,1.457],[110.8,1.584],[111.171,1.365],[110.989,1.587],[111.054,1.685],[111.215,1.645],[111.08,1.764],[111.154,1.811],[111.1,1.828],[111.202,2.094],[111.354,2.15],[111.163,2.158],[111.217,2.24],[111.26,2.194],[111.182,2.242],[111.198,2.379],[111.247,2.45],[111.308,2.352],[111.492,2.351],[111.39,2.491],[111.496,2.495],[111.402,2.538],[111.433,2.707],[111.645,2.853],[111.751,2.798],[111.669,2.846],[112.582,3.003],[113.035,3.168],[113.43,3.756],[113.93,4.267],[113.972,4.601],[114.438,4.664],[115.055,5.05],[115.117,5.047],[115.031,5],[115.039,4.796],[115.197,4.968],[115.376,4.906],[115.607,5.23],[115.489,5.21],[115.397,5.358],[115.34,5.301],[115.37,5.411],[115.589,5.635],[115.653,5.54],[115.864,5.581],[115.903,5.762],[116.029,5.834],[116.144,6.062],[116.084,6.11],[116.485,6.484],[116.746,7.035],[116.867,6.826],[116.745,6.591],[116.813,6.55],[116.975,6.705],[117.029,6.954],[117.151,7.008],[117.249,6.944],[117.214,6.813],[117.292,6.611],[117.477,6.497],[117.517,6.628],[117.738,6.424],[117.719,6.248],[117.572,6.215],[117.685,5.969],[117.558,5.902],[117.786,5.867],[117.763,5.94],[117.892,5.948],[118.007,6.065],[118.134,5.847],[117.898,5.798],[117.932,5.679],[118.07,5.725],[118.134,5.664],[118.156,5.807],[118.24,5.844],[118.345,5.771],[118.35,5.83],[118.558,5.701],[118.503,5.648],[118.553,5.525],[118.639,5.651],[118.803,5.518],[118.795,5.425],[118.82,5.507],[118.91,5.455],[118.885,5.38],[119.157,5.45],[119.262,5.36],[119.272,5.212],[119.157,5.102],[118.678,4.935],[118.467,4.928],[118.333,5.035],[118.124,4.883],[118.265,4.662],[118.488,4.567],[118.44,4.531],[118.495,4.459],[118.593,4.516],[118.642,4.442],[118.551,4.352],[118.338,4.363],[118.353,4.315],[117.977,4.226],[117.647,4.429],[117.582,4.387],[117.656,4.284],[117.579,4.247],[117.622,4.162],[117.523,4.104],[117.36,4.162],[117.425,4.112],[117.367,4.086],[117.478,4.082],[117.447,4.01],[117.504,4.057],[117.839,3.808],[117.768,3.648],[117.599,3.628],[117.487,3.735],[117.498,3.599],[117.014,3.597],[117.208,3.612],[117.222,3.446],[117.442,3.414],[117.518,3.285],[117.383,3.276],[117.265,3.155],[117.428,3.179],[117.448,3.085],[117.624,3.08],[117.517,2.943],[117.668,2.992],[117.542,2.913],[117.72,2.879],[117.585,2.838],[117.764,2.762],[117.81,2.611],[118.095,2.313],[118.02,2.196],[117.735,2.189],[117.912,2.055],[117.735,2.052],[117.875,1.979],[117.844,1.862],[118.057,1.776],[118.123,1.64],[118.411,1.49],[118.403,1.409],[118.575,1.365],[118.772,1.202],[118.712,1.156],[119,0.984],[118.799,0.794],[118.477,0.861],[118.364,0.8],[118.058,0.909],[117.889,1.12],[118.036,0.787],[117.913,0.835],[117.752,0.753],[117.462,0.091],[117.523,-0.028],[117.42,-0.218],[117.495,-0.332],[117.448,-0.441],[117.545,-0.375],[117.462,-0.498],[117.633,-0.431],[117.486,-0.527],[117.59,-0.515],[117.499,-0.595],[117.576,-0.627],[117.5,-0.633],[117.535,-0.692],[117.436,-0.663],[117.615,-0.781],[117.427,-0.766],[117.441,-0.894],[117.355,-0.798],[117.345,-0.911],[117.253,-0.805],[117.25,-0.907],[116.898,-1.271],[116.81,-1.282],[116.702,-1.085],[116.761,-1.361],[116.541,-1.464],[116.524,-1.629],[116.303,-1.665],[116.165,-1.803],[116.449,-1.768],[116.368,-1.864],[116.456,-1.911],[116.459,-2.048],[116.361,-2.109],[116.334,-2.052],[116.304,-2.144],[116.391,-2.113],[116.38,-2.23],[116.601,-2.196],[116.51,-2.565],[116.401,-2.486],[116.262,-2.533],[116.304,-2.611],[116.405,-2.562],[116.313,-2.961],[116.213,-3.001],[116.147,-2.794],[116.1,-2.863],[116.125,-2.965],[116.059,-3.008],[116.178,-2.996],[116.278,-3.13],[116.087,-3.156],[116.19,-3.236],[116.086,-3.273],[115.964,-3.611],[115,-4.015]]]}},{"type":"Feature","properties":{},"geometry":{"type":"Polygon","coordinates":[[[44.999,-25.487],[44.793,-25.336],[44.354,-25.268],[44.3,-25.158],[44.359,-25.265],[44.406,-25.185],[44.027,-25],[44.029,-24.812],[43.825,-24.583],[43.664,-24.078],[43.635,-23.669],[43.8,-23.572],[43.768,-23.462],[43.615,-23.316],[43.595,-23.07],[43.37,-22.847],[43.23,-22.325],[43.238,-22.223],[43.312,-22.219],[43.23,-22.164],[43.278,-21.904],[43.337,-21.922],[43.432,-21.652],[43.498,-21.684],[43.498,-21.312],[43.623,-21.444],[43.596,-21.282],[43.737,-21.326],[43.779,-21.27],[43.902,-20.848],[43.965,-20.743],[44.042,-20.757],[44.114,-20.484],[44.281,-20.36],[44.484,-19.987],[44.477,-19.814],[44.412,-19.848],[44.38,-19.777],[44.47,-19.458],[44.23,-19.07],[44.24,-18.719],[44.04,-18.398],[44.038,-17.75],[43.93,-17.497],[44.435,-16.704],[44.437,-16.19],[44.988,-16.19],[44.937,-16.168],[45.246,-15.931],[45.29,-16.132],[45.409,-16.032],[45.351,-15.981],[45.562,-15.945],[45.536,-16.062],[45.61,-16.068],[45.67,-15.77],[45.772,-15.85],[45.906,-15.765],[46.076,-15.894],[46.115,-15.778],[46.011,-15.81],[46.175,-15.704],[46.243,-15.722],[46.22,-15.833],[46.31,-15.974],[46.502,-15.998],[46.449,-15.875],[46.306,-15.817],[46.472,-15.51],[46.694,-15.445],[46.641,-15.409],[46.958,-15.201],[47.072,-15.339],[46.891,-15.608],[46.993,-15.494],[47.036,-15.565],[47.106,-15.453],[47.21,-15.472],[47.262,-15.413],[47.178,-15.414],[47.047,-15.178],[47.369,-14.914],[47.393,-14.865],[47.279,-14.862],[47.463,-14.671],[47.516,-14.818],[47.397,-15.103],[47.487,-15.089],[47.782,-14.613],[47.69,-14.444],[47.762,-14.249],[47.923,-14.256],[47.91,-14.089],[47.996,-14.132],[47.975,-14.375],[48.042,-14.265],[48.037,-14.047],[47.918,-14.01],[48.04,-13.971],[47.893,-13.899],[47.86,-13.772],[47.926,-13.702],[47.893,-13.594],[47.974,-13.617],[47.972,-13.503],[47.999,-13.596],[48.065,-13.524],[48.264,-13.817],[48.347,-13.748],[48.328,-13.551],[48.527,-13.528],[48.474,-13.367],[48.642,-13.474],[48.812,-13.379],[48.805,-13.131],[48.973,-12.893],[48.854,-12.666],[48.886,-12.542],[48.826,-12.569],[48.72,-12.443],[48.763,-12.393],[48.938,-12.494],[48.971,-12.343],[49.195,-12.169],[49.085,-12.105],[49.148,-12.059],[49.217,-12.115],[49.163,-12.041],[49.273,-11.955],[49.37,-12.219],[49.249,-12.147],[49.216,-12.232],[49.283,-12.256],[49.191,-12.305],[49.34,-12.31],[49.36,-12.23],[49.439,-12.382],[49.511,-12.356],[49.535,-12.423],[49.475,-12.425],[49.564,-12.44],[49.541,-12.648],[49.632,-12.692],[49.638,-12.81],[49.723,-12.743],[49.93,-13.044],[49.9,-13.227],[50.017,-13.355],[50.008,-13.511],[50.141,-13.798],[50.182,-14.587],[50.25,-14.874],[50.469,-15.232],[50.465,-15.448],[50.342,-15.813],[50.162,-15.996],[50.024,-15.872],[49.898,-15.435],[49.712,-15.44],[49.621,-15.539],[49.729,-15.899],[49.693,-16.111],[49.86,-16.223],[49.841,-16.562],[49.718,-16.743],[49.837,-16.839],[49.587,-16.909],[49.444,-17.212],[49.406,-17.367],[49.522,-17.675],[49.394,-18.063],[49.43,-18.164],[49.103,-18.977],[49.048,-18.926],[49.101,-18.986],[48.846,-19.659],[48.834,-19.938],[48.793,-20.006],[48.735,-19.963],[48.79,-20.018],[48.535,-20.562],[48.206,-21.76],[48.096,-21.767],[48.176,-21.813],[47.892,-22.495],[47.705,-23.38],[47.588,-23.558],[47.63,-23.603],[47.48,-24.042],[47.355,-24.166],[47.346,-24.311],[47.311,-24.263],[47.305,-24.466],[47.101,-24.993],[47.042,-24.958],[46.965,-25.074],[46.908,-25.03],[46.637,-25.2],[46.416,-25.143],[45.512,-25.577],[45.163,-25.606],[44.999,-25.487]]]}},{"type":"Feature","properties":{},"geometry":{"type":"Polygon","coordinates":[[[-65.999,61.955],[-65.948,61.877],[-66.276,61.863],[-66.608,61.927],[-66.581,61.977],[-66.782,62.043],[-67.727,62.152],[-67.789,62.189],[-67.713,62.224],[-68.543,62.246],[-68.712,62.314],[-68.673,62.386],[-68.673,62.331],[-68.801,62.338],[-68.74,62.366],[-68.841,62.399],[-68.775,62.477],[-68.853,62.353],[-69.222,62.447],[-69.303,62.534],[-69.235,62.642],[-69.341,62.524],[-69.363,62.625],[-69.441,62.633],[-69.418,62.542],[-69.59,62.658],[-69.379,62.763],[-69.663,62.735],[-69.628,62.774],[-69.819,62.831],[-69.815,62.759],[-69.942,62.778],[-69.865,62.907],[-70.028,62.799],[-69.978,62.755],[-70.164,62.741],[-70.493,62.877],[-70.837,62.903],[-70.707,62.924],[-70.807,62.956],[-70.998,62.949],[-70.819,63.057],[-71.116,62.979],[-71.128,63.029],[-70.834,63.107],[-70.916,63.109],[-70.868,63.161],[-70.962,63.146],[-70.983,63.06],[-71.14,63.098],[-71.2,62.994],[-71.404,63.048],[-71.345,63.105],[-71.641,63.133],[-71.757,63.235],[-71.628,63.264],[-71.776,63.257],[-71.713,63.308],[-71.849,63.347],[-71.685,63.336],[-71.714,63.407],[-71.822,63.366],[-72.121,63.442],[-71.602,63.41],[-71.344,63.49],[-71.474,63.538],[-71.277,63.52],[-71.278,63.589],[-71.2,63.594],[-71.348,63.556],[-71.366,63.635],[-71.556,63.571],[-71.49,63.713],[-71.634,63.713],[-71.614,63.635],[-71.706,63.677],[-71.656,63.75],[-71.767,63.709],[-71.913,63.867],[-71.977,63.75],[-71.823,63.763],[-71.892,63.638],[-71.968,63.658],[-71.918,63.722],[-72.04,63.667],[-72.045,63.749],[-72.069,63.681],[-72.186,63.774],[-72.252,63.662],[-72.317,63.717],[-72.234,63.723],[-72.322,63.733],[-72.224,63.752],[-72.171,63.877],[-72.284,63.998],[-72.323,63.958],[-72.22,63.879],[-72.314,63.893],[-72.394,63.816],[-72.351,63.78],[-72.52,63.796],[-72.431,63.816],[-72.564,63.881],[-72.64,63.845],[-72.574,64.024],[-72.704,63.96],[-72.904,64.038],[-72.844,64.06],[-72.953,64.034],[-72.833,64.087],[-72.929,64.111],[-72.856,64.166],[-73.073,64.182],[-73.025,64.218],[-73.137,64.263],[-73.092,64.289],[-73.228,64.295],[-73.177,64.333],[-73.363,64.262],[-73.311,64.386],[-73.485,64.398],[-73.14,64.578],[-73.281,64.592],[-73.284,64.66],[-73.344,64.639],[-73.266,64.541],[-73.52,64.501],[-73.498,64.43],[-73.566,64.404],[-73.508,64.366],[-73.577,64.314],[-73.656,64.327],[-73.679,64.433],[-73.556,64.441],[-73.619,64.464],[-73.563,64.498],[-73.687,64.551],[-73.398,64.552],[-73.44,64.607],[-73.574,64.577],[-73.648,64.659],[-73.634,64.558],[-73.752,64.534],[-73.923,64.608],[-73.849,64.503],[-73.669,64.459],[-73.8,64.417],[-73.745,64.476],[-73.911,64.499],[-73.862,64.47],[-73.966,64.482],[-73.993,64.32],[-74.117,64.328],[-74.183,64.366],[-74.079,64.361],[-74.1,64.407],[-74.009,64.376],[-74.13,64.542],[-73.941,64.513],[-74.159,64.568],[-74.023,64.596],[-74.085,64.621],[-74.037,64.719],[-74.14,64.747],[-74.09,64.682],[-74.23,64.672],[-74.222,64.567],[-74.308,64.676],[-74.321,64.621],[-74.424,64.665],[-74.331,64.589],[-74.382,64.568],[-74.677,64.719],[-74.545,64.833],[-74.607,64.902],[-74.733,64.848],[-74.702,64.767],[-74.978,64.781],[-74.438,64.564],[-74.697,64.533],[-74.494,64.469],[-74.585,64.417],[-74.461,64.384],[-74.626,64.436],[-74.572,64.402],[-74.769,64.38],[-75.187,64.494],[-75.126,64.45],[-75.203,64.427],[-75.853,64.615],[-75.608,64.45],[-75.85,64.473],[-75.696,64.367],[-75.99,64.407],[-76.368,64.355],[-76.161,64.311],[-76.293,64.273],[-76.701,64.304],[-76.655,64.189],[-77.132,64.302],[-77.366,64.239],[-77.365,64.307],[-77.453,64.296],[-77.414,64.333],[-77.542,64.302],[-77.483,64.352],[-77.654,64.396],[-77.642,64.338],[-77.744,64.327],[-77.893,64.377],[-77.88,64.436],[-78.03,64.427],[-77.946,64.458],[-78.188,64.567],[-78.1,64.583],[-78.212,64.661],[-78.163,64.701],[-78.299,64.704],[-78.105,64.783],[-78.066,64.857],[-78.15,64.95],[-77.977,65.048],[-77.308,65.18],[-77.52,65.316],[-77.466,65.38],[-77.281,65.364],[-77.431,65.457],[-76.823,65.428],[-76.02,65.257],[-75.888,65.271],[-75.952,65.323],[-75.624,65.342],[-75.564,65.269],[-75.283,65.252],[-75.104,65.272],[-75.105,65.394],[-74.867,65.367],[-74.721,65.442],[-74.633,65.323],[-74.535,65.323],[-74.136,65.534],[-73.472,65.448],[-73.712,65.675],[-73.641,65.716],[-74,65.831],[-74.458,66.165],[-73.072,66.721],[-72.052,66.67],[-72.99,66.75],[-72.805,67.022],[-72.33,67.108],[-72.153,67.27],[-72.369,67.322],[-72.408,67.477],[-72.482,67.499],[-72.421,67.544],[-72.66,67.682],[-72.58,67.765],[-72.942,67.929],[-72.782,67.939],[-72.956,67.991],[-72.885,68.023],[-73.011,68.241],[-73.636,68.251],[-73.687,68.29],[-73.551,68.314],[-73.963,68.416],[-73.715,68.516],[-73.826,68.573],[-73.701,68.622],[-73.819,68.621],[-73.661,68.665],[-74.206,68.731],[-73.892,68.557],[-74.231,68.519],[-74.735,68.737],[-74.465,68.834],[-74.684,68.845],[-74.731,68.817],[-74.624,68.796],[-74.775,68.769],[-74.979,68.816],[-74.687,68.864],[-74.678,68.935],[-75.047,68.902],[-74.877,68.969],[-75.162,68.888],[-75.472,69.027],[-75.577,68.995],[-75.494,68.935],[-75.619,68.874],[-76.341,68.69],[-76.647,68.695],[-76.659,68.762],[-76.5,68.871],[-76.65,68.938],[-76.6,69.035],[-76.007,69.007],[-75.595,69.079],[-75.562,69.155],[-75.749,69.311],[-76.413,69.411],[-76.652,69.544],[-76.46,69.664],[-76.23,69.62],[-76.216,69.535],[-76.196,69.673],[-76.574,69.705],[-76.655,69.68],[-76.548,69.637],[-76.719,69.562],[-76.873,69.585],[-76.805,69.637],[-77.189,69.642],[-76.838,69.691],[-76.77,69.748],[-76.92,69.792],[-76.692,69.844],[-77.309,69.836],[-76.975,69.931],[-76.993,69.989],[-77.625,69.825],[-77.44,69.795],[-77.627,69.749],[-77.674,70.203],[-77.771,70.266],[-78.38,70.207],[-78.548,70.314],[-78.371,70.357],[-78.597,70.362],[-78.381,70.391],[-78.578,70.383],[-78.577,70.321],[-78.726,70.455],[-78.882,70.486],[-78.861,70.41],[-79.069,70.475],[-79.016,70.525],[-79.086,70.536],[-78.889,70.599],[-78.71,70.547],[-78.986,70.708],[-78.851,70.639],[-79.018,70.688],[-79.154,70.634],[-78.983,70.627],[-79.179,70.519],[-79.158,70.423],[-79.386,70.494],[-79.601,70.374],[-78.943,70.323],[-78.678,70.058],[-78.655,69.974],[-78.795,69.888],[-79.675,69.86],[-79.887,69.989],[-80.035,69.946],[-79.912,69.989],[-79.959,70.025],[-80.327,69.988],[-81.728,70.146],[-81.703,70.081],[-81.452,70.002],[-81.293,70.039],[-80.789,69.8],[-80.933,69.721],[-81.577,69.981],[-83.029,70.315],[-81.727,69.952],[-81.761,69.874],[-82.162,69.842],[-82.13,69.79],[-83.065,70.017],[-84.3,69.985],[-84.811,70.034],[-84.852,70.077],[-84.784,70.116],[-85.752,70.109],[-85.88,70.089],[-85.85,70.048],[-85.609,70.082],[-85.228,69.987],[-85.819,70.009],[-86.558,70.239],[-86.598,70.365],[-86.298,70.469],[-86.382,70.528],[-86.337,70.481],[-86.703,70.374],[-86.663,70.319],[-86.873,70.327],[-86.738,70.386],[-86.935,70.386],[-86.866,70.414],[-86.992,70.467],[-87.249,70.385],[-86.976,70.367],[-86.988,70.288],[-87.764,70.335],[-87.608,70.291],[-87.858,70.24],[-88.268,70.336],[-87.915,70.338],[-88.793,70.498],[-89.364,70.835],[-89.417,70.912],[-89.172,70.964],[-89.531,71.091],[-87.9,70.936],[-87.285,71.01],[-86.503,70.981],[-85.783,71.142],[-85.131,71.138],[-84.964,71.166],[-85.075,71.185],[-85,71.205],[-84.853,71.169],[-84.863,71.075],[-85.152,71.087],[-84.934,71.068],[-85.008,71.037],[-84.917,71.013],[-84.945,70.921],[-84.772,70.933],[-84.815,71.177],[-84.649,71.224],[-84.786,71.267],[-84.791,71.366],[-84.525,71.463],[-84.543,71.547],[-84.685,71.586],[-84.636,71.639],[-84.481,71.637],[-85.288,71.677],[-85.599,71.787],[-85.434,71.809],[-85.559,71.901],[-86.039,72.021],[-85.515,72.059],[-85.551,72.125],[-85.372,72.14],[-85.5,72.177],[-85.516,72.241],[-85.386,72.225],[-85.494,72.26],[-85.226,72.267],[-84.502,72.114],[-84.199,71.935],[-84.149,72.007],[-84.745,72.232],[-84.563,72.232],[-84.947,72.289],[-84.416,72.39],[-84.864,72.368],[-84.781,72.468],[-85.152,72.359],[-85.517,72.459],[-85.618,72.538],[-85.47,72.586],[-85.713,72.649],[-85.646,72.873],[-85.702,72.905],[-85.323,72.976],[-83.952,72.747],[-85.082,73.029],[-85.543,73.033],[-85.389,73.143],[-85.128,73.05],[-85.21,73.149],[-83.698,73.007],[-84.717,73.133],[-85.145,73.216],[-85.156,73.286],[-84.762,73.388],[-84.324,73.224],[-84.636,73.403],[-84.158,73.48],[-83.731,73.422],[-83.585,73.305],[-83.66,73.445],[-84.011,73.507],[-83.032,73.646],[-82.852,73.736],[-81.991,73.735],[-81.442,73.686],[-81.203,73.53],[-81.192,73.263],[-80.58,73.153],[-80.51,73.089],[-80.645,72.929],[-80.226,72.736],[-81.387,72.241],[-80.509,72.515],[-80.502,72.382],[-80.817,72.208],[-80.993,72.203],[-80.536,72.071],[-81.014,72.094],[-81.083,72.045],[-80.778,72.02],[-80.962,71.884],[-80.326,72.072],[-80.489,72.183],[-80.217,72.194],[-80.292,72.266],[-80.225,72.304],[-79.682,72.129],[-80.174,72.326],[-79.79,72.505],[-79.683,72.466],[-79.759,72.417],[-79.579,72.345],[-79.742,72.218],[-79.527,72.277],[-79.433,72.193],[-79.546,72.294],[-79.347,72.408],[-78.937,72.281],[-79.013,72.084],[-79.188,71.96],[-78.51,71.866],[-78.929,72.022],[-78.855,72.181],[-78.477,72.098],[-78.383,71.939],[-78.181,71.827],[-77.87,71.771],[-78.293,71.928],[-78.131,71.976],[-77.731,71.746],[-77.67,71.816],[-78.881,72.234],[-78.75,72.283],[-78.824,72.321],[-78.509,72.339],[-78.526,72.237],[-78.415,72.171],[-78.473,72.27],[-78.421,72.335],[-77.657,72.209],[-77.642,72.1],[-77.58,72.187],[-77.004,72.136],[-78.55,72.438],[-78.413,72.59],[-77.959,72.702],[-76.966,72.751],[-76.74,72.725],[-76.636,72.679],[-76.676,72.637],[-76.126,72.592],[-76.076,72.477],[-76,72.58],[-75.805,72.589],[-75.15,72.491],[-75.185,72.436],[-74.925,72.254],[-75.239,72.115],[-75.627,72.147],[-76.054,72.072],[-76.378,71.845],[-75.819,72.099],[-75.226,72.082],[-75.597,71.99],[-75.815,71.736],[-76.11,71.701],[-75.784,71.725],[-75.525,71.985],[-75.203,72.023],[-75.086,72.113],[-74.209,72.061],[-74.117,71.963],[-74.246,71.823],[-75.366,71.684],[-74.916,71.663],[-75.378,71.507],[-74.769,71.682],[-74.616,71.66],[-75.134,71.478],[-74.838,71.522],[-74.916,71.45],[-74.692,71.395],[-75.105,71.209],[-75.048,71.179],[-74.617,71.375],[-74.745,71.531],[-74.519,71.658],[-74.098,71.74],[-74.217,71.594],[-73.958,71.765],[-73.713,71.778],[-73.676,71.718],[-73.599,71.779],[-74.059,71.531],[-73.958,71.542],[-73.968,71.463],[-74.308,71.406],[-74.019,71.441],[-74.033,71.337],[-74.163,71.315],[-74.056,71.297],[-74.205,71.199],[-73.969,71.331],[-73.853,71.537],[-73.58,71.574],[-73.641,71.445],[-73.563,71.392],[-73.626,71.365],[-73.503,71.385],[-73.529,71.475],[-73.383,71.384],[-73.673,71.253],[-73.706,71.102],[-73.855,71.049],[-73.679,71.087],[-73.523,71.294],[-73.323,71.35],[-73.038,71.263],[-73.248,71.228],[-73.221,71.145],[-73.445,71.035],[-73.372,70.986],[-73.42,71.039],[-73.258,71.079],[-73.195,71.216],[-72.991,71.238],[-72.937,71.331],[-72.991,71.409],[-72.762,71.426],[-72.854,71.507],[-72.666,71.526],[-72.55,71.661],[-71.561,71.5],[-71.155,71.273],[-71.472,71.066],[-72.09,71.084],[-72.332,70.884],[-72.788,70.82],[-72.185,70.841],[-72.566,70.616],[-72.178,70.781],[-71.18,70.857],[-71.287,70.909],[-71.217,71.015],[-70.836,71.116],[-70.604,71.059],[-70.518,70.925],[-70.788,70.742],[-71.187,70.588],[-71.598,70.616],[-71.583,70.549],[-71.748,70.453],[-71.973,70.42],[-71.73,70.422],[-71.844,70.296],[-71.725,70.32],[-71.513,70.584],[-71.165,70.546],[-71.312,70.327],[-71.253,70.278],[-71.543,70.027],[-71.327,70.142],[-71.072,70.528],[-70.997,70.531],[-71.062,70.554],[-71.01,70.633],[-69.884,70.884],[-69.768,70.864],[-69.809,70.818],[-70.179,70.657],[-70.455,70.631],[-70.393,70.518],[-70.615,70.458],[-70.285,70.497],[-70.397,70.617],[-70.051,70.637],[-70.051,70.565],[-70.004,70.65],[-69.448,70.795],[-68.383,70.589],[-68.286,70.526],[-68.438,70.378],[-68.578,70.41],[-68.546,70.479],[-68.677,70.437],[-68.708,70.328],[-69.816,70.161],[-70.178,70.032],[-69.901,70.052],[-69.82,69.989],[-70.145,69.972],[-70.486,69.844],[-69.79,69.961],[-69.729,69.996],[-69.803,70.066],[-69.636,70.15],[-68.676,70.207],[-68.641,70.159],[-68.832,70.037],[-69.411,69.829],[-69.79,69.833],[-69.985,69.692],[-70.023,69.621],[-69.97,69.622],[-69.745,69.806],[-69.41,69.782],[-69.091,69.93],[-68.693,69.938],[-68.576,70.057],[-68.228,70.104],[-68.367,70.174],[-68.327,70.23],[-68.063,70.329],[-67.418,70.082],[-67.358,70.036],[-67.45,70.026],[-67.259,69.972],[-67.124,69.735],[-67.908,69.782],[-68.33,69.629],[-70.062,69.542],[-69.233,69.509],[-68.733,69.595],[-67.985,69.466],[-67.231,69.468],[-66.771,69.333],[-66.665,69.25],[-66.701,69.171],[-67.652,69.175],[-68.191,69.316],[-69.04,69.358],[-69.259,69.261],[-68.929,69.338],[-68.084,69.223],[-68.982,69.232],[-68.506,69.209],[-69.084,69.11],[-68.924,69.105],[-69.012,68.977],[-68.83,69.106],[-68.2,69.152],[-67.713,69.022],[-68.563,68.981],[-68.059,68.947],[-68.115,68.904],[-67.975,68.861],[-68.515,68.898],[-67.776,68.785],[-68.612,68.853],[-68.497,68.798],[-68.649,68.789],[-69.034,68.877],[-69.411,68.871],[-69.171,68.836],[-69.408,68.815],[-68.063,68.684],[-68.909,68.603],[-67.946,68.561],[-67.96,68.403],[-67.877,68.542],[-67.677,68.571],[-67.512,68.537],[-67.635,68.507],[-67.619,68.382],[-67.574,68.492],[-67.249,68.485],[-67.209,68.438],[-67.366,68.415],[-67.109,68.424],[-67.129,68.488],[-66.674,68.447],[-67.03,68.36],[-67.42,68.403],[-67.883,68.269],[-67.535,68.342],[-67.707,68.246],[-67.58,68.255],[-67.391,68.365],[-67.019,68.331],[-67.258,68.305],[-67.338,68.19],[-67.139,68.284],[-66.764,68.239],[-67.053,67.991],[-66.684,68.139],[-66.748,67.932],[-66.618,68.14],[-66.315,68.125],[-66.535,68.077],[-66.272,68.087],[-66.191,68.013],[-66.347,67.97],[-66.392,67.865],[-66.76,67.879],[-66.531,67.832],[-66.605,67.802],[-66.394,67.83],[-66.374,67.768],[-66.262,67.964],[-65.94,68.033],[-66.153,67.921],[-66.015,67.951],[-65.931,67.869],[-66.033,67.597],[-65.956,67.802],[-65.743,67.901],[-65.804,67.973],[-65.464,67.99],[-65.63,67.788],[-65.343,67.589],[-65.394,67.702],[-65.572,67.781],[-65.425,67.917],[-65.086,68.043],[-64.722,67.978],[-65.096,67.921],[-64.931,67.918],[-65.259,67.753],[-65.015,67.788],[-65.23,67.642],[-64.955,67.781],[-64.829,67.76],[-64.909,67.673],[-64.795,67.677],[-64.764,67.816],[-64.53,67.81],[-64.449,67.775],[-64.553,67.735],[-64.364,67.738],[-64.658,67.65],[-64.295,67.722],[-64.208,67.662],[-64.306,67.611],[-64.074,67.565],[-64.243,67.453],[-64.483,67.473],[-64.037,67.459],[-63.951,67.343],[-64.795,67.369],[-64.239,67.298],[-64.798,67.193],[-63.957,67.267],[-64.627,67.135],[-64.72,67.008],[-64.553,67.125],[-63.5,67.235],[-63.449,67.223],[-63.523,67.107],[-63.909,66.996],[-63.814,66.991],[-63.813,66.9],[-63.779,67.005],[-63.527,67.072],[-63.324,67.283],[-63.183,67.292],[-63.252,67.24],[-63.118,67.332],[-62.959,67.217],[-63.289,67.109],[-63.241,66.963],[-63.81,66.805],[-63.588,66.811],[-63.445,66.907],[-63.43,66.698],[-63.314,66.818],[-63.358,66.898],[-62.842,66.968],[-62.816,66.809],[-62.906,66.647],[-62.733,66.656],[-62.836,66.705],[-62.738,66.775],[-62.766,66.934],[-62.568,66.955],[-62.303,66.728],[-62.429,66.928],[-62.246,66.93],[-62.278,67.049],[-62.027,67.053],[-61.973,67.021],[-62.08,66.89],[-61.89,66.971],[-61.713,66.93],[-62.017,66.852],[-61.617,66.871],[-61.794,66.809],[-61.512,66.8],[-61.264,66.599],[-61.427,66.521],[-61.998,66.687],[-62.198,66.615],[-61.8,66.609],[-61.558,66.449],[-61.996,66.399],[-61.572,66.408],[-61.468,66.357],[-61.543,66.319],[-61.923,66.273],[-62.211,66.326],[-62.233,66.386],[-62.097,66.41],[-62.605,66.439],[-62.572,66.395],[-62.687,66.399],[-62.46,66.395],[-62.311,66.299],[-62.708,66.203],[-62.896,66.334],[-62.718,66.184],[-62.48,66.216],[-62.473,66.16],[-62.11,66.127],[-62.216,66.072],[-62.067,66.092],[-62.148,66.024],[-61.949,66],[-62.328,65.959],[-62.782,66.034],[-62.949,66.147],[-62.82,66.016],[-62.411,65.96],[-62.484,65.902],[-62.359,65.891],[-62.289,65.795],[-62.668,65.798],[-62.858,65.9],[-62.569,65.738],[-62.849,65.756],[-62.616,65.671],[-62.677,65.575],[-62.677,65.633],[-62.871,65.623],[-62.912,65.743],[-62.893,65.633],[-62.972,65.575],[-63.258,65.632],[-63.529,65.93],[-63.344,65.657],[-63.744,65.665],[-63.391,65.624],[-63.385,65.525],[-63.696,65.559],[-63.303,65.424],[-63.761,65.482],[-63.404,65.388],[-63.571,65.355],[-63.361,65.29],[-63.498,65.26],[-63.334,65.243],[-63.489,65.242],[-63.328,65.181],[-63.521,65.191],[-63.333,65.134],[-63.483,65.089],[-63.349,65.049],[-63.486,65.047],[-63.389,65.03],[-63.501,65.032],[-63.453,64.98],[-63.571,65.043],[-63.503,64.963],[-63.537,64.876],[-63.676,64.898],[-63.62,64.993],[-63.849,64.971],[-63.671,65.033],[-63.893,65.025],[-63.81,65.185],[-63.957,65.08],[-64.072,65.136],[-64.107,65.035],[-64.282,65.098],[-64.082,65.197],[-64.158,65.195],[-64.116,65.248],[-64.389,65.175],[-64.356,65.303],[-64.426,65.304],[-64.217,65.449],[-64.478,65.302],[-64.473,65.183],[-64.592,65.092],[-64.689,65.146],[-64.629,65.188],[-64.757,65.194],[-64.624,65.253],[-64.928,65.281],[-64.693,65.339],[-64.923,65.344],[-64.414,65.481],[-65.095,65.386],[-65.158,65.496],[-64.737,65.576],[-64.861,65.639],[-64.728,65.649],[-65.124,65.536],[-65.226,65.554],[-65.169,65.596],[-65.34,65.561],[-65.303,65.631],[-64.803,65.72],[-65.357,65.662],[-65.465,65.681],[-65.392,65.789],[-65.502,65.741],[-65.359,65.916],[-64.799,65.97],[-64.863,66.029],[-64.744,66.213],[-64.358,66.355],[-64.697,66.282],[-64.955,66.068],[-65.875,65.944],[-65.965,66.044],[-65.532,66.231],[-65.481,66.386],[-65.572,66.232],[-65.985,66.107],[-66.361,66.272],[-66.443,66.278],[-66.35,66.225],[-66.404,66.202],[-66.542,66.239],[-66.455,66.28],[-66.58,66.352],[-66.429,66.419],[-66.766,66.373],[-66.67,66.457],[-66.795,66.445],[-66.77,66.504],[-66.861,66.538],[-66.738,66.597],[-67.174,66.672],[-66.858,66.569],[-67.149,66.547],[-67.063,66.516],[-67.138,66.486],[-67.529,66.657],[-67.58,66.629],[-67.518,66.561],[-67.94,66.634],[-67.36,66.552],[-67.12,66.443],[-67.124,66.367],[-67.436,66.442],[-67.113,66.313],[-67.276,66.266],[-67.75,66.51],[-67.706,66.439],[-67.988,66.511],[-67.694,66.288],[-67.81,66.243],[-67.133,66.018],[-67.248,65.985],[-67.174,65.91],[-67.422,65.95],[-67.463,65.891],[-67.669,65.904],[-67.769,65.997],[-67.752,65.936],[-67.832,65.939],[-67.735,65.893],[-67.804,65.876],[-68.367,66.073],[-68.165,65.949],[-68.323,65.927],[-68.128,65.94],[-68.168,65.853],[-68.049,65.829],[-68.265,65.749],[-67.845,65.828],[-67.79,65.78],[-67.991,65.704],[-67.848,65.644],[-68.058,65.57],[-67.93,65.568],[-68.016,65.485],[-68.236,65.428],[-67.835,65.597],[-67.563,65.564],[-67.787,65.584],[-67.752,65.636],[-67.316,65.665],[-67.258,65.606],[-67.356,65.574],[-67.263,65.596],[-67.336,65.566],[-67.253,65.524],[-67.506,65.549],[-67.31,65.517],[-67.463,65.495],[-67.048,65.426],[-67.117,65.354],[-67.418,65.342],[-67.104,65.314],[-67.165,65.259],[-67.071,65.242],[-67.255,65.175],[-66.919,65.238],[-66.953,65.11],[-67.119,65.057],[-66.917,65.064],[-66.749,65.176],[-66.814,65.053],[-66.934,65.046],[-66.871,64.976],[-66.762,65.063],[-66.802,64.99],[-66.733,64.962],[-66.84,64.934],[-66.714,64.924],[-66.785,64.868],[-66.668,64.787],[-66.731,64.721],[-66.622,64.792],[-66.677,65.042],[-66.507,65.009],[-66.543,64.934],[-66.461,64.984],[-66.477,64.925],[-66.32,64.865],[-66.119,64.868],[-66.174,64.778],[-66.434,64.727],[-66.314,64.61],[-66.405,64.721],[-66.149,64.759],[-66.217,64.73],[-66.135,64.706],[-66.016,64.857],[-65.992,64.662],[-66.015,64.742],[-65.945,64.772],[-65.8,64.63],[-65.896,64.737],[-65.823,64.755],[-65.934,64.799],[-65.86,64.824],[-65.911,64.896],[-65.739,64.852],[-65.765,64.794],[-65.687,64.848],[-65.638,64.799],[-65.715,64.76],[-65.693,64.679],[-65.652,64.778],[-65.53,64.721],[-65.557,64.639],[-65.752,64.587],[-65.687,64.579],[-65.708,64.472],[-65.314,64.537],[-65.372,64.421],[-65.211,64.541],[-65.237,64.477],[-65.066,64.483],[-65.061,64.41],[-65.258,64.376],[-65.134,64.344],[-65.201,64.294],[-65.671,64.303],[-65.229,64.202],[-65.412,64.143],[-65.16,64.143],[-65.196,64.099],[-65.092,64.09],[-65.167,64.063],[-65.007,64.048],[-65.168,64.007],[-64.908,64.02],[-64.963,63.96],[-64.702,64.033],[-64.613,63.977],[-64.988,63.862],[-64.952,63.761],[-64.667,63.762],[-64.506,63.678],[-64.533,63.595],[-64.684,63.692],[-64.468,63.431],[-64.713,63.387],[-64.493,63.375],[-64.528,63.29],[-64.627,63.325],[-64.481,63.282],[-64.517,63.242],[-64.763,63.321],[-64.853,63.547],[-65.13,63.781],[-65.316,63.805],[-64.966,63.603],[-65.116,63.582],[-65.019,63.462],[-65.137,63.432],[-65.016,63.427],[-65.153,63.401],[-64.958,63.387],[-64.884,63.233],[-65.067,63.314],[-64.981,63.25],[-65.12,63.291],[-65.073,63.231],[-64.934,63.212],[-65.079,63.162],[-64.763,63.132],[-64.964,63.098],[-64.747,63.072],[-64.858,63.049],[-64.743,62.999],[-64.838,62.96],[-64.603,62.916],[-64.807,62.825],[-65.268,63.021],[-64.898,62.632],[-65.203,62.564],[-65.316,62.697],[-65.252,62.694],[-65.354,62.686],[-65.203,62.786],[-65.336,62.782],[-65.225,62.834],[-65.333,62.848],[-65.298,62.94],[-65.37,62.831],[-65.539,62.798],[-65.604,62.924],[-65.733,62.93],[-65.659,62.984],[-65.706,63.048],[-65.755,62.878],[-65.947,62.939],[-65.808,63.026],[-65.934,63.048],[-65.924,62.977],[-66.139,63.042],[-66.242,63.124],[-66.23,63.234],[-66.269,63.128],[-66.055,62.943],[-66.452,63.033],[-66.556,63.152],[-66.5,63.191],[-66.712,63.296],[-66.589,63.398],[-66.742,63.297],[-66.568,63.194],[-66.559,63.044],[-66.661,63.088],[-66.529,63.003],[-66.766,63.093],[-66.805,63.282],[-66.808,63.153],[-67.017,63.243],[-66.93,63.278],[-66.994,63.328],[-66.947,63.391],[-66.988,63.275],[-67.149,63.317],[-67.163,63.266],[-67.376,63.465],[-67.393,63.395],[-67.529,63.543],[-67.633,63.53],[-67.586,63.557],[-67.687,63.633],[-67.599,63.678],[-67.765,63.633],[-67.92,63.755],[-67.64,63.423],[-67.689,63.369],[-68.126,63.629],[-68.182,63.571],[-68.23,63.685],[-68.269,63.627],[-68.407,63.726],[-68.983,63.756],[-68.788,63.615],[-68.855,63.611],[-68.404,63.439],[-68.468,63.428],[-68.2,63.2],[-67.889,63.139],[-67.989,63.05],[-67.889,63.116],[-67.606,63.096],[-67.763,63.008],[-67.748,62.948],[-67.527,63.043],[-67.475,62.997],[-67.636,62.915],[-67.38,62.964],[-67.214,62.881],[-67.35,62.859],[-67.198,62.871],[-67.252,62.835],[-67.13,62.834],[-67.227,62.805],[-67.007,62.766],[-67.047,62.679],[-66.878,62.691],[-66.992,62.648],[-66.723,62.665],[-66.761,62.626],[-66.441,62.491],[-66.49,62.416],[-66.337,62.439],[-66.402,62.41],[-66.306,62.386],[-66.495,62.337],[-66.317,62.256],[-66.353,62.341],[-66.209,62.35],[-66.101,62.236],[-66.256,62.259],[-65.892,62.206],[-66.064,62.124],[-66.006,62.048],[-66.18,62.117],[-65.999,61.955]]]}},{"type":"Feature","properties":{},"geometry":{"type":"Polygon","coordinates":[[[103.999,-5.325],[103.737,-4.985],[103.327,-4.81],[103.244,-4.669],[102.897,-4.493],[102.319,-4.002],[102.224,-3.671],[101.581,-3.204],[101.32,-2.739],[100.887,-2.331],[100.817,-2.159],[100.862,-1.927],[100.639,-1.622],[100.565,-1.331],[100.395,-1.272],[100.426,-1.201],[100.345,-1.171],[100.408,-1.044],[100.325,-0.854],[99.805,-0.3],[99.698,0.017],[99.354,0.232],[99.136,0.253],[99.058,0.742],[98.711,1.565],[98.765,1.535],[98.84,1.637],[98.797,1.731],[98.706,1.794],[98.732,1.725],[98.682,1.744],[98.46,1.995],[98.265,2.035],[97.967,2.272],[97.751,2.276],[97.655,2.423],[97.596,2.875],[97.357,3],[96.867,3.695],[96.501,3.754],[95.537,4.662],[95.211,5.283],[95.228,5.583],[95.614,5.635],[95.884,5.513],[96.077,5.301],[96.393,5.216],[96.98,5.269],[97.198,5.149],[97.503,5.255],[97.903,4.899],[98.016,4.619],[97.978,4.531],[98.068,4.56],[98.289,4.431],[98.156,4.085],[98.25,4.137],[98.298,4.044],[98.387,4.085],[98.528,4.017],[98.687,3.902],[98.685,3.765],[99.058,3.625],[99.753,3.18],[99.827,2.993],[99.883,3.036],[99.995,2.937],[99.95,2.708],[100.034,2.624],[99.965,2.709],[100.059,2.74],[100.111,2.502],[100.17,2.506],[100.135,2.681],[100.222,2.708],[100.395,2.327],[100.659,2.09],[100.799,2.062],[100.933,1.81],[100.809,2.21],[101.047,2.303],[101.305,2.048],[101.407,1.708],[101.75,1.675],[102.149,1.383],[102.225,1],[102.413,0.805],[102.91,0.717],[103.106,0.456],[102.683,0.225],[103.138,0.393],[103.327,0.55],[103.579,0.402],[103.593,0.293],[103.617,0.347],[103.729,0.281],[103.808,0],[103.557,-0.01],[103.495,-0.122],[103.425,-0.082],[103.5,-0.149],[103.321,-0.252],[103.519,-0.213],[103.433,-0.358],[103.294,-0.332],[103.599,-0.43],[103.42,-0.522],[103.369,-0.438],[103.419,-0.572],[103.306,-0.67],[103.394,-0.675],[103.276,-0.706],[103.471,-0.759],[103.41,-0.832],[103.519,-0.81],[103.814,-1.034],[103.97,-0.988],[104.186,-1.105],[104.367,-1.018],[104.539,-1.737],[104.45,-1.862],[104.48,-1.99],[104.56,-1.856],[104.645,-1.922],[104.536,-2.021],[104.657,-1.96],[104.675,-2.039],[104.789,-1.989],[104.879,-2.084],[104.739,-2.36],[104.629,-2.337],[104.62,-2.391],[104.729,-2.383],[104.713,-2.6],[104.847,-2.285],[104.92,-2.287],[104.859,-2.409],[104.909,-2.379],[104.939,-2.501],[104.952,-2.333],[105.041,-2.369],[105.009,-2.493],[105.06,-2.366],[105.113,-2.434],[105.213,-2.331],[105.619,-2.392],[105.631,-2.652],[105.777,-2.689],[105.813,-2.921],[106.049,-2.99],[106.087,-3.226],[105.904,-3.341],[105.81,-3.597],[105.815,-3.724],[105.957,-3.838],[105.84,-4.163],[105.773,-4.111],[105.914,-4.647],[105.852,-4.63],[105.904,-4.94],[105.798,-5.795],[105.723,-5.905],[105.284,-5.446],[105.243,-5.588],[105.164,-5.586],[105.219,-5.719],[105.154,-5.754],[105.221,-5.78],[105.161,-5.81],[104.703,-5.522],[104.53,-5.522],[104.731,-5.929],[104.582,-5.945],[103.999,-5.325]]]}},{"type":"Feature","properties":{},"geometry":{"type":"Polygon","coordinates":[[[136,33.71],[135.96,33.582],[135.753,33.436],[135.448,33.55],[135.331,33.669],[135.398,33.721],[135.058,33.882],[135.068,33.978],[135.175,34.032],[135.08,34.073],[135.21,34.151],[135.07,34.298],[135.263,34.375],[135.464,34.583],[135.445,34.692],[135.337,34.725],[135.042,34.628],[134.648,34.796],[134.186,34.741],[134.246,34.698],[134.173,34.614],[133.908,34.6],[134.049,34.578],[133.937,34.45],[133.787,34.435],[133.7,34.563],[133.577,34.465],[133.488,34.514],[133.364,34.465],[133.368,34.37],[133.246,34.442],[133.211,34.357],[133.211,34.41],[133.084,34.396],[132.597,34.232],[132.523,34.158],[132.593,34.116],[132.557,34.07],[132.447,34.095],[132.557,34.238],[132.525,34.368],[132.401,34.376],[132.224,34.245],[132.216,34],[132.102,33.959],[132.139,33.831],[132.071,33.936],[131.773,33.978],[131.825,34.031],[131.747,34.07],[131.442,33.985],[131.399,34.071],[131.263,33.925],[131.04,34.064],[130.905,33.913],[130.9,34.365],[131.035,34.374],[130.934,34.394],[130.972,34.445],[131.167,34.375],[131.411,34.429],[131.604,34.665],[131.848,34.712],[132.631,35.29],[132.629,35.435],[133.092,35.607],[133.324,35.57],[133.255,35.509],[133.399,35.454],[133.568,35.532],[134.166,35.533],[134.539,35.67],[134.928,35.647],[135.224,35.78],[135.303,35.663],[135.155,35.555],[135.256,35.601],[135.31,35.453],[135.462,35.605],[135.518,35.496],[135.663,35.548],[135.584,35.491],[135.717,35.485],[135.766,35.537],[135.714,35.571],[135.834,35.538],[135.818,35.645],[135.977,35.627],[136.018,35.765],[136.071,35.662],[136.1,35.778],[135.96,35.991],[136.123,36.252],[136.413,36.419],[136.703,36.751],[136.77,36.999],[136.668,37.151],[136.757,37.364],[137.345,37.516],[137.245,37.308],[137.011,37.184],[136.911,37.23],[136.86,37.082],[137.058,37.107],[136.986,36.875],[137.052,36.779],[137.332,36.763],[137.434,36.931],[138.218,37.17],[138.542,37.368],[138.846,37.82],[139.425,38.149],[139.539,38.56],[139.843,38.891],[139.891,39.215],[140.036,39.393],[140.104,39.679],[139.956,39.896],[140.047,39.885],[140.07,39.999],[139.817,39.856],[139.704,39.928],[139.699,40.008],[139.888,40],[140.017,40.222],[140.025,40.353],[139.86,40.615],[140,40.746],[140.25,40.803],[140.32,41.035],[140.413,41.024],[140.246,41.123],[140.339,41.26],[140.638,41.187],[140.728,40.833],[140.858,40.889],[140.87,41.016],[141.131,40.873],[141.265,41.193],[141.181,41.285],[141.056,41.182],[140.782,41.13],[140.835,41.419],[140.911,41.546],[141.277,41.353],[141.463,41.431],[141.387,41.153],[141.436,40.673],[141.816,40.271],[141.876,40.143],[141.83,40.084],[141.953,39.984],[142.005,39.777],[141.945,39.59],[142.023,39.659],[142.07,39.548],[141.952,39.472],[142.049,39.485],[142.043,39.428],[141.898,39.339],[141.995,39.352],[141.89,39.308],[141.971,39.249],[141.837,39.148],[141.921,39.105],[141.813,39.113],[141.847,39.027],[141.724,39.072],[141.707,38.94],[141.632,39.005],[141.676,38.861],[141.582,38.91],[141.604,38.828],[141.515,38.771],[141.562,38.692],[141.443,38.672],[141.53,38.638],[141.46,38.574],[141.534,38.489],[141.474,38.52],[141.513,38.449],[141.45,38.443],[141.54,38.397],[141.482,38.377],[141.526,38.275],[141.429,38.398],[141.248,38.418],[141.071,38.376],[141.029,38.322],[141.087,38.297],[140.919,38.2],[141.042,37.498],[140.982,36.995],[140.794,36.883],[140.56,36.279],[140.683,35.922],[140.845,35.741],[140.723,35.794],[140.865,35.692],[140.532,35.607],[140.409,35.454],[140.385,35.188],[140.117,35.114],[139.89,34.899],[139.755,34.964],[139.859,34.997],[139.816,35.172],[139.87,35.231],[139.768,35.317],[140.127,35.571],[139.988,35.688],[139.893,35.624],[139.782,35.673],[139.787,35.522],[139.63,35.458],[139.686,35.439],[139.637,35.298],[139.748,35.255],[139.68,35.141],[139.612,35.142],[139.548,35.306],[139.171,35.255],[139.069,35.056],[139.141,34.892],[138.988,34.658],[138.845,34.6],[138.74,34.691],[138.762,34.969],[138.902,35.049],[138.744,35.133],[138.571,35.107],[138.516,34.983],[138.356,34.912],[138.2,34.673],[138.229,34.595],[137.6,34.676],[137.649,34.802],[137.515,34.757],[137.596,34.677],[137.016,34.579],[137.072,34.663],[137.307,34.68],[137.375,34.78],[137.027,34.776],[136.982,34.963],[136.916,34.779],[136.974,34.696],[136.89,34.72],[136.821,34.901],[136.892,35.096],[136.712,35.055],[136.503,34.653],[136.923,34.445],[136.811,34.367],[136.908,34.365],[136.9,34.277],[136.765,34.26],[136.843,34.314],[136.687,34.283],[136.725,34.343],[136.662,34.345],[136.605,34.257],[136.325,34.195],[136.299,34.084],[136.202,34.074],[136.272,33.972],[136.212,33.997],[136,33.71]]]}},{"type":"Feature","properties":{},"geometry":{"type":"Polygon","coordinates":[[[-113.554,68.999],[-113.632,69.038],[-113.506,69.049],[-113.659,69.101],[-113.561,69.116],[-113.694,69.12],[-113.58,69.148],[-113.711,69.175],[-113.376,69.169],[-113.923,69.261],[-115.474,69.259],[-116.501,69.408],[-116.62,69.461],[-116.532,69.5],[-116.595,69.564],[-116.856,69.58],[-116.906,69.606],[-116.826,69.653],[-117.26,69.787],[-117.4,69.987],[-117.365,70.039],[-116.111,70.217],[-114.488,70.323],[-112.537,70.198],[-112.084,70.27],[-112.282,70.302],[-111.48,70.273],[-111.702,70.329],[-111.443,70.342],[-111.976,70.385],[-112.158,70.512],[-113.821,70.716],[-116.015,70.538],[-115.919,70.583],[-116.178,70.593],[-116.124,70.637],[-117.513,70.6],[-118.366,70.94],[-118.417,70.981],[-118.33,71.044],[-116.234,71.37],[-115.737,71.37],[-116.197,71.43],[-115.753,71.505],[-115.35,71.455],[-115.114,71.515],[-115.451,71.494],[-115.544,71.514],[-115.426,71.542],[-115.598,71.569],[-117.408,71.384],[-117.329,71.469],[-117.546,71.508],[-117.633,71.473],[-117.471,71.439],[-117.508,71.383],[-117.988,71.377],[-118.234,71.395],[-118.301,71.472],[-117.659,71.564],[-117.948,71.606],[-117.744,71.67],[-118.412,71.579],[-118.381,71.628],[-118.473,71.659],[-118.824,71.668],[-118.885,71.584],[-119.072,71.667],[-119.122,71.772],[-119.047,71.919],[-118.575,72.169],[-118.089,72.236],[-118.108,72.334],[-118.538,72.393],[-118.498,72.504],[-118.154,72.643],[-117.318,72.925],[-114.703,73.373],[-114.18,73.318],[-113.941,73.165],[-113.944,73.029],[-114.025,72.974],[-113.93,72.824],[-114.325,72.757],[-114.192,72.698],[-114.597,72.611],[-114.525,72.576],[-113.425,72.675],[-113.401,72.745],[-113.601,72.774],[-113.104,73.009],[-111.186,72.727],[-111.28,72.687],[-111.19,72.712],[-111.182,72.625],[-111.468,72.506],[-111.428,72.469],[-111.975,72.356],[-112.04,72.276],[-111.688,72.357],[-111.586,72.332],[-111.743,72.308],[-111.673,72.276],[-111.462,72.316],[-111.388,72.352],[-111.579,72.375],[-111.221,72.469],[-111.353,72.339],[-111.207,72.367],[-111.009,72.282],[-111.072,72.396],[-110.934,72.487],[-110.736,72.474],[-110.817,72.507],[-110.683,72.575],[-110.438,72.551],[-110.656,72.518],[-110.294,72.426],[-110.525,72.508],[-110.355,72.561],[-110.031,72.429],[-109.746,72.429],[-110.238,72.556],[-109.781,72.48],[-109.906,72.597],[-110.293,72.673],[-110.072,72.73],[-109.824,72.659],[-109.845,72.71],[-109.734,72.724],[-110.234,72.729],[-110.136,72.77],[-110.174,72.818],[-110.506,72.846],[-110.727,72.962],[-110.398,73.012],[-109.614,72.925],[-109.716,72.885],[-109.366,72.747],[-109.126,72.764],[-108.883,72.67],[-109.008,72.65],[-109.012,72.569],[-108.584,72.55],[-108.64,72.331],[-108.495,72.14],[-108.365,72.162],[-108.398,72.011],[-108.261,71.953],[-108.338,71.937],[-108.151,71.965],[-108.28,71.874],[-108.271,71.792],[-108.144,71.764],[-108.225,71.731],[-107.755,71.603],[-107.703,71.63],[-107.815,71.726],[-107.247,71.811],[-107.464,71.886],[-107.206,71.926],[-107.409,71.933],[-107.621,72.032],[-107.584,72.081],[-107.671,72.115],[-107.615,72.125],[-107.768,72.162],[-107.833,72.309],[-107.714,72.312],[-107.869,72.432],[-107.764,72.454],[-107.951,72.512],[-107.834,72.577],[-107.987,72.632],[-107.921,72.638],[-108.126,72.885],[-108.087,72.98],[-108.208,73.045],[-108.096,73.054],[-108.217,73.086],[-108.246,73.173],[-107.868,73.194],[-108.099,73.272],[-107.966,73.315],[-108,73.352],[-107.019,73.169],[-106.926,73.181],[-107.09,73.23],[-107.021,73.307],[-106.444,73.227],[-106.197,73.082],[-105.767,73.03],[-105.817,73.002],[-105.642,72.899],[-105.561,72.886],[-105.609,72.954],[-105.281,72.826],[-105.533,72.865],[-105.307,72.777],[-105.354,72.733],[-105.495,72.803],[-105.375,72.727],[-105.432,72.698],[-105.271,72.654],[-105.331,72.632],[-105.201,72.443],[-105.294,72.468],[-104.958,72.194],[-104.975,72.078],[-104.779,71.966],[-104.795,71.901],[-104.88,71.966],[-104.784,71.86],[-104.301,71.597],[-104.362,71.509],[-104.264,71.356],[-104.482,71.347],[-104.415,71.199],[-104.615,71.128],[-104.487,71.029],[-104.06,70.925],[-103.992,70.763],[-103.697,70.716],[-103.534,70.588],[-103.29,70.608],[-102.884,70.499],[-103.103,70.59],[-103.133,70.668],[-103.01,70.686],[-102.802,70.6],[-102.842,70.51],[-102.217,70.399],[-101.878,70.253],[-101.686,70.313],[-101.521,70.27],[-101.644,70.234],[-101.51,70.111],[-101.321,70.154],[-101.366,70.207],[-101.192,70.131],[-101.089,70.215],[-100.982,70.188],[-100.875,69.963],[-100.922,69.927],[-100.846,69.88],[-100.94,69.747],[-100.901,69.696],[-101.06,69.655],[-101.306,69.672],[-101.435,69.794],[-101.435,69.935],[-101.654,69.674],[-101.925,69.744],[-102.035,69.941],[-102.101,69.823],[-102.204,69.923],[-102.215,69.848],[-102.327,69.848],[-102.275,69.808],[-102.329,69.758],[-102.377,69.829],[-102.496,69.749],[-102.665,69.772],[-102.47,69.697],[-102.495,69.559],[-102.792,69.527],[-103.278,69.709],[-103.522,69.705],[-103.443,69.693],[-103.467,69.615],[-103.171,69.581],[-103.131,69.423],[-103.066,69.543],[-102.996,69.495],[-103.009,69.26],[-103.233,69.188],[-103.176,69.104],[-102.835,69.397],[-102.489,69.416],[-102.469,69.487],[-102.291,69.516],[-101.915,69.413],[-102.071,69.352],[-102.02,69.25],[-102.17,69.29],[-102.213,69.219],[-102.07,69.182],[-101.899,69.279],[-101.709,69.16],[-101.849,69.055],[-101.772,69.008],[-102.394,68.963],[-102.517,68.862],[-102.732,68.905],[-102.694,68.845],[-102.899,68.796],[-103.134,68.848],[-103.421,68.778],[-104.152,68.87],[-104.35,68.973],[-104.531,68.864],[-105.125,68.896],[-105.244,68.967],[-104.884,69.084],[-106.381,69.176],[-106.4,69.239],[-106.244,69.287],[-106.306,69.404],[-106.594,69.495],[-106.734,69.384],[-106.952,69.358],[-106.917,69.224],[-107.348,69.014],[-108.615,68.945],[-108.517,68.89],[-109.011,68.729],[-110.325,68.578],[-110.465,68.652],[-110.947,68.552],[-111.029,68.571],[-110.851,68.622],[-111.315,68.599],[-111.398,68.581],[-111.17,68.525],[-113.261,68.47],[-113.014,68.522],[-113.344,68.598],[-113.664,68.815],[-113.554,68.999]]]}},{"type":"Feature","properties":{},"geometry":{"type":"Polygon","coordinates":[[[0,50.788],[-0.548,50.807],[-0.793,50.72],[-0.918,50.778],[-0.813,50.83],[-1.178,50.844],[-1.145,50.771],[-1.48,50.916],[-1.343,50.784],[-1.552,50.704],[-2.043,50.73],[-2.082,50.687],[-1.949,50.68],[-1.953,50.594],[-2.427,50.634],[-2.457,50.513],[-2.793,50.716],[-3.36,50.605],[-3.477,50.687],[-3.426,50.607],[-3.584,50.538],[-3.497,50.537],[-3.481,50.46],[-3.561,50.424],[-3.483,50.398],[-3.556,50.337],[-3.66,50.391],[-3.564,50.334],[-3.643,50.219],[-3.768,50.219],[-3.777,50.279],[-3.818,50.213],[-3.935,50.329],[-4.052,50.292],[-4.214,50.397],[-4.166,50.345],[-4.223,50.309],[-4.757,50.331],[-4.801,50.218],[-5.01,50.136],[-5.016,50.24],[-5.108,50.205],[-5.041,50.142],[-5.209,50.09],[-5.059,50.049],[-5.204,49.957],[-5.49,50.126],[-5.716,50.062],[-5.676,50.164],[-5.437,50.177],[-5.156,50.346],[-5.038,50.548],[-4.843,50.52],[-4.937,50.587],[-4.798,50.597],[-4.564,50.781],[-4.528,51.021],[-4.343,50.988],[-4.068,51.078],[-4.217,51.074],[-4.231,51.187],[-3.785,51.245],[-3.057,51.177],[-2.979,51.387],[-2.689,51.486],[-2.384,51.757],[-2.434,51.811],[-2.348,51.798],[-2.441,51.811],[-2.404,51.772],[-2.712,51.58],[-2.907,51.53],[-2.983,51.582],[-3.17,51.404],[-3.403,51.38],[-3.722,51.479],[-3.832,51.629],[-4.307,51.56],[-4.245,51.648],[-4.083,51.658],[-4.331,51.679],[-4.335,51.798],[-4.95,51.595],[-5.126,51.68],[-4.89,51.717],[-5.178,51.68],[-5.256,51.736],[-5.111,51.774],[-5.128,51.853],[-5.321,51.861],[-5.07,52.032],[-4.828,52.021],[-4.732,52.118],[-4.204,52.265],[-4.059,52.532],[-3.937,52.553],[-4.131,52.608],[-3.964,52.739],[-4.151,52.808],[-4.148,52.895],[-4.058,52.923],[-4.395,52.894],[-4.53,52.777],[-4.769,52.795],[-4.354,53.034],[-4.199,53.212],[-3.853,53.296],[-3.817,53.244],[-3.877,53.34],[-3.607,53.292],[-3.313,53.356],[-3.078,53.233],[-3.206,53.389],[-3.045,53.442],[-2.883,53.293],[-2.681,53.355],[-2.89,53.335],[-3.108,53.546],[-2.981,53.696],[-2.827,53.715],[-3.031,53.742],[-3.059,53.846],[-3.051,53.922],[-2.968,53.86],[-2.999,53.931],[-2.851,53.964],[-2.926,54.032],[-2.791,54.127],[-2.864,54.18],[-2.799,54.24],[-2.932,54.148],[-3.052,54.227],[-3.152,54.061],[-3.263,54.159],[-3.216,54.252],[-3.326,54.189],[-3.406,54.347],[-3.643,54.508],[-3.404,54.867],[-3.053,54.982],[-3.587,55.008],[-3.598,54.872],[-3.823,54.888],[-3.828,54.82],[-3.977,54.766],[-4.4,54.916],[-4.434,54.868],[-4.341,54.801],[-4.393,54.675],[-4.857,54.869],[-4.959,54.802],[-4.857,54.631],[-5.146,54.855],[-5.171,55],[-5,54.912],[-5.063,55.032],[-4.999,55.139],[-4.622,55.495],[-4.686,55.616],[-4.909,55.697],[-4.884,55.942],[-4.428,55.903],[-4.702,55.966],[-4.835,56.08],[-4.767,55.987],[-4.856,55.987],[-4.881,56.061],[-4.752,56.207],[-4.863,56.1],[-4.918,56.166],[-4.896,55.987],[-4.966,55.993],[-4.909,55.963],[-4.979,55.862],[-5.125,56.009],[-5.076,55.898],[-5.193,55.98],[-5.206,55.827],[-5.354,55.899],[-5.204,56.129],[-4.988,56.24],[-5.383,56.003],[-5.443,56.032],[-5.317,55.773],[-5.453,55.706],[-5.461,55.575],[-5.604,55.426],[-5.517,55.364],[-5.806,55.303],[-5.679,55.683],[-5.441,55.856],[-5.612,55.76],[-5.673,55.806],[-5.576,55.935],[-5.684,55.929],[-5.567,56.04],[-5.719,55.951],[-5.531,56.076],[-5.504,56.188],[-5.618,56.132],[-5.486,56.255],[-5.599,56.249],[-5.579,56.333],[-5.446,56.363],[-5.541,56.358],[-5.465,56.447],[-5.195,56.447],[-5.044,56.565],[-5.202,56.453],[-5.407,56.457],[-5.474,56.481],[-5.428,56.529],[-5.246,56.552],[-5.416,56.539],[-5.328,56.648],[-5.004,56.712],[-5.247,56.702],[-5.089,56.833],[-5.337,56.859],[-5.123,56.824],[-5.687,56.496],[-6.007,56.649],[-5.54,56.687],[-6.229,56.726],[-5.754,56.782],[-5.859,56.833],[-5.673,56.875],[-5.924,56.889],[-5.851,56.9],[-5.832,57.007],[-5.509,56.994],[-5.781,57.045],[-5.72,57.119],[-5.388,57.108],[-5.692,57.162],[-5.598,57.26],[-5.392,57.233],[-5.733,57.283],[-5.444,57.422],[-5.823,57.364],[-5.843,57.576],[-5.513,57.541],[-5.817,57.639],[-5.674,57.7],[-5.812,57.749],[-5.814,57.855],[-5.683,57.868],[-5.618,57.768],[-5.62,57.925],[-5.22,57.843],[-5.358,57.939],[-5.073,57.819],[-5.224,57.924],[-5.178,57.953],[-5.459,58.076],[-5.303,58.065],[-5.244,58.149],[-5.378,58.265],[-4.923,58.257],[-5.183,58.352],[-5.14,58.414],[-5.031,58.381],[-5.114,58.414],[-5.078,58.453],[-4.991,58.427],[-5.126,58.491],[-5.003,58.628],[-4.829,58.598],[-4.812,58.517],[-4.793,58.602],[-4.654,58.552],[-4.752,58.448],[-4.58,58.583],[-4.437,58.557],[-4.477,58.445],[-4.02,58.604],[-3.022,58.643],[-3.134,58.505],[-3.051,58.45],[-3.208,58.312],[-4.005,57.934],[-4.083,57.957],[-4.012,57.861],[-4.356,57.885],[-4.05,57.815],[-3.773,57.865],[-3.977,57.693],[-4.283,57.681],[-4.444,57.575],[-3.997,57.68],[-4.089,57.574],[-4.438,57.486],[-4.183,57.485],[-4.058,57.591],[-3.345,57.725],[-3.037,57.665],[-2.003,57.7],[-1.819,57.611],[-1.768,57.471],[-1.994,57.331],[-2.231,56.864],[-2.539,56.718],[-2.436,56.701],[-2.539,56.567],[-2.737,56.462],[-3.378,56.381],[-2.813,56.446],[-2.911,56.353],[-2.596,56.268],[-2.968,56.207],[-3.398,56.007],[-3.838,56.1],[-3.683,56.006],[-3.068,55.946],[-2.68,56.061],[-2.138,55.916],[-2.029,55.768],[-1.641,55.582],[-1.609,55.344],[-1.498,55.185],[-1.572,55.165],[-1.356,54.964],[-1.301,54.766],[-1.176,54.697],[-1.213,54.581],[-1.137,54.649],[-0.567,54.48],[-0.364,54.246],[-0.078,54.12],[-0.216,54.026],[0.134,53.647],[0.11,53.571],[0.108,53.63],[-0.103,53.634],[-0.265,53.743],[-0.781,53.696],[-0.701,53.699],[-0.717,53.637],[-0.627,53.713],[-0.293,53.714],[0.167,53.479],[0.322,53.272],[0.336,53.095],[-0.008,52.885],[0.375,52.783],[0.545,52.977],[0.983,52.98],[1.302,52.934],[1.694,52.73],[1.766,52.478],[1.581,52.085],[1.32,51.93],[1.168,52.03],[1.279,51.956],[1.061,51.95],[1.291,51.947],[1.201,51.882],[1.294,51.871],[1.236,51.816],[1.043,51.768],[0.97,51.849],[0.921,51.796],[0.99,51.785],[0.693,51.727],[0.937,51.743],[0.938,51.633],[0.86,51.618],[0.955,51.618],[0.785,51.52],[0.254,51.466],[0.693,51.474],[0.524,51.39],[0.698,51.38],[0.75,51.446],[0.906,51.415],[0.907,51.353],[0.753,51.388],[0.897,51.34],[1.427,51.393],[1.354,51.308],[1.394,51.153],[1.039,51.048],[0.975,50.91],[0.77,50.934],[0.24,50.732],[0,50.788]]]}},{"type":"Feature","properties":{},"geometry":{"type":"Polygon","coordinates":[[[-77.088,83.126],[-72.56,83.199],[-71.054,83.095],[-69.623,83.108],[-69.348,83.07],[-69.718,83.092],[-69.635,83.075],[-69.752,83.046],[-69.457,83.032],[-69.707,82.985],[-69,83.033],[-66.686,82.955],[-66.371,82.892],[-68.589,82.623],[-66.688,82.704],[-65.72,82.849],[-65.14,82.753],[-65.418,82.789],[-65.036,82.846],[-65.252,82.883],[-64.88,82.91],[-64.652,82.896],[-64.907,82.86],[-64.413,82.755],[-63.566,82.833],[-63.446,82.758],[-63.984,82.711],[-62.945,82.577],[-63.126,82.54],[-63.08,82.504],[-63.2,82.467],[-63.088,82.461],[-63.418,82.433],[-62.262,82.529],[-61.511,82.471],[-61.11,82.359],[-61.174,82.225],[-63.84,81.788],[-64.3,81.81],[-64.063,81.757],[-64.335,81.711],[-65.31,81.757],[-66.058,81.693],[-65.283,81.688],[-65.815,81.621],[-68.277,81.558],[-69.293,81.708],[-68.361,81.544],[-68.78,81.519],[-66.617,81.515],[-70.182,81.177],[-69.586,81.179],[-70.016,81.082],[-69.289,81.201],[-65.505,81.503],[-64.65,81.552],[-64.418,81.497],[-64.593,81.404],[-65.515,81.247],[-66.009,81.23],[-66.825,80.998],[-67.613,80.937],[-67.533,80.883],[-68.977,80.611],[-68.867,80.596],[-69.492,80.37],[-70.211,80.339],[-70.193,80.43],[-70.796,80.558],[-70.332,80.408],[-70.454,80.343],[-69.905,80.259],[-70.109,80.188],[-71.62,80.104],[-72.364,80.218],[-71.831,80.106],[-72.278,80.059],[-70.456,80.091],[-70.649,79.991],[-71.396,79.929],[-70.852,79.882],[-71.083,79.785],[-72.26,79.649],[-72.943,79.708],[-73.065,79.799],[-72.899,79.815],[-74.247,79.886],[-74.889,79.839],[-73.317,79.767],[-73.381,79.744],[-73.121,79.624],[-73.175,79.591],[-73.107,79.54],[-73.201,79.517],[-73.967,79.547],[-73.906,79.464],[-74.188,79.431],[-75.085,79.5],[-74.854,79.407],[-75.161,79.369],[-77.101,79.544],[-77.197,79.523],[-77.15,79.495],[-76.212,79.457],[-75.837,79.34],[-76.858,79.346],[-77.113,79.461],[-77.386,79.443],[-77.154,79.323],[-78.046,79.352],[-77.304,79.266],[-77.591,79.236],[-74.498,79.231],[-74.796,79.163],[-74.385,79.051],[-74.559,79.013],[-75.74,79.07],[-75.85,79.101],[-75.743,79.165],[-75.978,79.2],[-78.247,79.167],[-76.57,79.148],[-76.081,79.077],[-77.483,79.016],[-78.863,79.065],[-77.664,79.016],[-78.216,78.825],[-78.267,78.777],[-78.17,78.763],[-77.575,78.98],[-76.694,79.028],[-75.716,78.972],[-76.429,78.841],[-75.643,78.893],[-74.795,78.833],[-74.724,78.794],[-74.845,78.789],[-74.697,78.771],[-74.772,78.74],[-74.677,78.705],[-74.815,78.638],[-74.576,78.587],[-75.459,78.507],[-76.63,78.524],[-75.398,78.43],[-75.005,78.326],[-75.631,78.197],[-76.883,78.213],[-75.582,78.128],[-75.865,77.958],[-76.242,78.013],[-76.959,77.891],[-78.182,77.974],[-78.405,77.905],[-77.96,77.797],[-78.026,77.727],[-77.975,77.701],[-78.077,77.671],[-77.696,77.598],[-77.985,77.548],[-78.012,77.465],[-78.296,77.379],[-78.728,77.314],[-78.868,77.31],[-78.778,77.387],[-79.19,77.289],[-80.764,77.328],[-81.312,77.427],[-81.961,77.684],[-81.94,77.614],[-81.665,77.534],[-81.794,77.439],[-81.148,77.329],[-82.211,77.299],[-81.799,77.175],[-81.112,77.287],[-80.08,77.2],[-80.374,77.072],[-79.717,77.241],[-79.29,77.222],[-79.011,77.15],[-79.097,77.133],[-79.005,77.088],[-79.428,76.939],[-78.886,76.928],[-78.961,76.843],[-78.758,76.817],[-78.764,76.883],[-78.415,76.996],[-78.005,76.992],[-77.842,76.887],[-77.908,76.86],[-77.742,76.82],[-77.848,76.693],[-77.789,76.672],[-78.069,76.63],[-78.39,76.457],[-78.622,76.492],[-78.575,76.574],[-78.813,76.572],[-79.293,76.301],[-81.066,76.132],[-80.969,76.191],[-81.103,76.215],[-80.757,76.417],[-81.256,76.494],[-81.226,76.549],[-81.471,76.468],[-82.096,76.514],[-82.005,76.582],[-82.112,76.609],[-81.782,76.689],[-82.302,76.636],[-82.74,76.825],[-82.495,76.641],[-82.119,76.571],[-82.246,76.51],[-82.136,76.442],[-82.267,76.394],[-83.04,76.433],[-83.134,76.465],[-83.054,76.501],[-83.187,76.62],[-83.415,76.671],[-83.397,76.762],[-83.541,76.683],[-83.239,76.57],[-83.171,76.493],[-83.263,76.459],[-83.199,76.414],[-83.736,76.431],[-84.054,76.531],[-84.096,76.626],[-84.319,76.656],[-84.144,76.612],[-84.266,76.54],[-84.148,76.477],[-84.222,76.447],[-84.642,76.434],[-85.074,76.554],[-84.98,76.422],[-84.383,76.316],[-85.247,76.279],[-86.395,76.388],[-86.401,76.469],[-86.207,76.522],[-86.61,76.642],[-86.283,76.521],[-86.645,76.473],[-86.686,76.343],[-87.445,76.457],[-87.379,76.511],[-87.494,76.534],[-87.447,76.586],[-87.528,76.628],[-87.576,76.528],[-87.489,76.496],[-87.548,76.449],[-87.402,76.353],[-87.612,76.336],[-87.794,76.412],[-87.895,76.358],[-88.419,76.399],[-88.327,76.491],[-88.517,76.622],[-88.462,76.662],[-88.559,76.736],[-88.48,76.82],[-88.708,76.715],[-88.571,76.634],[-88.643,76.591],[-88.49,76.559],[-88.595,76.4],[-88.711,76.412],[-88.59,76.484],[-88.684,76.601],[-88.898,76.407],[-89.664,76.572],[-89.368,76.726],[-89.527,76.849],[-88.439,77.065],[-88.564,77.095],[-86.616,77.181],[-87.236,77.204],[-86.869,77.264],[-87.233,77.308],[-86.847,77.367],[-87.727,77.362],[-87.783,77.427],[-87.624,77.49],[-88.231,77.655],[-88.144,77.733],[-88.211,77.773],[-88.086,77.802],[-88.229,77.852],[-87.286,77.9],[-86.427,77.84],[-85.964,77.709],[-85.721,77.476],[-85.814,77.419],[-85.543,77.463],[-84.468,77.295],[-84.618,77.383],[-84.562,77.404],[-83.466,77.355],[-83.848,77.463],[-83.238,77.571],[-82.557,77.919],[-82.576,78.027],[-82.298,78.077],[-82.774,78.019],[-82.759,77.922],[-83.693,77.53],[-84.789,77.521],[-84.866,77.577],[-84.433,77.75],[-84.949,77.599],[-85.289,77.67],[-85.245,77.704],[-85.306,77.73],[-84.941,77.846],[-85.41,77.841],[-84.311,77.895],[-85.47,77.863],[-85.694,77.935],[-85.128,78.054],[-84.289,78.079],[-84.801,78.051],[-85.074,78.096],[-84.987,78.176],[-84.009,78.175],[-84.965,78.216],[-84.8,78.334],[-84.593,78.347],[-84.856,78.376],[-84.597,78.595],[-84.849,78.502],[-85.012,78.289],[-85.452,78.102],[-86.269,78.069],[-86.257,78.162],[-85.935,78.234],[-85.821,78.387],[-86.227,78.198],[-86.479,78.219],[-86.694,78.12],[-87.483,78.123],[-87.063,78.205],[-87.504,78.216],[-87.523,78.403],[-87.182,78.542],[-86.826,78.549],[-87.102,78.588],[-86.853,78.739],[-85.078,78.922],[-83.697,78.828],[-82.346,78.568],[-82.216,78.588],[-82.587,78.709],[-82.203,78.733],[-82.825,78.731],[-83.256,78.844],[-81.71,78.86],[-81.636,78.895],[-81.765,78.921],[-81.482,79.057],[-82.539,78.889],[-84.705,79.02],[-84.778,79.07],[-84.506,79.148],[-83.903,79.04],[-83.354,79.054],[-83.991,79.139],[-83.921,79.221],[-84.311,79.188],[-84.487,79.412],[-84.883,79.484],[-85.142,79.646],[-86.454,79.777],[-86.36,79.828],[-86.457,79.851],[-86.415,79.965],[-85.231,79.926],[-86.492,80.017],[-86.626,80.128],[-86.497,80.298],[-83.783,80.247],[-82.094,79.852],[-81.976,79.718],[-81.681,79.687],[-81.617,79.617],[-81.726,79.585],[-81.443,79.64],[-80.598,79.56],[-79.704,79.706],[-80.782,79.646],[-81.515,79.714],[-81.64,79.759],[-81.542,79.815],[-81.667,79.91],[-81.408,79.949],[-82.287,80.048],[-83.194,80.327],[-80.326,80.462],[-80.391,80.5],[-80.196,80.528],[-78.083,80.561],[-79.993,80.613],[-78.19,80.803],[-76.47,80.852],[-77.546,80.915],[-78.968,80.879],[-78.847,80.944],[-78.95,80.979],[-78.434,81.082],[-78.322,81.147],[-78.429,81.161],[-76.707,81.436],[-78.275,81.288],[-78.665,81.175],[-78.727,81.126],[-78.61,81.122],[-79.442,81.198],[-79.026,81.087],[-79.358,81.001],[-79.163,80.967],[-79.256,80.926],[-80.932,80.654],[-83.115,80.54],[-83.069,80.642],[-81.734,80.815],[-83.343,80.678],[-83.562,80.737],[-83.086,80.815],[-83.214,80.839],[-83.783,80.728],[-83.655,80.624],[-83.793,80.542],[-85.134,80.508],[-85.786,80.531],[-85.568,80.622],[-86.062,80.529],[-86.713,80.601],[-85.678,80.966],[-82.306,81.178],[-85.65,81.047],[-87.053,80.716],[-87.158,80.634],[-87.495,80.623],[-89.417,80.912],[-85.754,81.071],[-85.9,81.103],[-85.515,81.186],[-84.643,81.288],[-87.371,81.065],[-89.699,81.006],[-90.12,81.053],[-90.277,81.148],[-90.242,81.194],[-88.874,81.24],[-89.923,81.332],[-88.606,81.514],[-87.211,81.491],[-88.248,81.58],[-90.405,81.362],[-90.806,81.448],[-89.504,81.627],[-90.029,81.609],[-89.912,81.639],[-90.14,81.703],[-90.334,81.685],[-90.23,81.632],[-90.698,81.675],[-91.017,81.526],[-91.398,81.511],[-91.324,81.536],[-91.399,81.585],[-91.902,81.609],[-91.781,81.641],[-91.891,81.658],[-90.578,81.878],[-89.612,81.908],[-89.742,81.897],[-89.23,81.783],[-89.322,81.821],[-89.117,81.896],[-89.369,81.902],[-89.245,81.941],[-88.876,81.816],[-88.791,81.861],[-89.043,81.983],[-87.966,82.124],[-87.322,82.063],[-87.103,82.004],[-87.233,81.95],[-86.775,81.886],[-87.166,81.957],[-86.799,81.987],[-86.988,82.025],[-86.817,82.051],[-86.025,82.019],[-85.375,81.851],[-85.69,82.001],[-85.153,81.998],[-84.754,81.874],[-85.029,81.975],[-84.869,81.996],[-84.503,81.881],[-84.807,82.015],[-86.626,82.119],[-86.86,82.198],[-86.067,82.231],[-86.493,82.267],[-86.05,82.251],[-86.172,82.28],[-86.11,82.311],[-86.81,82.288],[-85.879,82.456],[-85.187,82.481],[-84.392,82.454],[-84.631,82.401],[-83.315,82.268],[-82.609,82.28],[-80.842,82.029],[-80.42,82.041],[-80.972,82.121],[-80.762,82.154],[-82.634,82.358],[-82.691,82.395],[-82.551,82.479],[-82.258,82.527],[-82.376,82.588],[-82.276,82.655],[-82.357,82.675],[-81.815,82.792],[-79.378,82.972],[-79.067,82.949],[-79.184,82.938],[-79.065,82.889],[-78.915,82.957],[-78.107,82.949],[-78.436,82.878],[-78.028,82.808],[-78.276,82.866],[-78.009,82.855],[-78.084,82.881],[-77.942,82.92],[-78.109,82.924],[-77.692,82.951],[-77.58,83.065],[-77.088,83.126]]]}},{"type":"Feature","properties":{},"geometry":{"type":"Polygon","coordinates":[[[119.478,-5],[119.529,-4.897],[119.48,-4.753],[119.635,-4.304],[119.635,-3.964],[119.587,-4.044],[119.452,-3.729],[119.51,-3.556],[119.29,-3.429],[118.931,-3.57],[118.774,-3.105],[118.883,-2.89],[118.762,-2.873],[118.753,-2.777],[118.818,-2.62],[118.912,-2.665],[119.143,-2.472],[119.213,-1.994],[119.359,-1.898],[119.29,-1.698],[119.335,-1.17],[119.732,-0.643],[119.876,-0.86],[119.762,-0.491],[119.814,-0.136],[119.707,-0.136],[119.609,-0.008],[119.672,0.023],[119.841,-0.099],[119.88,0.09],[119.777,0.221],[119.909,0.232],[119.85,0.358],[119.908,0.486],[120.055,0.525],[120.044,0.722],[120.24,0.799],[120.283,0.986],[120.355,0.985],[120.329,0.858],[120.399,0.801],[120.598,0.762],[120.643,0.95],[120.815,1.049],[120.815,1.331],[120.908,1.36],[121.259,1.227],[121.466,1.303],[121.439,1.148],[121.661,1.025],[121.922,1.101],[121.977,1.021],[122.443,1.033],[122.843,0.808],[122.983,0.979],[123.952,0.845],[124.297,1.011],[124.369,1.175],[124.568,1.18],[124.615,1.254],[124.535,1.356],[124.823,1.462],[124.803,1.574],[124.981,1.755],[125.043,1.676],[125.173,1.688],[125.152,1.582],[125.252,1.507],[125.073,1.363],[124.973,1.07],[124.635,0.788],[124.52,0.472],[124.313,0.401],[123.627,0.268],[123.257,0.311],[123.062,0.515],[122.107,0.497],[121.796,0.409],[121.714,0.521],[121.53,0.551],[121.489,0.473],[121.262,0.49],[121.097,0.404],[120.882,0.41],[120.649,0.537],[120.31,0.419],[120.03,-0.075],[120.06,-0.631],[120.308,-0.963],[120.401,-0.915],[120.531,-1.019],[120.676,-1.411],[120.809,-1.345],[121.093,-1.43],[121.466,-0.893],[121.628,-0.801],[121.703,-0.946],[121.942,-0.99],[122.112,-0.946],[122.202,-0.778],[122.728,-0.81],[122.96,-0.752],[122.718,-0.658],[123.053,-0.561],[123.398,-0.64],[123.46,-0.769],[123.323,-1.053],[123.141,-0.956],[123.099,-0.836],[123.082,-0.897],[122.803,-0.937],[122.377,-1.51],[121.858,-1.67],[121.668,-1.948],[121.567,-1.954],[121.339,-1.775],[121.29,-1.842],[121.36,-1.874],[121.344,-2.004],[121.407,-1.907],[121.558,-2.177],[121.678,-2.175],[121.826,-2.303],[122.009,-2.713],[122.313,-2.907],[122.253,-3.024],[122.484,-3.174],[122.424,-3.275],[122.324,-3.231],[122.276,-3.308],[122.381,-3.454],[122.329,-3.369],[122.238,-3.383],[122.303,-3.466],[122.199,-3.6],[122.448,-3.751],[122.522,-3.889],[122.668,-3.897],[122.53,-3.977],[122.663,-4.012],[122.68,-4.155],[122.835,-4.155],[122.762,-4.063],[122.855,-4.073],[122.885,-4.413],[122.83,-4.447],[122.68,-4.326],[122.745,-4.51],[122.587,-4.397],[122.188,-4.466],[122.026,-4.64],[122.122,-4.818],[122.007,-4.899],[121.543,-4.77],[121.469,-4.609],[121.609,-4.062],[121.342,-3.986],[120.903,-3.568],[120.87,-3.428],[121.075,-3.202],[121.093,-3.016],[121.076,-2.861],[120.97,-2.808],[121.093,-2.716],[121.015,-2.632],[120.992,-2.682],[120.754,-2.623],[120.185,-2.972],[120.253,-3.162],[120.422,-3.269],[120.378,-3.504],[120.441,-3.742],[120.323,-4.099],[120.393,-4.337],[120.345,-4.428],[120.457,-4.66],[120.303,-4.871],[120.263,-5.142],[120.47,-5.625],[120.318,-5.511],[120.114,-5.592],[119.93,-5.55],[119.788,-5.706],[119.56,-5.655],[119.508,-5.541],[119.44,-5.601],[119.35,-5.328],[119.478,-5]]]}},{"type":"Feature","properties":{},"geometry":{"type":"Polygon","coordinates":[[[170,-46.255],[169.807,-46.337],[169.824,-46.451],[169.59,-46.58],[169.01,-46.679],[168.852,-46.662],[168.784,-46.559],[168.482,-46.612],[168.348,-46.536],[168.329,-46.626],[168.224,-46.517],[168.384,-46.484],[168.337,-46.419],[168.275,-46.5],[168.12,-46.344],[167.782,-46.388],[167.651,-46.168],[167.407,-46.151],[167.358,-46.24],[167.218,-46.261],[166.676,-46.21],[166.618,-46.144],[166.922,-45.928],[166.568,-46.095],[166.621,-45.99],[166.773,-45.949],[166.645,-45.949],[166.71,-45.86],[166.462,-46.011],[166.43,-45.859],[166.98,-45.72],[166.729,-45.73],[166.969,-45.608],[166.734,-45.667],[166.73,-45.597],[166.991,-45.564],[166.885,-45.543],[167.016,-45.493],[166.677,-45.58],[166.755,-45.403],[166.875,-45.422],[166.774,-45.378],[166.808,-45.314],[167.033,-45.352],[166.922,-45.427],[167.071,-45.365],[167.12,-45.438],[167.062,-45.508],[167.168,-45.466],[167.008,-45.315],[167.193,-45.322],[167.173,-45.254],[167.017,-45.284],[166.974,-45.143],[167.147,-45.18],[167.026,-45.098],[167.09,-45.052],[167.169,-45.155],[167.129,-45.006],[167.31,-45.053],[167.139,-44.988],[167.33,-44.845],[167.435,-44.995],[167.363,-44.825],[167.486,-44.776],[167.527,-44.876],[167.497,-44.755],[167.753,-44.584],[167.923,-44.67],[167.82,-44.603],[167.818,-44.499],[168.1,-44.327],[168.055,-44.261],[168.37,-44.011],[168.623,-43.96],[168.714,-44.029],[169.034,-43.84],[169.222,-43.973],[169.295,-43.939],[169.167,-43.951],[169.044,-43.835],[169.394,-43.636],[169.477,-43.705],[169.436,-43.635],[169.583,-43.635],[169.73,-43.496],[169.805,-43.575],[169.735,-43.493],[169.777,-43.446],[169.953,-43.492],[169.793,-43.422],[170.052,-43.295],[170.148,-43.368],[170.057,-43.286],[170.261,-43.12],[170.382,-43.166],[170.262,-43.111],[170.404,-43.055],[170.467,-43.11],[170.422,-43.037],[170.594,-43.084],[170.628,-43.172],[170.611,-43.083],[170.438,-43.037],[170.658,-42.958],[170.749,-43.101],[170.665,-42.954],[171.144,-42.565],[171.462,-41.752],[171.718,-41.721],[171.878,-41.61],[172.11,-41.271],[172.134,-40.852],[172.536,-40.584],[172.513,-40.632],[172.623,-40.595],[172.553,-40.573],[172.649,-40.506],[173.046,-40.563],[172.757,-40.518],[172.655,-40.66],[172.81,-40.829],[172.993,-40.781],[173.001,-40.873],[173.064,-40.858],[173.001,-41.148],[173.195,-41.333],[173.595,-41.051],[173.668,-41.11],[173.837,-40.926],[173.853,-40.992],[174.026,-40.914],[173.775,-41.022],[173.763,-41.119],[173.952,-41.063],[173.781,-41.154],[173.867,-41.177],[173.76,-41.268],[173.822,-41.294],[173.927,-41.227],[173.863,-41.22],[174.122,-41.171],[173.872,-41.21],[173.935,-41.085],[173.966,-41.151],[174.045,-41.108],[174.05,-41.023],[173.935,-41.041],[173.972,-40.985],[174.108,-41.054],[174.097,-40.997],[174.232,-40.986],[174.17,-41.044],[174.218,-41.072],[174.315,-40.996],[174.223,-41.144],[174.149,-41.111],[174.189,-41.196],[173.907,-41.281],[174.319,-41.215],[174.24,-41.321],[174.123,-41.354],[174.19,-41.295],[174.117,-41.3],[174.03,-41.449],[174.179,-41.706],[174.279,-41.742],[173.695,-42.361],[173.719,-42.427],[173.54,-42.47],[173.322,-42.885],[173.082,-43.055],[172.779,-43.128],[172.694,-43.28],[172.712,-43.393],[172.649,-43.417],[172.713,-43.399],[172.705,-43.562],[172.81,-43.589],[172.652,-43.64],[173.052,-43.654],[173.133,-43.748],[173.105,-43.837],[172.972,-43.889],[172.932,-43.754],[172.933,-43.905],[172.713,-43.829],[172.217,-43.901],[172.173,-43.799],[171.669,-43.524],[172.213,-43.903],[171.809,-44.056],[171.787,-44.005],[171.804,-44.057],[171.525,-44.184],[171.322,-44.005],[171.521,-44.186],[171.328,-44.271],[171.217,-44.5],[171.133,-44.463],[171.211,-44.506],[171.151,-44.932],[170.886,-44.892],[171.143,-44.949],[170.865,-45.243],[170.835,-45.475],[170.573,-45.721],[170.719,-45.788],[170.51,-45.889],[170.729,-45.775],[170.683,-45.848],[170.752,-45.871],[170.307,-45.96],[170.186,-46.043],[170.175,-46.157],[170,-46.255]]]}},{"type":"Feature","properties":{},"geometry":{"type":"Polygon","coordinates":[[[114,-8.59],[113.217,-8.28],[112.649,-8.448],[111.838,-8.259],[111.748,-8.344],[111.713,-8.29],[111.701,-8.385],[111.428,-8.26],[110.708,-8.202],[110.235,-7.948],[109.409,-7.776],[109.386,-7.716],[108.963,-7.713],[109.042,-7.786],[108.788,-7.74],[108.798,-7.679],[108.895,-7.711],[108.863,-7.61],[108.67,-7.731],[108.52,-7.698],[108.443,-7.823],[107.843,-7.74],[107.398,-7.495],[106.402,-7.385],[106.37,-7.238],[106.545,-7.053],[106.505,-6.965],[106.306,-6.997],[105.981,-6.815],[105.257,-6.846],[105.207,-6.752],[105.368,-6.646],[105.465,-6.828],[105.648,-6.482],[105.798,-6.489],[105.851,-6.146],[106.038,-5.875],[106.175,-6.031],[106.269,-5.939],[106.475,-6.051],[106.685,-6.013],[106.841,-6.124],[107.019,-6.078],[107.026,-5.91],[107.343,-5.97],[107.656,-6.253],[107.855,-6.18],[108.127,-6.335],[108.217,-6.226],[108.303,-6.24],[108.541,-6.484],[108.602,-6.768],[108.754,-6.819],[108.826,-6.764],[108.932,-6.841],[109.013,-6.765],[109.277,-6.875],[109.483,-6.788],[109.888,-6.917],[110.198,-6.851],[110.407,-6.952],[110.722,-6.446],[111.029,-6.416],[111.217,-6.69],[111.377,-6.704],[111.492,-6.62],[111.727,-6.772],[111.972,-6.767],[112.117,-6.9],[112.539,-6.91],[112.547,-6.843],[112.66,-7.208],[112.768,-7.198],[112.841,-7.313],[112.843,-7.588],[113.156,-7.746],[113.763,-7.739],[114.038,-7.605],[114.114,-7.71],[114.438,-7.789],[114.35,-8.523],[114.387,-8.446],[114.438,-8.632],[114.568,-8.659],[114.593,-8.753],[114.345,-8.744],[114.37,-8.674],[114.248,-8.585],[114.05,-8.65],[114,-8.59]]]}},{"type":"Feature","properties":{},"geometry":{"type":"Polygon","coordinates":[[[174.937,-41.003],[175.256,-40.498],[175.189,-40.147],[174.99,-39.951],[175.058,-39.939],[174.559,-39.82],[174.299,-39.628],[173.95,-39.541],[173.795,-39.417],[173.753,-39.277],[174.032,-39.054],[174.393,-38.995],[174.594,-38.819],[174.636,-38.388],[174.715,-38.313],[174.685,-38.114],[174.777,-38.089],[174.827,-38.157],[174.918,-38.092],[174.784,-38.086],[174.896,-37.965],[174.798,-38.007],[174.762,-37.859],[174.975,-37.798],[174.937,-37.734],[174.84,-37.797],[174.705,-37.436],[174.775,-37.347],[174.69,-37.353],[174.539,-37.056],[174.659,-37.045],[174.705,-37.22],[174.693,-37.138],[174.932,-37.056],[174.745,-36.997],[174.832,-36.94],[174.777,-36.924],[174.489,-37.046],[174.422,-36.815],[174.155,-36.45],[174.236,-36.424],[174.383,-36.565],[174.349,-36.617],[174.448,-36.647],[174.429,-36.347],[174.359,-36.41],[174.259,-36.329],[174.51,-36.255],[174.392,-36.29],[174.406,-36.23],[174.309,-36.311],[174.273,-36.258],[174.358,-36.28],[174.403,-36.17],[174.316,-36.226],[174.259,-36.114],[174.184,-36.123],[174.291,-36.216],[174.228,-36.265],[173.913,-36.006],[174.181,-36.333],[174.049,-36.398],[173.95,-36.187],[173.367,-35.549],[173.479,-35.403],[173.385,-35.393],[173.359,-35.526],[173.163,-35.316],[173.211,-35.263],[173.058,-35.197],[173.157,-35.165],[173.159,-35.012],[172.644,-34.48],[172.678,-34.425],[173.048,-34.414],[173.006,-34.516],[172.9,-34.47],[172.86,-34.544],[172.946,-34.53],[172.908,-34.582],[172.963,-34.56],[172.973,-34.63],[172.989,-34.531],[173.175,-34.8],[173.087,-34.762],[173.121,-34.818],[173.281,-34.894],[173.237,-35.015],[173.321,-35.008],[173.287,-34.863],[173.399,-34.783],[173.471,-34.85],[173.371,-34.891],[173.431,-34.99],[173.543,-35.022],[173.561,-34.915],[173.756,-35],[173.685,-35.064],[173.729,-35.094],[173.863,-34.992],[173.964,-35.129],[174.081,-35.121],[174.121,-35.175],[174.006,-35.142],[174.049,-35.196],[173.979,-35.212],[174.071,-35.214],[174.105,-35.348],[174.233,-35.338],[174.118,-35.309],[174.119,-35.244],[174.21,-35.286],[174.332,-35.176],[174.291,-35.279],[174.384,-35.366],[174.314,-35.36],[174.536,-35.581],[174.537,-35.641],[174.445,-35.634],[174.517,-35.631],[174.488,-35.737],[174.572,-35.717],[174.595,-35.858],[174.329,-35.722],[174.32,-35.836],[174.501,-35.839],[174.466,-35.98],[174.591,-36.048],[174.573,-36.14],[174.602,-36.085],[174.824,-36.278],[174.74,-36.335],[174.869,-36.367],[174.713,-36.389],[174.778,-36.439],[174.735,-36.504],[174.692,-36.423],[174.677,-36.598],[174.844,-36.604],[174.712,-36.623],[174.815,-36.83],[174.673,-36.786],[174.658,-36.881],[174.867,-36.844],[174.863,-36.91],[174.903,-36.847],[174.961,-36.93],[175.039,-36.877],[175.078,-36.959],[175.191,-36.933],[175.29,-37],[175.344,-37.21],[175.538,-37.17],[175.576,-37.244],[175.405,-36.858],[175.509,-36.784],[175.43,-36.722],[175.472,-36.629],[175.326,-36.485],[175.495,-36.51],[175.609,-36.756],[175.824,-36.725],[175.667,-36.875],[175.827,-36.862],[175.86,-37.238],[175.992,-37.468],[175.926,-37.582],[176.056,-37.627],[176.04,-37.681],[176.235,-37.714],[176.176,-37.625],[177.143,-37.985],[177.062,-38.004],[177.152,-38.045],[177.157,-37.989],[177.418,-37.98],[177.628,-37.869],[177.73,-37.68],[177.877,-37.675],[177.983,-37.54],[178.316,-37.557],[178.336,-37.629],[178.553,-37.69],[178.387,-37.814],[178.48,-37.782],[178.336,-38.021],[178.294,-38.53],[178.071,-38.71],[177.922,-38.703],[177.975,-38.758],[177.89,-39.039],[178.004,-39.116],[177.867,-39.268],[177.842,-39.06],[177.438,-39.036],[177.044,-39.202],[176.867,-39.486],[176.925,-39.473],[176.969,-39.627],[177.097,-39.646],[176.871,-40.133],[176.663,-40.291],[176.625,-40.492],[176.312,-40.718],[175.965,-41.247],[175.432,-41.575],[175.238,-41.61],[175.218,-41.433],[175.132,-41.36],[174.868,-41.41],[174.9,-41.233],[174.787,-41.266],[174.822,-41.346],[174.615,-41.294],[174.805,-41.111],[174.913,-41.103],[174.84,-41.062],[174.937,-41.003]]]}},{"type":"Feature","properties":{},"geometry":{"type":"Polygon","coordinates":[[[-55.202,46.999],[-55.386,46.868],[-55.545,46.939],[-55.746,46.846],[-55.977,46.916],[-55.975,46.999],[-55.775,47.111],[-55.494,47.141],[-55.313,47.271],[-55.276,47.408],[-54.843,47.556],[-54.877,47.602],[-54.731,47.676],[-55.141,47.575],[-55.128,47.679],[-55.386,47.644],[-55.398,47.722],[-55.476,47.623],[-55.401,47.618],[-55.413,47.48],[-55.586,47.402],[-55.673,47.428],[-55.584,47.58],[-55.775,47.448],[-55.73,47.571],[-55.81,47.454],[-55.941,47.439],[-55.748,47.593],[-56.131,47.464],[-56.174,47.517],[-55.624,47.683],[-55.933,47.657],[-55.739,47.806],[-55.825,47.782],[-55.708,47.895],[-55.804,47.873],[-55.746,47.919],[-55.79,47.964],[-55.843,47.789],[-56.053,47.7],[-56.135,47.735],[-56.019,47.802],[-56.115,47.749],[-56.17,47.871],[-56.17,47.635],[-56.316,47.627],[-56.327,47.788],[-56.327,47.626],[-56.516,47.614],[-56.521,47.718],[-56.529,47.615],[-56.709,47.657],[-56.685,47.578],[-56.778,47.649],[-56.714,47.57],[-56.856,47.527],[-56.871,47.633],[-56.87,47.536],[-57.143,47.575],[-57.187,47.697],[-57.183,47.613],[-57.343,47.587],[-57.283,47.769],[-57.348,47.642],[-57.662,47.597],[-57.914,47.651],[-57.869,47.72],[-57.998,47.664],[-58.027,47.741],[-58.08,47.673],[-58.361,47.651],[-58.252,47.767],[-58.317,47.789],[-58.422,47.64],[-58.527,47.654],[-58.536,47.727],[-58.542,47.64],[-58.629,47.615],[-58.6,47.675],[-58.694,47.602],[-59.168,47.565],[-59.311,47.622],[-59.332,47.818],[-59.274,47.843],[-59.412,47.896],[-58.599,48.425],[-58.275,48.513],[-58.73,48.555],[-59.27,48.467],[-58.769,48.791],[-58.971,48.631],[-58.893,48.559],[-58.842,48.651],[-58.825,48.575],[-58.716,48.563],[-58.408,49.13],[-58.352,49.142],[-58.366,49.055],[-57.893,48.956],[-58.063,48.99],[-58.154,49.12],[-57.853,49.177],[-58.112,49.155],[-57.936,49.241],[-58.218,49.234],[-58.237,49.393],[-57.985,49.561],[-57.897,49.44],[-57.858,49.514],[-57.705,49.456],[-57.89,49.525],[-57.965,49.685],[-57.823,49.868],[-57.663,49.825],[-57.833,49.918],[-57.678,50.023],[-57.376,50.602],[-57.159,50.622],[-57.411,50.702],[-56.974,50.888],[-56.941,50.94],[-57.106,51.017],[-56.908,51.017],[-56.989,51.052],[-56.799,51.136],[-56.724,51.327],[-55.902,51.631],[-55.846,51.616],[-55.899,51.5],[-55.677,51.475],[-55.738,51.59],[-55.422,51.585],[-55.487,51.56],[-55.454,51.492],[-55.534,51.499],[-55.464,51.484],[-55.494,51.373],[-55.584,51.385],[-55.605,51.3],[-56.084,51.363],[-56.021,51.175],[-55.772,51.219],[-55.731,51.093],[-56.098,50.721],[-56.124,50.905],[-56.184,50.882],[-56.132,50.636],[-56.266,50.617],[-56.26,50.52],[-56.363,50.528],[-56.277,50.503],[-56.413,50.377],[-56.511,50.414],[-56.436,50.333],[-56.613,50.128],[-56.749,50.134],[-56.639,50.109],[-56.764,50.025],[-56.774,49.831],[-56.923,49.755],[-56.785,49.699],[-56.871,49.543],[-56.613,49.816],[-56.511,49.822],[-56.579,49.846],[-56.379,49.892],[-56.398,49.965],[-56.16,50.156],[-56.076,50.074],[-56.209,49.925],[-56.027,50.039],[-56.043,49.977],[-55.932,50.039],[-55.778,49.917],[-55.475,49.967],[-56.143,49.699],[-56.045,49.69],[-56.185,49.575],[-55.895,49.715],[-56.014,49.662],[-55.848,49.69],[-55.978,49.576],[-55.824,49.609],[-56.141,49.431],[-55.845,49.531],[-55.731,49.48],[-55.808,49.441],[-55.671,49.471],[-55.748,49.416],[-55.687,49.381],[-55.544,49.493],[-55.583,49.358],[-55.406,49.508],[-55.458,49.421],[-55.333,49.452],[-55.467,49.352],[-55.4,49.384],[-55.402,49.322],[-55.318,49.41],[-55.326,49.305],[-55.251,49.405],[-55.34,49.536],[-55.16,49.545],[-55.134,49.464],[-55.391,49.161],[-55.314,49.093],[-55.396,49.042],[-55.196,49.126],[-55.288,49.095],[-55.314,49.19],[-55.086,49.27],[-55.1,49.362],[-55.028,49.352],[-55.051,49.219],[-54.893,49.292],[-54.857,49.416],[-54.84,49.272],[-54.479,49.57],[-54.566,49.426],[-54.451,49.482],[-54.498,49.256],[-54.377,49.44],[-54.2,49.375],[-54.07,49.482],[-53.504,49.284],[-53.549,49.148],[-53.657,49.133],[-53.604,49.035],[-53.873,49.038],[-53.729,48.999],[-53.907,48.992],[-53.815,48.935],[-54.222,48.765],[-53.855,48.841],[-53.948,48.788],[-53.863,48.779],[-53.911,48.729],[-54.05,48.74],[-53.955,48.718],[-54.037,48.676],[-53.852,48.657],[-53.957,48.672],[-53.846,48.757],[-53.882,48.7],[-53.633,48.653],[-53.948,48.58],[-53.72,48.565],[-53.822,48.545],[-53.772,48.512],[-54.199,48.385],[-54.153,48.335],[-53.829,48.476],[-53.899,48.355],[-53.648,48.54],[-53.746,48.418],[-53.598,48.534],[-53.56,48.487],[-53.651,48.387],[-53.451,48.626],[-53.261,48.522],[-53.086,48.704],[-53.003,48.547],[-53.203,48.351],[-53.372,48.391],[-53.389,48.273],[-53.643,48.174],[-53.963,48.233],[-53.935,48.078],[-53.674,48.06],[-53.958,48.025],[-53.612,48.054],[-53.794,47.774],[-53.943,47.856],[-53.783,47.638],[-53.682,47.688],[-53.676,47.518],[-53.56,47.519],[-53.573,47.627],[-53.515,47.614],[-53.509,47.748],[-53.308,48.005],[-53.071,48.05],[-52.921,48.173],[-52.848,48.101],[-53.082,47.938],[-53.06,47.879],[-53.26,47.669],[-53.176,47.676],[-53.289,47.604],[-53.177,47.606],[-53.283,47.547],[-53.186,47.572],[-53.225,47.457],[-53.17,47.51],[-53.211,47.442],[-53.151,47.462],[-53.13,47.387],[-52.922,47.543],[-52.794,47.81],[-52.654,47.621],[-52.71,47.559],[-52.622,47.524],[-52.751,47.307],[-52.815,47.315],[-52.768,47.288],[-52.834,47.278],[-52.871,47.099],[-52.954,47.094],[-52.852,47.069],[-52.961,47.006],[-52.892,46.977],[-52.959,46.975],[-52.895,46.942],[-52.954,46.933],[-52.953,46.787],[-53.162,46.626],[-53.28,46.743],[-53.405,46.689],[-53.355,46.766],[-53.53,46.615],[-53.625,46.641],[-53.662,46.826],[-53.514,46.98],[-53.659,46.989],[-53.427,47.169],[-53.555,47.126],[-53.553,47.219],[-53.961,46.849],[-54.2,46.821],[-54.02,47.237],[-53.924,47.266],[-54.008,47.317],[-53.892,47.303],[-53.931,47.383],[-53.794,47.439],[-53.925,47.423],[-53.901,47.606],[-54.085,47.879],[-54.101,47.818],[-54.227,47.884],[-54.214,47.78],[-54.462,47.495],[-54.429,47.428],[-54.616,47.361],[-54.409,47.614],[-54.631,47.388],[-54.831,47.363],[-54.783,47.438],[-54.836,47.373],[-54.84,47.431],[-55.06,47.225],[-55.033,47.163],[-55.131,47.19],[-55.077,47.078],[-55.176,47.007],[-55.208,47.093],[-55.202,46.999]]]}},{"type":"Feature","properties":{},"geometry":{"type":"Polygon","coordinates":[[[-75,19.916],[-75.166,19.893],[-75.109,20.06],[-75.18,20.013],[-75.153,19.94],[-75.313,19.881],[-75.607,19.897],[-75.872,19.967],[-75.872,20.028],[-75.962,19.956],[-76.234,19.995],[-77.738,19.842],[-77.583,20.092],[-77.115,20.357],[-77.079,20.504],[-77.25,20.546],[-77.241,20.665],[-78.143,20.759],[-78.49,21.028],[-78.505,21.277],[-78.658,21.538],[-78.78,21.534],[-78.69,21.581],[-78.751,21.637],[-79.215,21.542],[-79.765,21.716],[-79.826,21.667],[-79.868,21.753],[-79.991,21.725],[-80.289,21.897],[-80.458,22.072],[-81.084,22.08],[-81.185,22.28],[-81.218,22.048],[-81.234,22.132],[-81.372,22.063],[-81.39,22.168],[-81.493,22.199],[-81.806,22.174],[-82.16,22.395],[-81.648,22.49],[-81.652,22.575],[-81.863,22.677],[-82.758,22.703],[-83.37,22.2],[-83.901,22.183],[-84.036,21.906],[-84.26,21.895],[-84.509,21.755],[-84.497,21.929],[-84.8,21.812],[-84.952,21.871],[-84.495,22.046],[-84.279,22.004],[-84.265,22.074],[-84.317,22.025],[-84.441,22.195],[-84.399,22.325],[-84.025,22.717],[-83.981,22.67],[-83.439,22.915],[-83.385,22.865],[-83.226,22.995],[-83.163,22.921],[-83.126,22.998],[-82.763,22.981],[-82.272,23.178],[-81.586,23.15],[-81.551,23.038],[-81.142,23.206],[-81.281,23.133],[-81.172,23.025],[-80.994,23.11],[-80.958,23.05],[-80.631,23.092],[-80.262,22.9],[-80.145,22.964],[-80.008,22.946],[-79.963,22.852],[-79.792,22.905],[-79.857,22.798],[-79.649,22.761],[-79.367,22.424],[-78.777,22.389],[-78.715,22.292],[-78.699,22.384],[-78.398,22.253],[-78.304,22.145],[-78.058,22.074],[-77.892,21.86],[-77.833,21.974],[-77.74,21.796],[-77.466,21.777],[-77.421,21.649],[-77.333,21.64],[-77.439,21.807],[-77.14,21.663],[-77.153,21.542],[-77.367,21.604],[-77.204,21.545],[-77.279,21.518],[-77.219,21.445],[-77.066,21.595],[-76.962,21.435],[-76.814,21.391],[-76.893,21.299],[-76.802,21.39],[-76.655,21.355],[-76.739,21.281],[-76.651,21.245],[-76.652,21.3],[-76.548,21.29],[-76.607,21.21],[-76.533,21.181],[-76.475,21.222],[-76.536,21.266],[-76.421,21.281],[-76.02,21.065],[-75.7,21.119],[-75.575,21.009],[-75.677,20.876],[-75.553,20.795],[-75.775,20.838],[-75.718,20.681],[-75.618,20.777],[-75.561,20.68],[-75.434,20.745],[-75.323,20.654],[-75.322,20.72],[-75.233,20.721],[-74.734,20.616],[-74.508,20.348],[-74.388,20.282],[-74.23,20.316],[-74.134,20.206],[-74.27,20.066],[-74.811,20.04],[-75,19.916]]]}},{"type":"Feature","properties":{},"geometry":{"type":"Polygon","coordinates":[[[123.999,12.968],[123.882,12.98],[123.733,12.848],[123.426,13.041],[123.318,13.008],[123.325,13.202],[123.19,13.432],[122.886,13.578],[122.796,13.653],[122.834,13.737],[122.533,13.965],[122.418,13.949],[122.523,13.819],[122.495,13.649],[122.675,13.382],[122.699,13.224],[122.596,13.165],[122.397,13.525],[121.75,13.969],[121.479,13.844],[121.47,13.686],[121.286,13.598],[121.035,13.635],[121.002,13.783],[120.891,13.684],[120.881,13.903],[120.714,13.93],[120.669,13.777],[120.62,13.812],[120.586,14.232],[120.896,14.495],[120.981,14.489],[120.958,14.639],[120.835,14.768],[120.553,14.816],[120.608,14.484],[120.475,14.41],[120.379,14.477],[120.366,14.627],[120.245,14.694],[120.295,14.804],[120.231,14.88],[120.175,14.743],[120.08,14.789],[120.015,15.264],[119.888,15.431],[119.966,15.51],[119.867,15.735],[119.91,15.848],[119.853,15.968],[119.774,15.915],[119.748,15.965],[119.778,16.313],[119.88,16.396],[119.896,16.241],[120.087,16.17],[120.154,16.038],[120.422,16.167],[120.276,16.619],[120.45,17],[120.457,17.413],[120.335,17.572],[120.622,18.548],[120.758,18.54],[120.842,18.653],[120.936,18.561],[121.166,18.623],[121.604,18.375],[121.665,18.25],[121.627,18.366],[122.006,18.29],[122.163,18.524],[122.32,18.38],[122.319,18.25],[122.165,18.085],[122.137,17.782],[122.245,17.368],[122.406,17.337],[122.415,17.146],[122.52,17.131],[122.51,17.04],[122.197,16.436],[122.202,16.239],[121.988,16.031],[122.125,16.226],[122.084,16.26],[122.078,16.19],[121.739,16.07],[121.552,15.9],[121.638,15.706],[121.377,15.297],[121.732,14.698],[121.603,14.655],[121.762,14.133],[122.229,13.898],[122.18,13.997],[122.298,13.962],[122.32,14.021],[122.163,14.14],[122.249,14.245],[122.306,14.1],[122.467,14.343],[122.773,14.324],[123.043,14.103],[123.095,13.895],[123.046,13.777],[123.113,13.684],[123.319,13.802],[123.34,13.973],[123.232,13.968],[123.254,14.078],[123.317,14.044],[123.34,14.109],[123.424,13.925],[123.679,13.881],[123.715,13.942],[123.975,13.72],[123.582,13.73],[123.53,13.568],[123.867,13.243],[123.771,13.226],[123.76,13.061],[123.877,13.145],[124.075,13.007],[124.19,13.065],[124.079,12.538],[123.873,12.657],[123.828,12.83],[124.014,12.879],[123.999,12.968]]]}},{"type":"Feature","properties":{},"geometry":{"type":"Polygon","coordinates":[[[-17,63.794],[-17.553,63.78],[-17.732,63.697],[-17.608,63.745],[-17.828,63.75],[-17.986,63.665],[-17.772,63.677],[-17.983,63.641],[-17.831,63.629],[-17.883,63.582],[-18.242,63.505],[-18.347,63.563],[-18.283,63.457],[-18.158,63.465],[-18.733,63.39],[-20.193,63.541],[-20.546,63.684],[-20.545,63.749],[-20.552,63.684],[-20.798,63.772],[-20.606,63.758],[-20.721,63.781],[-20.698,63.899],[-20.8,63.774],[-21.198,63.876],[-21.217,63.93],[-21.053,63.941],[-21.23,63.943],[-21.311,63.914],[-21.206,63.875],[-21.382,63.843],[-22.704,63.801],[-22.741,63.888],[-22.632,63.942],[-22.759,63.972],[-22.693,64.086],[-22.537,63.975],[-22.045,64.043],[-21.958,64.069],[-22.033,64.112],[-21.904,64.12],[-22.038,64.157],[-21.699,64.179],[-21.916,64.235],[-21.843,64.291],[-21.356,64.387],[-22.095,64.31],[-21.862,64.378],[-22.044,64.407],[-21.716,64.604],[-22.225,64.473],[-22.224,64.588],[-22.355,64.562],[-22.344,64.622],[-22.454,64.661],[-22.306,64.677],[-22.419,64.67],[-22.311,64.751],[-22.446,64.764],[-22.413,64.82],[-22.652,64.769],[-22.7,64.828],[-22.761,64.801],[-22.702,64.773],[-23.377,64.833],[-23.798,64.726],[-24.046,64.888],[-23.355,64.975],[-23.228,64.925],[-23.182,65.013],[-23.081,65.005],[-23.124,64.922],[-23.018,64.923],[-23.034,64.996],[-22.723,65.08],[-22.662,65.047],[-22.743,65.021],[-22.578,64.973],[-22.614,65.02],[-22.528,65.053],[-21.802,65.026],[-21.742,65.206],[-22.065,65.109],[-22.604,65.187],[-21.681,65.456],[-21.95,65.444],[-22.108,65.532],[-22.203,65.426],[-22.297,65.438],[-22.386,65.492],[-22.089,65.603],[-22.472,65.505],[-22.543,65.644],[-22.534,65.543],[-22.618,65.624],[-22.633,65.522],[-22.711,65.585],[-22.666,65.637],[-22.771,65.631],[-22.72,65.497],[-22.871,65.532],[-22.773,65.602],[-22.848,65.63],[-22.872,65.567],[-23.142,65.589],[-23.212,65.489],[-23.408,65.52],[-23.727,65.415],[-24.528,65.503],[-24.312,65.644],[-23.773,65.534],[-24.066,65.634],[-23.774,65.6],[-24.058,65.697],[-24.097,65.807],[-23.6,65.699],[-23.553,65.607],[-23.258,65.678],[-23.529,65.722],[-23.187,65.784],[-23.703,65.779],[-23.866,65.886],[-23.183,65.839],[-23.813,66.009],[-23.753,66.072],[-23.361,65.983],[-23.664,66.114],[-23.365,66.085],[-23.601,66.146],[-23.47,66.199],[-23.141,66.138],[-23.155,66.045],[-22.994,66.086],[-23.085,65.966],[-22.858,66.037],[-22.983,65.91],[-22.828,66.003],[-22.845,65.89],[-22.767,66.052],[-22.677,66.055],[-22.566,65.977],[-22.663,65.824],[-22.515,65.983],[-22.413,65.907],[-22.582,65.784],[-22.432,65.833],[-22.339,65.906],[-22.483,66.029],[-22.418,66.083],[-22.978,66.229],[-22.363,66.271],[-22.565,66.266],[-22.456,66.31],[-22.507,66.333],[-22.705,66.298],[-22.603,66.367],[-22.962,66.294],[-23.196,66.347],[-23.006,66.378],[-23.137,66.432],[-22.928,66.47],[-22.68,66.415],[-22.415,66.46],[-22.186,66.342],[-22.225,66.266],[-22.08,66.294],[-21.916,66.243],[-22.01,66.195],[-21.736,66.183],[-21.743,66.073],[-21.624,66.051],[-21.667,66.018],[-21.54,66.09],[-21.513,66.016],[-21.322,66.008],[-21.606,65.961],[-21.288,65.93],[-21.286,65.832],[-21.481,65.774],[-21.338,65.736],[-21.58,65.694],[-21.801,65.771],[-21.678,65.742],[-21.635,65.646],[-21.394,65.632],[-21.477,65.56],[-21.293,65.595],[-21.474,65.444],[-21.191,65.434],[-21.196,65.303],[-21.087,65.158],[-21.096,65.451],[-20.911,65.359],[-20.989,65.488],[-20.928,65.586],[-20.653,65.688],[-20.651,65.549],[-20.565,65.584],[-20.485,65.494],[-20.428,65.56],[-20.543,65.573],[-20.458,65.593],[-20.596,65.598],[-20.286,65.66],[-20.421,66.089],[-20.096,66.121],[-19.861,65.9],[-19.706,65.868],[-19.649,65.754],[-19.405,65.717],[-19.361,65.84],[-19.509,65.967],[-19.409,65.988],[-19.434,66.052],[-19.032,66.054],[-19.096,66.095],[-19.059,66.157],[-18.787,66.195],[-18.79,66.134],[-18.606,66.122],[-18.657,66.075],[-18.543,66.088],[-18.526,65.973],[-18.187,65.854],[-18.052,65.648],[-18.061,65.851],[-18.301,66.058],[-18.27,66.177],[-17.93,66.15],[-17.598,65.987],[-17.412,65.99],[-17.143,66.21],[-16.988,66.192],[-16.947,66.105],[-16.718,66.147],[-16.575,66.084],[-16.713,66.151],[-16.416,66.277],[-16.568,66.487],[-16.193,66.54],[-15.698,66.399],[-15.754,66.284],[-15.706,66.219],[-15.398,66.16],[-15.333,66.26],[-14.933,66.371],[-14.527,66.38],[-15.018,66.267],[-14.932,66.189],[-15.184,66.107],[-14.614,65.995],[-14.853,65.737],[-14.328,65.792],[-14.398,65.714],[-14.256,65.668],[-14.353,65.64],[-13.887,65.618],[-13.793,65.523],[-13.604,65.514],[-13.649,65.389],[-13.843,65.357],[-13.719,65.328],[-14.006,65.266],[-13.571,65.269],[-14.014,65.192],[-13.623,65.192],[-13.736,65.141],[-13.642,65.086],[-13.513,65.17],[-13.491,65.078],[-13.66,64.985],[-14.023,65.079],[-14.232,65.035],[-13.681,64.914],[-14.038,64.936],[-13.751,64.864],[-14.068,64.795],[-13.981,64.733],[-14.082,64.7],[-14.505,64.791],[-14.244,64.642],[-14.483,64.657],[-14.402,64.602],[-14.58,64.54],[-14.337,64.596],[-14.494,64.438],[-14.897,64.346],[-14.958,64.24],[-15.362,64.314],[-15.41,64.26],[-15.183,64.23],[-15.975,64.138],[-16.52,63.882],[-16.78,63.856],[-16.782,63.791],[-16.883,63.881],[-16.851,63.821],[-17,63.794]]]}},{"type":"Feature","properties":{},"geometry":{"type":"Polygon","coordinates":[[[125,5.859],[124.326,6.118],[124.058,6.381],[124.042,6.763],[123.96,6.793],[123.959,6.916],[124.064,7.142],[124.208,7.194],[124.202,7.353],[124.261,7.374],[124.155,7.401],[124.012,7.648],[123.773,7.704],[123.687,7.815],[123.425,7.813],[123.48,7.666],[123.339,7.557],[123.453,7.434],[123.408,7.357],[123.303,7.53],[123.177,7.465],[123.115,7.516],[123.196,7.589],[123.123,7.758],[122.994,7.461],[122.898,7.545],[122.812,7.437],[122.782,7.68],[122.848,7.718],[122.626,7.777],[122.446,7.609],[122.506,7.582],[122.46,7.51],[122.353,7.469],[122.393,7.392],[122.29,7.322],[122.152,6.91],[121.949,6.96],[121.896,7.112],[122.06,7.292],[122.07,7.524],[122.14,7.575],[122.084,7.738],[122.222,7.962],[122.66,8.165],[122.907,8.146],[122.995,8.218],[122.935,8.31],[123.026,8.489],[123.298,8.522],[123.429,8.662],[123.378,8.73],[123.5,8.704],[123.565,8.575],[123.589,8.672],[123.755,8.603],[123.837,8.43],[123.867,8.163],[123.636,8.018],[123.666,7.954],[123.958,8.173],[124.227,8.219],[124.383,8.596],[124.475,8.625],[124.639,8.479],[124.742,8.499],[124.797,8.997],[124.877,9.015],[125.083,8.828],[125.171,8.838],[125.207,9.092],[125.282,8.99],[125.54,8.965],[125.389,9.656],[125.439,9.828],[125.56,9.779],[125.668,9.58],[125.959,9.486],[125.893,9.418],[125.987,9.407],[126.042,9.238],[126.207,9.308],[126.157,9.108],[126.333,8.844],[126.242,8.692],[126.08,8.611],[126.143,8.529],[126.393,8.499],[126.308,8.355],[126.382,8.293],[126.295,8.208],[126.455,8.243],[126.448,7.989],[126.359,7.886],[126.569,7.72],[126.55,7.316],[126.605,7.287],[126.46,6.998],[126.282,6.932],[126.351,6.805],[126.269,6.93],[126.155,6.909],[126.261,6.757],[126.192,6.274],[126.084,6.533],[126.08,6.85],[125.887,7.124],[125.854,7.363],[125.696,7.298],[125.663,7.123],[125.489,6.987],[125.374,6.727],[125.385,6.605],[125.597,6.503],[125.714,6.177],[125.685,5.971],[125.385,5.56],[125.291,5.584],[125.172,5.799],[125.29,5.983],[125.265,6.094],[125.164,6.105],[125.087,5.873],[125,5.859]]]}},{"type":"Feature","properties":{},"geometry":{"type":"Polygon","coordinates":[[[-8,51.859],[-8.257,51.791],[-8.175,51.861],[-8.462,51.9],[-8.276,51.798],[-8.347,51.715],[-8.535,51.695],[-8.533,51.606],[-8.885,51.621],[-8.92,51.539],[-9.14,51.563],[-9.348,51.466],[-9.324,51.542],[-9.417,51.495],[-9.458,51.56],[-9.775,51.445],[-9.842,51.482],[-9.544,51.616],[-9.858,51.541],[-9.458,51.73],[-10.164,51.612],[-9.556,51.883],[-10.133,51.736],[-10.229,51.777],[-10.188,51.855],[-10.345,51.782],[-10.404,51.843],[-10.256,51.902],[-10.233,51.948],[-10.326,51.952],[-10.26,51.991],[-9.759,52.157],[-10.457,52.093],[-10.478,52.178],[-10.363,52.235],[-10.088,52.247],[-10.02,52.314],[-9.958,52.232],[-9.724,52.258],[-9.879,52.274],[-9.834,52.381],[-9.949,52.418],[-9.635,52.47],[-9.691,52.486],[-9.623,52.581],[-8.698,52.653],[-8.967,52.684],[-8.955,52.788],[-9.167,52.616],[-9.592,52.667],[-9.698,52.581],[-9.941,52.557],[-9.496,52.753],[-9.356,52.917],[-9.479,52.941],[-9.271,53.151],[-8.93,53.139],[-8.879,53.208],[-9.048,53.215],[-8.932,53.268],[-9.035,53.277],[-9.528,53.22],[-9.56,53.287],[-9.617,53.23],[-9.562,53.381],[-9.778,53.291],[-9.909,53.324],[-9.791,53.387],[-9.884,53.391],[-9.842,53.427],[-9.958,53.367],[-10.184,53.408],[-10.027,53.488],[-10.192,53.557],[-9.674,53.608],[-9.916,53.653],[-9.908,53.763],[-9.551,53.801],[-9.631,53.822],[-9.577,53.901],[-9.948,53.871],[-9.91,53.956],[-9.799,53.912],[-9.914,54.033],[-9.837,54.118],[-9.979,54.059],[-9.906,54.115],[-10.002,54.223],[-10.128,54.09],[-10.063,54.222],[-10.114,54.241],[-10.008,54.303],[-9.893,54.265],[-9.967,54.212],[-9.757,54.25],[-9.869,54.301],[-9.785,54.34],[-9.272,54.308],[-9.145,54.137],[-9.058,54.291],[-8.518,54.211],[-8.633,54.253],[-8.483,54.274],[-8.581,54.302],[-8.511,54.325],[-8.684,54.357],[-8.204,54.498],[-8.276,54.523],[-8.116,54.649],[-8.468,54.565],[-8.393,54.632],[-8.687,54.616],[-8.811,54.699],[-8.441,54.754],[-8.569,54.826],[-8.316,54.886],[-8.463,54.909],[-8.371,54.947],[-8.452,55.004],[-8.276,55.036],[-8.289,55.157],[-8.142,55.12],[-7.985,55.226],[-7.857,55.127],[-7.869,55.228],[-7.79,55.255],[-7.808,55.177],[-7.697,55.099],[-7.706,55.223],[-7.713,55.168],[-7.801,55.213],[-7.634,55.277],[-7.521,55.124],[-7.643,55.045],[-7.559,55.036],[-7.63,54.962],[-7.458,55.064],[-7.559,55.197],[-7.528,55.286],[-7.254,55.279],[-7.388,55.381],[-6.923,55.237],[-7.315,55.006],[-7.044,55.053],[-6.967,55.195],[-6.75,55.16],[-6.483,55.252],[-6.063,55.199],[-5.988,54.982],[-5.691,54.807],[-5.909,54.613],[-5.582,54.676],[-5.431,54.484],[-5.505,54.33],[-5.581,54.398],[-5.561,54.53],[-5.683,54.581],[-5.721,54.537],[-5.618,54.505],[-5.674,54.507],[-5.624,54.455],[-5.683,54.37],[-5.572,54.381],[-5.524,54.309],[-5.662,54.222],[-5.821,54.28],[-5.894,54.103],[-6.06,54.023],[-6.278,54.108],[-6.138,53.978],[-6.399,54.013],[-6.216,53.794],[-6.339,53.714],[-6.257,53.726],[-6.079,53.552],[-6.204,53.463],[-6.052,53.359],[-6.233,53.357],[-6.091,53.271],[-5.994,52.968],[-6.356,52.347],[-6.508,52.354],[-6.432,52.277],[-6.366,52.334],[-6.314,52.241],[-6.362,52.171],[-6.59,52.169],[-6.791,52.203],[-6.763,52.264],[-6.927,52.122],[-6.968,52.241],[-7.025,52.131],[-7.643,52.105],[-7.539,52.053],[-7.588,51.993],[-7.737,51.938],[-7.887,51.993],[-7.846,51.943],[-7.936,51.906],[-7.869,51.882],[-8,51.859]]]}},{"type":"Feature","properties":{},"geometry":{"type":"Polygon","coordinates":[[[143.259,41.999],[143.242,41.924],[142.962,42.12],[141.67,42.65],[141.353,42.545],[141.003,42.301],[140.708,42.584],[140.477,42.589],[140.316,42.423],[140.291,42.249],[140.548,42.115],[140.76,42.117],[141.187,41.801],[140.964,41.709],[140.702,41.74],[140.718,41.805],[140.638,41.816],[140.442,41.681],[140.428,41.534],[140.197,41.396],[140.04,41.445],[139.984,41.556],[140.145,41.929],[140.031,42.108],[139.778,42.253],[139.859,42.417],[139.824,42.614],[140.187,42.828],[140.302,42.777],[140.523,42.991],[140.324,43.22],[140.343,43.335],[140.487,43.376],[140.787,43.183],[141.017,43.24],[141.16,43.145],[141.417,43.322],[141.326,43.726],[141.645,43.945],[141.646,44.313],[141.79,44.615],[141.737,44.901],[141.583,45.163],[141.645,45.45],[141.8,45.407],[141.958,45.515],[142.986,44.565],[143.487,44.255],[143.782,44.181],[143.67,44.191],[143.735,44.106],[143.938,44.085],[143.968,44.127],[143.793,44.181],[144.192,44.104],[144.115,44.089],[144.131,44.012],[144.247,44.113],[144.385,43.928],[144.776,43.927],[145.343,44.342],[145.348,44.222],[145.062,43.806],[145.138,43.652],[145.348,43.579],[145.194,43.626],[145.39,43.297],[145.23,43.337],[145.504,43.215],[145.649,43.392],[145.818,43.387],[145.566,43.284],[145.522,43.165],[145.145,43.145],[145.171,43.075],[144.99,43.056],[145.032,43.012],[144.974,42.981],[144.832,43.014],[144.945,43.047],[144.86,43.094],[144.727,42.996],[144.783,42.934],[144.244,42.999],[143.994,42.927],[143.435,42.478],[143.259,41.999]]]}},{"type":"Feature","properties":{},"geometry":{"type":"Polygon","coordinates":[[[142,45.969],[141.918,46.044],[141.808,46.599],[142.059,47.082],[141.967,47.302],[141.963,47.62],[142.205,47.984],[142.146,48.319],[141.848,48.773],[141.976,48.873],[142.142,49.518],[142.186,50.114],[142.154,50.369],[142.039,50.55],[142.101,50.895],[142.254,51.123],[142.083,51.468],[141.673,51.744],[141.829,51.737],[141.622,51.884],[141.691,52.163],[141.626,52.327],[141.824,52.553],[141.928,53.032],[141.768,53.376],[142.25,53.542],[142.231,53.386],[142.432,53.377],[142.587,53.524],[142.671,53.508],[142.562,53.6],[142.513,53.547],[142.477,53.66],[142.643,53.692],[142.675,53.624],[142.786,53.706],[142.698,53.85],[142.673,53.726],[142.587,53.691],[142.696,53.942],[142.251,54.303],[142.603,54.327],[142.499,54.288],[142.54,54.239],[142.707,54.429],[142.988,54.118],[142.839,53.872],[142.922,53.792],[142.847,53.81],[143.062,53.564],[142.969,53.557],[143.067,53.558],[143.132,53.453],[143.057,53.45],[143.144,53.439],[143.087,53.381],[143.168,53.397],[143.276,53.127],[143.32,52.856],[143.259,53.134],[143.143,53.196],[143.179,53.36],[143.103,53.356],[143.014,53.284],[143.086,53.233],[143.109,53.009],[143.237,52.846],[143.286,52.952],[143.308,52.719],[143.326,52.849],[143.269,52.43],[143.182,52.335],[143.28,52.645],[143.084,52.345],[143.143,52.271],[143.106,51.932],[143.2,51.83],[143.188,51.957],[143.324,51.697],[143.254,51.692],[143.206,51.517],[143.344,51.517],[143.322,51.73],[143.494,51.303],[143.447,51.372],[143.376,51.335],[143.529,51.226],[143.767,50.378],[144.239,49.506],[144.278,49.258],[144.403,49.031],[144.69,48.86],[144.673,48.722],[144.746,48.644],[144.67,48.642],[144.523,48.925],[144.044,49.255],[143.389,49.305],[142.99,49.135],[142.98,48.897],[142.547,48.078],[142.53,47.781],[142.755,47.447],[142.709,47.427],[142.847,47.41],[143.021,47.253],[143.09,46.876],[143.17,46.834],[143.069,46.816],[143.157,46.715],[143.381,46.712],[143.161,46.798],[143.161,46.867],[143.317,46.795],[143.48,46.823],[143.534,46.392],[143.616,46.372],[143.415,46.022],[143.302,46.506],[143.377,46.547],[142.776,46.605],[142.702,46.753],[142.512,46.722],[142.172,46.016],[142.083,45.894],[142,45.969]]]}},{"type":"Feature","properties":{},"geometry":{"type":"Polygon","coordinates":[[[-71.15,17.998],[-71.426,17.601],[-71.534,17.754],[-71.692,17.767],[-71.63,17.822],[-71.675,17.971],[-72.053,18.234],[-72.542,18.229],[-72.553,18.169],[-72.824,18.139],[-73.373,18.214],[-73.393,18.276],[-73.652,18.25],[-73.844,18.123],[-73.791,18.028],[-73.883,18.02],[-74.093,18.244],[-74.372,18.294],[-74.483,18.425],[-74.427,18.615],[-74.216,18.674],[-73.79,18.537],[-73.569,18.585],[-73.711,18.544],[-73.661,18.497],[-72.894,18.422],[-72.698,18.436],[-72.608,18.558],[-72.354,18.532],[-72.323,18.675],[-72.543,18.772],[-72.822,19.037],[-72.703,19.116],[-72.804,19.219],[-72.701,19.456],[-73.058,19.629],[-73.366,19.62],[-73.458,19.688],[-73.41,19.841],[-72.823,19.953],[-72.384,19.815],[-72.325,19.707],[-72.321,19.769],[-72.199,19.787],[-72.054,19.688],[-71.854,19.718],[-71.905,19.687],[-71.824,19.649],[-71.842,19.715],[-71.71,19.696],[-71.78,19.779],[-71.655,19.9],[-71.249,19.83],[-71.015,19.934],[-70.632,19.765],[-70.448,19.784],[-70.288,19.648],[-69.962,19.681],[-69.744,19.284],[-69.328,19.285],[-69.215,19.355],[-69.253,19.292],[-69.153,19.303],[-69.23,19.18],[-69.623,19.225],[-69.628,19.082],[-69.414,19.105],[-69.065,18.983],[-68.918,19.028],[-68.325,18.607],[-68.467,18.342],[-68.614,18.369],[-68.645,18.208],[-68.755,18.201],[-68.845,18.369],[-68.957,18.412],[-69.323,18.455],[-69.638,18.398],[-69.882,18.476],[-70.021,18.42],[-70.158,18.226],[-70.508,18.19],[-70.57,18.205],[-70.515,18.219],[-70.594,18.273],[-70.585,18.406],[-70.672,18.429],[-70.935,18.251],[-71.088,18.294],[-71.056,18.153],[-71.15,17.998]]]}},{"type":"Feature","properties":{},"geometry":{"type":"Polygon","coordinates":[[[-120.334,71.998],[-120.436,71.948],[-120.375,71.878],[-120.442,71.74],[-120.365,71.697],[-120.632,71.492],[-121.348,71.378],[-121.678,71.463],[-122.81,71.085],[-123.101,71.079],[-123.427,71.218],[-123.62,71.49],[-123.967,71.666],[-125.238,71.958],[-124.916,71.974],[-125.991,71.966],[-125.696,72.046],[-125.639,72.093],[-125.783,72.132],[-125.566,72.187],[-125.67,72.25],[-125.482,72.267],[-125.551,72.284],[-125.273,72.457],[-125.329,72.483],[-124.911,72.569],[-125.097,72.641],[-124.889,72.713],[-125.006,72.715],[-124.955,72.754],[-125.125,72.87],[-124.44,72.944],[-124.868,73.097],[-124.478,73.268],[-124.547,73.29],[-124.361,73.47],[-124.031,73.547],[-124.053,73.667],[-123.752,73.753],[-123.85,73.84],[-124.192,73.881],[-124.155,73.927],[-124.457,74.079],[-124.385,74.117],[-124.531,74.22],[-124.5,74.268],[-124.691,74.285],[-124.56,74.327],[-124.777,74.341],[-121.451,74.557],[-119.665,74.241],[-119.625,74.199],[-119.791,74.116],[-119.448,74.229],[-119.083,74.208],[-119.03,74.12],[-119.126,73.996],[-118.804,74.085],[-118.778,74.134],[-118.879,74.163],[-118.76,74.213],[-118.14,74.282],[-117.392,74.228],[-115.322,73.541],[-115.304,73.474],[-115.794,73.342],[-116.649,73.221],[-119.103,72.648],[-119.289,72.366],[-119.787,72.226],[-120.234,72.272],[-120.122,72.16],[-120.334,71.998]]]}},{"type":"Feature","properties":{},"geometry":{"type":"Polygon","coordinates":[[[80.257,5.997],[80.058,6.191],[79.865,6.807],[79.695,8.198],[79.783,8.355],[79.738,8.012],[79.825,7.97],[79.788,8.232],[79.961,8.72],[79.911,8.935],[80.067,9.033],[80.128,9.292],[80.055,9.391],[80.186,9.482],[80.054,9.598],[80.287,9.45],[80.399,9.487],[79.906,9.756],[80.209,9.832],[80.814,9.287],[80.865,9.107],[81.227,8.652],[81.181,8.442],[81.355,8.491],[81.468,8.05],[81.555,7.988],[81.512,7.893],[81.585,7.918],[81.792,7.583],[81.88,7.023],[81.704,6.492],[81.325,6.194],[80.593,5.915],[80.257,5.997]]]}},{"type":"Feature","properties":{},"geometry":{"type":"Polygon","coordinates":[[[145.999,-43.33],[145.932,-43.19],[145.865,-43.277],[145.926,-43.302],[145.838,-43.316],[145.678,-43.054],[145.495,-42.992],[145.357,-42.658],[145.255,-42.624],[145.168,-42.196],[145.438,-42.386],[145.472,-42.525],[145.453,-42.438],[145.529,-42.448],[145.555,-42.358],[145.48,-42.364],[145.327,-42.15],[145.227,-42.218],[145.226,-42.002],[144.915,-41.714],[144.955,-41.645],[144.744,-41.422],[144.778,-41.362],[144.603,-41.012],[144.711,-40.855],[144.684,-40.668],[145.115,-40.843],[145.256,-40.806],[145.259,-40.712],[145.313,-40.85],[145.507,-40.85],[146.253,-41.18],[146.532,-41.119],[146.607,-41.26],[146.563,-41.149],[146.711,-41.063],[146.908,-41.219],[146.955,-41.184],[146.79,-41.055],[147.017,-40.984],[147.148,-41.036],[147.279,-40.944],[147.446,-41.005],[147.668,-40.823],[147.915,-40.875],[147.938,-40.741],[148.22,-40.849],[148.35,-40.997],[148.257,-41.054],[148.245,-41.199],[148.332,-41.267],[148.215,-41.328],[148.354,-41.284],[148.236,-41.464],[148.317,-41.608],[148.27,-42.039],[148.361,-42.197],[148.315,-42.279],[148.25,-42.235],[148.303,-42.131],[148.155,-42.075],[148.245,-42.001],[148.207,-41.95],[148.102,-42.083],[148.231,-42.102],[148.078,-42.109],[147.932,-42.342],[148.018,-42.316],[148.007,-42.512],[147.878,-42.558],[147.961,-42.682],[147.811,-42.892],[147.973,-42.869],[147.999,-42.964],[147.925,-43.026],[148.006,-43.231],[147.861,-43.111],[147.872,-43.204],[147.782,-43.241],[147.683,-43.142],[147.739,-43.099],[147.625,-43.074],[147.671,-42.936],[147.774,-43.055],[147.92,-43.02],[147.835,-43.006],[147.803,-42.894],[147.669,-42.902],[147.596,-42.785],[147.447,-42.759],[147.612,-42.848],[147.504,-42.866],[147.555,-42.987],[147.413,-43.05],[147.391,-42.977],[147.47,-43.025],[147.482,-42.912],[147.408,-42.94],[147.197,-42.728],[147.36,-42.91],[147.344,-43.051],[147.262,-43.026],[147.223,-43.284],[147.086,-43.244],[147.091,-43.168],[147.062,-43.228],[146.983,-43.192],[147.001,-43.118],[146.959,-43.16],[147.1,-43.293],[146.975,-43.328],[147.058,-43.357],[147.024,-43.44],[146.92,-43.416],[147.001,-43.482],[146.901,-43.518],[146.87,-43.64],[146.654,-43.61],[146.562,-43.471],[146.584,-43.542],[146.232,-43.49],[146.033,-43.571],[146.03,-43.465],[145.922,-43.381],[145.992,-43.394],[145.986,-43.33],[146.22,-43.386],[146.23,-43.324],[145.999,-43.33]]]}},{"type":"Feature","properties":{},"geometry":{"type":"Polygon","coordinates":[[[-92.166,74.992],[-92.255,75.075],[-91.825,75.124],[-92.042,75.093],[-92.507,75.217],[-92.326,75.373],[-92.456,75.367],[-92.426,75.432],[-92.005,75.588],[-92.105,75.62],[-92.01,75.663],[-92.212,75.745],[-92.114,75.852],[-92.676,76.009],[-92.657,76.125],[-93.041,76.277],[-93.091,76.362],[-93.751,76.317],[-93.645,76.252],[-94.711,76.319],[-95.051,76.219],[-95.403,76.231],[-95.371,76.309],[-94.811,76.314],[-96.021,76.442],[-96.107,76.517],[-95.801,76.514],[-95.614,76.609],[-96.045,76.554],[-96.48,76.691],[-96.93,76.713],[-96.824,76.762],[-96.886,76.821],[-96.305,76.755],[-96.608,76.77],[-96.324,76.811],[-96.82,76.857],[-96.879,76.917],[-96.684,76.938],[-96.864,76.966],[-95.694,77.07],[-94.615,76.988],[-94.303,76.892],[-93.619,76.903],[-93.181,76.743],[-93.311,76.547],[-93.668,76.443],[-93.553,76.387],[-93.471,76.41],[-93.601,76.428],[-93.118,76.62],[-92.391,76.597],[-91.463,76.692],[-90.971,76.652],[-90.577,76.562],[-90.473,76.468],[-91.457,76.519],[-91.618,76.495],[-91.472,76.453],[-89.294,76.301],[-89.196,76.236],[-89.309,76.194],[-90.463,76.177],[-90.106,76.131],[-91.619,76.265],[-91.274,76.206],[-91.428,76.147],[-90.659,76.119],[-90.871,76.065],[-90.194,76.062],[-91.154,76.017],[-90.949,75.999],[-91.081,75.992],[-90.977,75.937],[-91.138,75.914],[-91.201,75.817],[-90.796,75.998],[-90.44,75.982],[-90.552,75.896],[-89.932,76.007],[-89.653,75.887],[-89.778,75.789],[-89.556,75.858],[-89.145,75.765],[-89.236,75.62],[-89.644,75.62],[-89.737,75.573],[-89.523,75.561],[-89.702,75.55],[-89.187,75.582],[-88.932,75.429],[-88.744,75.47],[-88.923,75.608],[-88.765,75.685],[-88.208,75.536],[-88.316,75.495],[-88.245,75.47],[-87.734,75.576],[-87.496,75.489],[-87.636,75.448],[-87.55,75.447],[-87.431,75.49],[-87.547,75.562],[-87.26,75.616],[-86.354,75.421],[-86.554,75.361],[-85.545,75.404],[-86.15,75.514],[-85.564,75.602],[-85.26,75.561],[-85.337,75.595],[-85.05,75.665],[-84.525,75.625],[-84.691,75.697],[-84.319,75.709],[-84.012,75.823],[-83.152,75.735],[-82.35,75.836],[-81.595,75.808],[-81.101,75.766],[-81.288,75.651],[-80.081,75.585],[-79.932,75.536],[-80.371,75.458],[-79.572,75.457],[-79.684,75.432],[-79.493,75.387],[-79.617,75.305],[-79.454,75.285],[-79.508,75.226],[-80.368,75.016],[-80.194,74.976],[-80.314,74.935],[-79.595,75.02],[-79.349,74.889],[-79.968,74.814],[-80.37,74.939],[-80.512,74.895],[-80.145,74.82],[-80.27,74.761],[-80.162,74.715],[-80.262,74.689],[-80.212,74.6],[-81.172,74.586],[-81.765,74.469],[-82.465,74.524],[-82.384,74.55],[-82.495,74.592],[-82.451,74.555],[-82.558,74.518],[-82.907,74.552],[-83.135,74.685],[-83.046,74.787],[-83.512,74.903],[-83.566,74.871],[-83.313,74.759],[-83.444,74.589],[-83.591,74.542],[-84.903,74.5],[-85,74.694],[-85.059,74.523],[-85.244,74.487],[-85.372,74.502],[-85.553,74.685],[-85.498,74.548],[-85.603,74.497],[-86.129,74.479],[-86.093,74.557],[-86.18,74.611],[-86.266,74.506],[-86.449,74.477],[-86.798,74.613],[-86.799,74.533],[-86.613,74.467],[-87.311,74.468],[-87.391,74.52],[-87.308,74.544],[-87.716,74.455],[-87.765,74.518],[-88.562,74.503],[-88.57,74.606],[-88.413,74.741],[-88.472,74.769],[-88.311,74.773],[-88.506,74.78],[-88.462,74.834],[-88.551,74.907],[-88.604,74.891],[-88.549,74.84],[-88.69,74.846],[-88.857,74.657],[-88.925,74.776],[-89.097,74.835],[-89.004,74.774],[-89.07,74.718],[-89.28,74.752],[-89.098,74.693],[-89.179,74.594],[-89.981,74.529],[-90,74.586],[-90.638,74.621],[-90.793,74.716],[-90.738,74.735],[-91.016,74.704],[-90.756,74.885],[-91.234,74.731],[-91.117,74.626],[-91.303,74.628],[-91.321,74.71],[-91.463,74.642],[-91.696,74.671],[-91.612,74.699],[-91.662,74.724],[-91.894,74.704],[-91.811,74.736],[-92.074,74.794],[-92.017,74.914],[-92.166,74.992]]]}},{"type":"Feature","properties":{},"geometry":{"type":"Polygon","coordinates":[[[-66.724,-55.002],[-67.312,-54.87],[-68.262,-54.794],[-68.59,-54.893],[-68.848,-54.817],[-68.716,-54.911],[-69.068,-54.952],[-69.65,-54.833],[-69.611,-54.723],[-69.667,-54.79],[-69.71,-54.69],[-69.696,-54.821],[-69.773,-54.822],[-69.783,-54.719],[-69.774,-54.821],[-69.925,-54.835],[-69.976,-54.706],[-69.92,-54.655],[-69.986,-54.706],[-69.96,-54.839],[-70.096,-54.847],[-70.067,-54.785],[-70.311,-54.848],[-70.222,-54.683],[-70.335,-54.843],[-70.568,-54.767],[-70.78,-54.842],[-70.804,-54.772],[-70.473,-54.667],[-70.86,-54.762],[-70.939,-54.75],[-70.896,-54.702],[-70.742,-54.688],[-70.912,-54.663],[-71.02,-54.776],[-70.901,-54.615],[-71.053,-54.59],[-71.133,-54.698],[-71.258,-54.678],[-71.123,-54.617],[-71.242,-54.616],[-71.173,-54.575],[-71.249,-54.577],[-71.211,-54.529],[-71.402,-54.524],[-71.319,-54.617],[-71.47,-54.691],[-71.49,-54.584],[-71.528,-54.646],[-71.614,-54.636],[-71.546,-54.582],[-71.605,-54.573],[-71.643,-54.662],[-71.632,-54.585],[-71.89,-54.645],[-71.982,-54.596],[-71.866,-54.602],[-71.906,-54.543],[-72.023,-54.509],[-71.922,-54.516],[-71.992,-54.447],[-71.903,-54.443],[-71.63,-54.576],[-71.761,-54.492],[-71.511,-54.548],[-71.867,-54.433],[-71.727,-54.395],[-71.537,-54.509],[-71.431,-54.489],[-71.609,-54.397],[-71.372,-54.463],[-71.298,-54.435],[-71.413,-54.376],[-71.345,-54.374],[-71.184,-54.422],[-71.22,-54.459],[-71.131,-54.43],[-71.063,-54.528],[-71.117,-54.434],[-70.925,-54.516],[-70.928,-54.365],[-70.817,-54.324],[-70.566,-54.349],[-70.704,-54.432],[-70.752,-54.626],[-70.708,-54.541],[-70.608,-54.598],[-70.699,-54.531],[-70.543,-54.396],[-70.263,-54.571],[-70.189,-54.587],[-70.295,-54.501],[-70.119,-54.568],[-70.502,-54.384],[-70.513,-54.3],[-70.869,-54.254],[-70.906,-54.163],[-70.813,-54.194],[-70.928,-54.118],[-70.105,-54.428],[-70.138,-54.368],[-70.024,-54.364],[-70.182,-54.298],[-69.978,-54.263],[-69.966,-54.374],[-69.816,-54.434],[-69.904,-54.504],[-69.794,-54.454],[-69.744,-54.507],[-69.841,-54.557],[-69.767,-54.584],[-69.718,-54.494],[-69.849,-54.281],[-69.525,-54.438],[-69.551,-54.335],[-69.455,-54.341],[-69.199,-54.448],[-69.491,-54.675],[-69.397,-54.639],[-69.348,-54.714],[-69.381,-54.627],[-69.267,-54.538],[-69.134,-54.598],[-69.133,-54.45],[-68.964,-54.476],[-69.917,-54.158],[-70.073,-54.065],[-70.169,-53.839],[-70.125,-53.745],[-69.375,-53.531],[-69.323,-53.492],[-69.38,-53.365],[-70.207,-53.484],[-70.434,-53.381],[-70.342,-53.307],[-70.446,-53.302],[-70.423,-53.023],[-70.317,-52.975],[-70.339,-53.072],[-70.25,-53.07],[-70.088,-52.938],[-70.295,-52.921],[-70.266,-52.817],[-70.421,-52.777],[-70.132,-52.739],[-69.912,-52.854],[-69.683,-52.752],[-69.576,-52.649],[-69.588,-52.547],[-69.428,-52.469],[-69.143,-52.7],[-68.758,-52.555],[-68.613,-52.655],[-68.286,-52.951],[-68.204,-53.142],[-68.272,-53.016],[-68.356,-53.02],[-68.544,-53.148],[-68.551,-53.25],[-68.151,-53.328],[-67.954,-53.626],[-67.706,-53.774],[-67.768,-53.832],[-67.684,-53.782],[-67.559,-53.845],[-67.551,-53.932],[-67.301,-54.071],[-66.152,-54.573],[-65.114,-54.642],[-65.387,-54.918],[-65.98,-54.888],[-65.962,-54.952],[-66.47,-55.055],[-66.724,-55.002]]]}},{"type":"Feature","properties":{},"geometry":{"type":"Polygon","coordinates":[[[58.257,74],[57.73,74.046],[57.497,74.193],[57.431,74.174],[57.556,74.081],[57.189,74.078],[57.539,74.067],[57.859,73.909],[57.724,73.883],[57.846,73.866],[57.875,73.765],[57.645,73.712],[57.413,73.832],[56.594,73.881],[57.302,73.811],[57.599,73.632],[57.207,73.558],[56.376,73.739],[57.201,73.492],[56.865,73.312],[56.666,73.358],[56.769,73.322],[56.695,73.245],[56.09,73.274],[55.893,73.436],[55.971,73.379],[55.943,73.301],[54.947,73.443],[54.074,73.347],[54.564,73.49],[54.214,73.483],[54.74,73.644],[55.332,73.711],[55.638,73.612],[55.846,73.647],[55.117,73.699],[55.385,73.781],[54.207,73.596],[53.661,73.731],[53.693,73.792],[53.967,73.772],[54.25,73.905],[54.665,73.96],[55.03,73.904],[54.559,74],[55.035,74.157],[56.391,74.008],[55.126,74.227],[55.285,74.293],[55.836,74.264],[55.305,74.347],[55.382,74.41],[56.261,74.455],[55.586,74.539],[55.621,74.621],[55.797,74.666],[56.964,74.67],[56.602,74.675],[56.451,74.734],[56.57,74.786],[55.856,74.78],[56.799,74.936],[56.337,74.904],[56.456,74.972],[56.43,75.023],[55.862,74.96],[56.002,75.049],[55.828,75.089],[56.008,75.183],[56.355,75.162],[56.46,75.042],[56.955,75.229],[57.008,75.269],[56.755,75.303],[56.927,75.357],[57.87,75.311],[57.598,75.488],[58.298,75.583],[58.032,75.648],[58.697,75.73],[58.605,75.758],[58.835,75.781],[58.752,75.807],[58.893,75.853],[60.317,75.97],[59.942,76.026],[60.22,76.11],[60.78,76.104],[60.435,75.997],[60.783,75.977],[60.745,76.027],[61.132,76.077],[60.908,76.144],[61.012,76.181],[60.935,76.225],[61.126,76.288],[62.413,76.263],[62.328,76.186],[62.467,76.166],[62.737,76.27],[62.932,76.223],[62.863,76.2],[63.716,76.323],[64.78,76.33],[64.675,76.379],[64.967,76.464],[65.257,76.438],[65.577,76.54],[65.975,76.495],[65.988,76.579],[65.788,76.632],[65.848,76.674],[66.493,76.85],[67.657,77.006],[68.607,76.955],[68.525,76.926],[68.888,76.863],[68.835,76.813],[69.172,76.682],[68.875,76.544],[69.048,76.504],[68.291,76.263],[68.405,76.212],[67.913,76.212],[63.76,75.614],[63.667,75.705],[63.34,75.581],[62.987,75.615],[63.012,75.565],[62.79,75.497],[61.973,75.425],[61.787,75.315],[61.722,75.367],[61.682,75.283],[61.457,75.206],[61.372,75.225],[61.405,75.311],[61.317,75.307],[61.178,75.19],[60.815,75.118],[60.782,75.018],[60.563,75.091],[60.432,75.04],[60.473,75.003],[60.011,74.982],[60.671,74.921],[60.57,74.85],[60.181,74.862],[60.361,74.789],[60.307,74.745],[59.647,74.716],[59.456,74.786],[59.829,74.663],[59.856,74.603],[59.76,74.57],[59.071,74.724],[59.276,74.618],[59.151,74.615],[59.079,74.464],[59.155,74.419],[58.219,74.543],[58.611,74.447],[58.736,74.248],[58.646,74.233],[58.749,74.213],[58.547,74.219],[58.656,74.2],[58.454,74.188],[58.522,74.142],[58.274,74.193],[58.549,74.121],[58.33,74.075],[58.111,74.145],[58.209,74.075],[58.089,74.04],[58.257,74]]]}},{"type":"Feature","properties":{},"geometry":{"type":"Polygon","coordinates":[[[-81,63.438],[-82.074,63.683],[-82.494,63.657],[-82.547,63.738],[-82.34,63.833],[-82.365,63.892],[-83.143,63.967],[-82.935,64.13],[-83.004,64.181],[-83.528,64.102],[-83.666,64.006],[-83.606,63.769],[-83.758,63.772],[-84.085,63.59],[-84.284,63.621],[-84.582,63.29],[-85.211,63.107],[-85.458,63.098],[-85.616,63.179],[-85.661,63.386],[-85.589,63.654],[-85.68,63.713],[-86.542,63.665],[-86.923,63.547],[-87.218,63.619],[-87.209,63.715],[-86.95,63.89],[-86.179,64.089],[-86.36,64.304],[-86.395,64.585],[-86.128,64.92],[-86.216,64.966],[-86.123,65.103],[-86.153,65.29],[-86.078,65.359],[-86.141,65.379],[-85.995,65.711],[-85.484,65.917],[-85.461,65.795],[-85.177,65.802],[-85.025,65.612],[-85.271,65.524],[-85.005,65.422],[-84.91,65.214],[-84.772,65.215],[-84.71,65.357],[-84.509,65.479],[-84.139,65.339],[-84.234,65.269],[-84.115,65.202],[-83.394,65.139],[-83.201,64.933],[-82.523,64.733],[-82.35,64.763],[-81.825,64.549],[-81.733,64.462],[-81.734,64.268],[-81.589,64.127],[-81.956,64.059],[-81.988,63.979],[-81.395,64.084],[-80.93,63.969],[-80.981,64.048],[-80.921,64.122],[-80.743,64.061],[-80.692,64.006],[-80.743,63.99],[-80.532,63.98],[-80.56,63.915],[-80.472,63.894],[-80.654,63.87],[-80.135,63.775],[-80.491,63.71],[-81,63.438]]]}},{"type":"Feature","properties":{},"geometry":{"type":"Polygon","coordinates":[[[-115.56,74.995],[-116.242,75.061],[-116.004,75.126],[-116.292,75.107],[-116.217,75.214],[-116.691,75.118],[-117.664,75.252],[-117.246,75.475],[-116.009,75.488],[-115.007,75.699],[-116.09,75.579],[-117.217,75.582],[-116.805,75.804],[-114.782,75.898],[-116.731,75.905],[-116.672,75.972],[-116.445,75.977],[-116.673,76.037],[-116.614,76.122],[-116.216,76.198],[-114.627,76.17],[-115.899,76.29],[-115.796,76.328],[-115.873,76.36],[-115.488,76.46],[-114.896,76.522],[-114.166,76.477],[-114.056,76.417],[-114.179,76.344],[-113.971,76.274],[-114.046,76.235],[-113.982,76.196],[-112.974,76.274],[-112.4,76.181],[-112.5,76.108],[-112.403,76.046],[-111.683,75.919],[-112.224,75.817],[-111.437,75.847],[-111.605,75.815],[-111.313,75.717],[-111.404,75.621],[-111.224,75.517],[-110.453,75.577],[-108.885,75.48],[-109.052,75.556],[-108.84,75.565],[-108.888,75.595],[-108.787,75.617],[-108.922,75.679],[-108.801,75.703],[-110.05,75.899],[-109.229,76.024],[-109.373,76.072],[-109.262,76.106],[-110.415,76.355],[-110.353,76.369],[-110.381,76.428],[-109.76,76.485],[-109.676,76.529],[-109.831,76.539],[-109.608,76.584],[-109.304,76.798],[-108.655,76.833],[-108.703,76.773],[-108.382,76.725],[-108.714,76.639],[-108.481,76.562],[-108.619,76.522],[-108.447,76.464],[-108.572,76.418],[-108.262,76.391],[-108.036,76.275],[-108.195,76.264],[-108.061,76.225],[-108.339,76.179],[-108.436,76.095],[-108.34,76.087],[-108.482,76.04],[-107.859,76.07],[-107.603,76.003],[-108,75.788],[-107.736,75.889],[-107.034,75.901],[-107.099,75.846],[-106.936,75.799],[-106.996,75.775],[-106.841,75.65],[-106.862,75.774],[-106.567,75.805],[-106.876,75.839],[-106.869,75.975],[-106.645,76.063],[-106.3,76.06],[-105.621,75.954],[-105.425,75.854],[-105.38,75.75],[-105.449,75.734],[-105.364,75.65],[-105.711,75.5],[-105.577,75.463],[-105.684,75.41],[-105.617,75.364],[-105.914,75.226],[-105.805,75.187],[-105.866,75.146],[-106.075,75.112],[-106,75.053],[-107.201,74.914],[-107.656,74.976],[-107.718,75.025],[-107.673,75.083],[-107.754,75.1],[-107.757,75.019],[-107.988,75],[-107.934,74.955],[-108.013,74.944],[-107.931,74.931],[-108.355,74.918],[-108.793,74.988],[-108.474,74.975],[-108.798,75.074],[-109.531,74.863],[-110.354,74.846],[-110.274,74.801],[-110.629,74.799],[-110.559,74.713],[-110.768,74.664],[-112.358,74.424],[-113.524,74.429],[-114.427,74.696],[-113.194,74.849],[-113.313,74.882],[-112.941,74.972],[-111.586,75.009],[-110.911,75.23],[-111.042,75.278],[-111.554,75.145],[-112.39,75.128],[-112.448,75.159],[-112.285,75.208],[-112.542,75.183],[-112.649,75.286],[-112.727,75.205],[-112.68,75.142],[-112.762,75.126],[-113.917,75.052],[-113.915,75.146],[-113.638,75.193],[-113.918,75.18],[-113.806,75.325],[-113.302,75.421],[-113.873,75.377],[-114.03,75.475],[-114.026,75.352],[-114.159,75.224],[-114.608,75.28],[-114.274,75.173],[-114.452,75.061],[-115.087,74.972],[-115.197,75.025],[-115.161,75.126],[-115.231,75.186],[-115.389,75.099],[-115.663,75.137],[-115.562,75.117],[-115.506,75.031],[-115.56,74.995]]]}},{"type":"Feature","properties":{},"geometry":{"type":"Polygon","coordinates":[[[-94.197,78.998],[-93.628,79.045],[-93.406,79.163],[-90.333,79.244],[-92.297,79.206],[-92.707,79.251],[-92.6,79.299],[-91.126,79.393],[-92.137,79.341],[-92.615,79.382],[-92.253,79.451],[-92.878,79.41],[-93.131,79.486],[-92.994,79.386],[-93.379,79.337],[-93.253,79.439],[-93.338,79.453],[-93.88,79.266],[-94.275,79.268],[-93.867,79.397],[-94.405,79.431],[-94.548,79.418],[-94.405,79.373],[-94.538,79.342],[-95.146,79.274],[-95.428,79.336],[-95.203,79.327],[-95.314,79.392],[-95.249,79.406],[-95.772,79.409],[-95.677,79.468],[-95.773,79.477],[-95.769,79.538],[-94.583,79.628],[-94.365,79.67],[-94.409,79.715],[-94.332,79.769],[-94.792,79.663],[-95.737,79.634],[-96.511,79.832],[-96.362,79.864],[-96.634,79.88],[-96.136,79.907],[-96.595,79.964],[-96.64,80.018],[-96.479,80.046],[-96.742,80.083],[-96.678,80.146],[-94.39,79.979],[-94.789,80.087],[-94.076,80.183],[-94.557,80.23],[-95.339,80.118],[-95.704,80.172],[-95.212,80.244],[-95.925,80.193],[-96.51,80.269],[-96.439,80.325],[-96.62,80.351],[-95.232,80.375],[-96.048,80.487],[-95.749,80.521],[-95.97,80.582],[-93.767,80.52],[-94.602,80.639],[-93.834,80.705],[-95.502,80.813],[-95.092,80.874],[-95.445,80.905],[-94.872,81.059],[-94.348,80.962],[-93.806,81.03],[-94.245,81.113],[-93.104,81.09],[-93.006,81.182],[-93.18,81.213],[-94.36,81.251],[-94.206,81.348],[-93.495,81.31],[-93.493,81.38],[-91.805,81.163],[-91.736,81.075],[-91.848,81.062],[-91.096,80.758],[-90.557,80.64],[-90.749,80.561],[-90.119,80.547],[-89.721,80.455],[-89.821,80.525],[-89.577,80.543],[-89.069,80.483],[-89.037,80.424],[-89.244,80.396],[-89.032,80.388],[-89.058,80.328],[-89.21,80.297],[-88.766,80.124],[-88.1,80.09],[-88.416,80.185],[-88.219,80.185],[-88.676,80.28],[-88.575,80.32],[-88.621,80.384],[-87.615,80.406],[-87.562,80.175],[-88.259,80.154],[-87.886,80.06],[-87.253,80.079],[-87.008,79.943],[-87.482,79.832],[-86.936,79.919],[-87.145,79.639],[-87.435,79.532],[-86.963,79.607],[-86.773,79.543],[-86.687,79.575],[-86.838,79.611],[-86.774,79.64],[-86.361,79.652],[-86.014,79.569],[-86.134,79.529],[-86.013,79.478],[-86.166,79.466],[-86.034,79.439],[-85.704,79.62],[-84.88,79.269],[-86.502,79.057],[-86.689,78.958],[-86.989,79.055],[-86.971,78.886],[-87.613,78.642],[-87.891,78.702],[-87.998,78.808],[-87.985,78.967],[-87.735,79.093],[-88.16,78.995],[-88.241,78.816],[-88.105,78.681],[-88.382,78.66],[-88.024,78.658],[-87.885,78.559],[-88.195,78.453],[-88.585,78.608],[-88.805,78.606],[-88.545,78.4],[-88.863,78.147],[-89.168,78.21],[-89.962,78.613],[-90.119,78.582],[-90.061,78.487],[-89.763,78.382],[-89.476,78.149],[-90.259,78.335],[-90.765,78.324],[-90.31,78.275],[-90.372,78.22],[-90.277,78.187],[-90.344,78.142],[-92.055,78.203],[-92.35,78.285],[-92.174,78.322],[-92.49,78.307],[-92.987,78.475],[-91.66,78.568],[-92.833,78.631],[-93.295,78.581],[-93.483,78.646],[-93.362,78.673],[-93.823,78.771],[-93.025,78.763],[-93.897,78.833],[-94.305,78.984],[-94.197,78.998]]]}},{"type":"Feature","properties":{},"geometry":{"type":"Polygon","coordinates":[[[15.438,77],[15.155,77.029],[15.073,77.126],[14.452,77.168],[13.941,77.415],[14.152,77.443],[13.915,77.524],[14.487,77.571],[14.592,77.519],[14.515,77.484],[14.71,77.477],[15.01,77.565],[16.1,77.46],[15.947,77.554],[14.738,77.653],[16.343,77.809],[17.13,77.773],[16.752,77.878],[16.992,77.929],[15.91,77.824],[15.55,77.884],[13.95,77.716],[13.719,77.75],[13.832,77.802],[13.649,77.842],[13.742,77.886],[13.598,78.057],[13.977,78.105],[14.293,77.96],[14.342,78.017],[14.217,78.11],[14.993,78.099],[15.34,78.238],[15.768,78.23],[15.555,78.283],[15.757,78.337],[16.847,78.331],[17.398,78.429],[16.83,78.381],[16.288,78.453],[16.922,78.649],[16.57,78.716],[16.258,78.547],[15.423,78.458],[15.132,78.6],[15.498,78.667],[15.512,78.741],[15.395,78.775],[15.455,78.826],[15.347,78.85],[15.182,78.763],[15.265,78.649],[15.003,78.595],[14.775,78.645],[14.868,78.672],[14.75,78.755],[14.375,78.701],[14.558,78.659],[14.625,78.546],[14.258,78.488],[14.798,78.379],[14.217,78.419],[14.175,78.347],[14.335,78.308],[14.113,78.252],[14.013,78.3],[13.947,78.229],[13.748,78.267],[13.82,78.207],[13,78.205],[12.908,78.253],[12.968,78.3],[12.848,78.333],[12.918,78.365],[12.372,78.493],[13.318,78.568],[12.407,78.546],[11.84,78.711],[11.472,78.73],[11.982,78.832],[11.353,78.972],[12.565,78.909],[12.447,78.997],[12.08,78.964],[11.992,78.993],[12.118,79.019],[11.665,79.064],[11.918,79.121],[11.828,79.134],[11.918,79.193],[12.212,79.191],[12.015,79.22],[12.178,79.299],[11.835,79.289],[11.888,79.218],[11.83,79.214],[11.738,79.324],[11.547,79.326],[11.582,79.277],[11.512,79.266],[11.692,79.21],[11.672,79.156],[11.186,79.112],[11.172,79.216],[10.865,79.343],[10.968,79.471],[10.665,79.547],[11.205,79.549],[10.838,79.599],[11.027,79.644],[11.498,79.63],[11.185,79.713],[11.288,79.756],[11.198,79.778],[11.48,79.752],[11.84,79.84],[11.888,79.804],[11.778,79.789],[11.965,79.775],[11.925,79.742],[12.012,79.683],[12.3,79.65],[12.345,79.693],[12.142,79.792],[12.21,79.838],[12.623,79.761],[13.806,79.877],[13.985,79.802],[13.733,79.686],[13.033,79.692],[12.348,79.58],[12.577,79.524],[13.477,79.572],[13.202,79.461],[13.567,79.479],[13.915,79.366],[13.862,79.281],[14.043,79.264],[14.118,79.363],[13.968,79.39],[14.028,79.439],[13.825,79.53],[14.248,79.607],[14.128,79.638],[14.325,79.659],[14.208,79.677],[14.488,79.794],[14.727,79.789],[15.298,79.603],[15.238,79.518],[15.428,79.463],[15.415,79.359],[15.772,79.227],[15.598,79.149],[15.655,79.097],[15.833,79.164],[16.413,78.899],[16.527,78.905],[15.952,79.291],[15.848,79.512],[15.908,79.549],[15.722,79.638],[15.615,79.794],[15.71,79.874],[16.135,79.86],[15.918,79.927],[16.057,80.017],[16.572,80.036],[16.752,79.943],[16.675,79.926],[16.743,79.88],[16.933,79.858],[16.845,79.916],[17.017,79.953],[17.397,79.926],[18.018,79.735],[17.708,79.596],[17.755,79.564],[17.575,79.547],[17.782,79.53],[17.798,79.434],[17.672,79.361],[18.283,79.621],[18.708,79.551],[18.875,79.438],[18.828,79.294],[18.588,79.249],[18.908,79.218],[18.905,79.161],[19.807,79.147],[19.745,79.133],[19.921,79.058],[19.92,78.995],[21.513,78.831],[21.468,78.775],[21.531,78.747],[21.377,78.666],[20.78,78.71],[20.523,78.634],[19.543,78.607],[19.828,78.564],[19.725,78.469],[19.795,78.42],[19.028,78.423],[19.108,78.338],[18.825,78.306],[19.075,78.221],[18.848,78.189],[19.032,78.096],[18.372,78.03],[18.492,77.959],[18.315,77.898],[18.445,77.853],[18.445,77.748],[18.322,77.683],[18.365,77.637],[18.292,77.528],[17.602,77.452],[17.668,77.413],[17.445,77.295],[17.445,77.137],[17.188,77.019],[17.285,76.938],[16.892,76.792],[17.165,76.716],[16.99,76.596],[16.287,76.56],[16.318,76.706],[15.502,76.872],[16.378,77],[16.04,77.064],[15.438,77]]]}},{"type":"Feature","properties":{},"geometry":{"type":"Polygon","coordinates":[[[-50.776,-0.783],[-50.788,-0.716],[-50.66,-0.752],[-50.683,-0.648],[-50.592,-0.719],[-50.55,-0.672],[-50.55,-0.577],[-50.652,-0.539],[-50.59,-0.504],[-50.731,-0.521],[-50.645,-0.484],[-50.711,-0.385],[-50.669,-0.298],[-50.449,-0.156],[-50.367,-0.265],[-50.339,-0.096],[-49.632,-0.245],[-49.392,-0.248],[-49.189,-0.133],[-48.908,-0.241],[-48.39,-0.283],[-48.489,-0.736],[-48.542,-0.719],[-48.51,-0.882],[-48.759,-1.183],[-48.92,-1.134],[-48.834,-1.264],[-48.987,-1.253],[-48.921,-1.328],[-48.969,-1.406],[-48.93,-1.346],[-48.836,-1.446],[-49.058,-1.55],[-49.154,-1.412],[-49.085,-1.572],[-49.225,-1.591],[-49.265,-1.49],[-49.27,-1.622],[-49.358,-1.507],[-49.357,-1.591],[-49.407,-1.529],[-49.489,-1.584],[-49.525,-1.51],[-49.546,-1.722],[-49.693,-1.791],[-49.748,-1.617],[-49.74,-1.776],[-49.808,-1.824],[-50.068,-1.717],[-50.374,-1.836],[-50.59,-1.792],[-50.566,-1.724],[-50.803,-1.44],[-50.806,-1.109],[-50.559,-1.184],[-50.621,-1.125],[-50.48,-1.041],[-50.758,-1.077],[-50.776,-0.783]]]}},{"type":"Feature","properties":{},"geometry":{"type":"Polygon","coordinates":[[[130.669,30.999],[130.803,31.335],[130.7,31.553],[130.591,31.588],[130.681,31.63],[130.768,31.565],[130.798,31.7],[130.641,31.732],[130.515,31.5],[130.571,31.316],[130.67,31.267],[130.587,31.155],[130.462,31.25],[130.217,31.247],[130.106,31.412],[130.316,31.444],[130.335,31.569],[130.167,31.791],[130.247,31.831],[130.175,32.105],[130.34,32.121],[130.662,32.633],[130.451,32.623],[130.639,32.698],[130.545,32.907],[130.4,33.005],[130.433,33.109],[130.362,33.211],[130.458,33.298],[130.328,33.143],[130.193,33.205],[130.118,33.129],[130.226,32.955],[130.088,32.859],[130.34,32.858],[130.35,32.673],[130.168,32.59],[130.125,32.688],[130.194,32.782],[130.083,32.794],[129.953,32.769],[129.738,32.568],[129.869,32.747],[129.815,32.717],[129.632,32.925],[129.676,33.097],[129.824,32.982],[129.79,32.867],[130.01,32.847],[129.924,33.032],[129.769,33.1],[129.762,33.05],[129.782,33.146],[129.667,33.102],[129.638,33.225],[129.553,33.217],[129.62,33.311],[129.56,33.332],[129.673,33.4],[129.863,33.281],[129.796,33.415],[129.864,33.412],[129.784,33.451],[129.858,33.457],[129.848,33.558],[130.034,33.451],[130.209,33.669],[130.273,33.583],[130.398,33.6],[130.429,33.688],[130.289,33.69],[130.445,33.725],[130.525,33.89],[130.681,33.868],[130.684,33.938],[130.841,33.949],[130.802,33.875],[131.003,33.965],[130.958,33.828],[131.1,33.62],[131.364,33.578],[131.351,33.528],[131.523,33.684],[131.666,33.67],[131.74,33.47],[131.594,33.348],[131.5,33.36],[131.509,33.276],[131.902,33.269],[131.796,33.123],[132.018,33.059],[131.875,32.957],[132.086,32.931],[131.979,32.923],[131.946,32.836],[132.008,32.824],[131.893,32.804],[131.859,32.696],[131.678,32.583],[131.733,32.492],[131.65,32.464],[131.695,32.424],[131.635,32.418],[131.463,31.896],[131.402,31.92],[131.49,31.783],[131.35,31.365],[131.077,31.461],[131.001,31.358],[131.13,31.277],[130.669,30.999]]]}},{"type":"Feature","properties":{},"geometry":{"type":"Polygon","coordinates":[[[120.864,22],[120.856,21.9],[120.705,21.937],[120.631,22.307],[120.252,22.61],[120.325,22.557],[120.131,22.995],[120.181,23.04],[120.03,23.076],[120.122,23.114],[120.068,23.174],[120.161,23.332],[120.129,23.632],[120.233,23.823],[120.365,23.829],[120.265,23.846],[120.322,23.987],[120.509,24.182],[120.713,24.607],[120.852,24.668],[121.03,25.027],[121.441,25.159],[121.445,25.252],[121.573,25.3],[121.736,25.135],[121.918,25.133],[122,25.007],[121.825,24.855],[121.855,24.482],[121.611,24.087],[121.406,23.125],[120.972,22.563],[120.864,22]]]}},{"type":"Feature","properties":{},"geometry":{"type":"Polygon","coordinates":[[[151.053,-6.002],[150.792,-6.012],[150.747,-6.129],[150.605,-6.122],[150.403,-6.271],[149.607,-6.293],[149.374,-6.064],[149.143,-6.077],[149.037,-6.164],[149.032,-6.017],[148.364,-5.752],[148.317,-5.568],[148.413,-5.446],[148.548,-5.54],[148.983,-5.46],[149.261,-5.59],[149.661,-5.45],[149.672,-5.543],[149.871,-5.521],[150.092,-4.998],[150.193,-5.058],[150.017,-5.288],[150.093,-5.519],[150.287,-5.561],[150.45,-5.427],[150.614,-5.549],[150.757,-5.451],[150.897,-5.489],[151.084,-5.149],[151.348,-4.912],[151.584,-4.968],[151.686,-4.868],[151.49,-4.212],[151.833,-4.22],[151.947,-4.343],[152.031,-4.261],[151.986,-4.198],[152.12,-4.211],[152.168,-4.135],[152.234,-4.25],[152.163,-4.205],[152.164,-4.302],[152.405,-4.338],[152.322,-4.855],[152.219,-4.974],[151.949,-5.005],[151.948,-5.143],[152.12,-5.306],[152.12,-5.398],[151.813,-5.59],[151.674,-5.504],[151.622,-5.569],[151.47,-5.523],[151.509,-5.68],[151.053,-6.002]]]}},{"type":"Feature","properties":{},"geometry":{"type":"Polygon","coordinates":[[[-85,71.281],[-85.305,71.293],[-85.175,71.27],[-85.464,71.239],[-85.373,71.195],[-85.726,71.208],[-86.235,71.059],[-87.013,71.003],[-87.757,71.137],[-87.86,71.191],[-87.835,71.263],[-88.081,71.204],[-89.66,71.306],[-90,71.454],[-90.028,71.52],[-89.949,71.511],[-90.039,71.597],[-89.773,71.767],[-90.117,71.933],[-89.958,72.028],[-90.026,72.066],[-89.567,72.174],[-89.9,72.193],[-89.962,72.346],[-89.832,72.398],[-89.927,72.423],[-89.767,72.485],[-89.731,72.62],[-89.469,72.663],[-89.602,72.679],[-89.508,72.694],[-89.587,72.705],[-89.568,72.795],[-89.237,72.783],[-89.412,72.834],[-89.302,72.892],[-89.355,73],[-89.183,73.023],[-89.313,73.042],[-89.083,73.215],[-88.875,73.217],[-89.03,73.236],[-88.933,73.298],[-88.607,73.28],[-88.85,73.338],[-88.285,73.569],[-87.445,73.763],[-86.558,73.857],[-84.98,73.79],[-84.832,73.744],[-84.938,73.667],[-85.564,73.512],[-86.147,73.24],[-86.319,73.042],[-86.673,72.867],[-86.748,72.726],[-86.234,72.416],[-86.459,72.206],[-86.35,71.965],[-85.485,71.52],[-84.918,71.423],[-84.829,71.272],[-85,71.281]]]}},{"type":"Feature","properties":{},"geometry":{"type":"Polygon","coordinates":[[[108.999,18.36],[108.685,18.508],[108.631,19.268],[108.686,19.375],[109.208,19.722],[109.304,19.691],[109.276,19.789],[109.164,19.712],[109.26,19.903],[109.535,19.838],[109.534,19.947],[109.711,20.015],[109.835,19.932],[109.939,19.995],[109.993,19.896],[110.159,20.065],[110.285,20.029],[110.371,20.091],[110.584,19.999],[110.613,19.916],[110.57,20.095],[110.685,20.165],[110.786,20.015],[110.932,20.018],[111.042,19.64],[110.856,19.523],[110.815,19.598],[110.876,19.625],[110.791,19.608],[110.832,19.544],[110.534,19.146],[110.572,19.048],[110.43,18.838],[110.509,18.801],[110.513,18.885],[110.536,18.782],[110.412,18.661],[110.196,18.618],[110.047,18.384],[109.965,18.391],[110.013,18.452],[109.753,18.405],[109.736,18.274],[109.672,18.28],[109.726,18.214],[109.572,18.16],[109.567,18.259],[109.481,18.189],[109.455,18.284],[108.999,18.36]]]}},{"type":"Feature","properties":{},"geometry":{"type":"Polygon","coordinates":[[[-97,71.75],[-97.485,71.614],[-98.182,71.646],[-98.364,71.744],[-98.22,71.895],[-98.497,71.73],[-98.037,71.541],[-98.178,71.424],[-98.69,71.279],[-98.945,71.39],[-99.214,71.352],[-99.388,71.542],[-99.347,71.579],[-99.57,71.629],[-99.647,71.769],[-100.058,71.868],[-100.599,72.18],[-100.92,72.164],[-101.21,72.348],[-101.45,72.24],[-101.481,72.298],[-101.782,72.298],[-101.901,72.367],[-101.951,72.464],[-101.9,72.482],[-102.449,72.602],[-102.686,72.693],[-102.752,72.798],[-102.521,73.023],[-102.228,73.093],[-101.885,73.061],[-101.71,72.975],[-101.875,72.994],[-101.598,72.887],[-101.504,72.922],[-101.578,72.898],[-101.475,72.87],[-101.426,72.816],[-101.486,72.8],[-101.281,72.802],[-101.258,72.747],[-101.396,72.755],[-101.267,72.713],[-100.166,72.787],[-100.383,72.865],[-100.441,72.923],[-100.38,72.952],[-100.492,72.96],[-100.418,73.001],[-100.464,73.023],[-100.292,73.031],[-100.415,72.987],[-100.228,72.946],[-100.315,72.871],[-100.02,72.942],[-100.177,72.994],[-100.119,73.06],[-100.225,73.06],[-100.164,73.099],[-100.238,73.144],[-100.509,73.081],[-100.592,73.144],[-100.447,73.204],[-100.523,73.232],[-100.354,73.293],[-100.049,73.187],[-99.775,73.211],[-100.087,73.253],[-100.392,73.406],[-100.34,73.321],[-100.957,73.277],[-101.622,73.496],[-101.203,73.611],[-100.9,73.606],[-100.425,73.407],[-100.619,73.499],[-100.539,73.608],[-100.906,73.626],[-100.861,73.667],[-101.125,73.733],[-100.859,73.84],[-100.542,73.864],[-100.038,73.769],[-99.835,73.882],[-100.156,73.83],[-100.304,73.866],[-100.267,73.916],[-99.839,73.947],[-99.166,73.689],[-99.123,73.751],[-98.149,73.814],[-97.759,73.917],[-97.845,73.867],[-97.195,73.858],[-96.958,73.749],[-96.954,73.638],[-97.223,73.556],[-97.446,73.588],[-97.515,73.554],[-97.455,73.516],[-97.707,73.54],[-97.599,73.456],[-97.195,73.476],[-97.264,73.438],[-97.163,73.359],[-97.674,73.321],[-98.489,73.009],[-98.404,72.995],[-98.415,72.873],[-98.059,73.034],[-97.281,72.969],[-97.205,72.944],[-97.254,72.881],[-97.418,72.866],[-97.004,72.742],[-97.18,72.666],[-97.173,72.6],[-96.522,72.756],[-96.574,72.69],[-96.434,72.641],[-96.43,72.538],[-96.27,72.414],[-96.848,72.321],[-96.527,72.281],[-96.607,72.255],[-96.498,72.245],[-96.456,72.112],[-96.86,72.04],[-96.464,72.045],[-96.477,71.963],[-96.74,71.919],[-96.473,71.899],[-97,71.75]]]}},{"type":"Feature","properties":{},"geometry":{"type":"Polygon","coordinates":[[[53.998,70.737],[53.344,70.862],[53.554,70.864],[53.487,70.922],[53.741,70.817],[53.681,70.878],[53.779,70.942],[53.529,71.078],[53.942,71.022],[53.812,71.116],[54.18,71.074],[54.264,71.1],[54.046,71.124],[54.075,71.173],[54.351,71.125],[54.103,71.215],[53.972,71.156],[53.805,71.195],[53.838,71.135],[53.536,71.203],[53.286,71.439],[53.501,71.543],[53.321,71.538],[53.155,71.412],[53.012,71.51],[53.056,71.47],[52.939,71.472],[53.024,71.408],[52.952,71.375],[52.909,71.453],[52.751,71.444],[52.517,71.683],[52.536,71.567],[52.364,71.506],[52.463,71.469],[52.28,71.568],[52.191,71.532],[52.298,71.463],[51.91,71.455],[51.604,71.529],[51.406,71.833],[51.524,72.055],[51.824,72.151],[52.404,72.055],[52.379,72.145],[52.539,72.133],[52.409,72.207],[52.521,72.183],[52.434,72.274],[52.629,72.241],[52.571,72.285],[52.694,72.317],[52.549,72.359],[52.732,72.323],[52.679,72.423],[52.819,72.427],[52.694,72.474],[52.874,72.494],[52.951,72.543],[52.897,72.561],[53.261,72.561],[52.695,72.54],[52.814,72.611],[52.664,72.62],[53.659,72.642],[52.364,72.715],[52.569,72.857],[52.912,72.913],[53.611,72.889],[53.074,72.933],[53.1,73.006],[53.381,73.012],[53.169,73.062],[53.196,73.15],[53.862,73.295],[54.52,73.277],[54.414,73.31],[54.456,73.344],[54.905,73.429],[55.782,73.327],[55.964,73.273],[55.907,73.22],[56.342,73.237],[56.519,73.151],[55.771,73.067],[56.388,73.042],[56.275,72.995],[55.504,72.943],[56.239,72.953],[56.095,72.784],[55.441,72.807],[55.817,72.745],[55.904,72.655],[55.631,72.681],[55.679,72.597],[55.599,72.523],[55.081,72.577],[55.45,72.548],[55.564,72.467],[55.139,72.446],[55.474,72.437],[55.479,72.353],[55.346,72.289],[55.401,72.272],[55.304,72.278],[55.589,72.18],[55.344,72.072],[55.461,72.058],[55.384,72.022],[55.444,71.936],[55.186,71.899],[55.521,71.889],[55.709,71.558],[56.229,71.196],[57.011,70.865],[57.611,70.713],[57.411,70.734],[57.534,70.689],[57.366,70.611],[57.432,70.59],[56.761,70.674],[57.322,70.545],[56.61,70.617],[56.501,70.658],[56.609,70.718],[56.552,70.736],[56.222,70.739],[56.321,70.689],[56.191,70.698],[56.321,70.653],[56.224,70.632],[56.43,70.668],[56.654,70.564],[55.805,70.675],[56.02,70.554],[55.42,70.74],[55.301,70.702],[55.484,70.638],[55.285,70.685],[55.231,70.656],[55.291,70.563],[55.165,70.546],[54.535,70.806],[54.571,70.751],[54.459,70.719],[54.788,70.637],[54.303,70.765],[53.998,70.737]]]}},{"type":"Feature","properties":{},"geometry":{"type":"Polygon","coordinates":[[[-125.673,49],[-125.914,49.14],[-125.731,49.076],[-125.593,49.235],[-125.761,49.13],[-125.725,49.264],[-125.811,49.246],[-125.8,49.335],[-125.832,49.261],[-126.014,49.242],[-125.897,49.42],[-126.027,49.322],[-126.085,49.394],[-126.035,49.455],[-126.217,49.401],[-126.296,49.512],[-126.259,49.348],[-126.405,49.474],[-126.547,49.382],[-126.568,49.58],[-126.233,49.65],[-126.499,49.685],[-126.393,49.755],[-126.441,49.793],[-126.591,49.694],[-126.651,49.898],[-126.754,49.872],[-126.852,49.971],[-126.802,49.907],[-126.911,49.868],[-126.943,49.987],[-126.942,49.86],[-127.049,49.942],[-126.998,49.851],[-127.17,49.869],[-127.262,49.965],[-127.077,50.024],[-127.196,50.023],[-127.095,50.146],[-127.21,50.091],[-127.309,50.193],[-127.271,50.055],[-127.347,50.02],[-127.484,50.092],[-127.421,50.138],[-127.514,50.122],[-127.435,50.187],[-127.603,50.107],[-127.632,50.209],[-127.793,50.08],[-127.918,50.114],[-127.729,50.241],[-127.864,50.29],[-127.723,50.296],[-127.977,50.325],[-127.939,50.464],[-127.582,50.49],[-127.433,50.338],[-127.611,50.526],[-127.419,50.606],[-128.011,50.653],[-127.559,50.554],[-127.992,50.466],[-128.005,50.539],[-128.048,50.442],[-128.322,50.619],[-128.26,50.677],[-128.373,50.672],[-128.432,50.785],[-127.903,50.875],[-126.868,50.53],[-125.445,50.335],[-125.389,50.128],[-124.86,49.707],[-124.98,49.682],[-124.79,49.462],[-123.772,49.129],[-123.758,48.987],[-123.858,49.022],[-123.588,48.842],[-123.571,48.744],[-123.646,48.747],[-123.535,48.695],[-123.548,48.51],[-123.438,48.7],[-123.266,48.452],[-123.35,48.403],[-123.456,48.457],[-123.54,48.32],[-123.654,48.313],[-123.717,48.366],[-123.653,48.394],[-123.922,48.377],[-124.448,48.525],[-124.412,48.576],[-124.61,48.565],[-125.102,48.72],[-125.118,48.793],[-125.219,48.789],[-124.857,49.005],[-124.787,49.143],[-124.827,49.255],[-124.814,49.121],[-124.914,48.985],[-125.187,48.99],[-125.136,49.05],[-125.197,49.1],[-125.144,49.054],[-125.213,48.944],[-125.322,49.013],[-125.199,49.04],[-125.361,49.045],[-125.483,48.918],[-125.673,49]]]}},{"type":"Feature","properties":{},"geometry":{"type":"Polygon","coordinates":[[[124,-10.278],[123.796,-10.364],[123.455,-10.36],[123.529,-10.175],[123.763,-10.057],[123.575,-10.023],[123.666,-9.629],[123.988,-9.344],[124.558,-9.188],[124.973,-8.954],[125.123,-8.648],[125.852,-8.481],[126.171,-8.523],[126.42,-8.422],[126.569,-8.49],[126.963,-8.333],[127.301,-8.401],[127.017,-8.692],[126.59,-8.81],[126.481,-8.956],[126.187,-8.986],[125.947,-9.141],[125.376,-9.279],[124.979,-9.545],[124.985,-9.651],[124.474,-10.124],[124.169,-10.149],[124,-10.278]]]}},{"type":"Feature","properties":{},"geometry":{"type":"Polygon","coordinates":[[[14.999,36.701],[14.496,36.786],[14.256,37.061],[13.75,37.149],[13.164,37.495],[12.658,37.565],[12.421,37.8],[12.489,38.018],[12.706,38.109],[12.732,38.192],[12.896,38.025],[13.067,38.081],[13.107,38.193],[13.314,38.226],[13.383,38.109],[13.537,38.115],[13.648,38],[13.826,37.975],[14.477,38.035],[14.914,38.194],[15.104,38.123],[15.232,38.273],[15.28,38.206],[15.519,38.299],[15.651,38.271],[15.251,37.808],[15.085,37.487],[15.103,37.316],[15.26,37.243],[15.186,37.19],[15.339,37.004],[15.115,36.852],[15.133,36.665],[14.999,36.701]]]}},{"type":"Feature","properties":{},"geometry":{"type":"Polygon","coordinates":[[[-95,71.982],[-95.181,71.971],[-95.058,72.004],[-95.211,71.996],[-95.074,72.099],[-95.19,72.109],[-94.761,72.162],[-95.16,72.134],[-95.152,72.369],[-95.241,72.445],[-95.114,72.465],[-95.312,72.544],[-95.352,72.648],[-95.6,72.704],[-95.548,72.79],[-95.67,72.805],[-95.598,72.928],[-95.699,72.995],[-95.628,73.027],[-95.658,73.113],[-95.484,73.135],[-95.565,73.162],[-95.538,73.292],[-95.641,73.334],[-95.56,73.381],[-95.669,73.458],[-95.586,73.55],[-95.65,73.591],[-95.532,73.588],[-95.701,73.689],[-95.303,73.78],[-94.825,73.649],[-94.603,73.671],[-95.057,73.772],[-95.122,73.81],[-94.949,73.836],[-95.285,73.879],[-95.338,73.926],[-95.291,73.993],[-94.419,74.124],[-93.919,74.144],[-93.743,74.082],[-93.83,74.138],[-93.487,74.178],[-92.597,74.114],[-92.272,74.021],[-92.327,73.945],[-91.541,74.031],[-90.165,73.892],[-90.364,73.864],[-90.365,73.781],[-90.763,73.559],[-90.974,73.554],[-90.927,73.479],[-91.261,73.261],[-91.667,73.227],[-91.338,73.207],[-92.1,72.741],[-92.383,72.71],[-93.306,72.824],[-94.293,72.774],[-94.291,72.715],[-93.76,72.749],[-93.795,72.652],[-93.561,72.586],[-93.452,72.441],[-93.824,72.313],[-94.062,72.069],[-94.223,72.052],[-94.029,72.071],[-94.046,71.99],[-95,71.982]]]}},{"type":"Feature","properties":{},"geometry":{"type":"Polygon","coordinates":[[[8.451,38.997],[8.407,38.957],[8.35,39.075],[8.484,39.083],[8.368,39.212],[8.435,39.291],[8.38,39.457],[8.47,39.601],[8.442,39.758],[8.562,39.693],[8.503,39.729],[8.573,39.823],[8.506,39.919],[8.434,39.857],[8.395,39.907],[8.376,40.035],[8.492,40.087],[8.483,40.275],[8.383,40.337],[8.315,40.607],[8.15,40.579],[8.205,40.686],[8.131,40.732],[8.223,40.887],[8.176,40.938],[8.319,40.845],[8.568,40.833],[9.151,41.153],[9.183,41.249],[9.421,41.178],[9.441,41.087],[9.526,41.155],[9.57,41.099],[9.503,41.007],[9.665,40.997],[9.499,40.918],[9.73,40.845],[9.662,40.788],[9.832,40.528],[9.625,40.251],[9.733,40.089],[9.581,39.176],[9.526,39.095],[9.012,39.269],[9.092,39.212],[9.014,39.134],[9.023,38.985],[8.856,38.875],[8.722,38.94],[8.638,38.865],[8.508,39.085],[8.451,38.997]]]}},{"type":"Feature","properties":{},"geometry":{"type":"Polygon","coordinates":[[[137.994,74.845],[137.889,74.927],[137.969,74.937],[137.358,75.054],[136.955,75.257],[136.997,75.358],[137.485,75.353],[137.202,75.378],[137.175,75.432],[137.298,75.475],[137.192,75.549],[137.345,75.577],[137.285,75.619],[137.038,75.592],[137.193,75.525],[136.988,75.585],[137.228,75.648],[137.152,75.717],[137.241,75.759],[137.748,75.74],[137.495,75.751],[137.615,75.786],[137.448,75.878],[137.532,75.952],[138.16,76.006],[138.196,76.063],[137.955,76.004],[138.53,76.156],[138.398,76.133],[138.563,76.028],[138.502,76.057],[138.548,76.16],[138.783,76.202],[139.183,76.21],[139.095,76.162],[139.272,76.08],[140.002,75.948],[139.845,75.874],[140.545,75.772],[140.452,75.641],[140.57,75.595],[141.161,75.637],[140.898,75.747],[140.978,75.762],[140.928,75.799],[141.015,75.879],[141.022,76.03],[141.738,75.998],[141.38,76.176],[142.73,75.83],[143.87,75.826],[145.408,75.492],[144.888,75.467],[145.025,75.463],[144.775,75.363],[144.975,75.268],[144.39,75.045],[143.403,75.044],[142.918,75.137],[142.748,75.296],[142.528,75.338],[142.615,75.439],[142.558,75.458],[143.062,75.658],[142.403,75.734],[142.272,75.702],[142.422,75.709],[142.39,75.659],[142.005,75.662],[142.295,75.643],[141.992,75.618],[142.198,75.591],[142.075,75.547],[142.195,75.467],[142.152,75.379],[142.258,75.288],[142.747,75.07],[143.59,75.004],[143.734,74.936],[143.587,74.894],[142.742,74.89],[142.654,74.826],[142.755,74.835],[142.415,74.8],[141.869,74.946],[142.387,74.915],[142.248,75.01],[141.877,75.005],[139.995,74.793],[140.146,74.808],[139.717,74.995],[139.474,74.921],[139.696,74.85],[139.167,74.632],[138.182,74.755],[137.994,74.845]]]}},{"type":"Feature","properties":{},"geometry":{"type":"Polygon","coordinates":[[[132.999,32.983],[132.95,32.82],[133.022,32.722],[132.938,32.785],[132.631,32.761],[132.72,32.927],[132.492,32.897],[132.472,32.97],[132.555,32.962],[132.483,33.048],[132.377,33.023],[132.505,33.122],[132.393,33.206],[132.56,33.222],[132.478,33.275],[132.523,33.315],[132.37,33.319],[132.423,33.463],[132.018,33.347],[132.652,33.697],[132.709,33.908],[132.916,34.065],[132.891,34.119],[132.94,34.144],[133.132,33.91],[133.321,33.996],[133.544,33.986],[133.649,34.13],[133.555,34.262],[133.688,34.215],[133.895,34.384],[134.087,34.342],[134.143,34.4],[134.435,34.21],[134.589,34.24],[134.605,34.083],[134.53,34.102],[134.705,33.932],[134.629,33.851],[134.75,33.835],[134.312,33.577],[134.178,33.245],[133.915,33.496],[133.556,33.555],[133.575,33.495],[133.261,33.367],[133.225,33.154],[132.999,32.983]]]}},{"type":"Feature","properties":{},"geometry":{"type":"Polygon","coordinates":[[[128,-0.303],[128.204,-0.697],[128.443,-0.914],[128.283,-0.882],[128.232,-0.771],[128.017,-0.694],[127.874,-0.387],[127.657,-0.223],[127.73,0.31],[127.614,0.36],[127.524,0.556],[127.635,0.853],[127.49,0.892],[127.492,1.056],[127.395,1.045],[127.567,1.755],[127.95,2.227],[128.066,2.172],[127.836,1.854],[128.021,1.702],[128.016,1.311],[127.899,1.145],[127.652,1.028],[127.63,0.917],[127.79,0.788],[127.875,0.82],[127.976,1.083],[128.195,1.17],[128.087,1.253],[128.188,1.385],[128.462,1.555],[128.72,1.579],[128.7,1.067],[128.189,0.788],[128.313,0.646],[128.679,0.56],[128.669,0.341],[128.919,0.202],[128.452,0.4],[127.924,0.461],[127.882,0.025],[128,-0.303]]]}},{"type":"Feature","properties":{},"geometry":{"type":"Polygon","coordinates":[[[127.999,-3.071],[128.105,-3.06],[128.065,-2.96],[128.167,-2.849],[128.837,-2.862],[129.041,-2.788],[129.125,-2.964],[129.373,-2.784],[129.526,-2.769],[130.016,-3.002],[130.336,-2.969],[130.592,-3.143],[130.661,-3.4],[130.83,-3.451],[130.85,-3.863],[130.006,-3.485],[129.907,-3.33],[129.517,-3.291],[129.527,-3.465],[128.931,-3.346],[128.964,-3.22],[128.886,-3.196],[128.668,-3.431],[128.449,-3.452],[128.265,-3.197],[128.173,-3.228],[128.178,-3.056],[128.082,-3.127],[127.91,-3.566],[127.936,-3.349],[127.83,-3.157],[127.999,-3.071]]]}},{"type":"Feature","properties":{},"geometry":{"type":"Polygon","coordinates":[[[167,-22.343],[166.886,-22.395],[166.837,-22.305],[166.838,-22.392],[166.738,-22.389],[166.494,-22.227],[166.433,-22.309],[166.423,-22.17],[166.342,-22.23],[166.334,-22.147],[166.112,-22.092],[166.171,-22.037],[166.063,-21.89],[165.998,-21.971],[165.815,-21.876],[165.747,-21.729],[165.671,-21.765],[165.488,-21.676],[165.487,-21.605],[165.278,-21.575],[165.112,-21.358],[165.037,-21.398],[164.982,-21.304],[164.944,-21.361],[164.796,-21.061],[164.708,-21.065],[164.644,-20.929],[164.369,-20.768],[164.415,-20.726],[164.123,-20.406],[164.156,-20.316],[163.996,-20.252],[164.064,-20.227],[163.998,-20.08],[164.25,-20.292],[164.305,-20.306],[164.299,-20.233],[164.513,-20.309],[164.935,-20.703],[165.242,-20.777],[165.25,-20.872],[165.416,-20.952],[165.406,-21.063],[165.608,-21.185],[165.546,-21.189],[165.625,-21.274],[165.757,-21.302],[165.844,-21.424],[165.88,-21.359],[165.984,-21.515],[165.972,-21.415],[166.058,-21.535],[166.352,-21.655],[166.673,-21.986],[166.929,-22.086],[167.031,-22.248],[167,-22.343]]]}},{"type":"Feature","properties":{},"geometry":{"type":"Polygon","coordinates":[[[-100.017,74.987],[-100.367,75.025],[-100.377,75.163],[-100.541,75.198],[-99.965,75.24],[-100.779,75.355],[-100.407,75.385],[-100.716,75.434],[-99.659,75.511],[-100.3,75.523],[-99.803,75.545],[-100.038,75.557],[-99.631,75.608],[-99.857,75.62],[-99.63,75.691],[-102.604,75.5],[-102.86,75.629],[-102.604,75.621],[-102.706,75.632],[-102.669,75.677],[-102.351,75.736],[-102.044,75.699],[-102.251,75.743],[-102.099,75.792],[-102.356,75.781],[-102.154,75.882],[-101.843,75.909],[-101.293,75.749],[-100.917,75.813],[-101.36,75.777],[-101.364,75.855],[-101.61,75.927],[-101.289,76.011],[-101.669,75.976],[-101.91,76.071],[-101.776,76.174],[-101.354,76.251],[-102.171,76.236],[-102.053,76.271],[-102.202,76.292],[-101.963,76.357],[-102.041,76.401],[-101.897,76.448],[-101.288,76.417],[-101.055,76.328],[-101.132,76.241],[-100.606,76.139],[-100.703,76.09],[-100.372,76.119],[-100.598,76.079],[-100.303,76.056],[-100.066,75.945],[-100.14,75.913],[-99.914,75.873],[-99.455,75.969],[-99.879,75.941],[-100.234,76.132],[-99.411,76.16],[-100.44,76.218],[-100.509,76.257],[-100.451,76.277],[-100.024,76.277],[-100.19,76.322],[-99.825,76.282],[-100.039,76.307],[-99.905,76.328],[-100.171,76.363],[-100.069,76.398],[-100.717,76.381],[-100.985,76.503],[-100.268,76.642],[-99.658,76.632],[-99.116,76.501],[-99.241,76.445],[-99.056,76.392],[-99.127,76.46],[-98.832,76.432],[-99.058,76.534],[-99,76.609],[-98.556,76.584],[-98.451,76.655],[-98.865,76.671],[-98.386,76.663],[-98.132,76.585],[-98.354,76.572],[-97.665,76.488],[-97.649,76.414],[-97.786,76.316],[-97.472,76.178],[-97.652,75.983],[-97.548,75.87],[-97.936,75.734],[-97.372,75.69],[-97.385,75.452],[-97.263,75.398],[-97.702,75.568],[-97.841,75.551],[-97.739,75.461],[-98.063,75.492],[-97.786,75.431],[-98.038,75.419],[-97.856,75.357],[-98.096,75.375],[-98.158,75.342],[-98.064,75.316],[-98.133,75.307],[-97.884,75.327],[-98.008,75.281],[-97.88,75.309],[-97.727,75.207],[-97.804,75.201],[-97.559,75.158],[-97.846,75.109],[-98.073,75.226],[-98.15,75.18],[-97.952,75.113],[-97.973,75.024],[-98.656,74.989],[-98.88,75.056],[-99.345,74.988],[-99.399,75.033],[-99.337,75.083],[-99.473,75.028],[-99.407,74.99],[-100.017,74.987]]]}},{"type":"Feature","properties":{},"geometry":{"type":"Polygon","coordinates":[[[-117,77.439],[-117.127,77.456],[-117.075,77.485],[-116.705,77.525],[-116.885,77.539],[-116.4,77.559],[-115.351,77.314],[-116.397,77.154],[-116.23,77.109],[-116.238,77.044],[-115.713,76.949],[-116.369,76.935],[-115.95,76.815],[-115.994,76.775],[-115.867,76.698],[-116.296,76.588],[-117.038,76.546],[-116.916,76.388],[-117.068,76.306],[-117.523,76.274],[-118.055,76.414],[-117.907,76.535],[-117.938,76.683],[-117.685,76.799],[-117.838,76.829],[-118.462,76.726],[-118.324,76.65],[-118.317,76.559],[-118.925,76.526],[-118.659,76.454],[-118.538,76.336],[-118.949,76.272],[-118.862,76.176],[-119.045,76.092],[-119.293,76.137],[-119.328,76.233],[-119.486,76.289],[-119.455,76.351],[-119.706,76.347],[-119.622,76.282],[-119.715,76.263],[-119.544,76.169],[-119.699,76.166],[-119.532,76.121],[-119.819,76.112],[-119.469,76.011],[-119.643,75.997],[-119.701,75.947],[-119.597,75.92],[-119.758,75.876],[-120.043,75.846],[-120.157,75.914],[-120.251,75.821],[-120.464,75.83],[-120.383,75.973],[-120.661,76.006],[-120.725,76.079],[-120.64,76.119],[-120.737,76.103],[-120.642,76.159],[-120.854,76.213],[-121.039,76.123],[-120.92,75.952],[-121.08,76.006],[-121.285,75.907],[-121.853,76.049],[-122.581,75.939],[-122.724,75.975],[-122.544,76.03],[-122.709,76.019],[-122.442,76.117],[-122.727,76.119],[-122.484,76.135],[-122.607,76.185],[-123.029,76.089],[-122.866,76.162],[-122.96,76.194],[-122.709,76.22],[-122.622,76.346],[-122.398,76.406],[-121.49,76.447],[-121.384,76.511],[-121.41,76.568],[-121.173,76.617],[-121.201,76.691],[-120.374,76.807],[-120.416,76.885],[-119.354,77.19],[-119.213,77.311],[-117.868,77.392],[-116.988,77.295],[-117.149,77.366],[-116.757,77.322],[-116.606,77.391],[-117,77.439]]]}},{"type":"Feature","properties":{},"geometry":{"type":"Polygon","coordinates":[[[117,-9.095],[116.73,-9.01],[116.731,-8.872],[116.825,-8.819],[116.748,-8.658],[116.82,-8.515],[117.01,-8.5],[117.117,-8.366],[117.395,-8.477],[117.434,-8.403],[117.567,-8.41],[117.587,-8.511],[117.609,-8.43],[117.635,-8.566],[117.738,-8.565],[117.808,-8.73],[118.275,-8.656],[118.231,-8.555],[118.082,-8.458],[117.974,-8.479],[117.69,-8.237],[117.728,-8.145],[117.926,-8.081],[118.143,-8.137],[118.276,-8.37],[118.46,-8.25],[118.643,-8.295],[118.653,-8.548],[118.758,-8.313],[118.995,-8.31],[119.032,-8.648],[119.167,-8.558],[119.197,-8.611],[119.14,-8.758],[118.961,-8.765],[118.898,-8.691],[118.684,-8.75],[118.929,-8.843],[118.709,-8.799],[118.457,-8.886],[118.375,-8.823],[118.395,-8.597],[118.403,-8.676],[118.128,-8.883],[117,-9.095]]]}},{"type":"Feature","properties":{},"geometry":{"type":"Polygon","coordinates":[[[95.99,78.977],[95.718,78.984],[95.755,79.041],[95.643,79.084],[95.08,79.011],[94.668,79.098],[94.718,79.169],[94.338,79.234],[94.418,79.267],[94.322,79.395],[94.382,79.457],[93.705,79.462],[93.965,79.501],[93.635,79.565],[93.887,79.628],[93.425,79.523],[93.501,79.484],[93.345,79.456],[93.443,79.448],[93.128,79.46],[93.276,79.531],[92.862,79.557],[93.29,79.537],[93.983,79.753],[94.687,79.792],[94.298,79.882],[94.352,79.927],[94.298,79.974],[94.69,79.972],[95.005,80.111],[95.315,80.036],[95.515,80.123],[95.87,80.076],[97.68,80.166],[98.153,80.041],[97.663,79.845],[98.463,79.805],[98.531,79.838],[98.412,79.878],[98.548,79.974],[98.475,79.995],[98.775,80.072],[99.348,80.039],[99.142,80.012],[99.462,80.014],[99.333,79.978],[99.647,79.959],[99.548,79.929],[100.112,79.803],[99.862,79.729],[99.958,79.659],[99.788,79.542],[99.898,79.499],[99.772,79.43],[99.842,79.391],[99.775,79.352],[99.832,79.262],[99.178,79.273],[99.955,79.059],[100.005,78.909],[99.543,78.795],[97.913,78.779],[97.187,78.869],[96.897,78.987],[95.99,78.977]]]}},{"type":"Feature","properties":{},"geometry":{"type":"Polygon","coordinates":[[[27,79.945],[27.125,79.903],[26.997,79.86],[25.731,79.621],[25.878,79.523],[25.698,79.462],[25.76,79.433],[25.137,79.328],[24.713,79.372],[24.168,79.282],[24.238,79.266],[24.187,79.205],[23.657,79.181],[22.82,79.234],[22.645,79.32],[22.84,79.37],[20.766,79.355],[19.748,79.556],[19.683,79.609],[20.167,79.623],[21.117,79.528],[21.227,79.56],[20.462,79.665],[21.52,79.685],[21.578,79.693],[21.538,79.753],[21.718,79.772],[21.535,79.764],[21.712,79.803],[18.747,79.711],[18.678,79.793],[18.453,79.777],[18.095,79.902],[18.667,79.953],[18.508,79.966],[18.635,80.01],[18.82,79.958],[18.743,80.013],[18.928,80.043],[18.3,80.02],[18.102,80.08],[18.337,80.08],[17.738,80.126],[18.71,80.202],[19.26,80.08],[19.57,80.136],[19.177,80.182],[18.993,80.333],[19.812,80.204],[19.677,80.248],[19.847,80.3],[19.702,80.32],[19.862,80.331],[19.717,80.343],[19.927,80.375],[19.412,80.413],[19.682,80.432],[19.588,80.471],[19.625,80.505],[20.002,80.468],[20.065,80.385],[20.407,80.405],[20.552,80.341],[20.542,80.279],[20.817,80.299],[20.782,80.222],[20.86,80.196],[21.822,80.261],[21.887,80.202],[21.602,80.11],[22.077,80.11],[22.26,79.971],[22.487,80.007],[22.317,80.1],[22.567,80.288],[22.378,80.316],[22.327,80.397],[22.602,80.417],[22.612,80.343],[22.765,80.311],[22.667,80.341],[22.837,80.396],[22.707,80.492],[22.795,80.505],[23.333,80.421],[23.102,80.381],[23.337,80.325],[23.027,80.231],[22.993,80.142],[23.075,80.104],[23.202,80.11],[23.067,80.152],[23.205,80.17],[23.417,80.118],[23.302,80.182],[23.415,80.194],[23.513,80.11],[23.648,80.122],[23.823,80.176],[23.713,80.212],[23.833,80.228],[23.74,80.279],[24.352,80.269],[24.268,80.31],[24.403,80.305],[24.125,80.347],[24.592,80.314],[24.43,80.244],[24.83,80.346],[24.853,80.268],[24.773,80.242],[25.33,80.27],[25.245,80.218],[25.792,80.206],[25.68,80.152],[26.818,80.151],[27.083,80.087],[26.987,80.039],[27.087,80.022],[27,79.945]]]}},{"type":"Feature","properties":{},"geometry":{"type":"Polygon","coordinates":[[[123,-8.338],[122.919,-8.331],[122.896,-8.455],[122.789,-8.424],[122.823,-8.602],[122.376,-8.75],[122.12,-8.727],[121.651,-8.914],[121.586,-8.812],[121.384,-8.801],[121.305,-8.929],[120.988,-8.96],[120.823,-8.822],[120.726,-8.879],[120.59,-8.8],[120.284,-8.839],[120.137,-8.765],[119.923,-8.872],[119.8,-8.738],[119.858,-8.428],[120,-8.455],[120.08,-8.373],[120.116,-8.435],[120.2,-8.3],[120.423,-8.229],[120.495,-8.3],[120.594,-8.245],[120.734,-8.344],[120.973,-8.348],[121.506,-8.624],[121.616,-8.47],[121.803,-8.511],[122.013,-8.43],[122.015,-8.526],[122.234,-8.626],[122.472,-8.608],[122.488,-8.47],[122.897,-8.278],[122.894,-8.178],[122.731,-8.227],[122.866,-8.069],[122.976,-8.137],[123,-8.338]]]}},{"type":"Feature","properties":{},"geometry":{"type":"Polygon","coordinates":[[[-99.006,68.917],[-99.222,68.976],[-99.02,68.873],[-99.167,68.828],[-99.407,68.896],[-99.542,69.013],[-99.505,69.091],[-98.723,69.182],[-98.585,69.287],[-98.635,69.311],[-98.352,69.304],[-98.587,69.447],[-98.381,69.452],[-98.561,69.524],[-98.531,69.593],[-97.971,69.436],[-98.342,69.613],[-98.246,69.763],[-97.959,69.904],[-97.38,69.756],[-97.305,69.697],[-97.484,69.669],[-97.377,69.578],[-97.257,69.708],[-96.852,69.481],[-96.26,69.349],[-96.138,69.28],[-96.132,69.193],[-96.221,69.165],[-96.156,69.041],[-96.066,69.122],[-96.125,69.184],[-95.989,69.226],[-95.884,69.097],[-95.96,69.057],[-95.814,68.977],[-95.826,68.883],[-95.155,68.871],[-95.519,68.675],[-95.529,68.765],[-95.755,68.759],[-95.83,68.605],[-95.953,68.638],[-96.255,68.474],[-96.542,68.452],[-97.082,68.602],[-97.045,68.54],[-97.119,68.513],[-97.482,68.555],[-97.722,68.663],[-98.188,68.715],[-98.283,68.766],[-98.233,68.839],[-98.388,68.857],[-98.352,68.775],[-98.453,68.74],[-98.837,68.846],[-98.798,68.938],[-98.995,68.977],[-99.006,68.917]]]}},{"type":"Feature","properties":{},"geometry":{"type":"Polygon","coordinates":[[[123.216,10],[123.114,9.547],[123.311,9.303],[123.127,9.047],[122.935,9.083],[122.851,9.349],[122.574,9.452],[122.379,9.711],[122.375,9.839],[122.452,9.98],[122.852,10.075],[122.881,10.383],[122.793,10.523],[122.915,10.606],[122.962,10.894],[123.194,11.005],[123.509,10.937],[123.565,10.796],[123.461,10.522],[123.355,10.442],[123.216,10]]]}},{"type":"Feature","properties":{},"geometry":{"type":"Polygon","coordinates":[[[125,11.269],[124.995,11.433],[124.816,11.516],[124.997,11.61],[125.043,11.752],[124.884,11.754],[124.702,12.014],[124.387,12.198],[124.279,12.585],[124.643,12.504],[125.145,12.585],[125.339,12.408],[125.291,12.293],[125.513,12.196],[125.435,12.124],[125.514,12.06],[125.398,11.922],[125.492,11.672],[125.431,11.607],[125.492,11.451],[125.631,11.359],[125.533,11.197],[125.66,11.203],[125.759,11.019],[125.658,11.144],[125.232,11.087],[125.128,11.296],[125,11.269]]]}},{"type":"Feature","properties":{},"geometry":{"type":"Polygon","coordinates":[[[138,-8.394],[137.615,-8.388],[137.796,-8.05],[137.896,-8.033],[137.83,-8.003],[137.938,-7.779],[138.167,-7.534],[138.67,-7.374],[139.105,-7.575],[139.022,-7.836],[138.929,-7.887],[138.956,-8.051],[138.718,-8.15],[138.504,-8.36],[138,-8.394]]]}},{"type":"Feature","properties":{},"geometry":{"type":"Polygon","coordinates":[[[106.692,-3.001],[106.74,-3.086],[106.512,-3.115],[106.419,-2.972],[105.947,-2.81],[105.885,-2.643],[105.932,-2.478],[105.799,-2.368],[105.758,-2.14],[105.554,-2.057],[105.437,-2.138],[105.129,-2.087],[105.12,-1.958],[105.416,-1.776],[105.342,-1.647],[105.601,-1.529],[105.638,-1.644],[105.72,-1.645],[105.652,-1.749],[105.807,-1.814],[105.699,-1.526],[105.912,-1.502],[106.044,-1.6],[106.025,-1.684],[106.184,-1.895],[106.138,-2.093],[106.291,-2.415],[106.845,-2.572],[106.703,-2.643],[106.6,-2.861],[106.593,-2.95],[106.692,-3.001]]]}},{"type":"Feature","properties":{},"geometry":{"type":"Polygon","coordinates":[[[118,8.884],[117.743,8.691],[117.563,8.676],[117.497,8.501],[117.403,8.534],[117.207,8.336],[117.252,8.613],[117.626,9.049],[117.743,9.069],[117.902,9.26],[118.07,9.288],[118.761,10.135],[118.809,10.034],[118.805,10.196],[118.94,10.213],[118.995,10.419],[119.063,10.392],[119.115,10.489],[119.14,10.385],[119.257,10.488],[119.344,10.735],[119.209,10.853],[119.219,10.955],[119.472,10.727],[119.301,11.009],[119.373,11.005],[119.323,11.108],[119.415,11.039],[119.373,11.184],[119.501,11.419],[119.569,11.008],[119.501,11.008],[119.485,10.881],[119.595,10.833],[119.571,10.668],[119.658,10.678],[119.717,10.511],[119.569,10.374],[119.291,10.288],[119.201,10.054],[118.751,9.929],[118.768,9.721],[118.718,9.793],[118.685,9.716],[118.755,9.667],[118.536,9.355],[118.341,9.178],[118.124,9.146],[118,8.884]]]}},{"type":"Feature","properties":{},"geometry":{"type":"Polygon","coordinates":[[[121.997,10.44],[121.907,10.448],[121.975,10.658],[121.92,10.764],[122.052,11.032],[122.099,11.703],[121.843,11.762],[121.883,11.902],[121.952,11.941],[122.378,11.74],[122.494,11.611],[122.451,11.557],[122.569,11.57],[122.575,11.504],[122.827,11.612],[122.931,11.517],[122.867,11.421],[123.152,11.6],[123.093,11.501],[123.166,11.472],[123.127,11.172],[123.027,11.18],[122.952,11.034],[122.72,10.951],[122.778,10.906],[122.737,10.796],[122.614,10.794],[122.579,10.688],[122.203,10.637],[121.997,10.44]]]}},{"type":"Feature","properties":{},"geometry":{"type":"Polygon","coordinates":[[[-99,77.905],[-99.851,77.785],[-100.27,77.816],[-100.586,77.868],[-100.851,78.015],[-100.751,78.092],[-101.015,78.196],[-102.146,78.294],[-102.611,78.243],[-102.815,78.292],[-102.622,78.364],[-102.774,78.396],[-103.922,78.246],[-104.436,78.266],[-104.981,78.444],[-104.967,78.53],[-104.387,78.576],[-103.545,78.497],[-103.383,78.619],[-104.03,78.629],[-103.299,78.735],[-103.452,78.791],[-103.803,78.745],[-103.711,78.808],[-104.196,78.77],[-103.825,78.898],[-104.105,78.982],[-104.986,78.797],[-104.685,79.025],[-105.609,79.031],[-105.643,79.172],[-105.395,79.288],[-105.452,79.337],[-103.967,79.374],[-102.862,79.235],[-102.931,79.208],[-102.888,79.172],[-102.599,79.067],[-102.771,78.943],[-102.587,78.956],[-102.562,78.868],[-102.376,78.943],[-102.382,79.018],[-101.597,79.074],[-100.962,78.94],[-101.201,78.804],[-100.911,78.764],[-100.357,78.834],[-99.875,78.703],[-100.038,78.635],[-99.481,78.587],[-99.878,78.438],[-99.754,78.404],[-99.798,78.305],[-99.507,78.288],[-98.916,78.065],[-99.086,77.975],[-99,77.905]]]}},{"type":"Feature","properties":{},"geometry":{"type":"Polygon","coordinates":[[[100.325,77.995],[99.587,77.92],[99.378,78.021],[100.108,78.342],[100.038,78.408],[100.281,78.484],[100.292,78.567],[100.585,78.602],[100.325,78.616],[100.635,78.787],[101.232,78.738],[100.805,78.843],[100.998,78.998],[101.628,78.958],[101.062,79.04],[101.432,79.106],[101.208,79.135],[101.671,79.229],[101.592,79.315],[101.657,79.346],[101.837,79.357],[101.998,79.228],[102.32,79.181],[102.198,79.337],[102.292,79.397],[103.195,79.288],[102.865,79.204],[102.922,79.202],[102.842,79.092],[102.755,79.067],[102.798,78.963],[102.468,78.812],[102.798,78.83],[102.741,78.877],[102.995,79.046],[103.157,79.012],[103.593,79.167],[103.68,79.11],[103.887,79.17],[104.075,79.131],[104.018,79.053],[104.142,78.99],[104.561,78.942],[104.555,78.881],[104.688,78.859],[104.495,78.845],[104.741,78.817],[104.683,78.753],[104.966,78.852],[105.315,78.792],[105.465,78.632],[105.471,78.492],[104.883,78.291],[103.14,78.22],[102.863,78.128],[102.733,78.19],[101.543,78.219],[100.325,77.995]]]}},{"type":"Feature","properties":{},"geometry":{"type":"Polygon","coordinates":[[[-80.133,72.999],[-80.148,73.231],[-80.88,73.337],[-80.862,73.479],[-80.675,73.484],[-80.875,73.551],[-80.9,73.614],[-80.776,73.673],[-80.855,73.748],[-80.437,73.767],[-79.494,73.637],[-78.132,73.67],[-77.41,73.554],[-77.136,73.484],[-76.958,73.325],[-76.705,73.326],[-76.729,73.281],[-76.562,73.223],[-76.602,73.141],[-76.25,73.093],[-76.322,72.975],[-76.049,72.909],[-76.486,72.815],[-78.22,72.901],[-79.336,72.739],[-79.996,72.866],[-80.133,72.999]]]}},{"type":"Feature","properties":{},"geometry":{"type":"Polygon","coordinates":[[[-77,17.844],[-77.133,17.892],[-77.215,17.775],[-77.138,17.767],[-77.177,17.705],[-77.413,17.865],[-77.74,17.854],[-78.058,18.205],[-78.356,18.24],[-78.345,18.357],[-78.216,18.457],[-77.938,18.443],[-77.852,18.525],[-76.898,18.413],[-76.782,18.272],[-76.338,18.156],[-76.185,17.917],[-76.531,17.85],[-76.668,17.94],[-76.848,17.933],[-76.725,17.947],[-76.844,18],[-77,17.844]]]}},{"type":"Feature","properties":{},"geometry":{"type":"Polygon","coordinates":[[[120,-10.05],[119.663,-9.776],[119.096,-9.715],[118.945,-9.515],[119.294,-9.356],[119.803,-9.395],[119.942,-9.275],[120.088,-9.465],[120.225,-9.492],[120.251,-9.646],[120.458,-9.63],[120.826,-10.029],[120.734,-10.177],[120.452,-10.318],[120.163,-10.24],[120,-10.05]]]}},{"type":"Feature","properties":{},"geometry":{"type":"Polygon","coordinates":[[[-59.846,45.998],[-59.788,45.951],[-60.155,45.875],[-60.082,45.801],[-60.423,45.642],[-60.685,45.566],[-60.875,45.653],[-61.163,45.565],[-61.229,45.627],[-61.293,45.548],[-61.469,45.717],[-61.554,46.04],[-60.618,47.033],[-60.413,47.039],[-60.515,46.905],[-60.307,46.863],[-60.405,46.67],[-60.35,46.614],[-60.621,46.207],[-60.457,46.343],[-60.415,46.293],[-60.639,46.119],[-60.901,46.086],[-60.991,45.996],[-60.75,46.076],[-60.802,45.96],[-61,45.929],[-60.911,45.868],[-60.993,45.879],[-60.932,45.844],[-61.164,45.711],[-60.94,45.775],[-60.809,45.734],[-60.851,45.67],[-60.74,45.689],[-60.739,45.8],[-60.376,46.022],[-60.704,45.9],[-60.796,45.958],[-60.319,46.211],[-60.666,46.072],[-60.291,46.342],[-60.203,46.25],[-60.311,46.149],[-60.204,46.138],[-60.125,46.268],[-59.817,46.182],[-59.903,46.102],[-59.797,46.126],[-59.967,46.036],[-59.846,45.998]]]}},{"type":"Feature","properties":{},"geometry":{"type":"Polygon","coordinates":[[[178.647,-18.001],[178.691,-18.056],[178.574,-18.15],[178.398,-18.104],[178.158,-18.264],[177.898,-18.277],[177.344,-18.124],[177.246,-17.958],[177.438,-17.759],[177.389,-17.637],[177.522,-17.507],[178.183,-17.31],[178.268,-17.382],[178.255,-17.484],[178.322,-17.443],[178.593,-17.645],[178.555,-17.767],[178.647,-18.001]]]}},{"type":"Feature","properties":{},"geometry":{"type":"Polygon","coordinates":[[[-155.787,18.998],[-155.911,19.085],[-155.889,19.347],[-156.065,19.73],[-155.831,19.984],[-155.906,20.197],[-155.853,20.273],[-155.21,19.975],[-155.084,19.854],[-155.088,19.73],[-155.005,19.738],[-154.806,19.519],[-154.978,19.346],[-155.506,19.137],[-155.675,18.913],[-155.787,18.998]]]}},{"type":"Feature","properties":{},"geometry":{"type":"Polygon","coordinates":[[[120.76,12.997],[120.648,13.193],[120.521,13.226],[120.458,13.419],[120.306,13.423],[120.415,13.532],[120.761,13.465],[120.991,13.525],[121.036,13.42],[121.198,13.44],[121.44,13.229],[121.442,13.145],[121.556,13.122],[121.475,12.773],[121.556,12.607],[121.435,12.517],[121.394,12.287],[121.342,12.325],[121.244,12.21],[121.11,12.248],[121.117,12.338],[120.975,12.427],[120.925,12.619],[120.793,12.727],[120.76,12.997]]]}},{"type":"Feature","properties":{},"geometry":{"type":"Polygon","coordinates":[[[-75.112,67.989],[-75.042,67.598],[-75.175,67.439],[-75.771,67.265],[-76.989,67.246],[-77.216,67.451],[-77.281,67.674],[-76.955,68.09],[-76.673,68.254],[-76.28,68.339],[-75.13,68.239],[-75.008,68.131],[-75.112,67.989]]]}},{"type":"Feature","properties":{},"geometry":{"type":"Polygon","coordinates":[[[-154.138,57],[-153.978,57.122],[-154.481,57.118],[-154.378,57.051],[-154.096,57.121],[-154.154,56.951],[-154.303,56.916],[-154.296,56.853],[-154.225,56.879],[-154.31,56.844],[-154.357,56.94],[-154.275,56.956],[-154.524,56.994],[-154.584,57.252],[-154.803,57.347],[-154.696,57.343],[-154.719,57.43],[-154.517,57.58],[-154.028,57.655],[-153.97,57.56],[-154.103,57.527],[-153.932,57.537],[-153.776,57.319],[-153.634,57.274],[-153.813,57.411],[-153.85,57.576],[-153.678,57.535],[-153.88,57.642],[-153.566,57.6],[-153.908,57.701],[-153.936,57.803],[-153.852,57.872],[-153.62,57.882],[-153.502,57.626],[-153.522,57.72],[-153.431,57.695],[-153.493,57.776],[-153.313,57.719],[-153.479,57.844],[-153.209,57.794],[-153.184,57.704],[-153.239,57.896],[-153.044,57.82],[-153.296,57.999],[-152.805,57.915],[-152.913,57.82],[-152.871,57.729],[-152.834,57.842],[-152.622,57.843],[-152.587,57.926],[-152.32,57.831],[-152.569,57.702],[-152.393,57.688],[-152.455,57.596],[-152.154,57.622],[-152.328,57.426],[-152.953,57.521],[-152.889,57.485],[-153.05,57.431],[-152.765,57.461],[-152.6,57.389],[-152.648,57.305],[-152.815,57.262],[-152.92,57.321],[-152.876,57.351],[-153.156,57.36],[-153.205,57.308],[-152.945,57.249],[-153.389,57.208],[-153.454,57.113],[-153.543,57.178],[-153.494,57.067],[-153.709,57.068],[-153.581,57.051],[-153.554,56.971],[-153.686,56.974],[-153.773,56.869],[-153.678,56.869],[-153.972,56.745],[-154.146,56.751],[-153.758,56.995],[-153.971,56.959],[-153.925,57.063],[-153.738,57.139],[-154.138,57]]]}},{"type":"Feature","properties":{},"geometry":{"type":"Polygon","coordinates":[[[32.998,34.568],[32.872,34.667],[32.703,34.64],[32.401,34.753],[32.283,35.105],[32.406,35.04],[32.622,35.194],[32.852,35.148],[32.933,35.254],[32.92,35.405],[33.647,35.359],[34.594,35.697],[33.906,35.258],[34.089,34.955],[33.685,34.974],[33.603,34.814],[33.07,34.688],[32.998,34.568]]]}},{"type":"Feature","properties":{},"geometry":{"type":"Polygon","coordinates":[[[-132.001,52.88],[-131.658,52.808],[-131.884,52.759],[-131.621,52.568],[-131.679,52.533],[-131.468,52.499],[-131.514,52.466],[-131.426,52.464],[-131.449,52.387],[-131.328,52.279],[-131.242,52.245],[-131.177,52.325],[-131.088,52.246],[-131.189,52.225],[-131.001,52.212],[-131.153,52.204],[-131.193,52.119],[-131.29,52.237],[-131.266,52.118],[-131.376,52.271],[-131.365,52.181],[-131.578,52.343],[-131.518,52.412],[-132.108,52.726],[-131.986,52.721],[-132.017,52.783],[-131.92,52.713],[-131.973,52.795],[-132.086,52.859],[-132.062,52.791],[-132.152,52.751],[-132.267,52.836],[-132.155,52.843],[-132.367,52.927],[-132.077,52.964],[-132.359,53.018],[-132.263,53.06],[-132.492,53.024],[-132.583,53.082],[-132.356,53.146],[-132.593,53.192],[-132.623,53.248],[-132.507,53.283],[-132.723,53.253],[-132.558,53.33],[-132.771,53.327],[-132.421,53.337],[-132.679,53.432],[-132.675,53.498],[-132.784,53.462],[-132.735,53.524],[-132.903,53.467],[-132.841,53.517],[-132.994,53.562],[-132.819,53.602],[-133.014,53.669],[-132.924,53.698],[-132.993,53.771],[-133.127,53.777],[-133.085,53.826],[-133.159,53.916],[-133.034,54.172],[-133.09,54.183],[-132.586,54.121],[-132.673,53.945],[-132.435,54.101],[-132.285,54.105],[-132.178,54.017],[-132.129,53.843],[-132.674,53.679],[-132.354,53.674],[-132.487,53.565],[-132.284,53.631],[-132.353,53.678],[-132.139,53.698],[-132.219,53.772],[-132.093,53.902],[-132.199,54.051],[-131.893,54.048],[-131.649,54.178],[-131.886,53.768],[-131.972,53.277],[-132.329,53.227],[-132.133,53.19],[-132.282,53.149],[-132.085,53.149],[-131.817,53.261],[-131.798,53.165],[-131.642,53.107],[-131.616,53.028],[-132.031,53.054],[-131.894,52.911],[-132.001,52.88]]]}},{"type":"Feature","properties":{},"geometry":{"type":"Polygon","coordinates":[[[93.712,79.999],[92.155,80.155],[93.007,80.149],[92.315,80.246],[91.462,80.258],[91.75,80.348],[92.747,80.361],[92.007,80.418],[92.932,80.472],[92.833,80.6],[93.423,80.768],[92.543,80.728],[93.147,80.886],[93.143,80.956],[94.07,80.945],[93.572,80.982],[95.305,81.152],[95.518,81.208],[95.137,81.253],[96.047,81.218],[95.703,81.191],[96.165,81.19],[96.512,81.091],[96.137,81.065],[96.607,81.071],[96.827,80.922],[97.862,80.788],[98.192,80.652],[97.137,80.563],[97.088,80.52],[97.417,80.433],[97.247,80.336],[97.517,80.313],[97.305,80.22],[94.59,80.137],[93.712,79.999]]]}},{"type":"Feature","properties":{},"geometry":{"type":"Polygon","coordinates":[[[-74.002,-43.382],[-74.449,-43.273],[-74.254,-43.037],[-74.121,-42.63],[-74.227,-42.521],[-74.204,-42.27],[-74.007,-42.068],[-74.074,-42.017],[-74.006,-41.894],[-74.061,-41.801],[-73.909,-41.768],[-73.864,-41.833],[-73.995,-41.872],[-73.766,-41.896],[-73.809,-41.866],[-73.677,-41.799],[-73.55,-41.799],[-73.478,-41.908],[-73.57,-41.961],[-73.423,-42.071],[-73.493,-42.162],[-73.374,-42.205],[-73.363,-42.341],[-73.667,-42.387],[-73.683,-42.482],[-73.585,-42.533],[-73.795,-42.601],[-73.487,-42.803],[-73.486,-42.901],[-73.664,-42.892],[-73.489,-43.148],[-73.732,-43.101],[-73.67,-43.317],[-73.872,-43.284],[-73.795,-43.383],[-73.873,-43.448],[-74.002,-43.382]]]}},{"type":"Feature","properties":{},"geometry":{"type":"Polygon","coordinates":[[[9,41.475],[8.786,41.556],[8.913,41.69],[8.659,41.741],[8.803,41.894],[8.608,41.893],[8.59,41.962],[8.747,42.048],[8.558,42.146],[8.539,42.237],[8.693,42.266],[8.541,42.368],[8.657,42.417],[8.722,42.584],[9.123,42.732],[9.299,42.676],[9.342,42.996],[9.43,43.02],[9.554,42.12],[9.4,41.958],[9.39,41.655],[9.281,41.604],[9.368,41.593],[9.219,41.365],[9,41.475]]]}},{"type":"Feature","properties":{},"geometry":{"type":"Polygon","coordinates":[[[-66,17.977],[-66.16,17.927],[-66.772,17.998],[-67.197,17.93],[-67.155,18.202],[-67.272,18.362],[-67.1,18.513],[-65.618,18.389],[-65.591,18.225],[-65.797,18.131],[-65.834,18.012],[-66,17.977]]]}},{"type":"Feature","properties":{},"geometry":{"type":"Polygon","coordinates":[[[155,-6.214],[154.732,-5.922],[154.694,-5.745],[154.775,-5.549],[154.67,-5.443],[154.883,-5.55],[155.066,-5.543],[155.19,-5.857],[155.403,-5.991],[155.454,-6.147],[155.581,-6.223],[155.627,-6.167],[155.82,-6.363],[155.928,-6.52],[155.95,-6.765],[155.817,-6.767],[155.709,-6.883],[155.518,-6.843],[155.16,-6.532],[155.236,-6.428],[155.206,-6.31],[155,-6.214]]]}},{"type":"Feature","properties":{},"geometry":{"type":"Polygon","coordinates":[[[-52,69.554],[-53.562,69.233],[-54.183,69.345],[-54.278,69.431],[-53.382,69.445],[-53.591,69.467],[-53.348,69.58],[-53.63,69.552],[-53.628,69.492],[-53.788,69.455],[-53.883,69.471],[-53.748,69.525],[-54.004,69.492],[-53.882,69.566],[-53.963,69.615],[-54.062,69.549],[-54.63,69.564],[-54.981,69.712],[-54.688,69.746],[-54.373,69.671],[-54.934,69.828],[-54.792,69.873],[-54.856,69.943],[-54.725,69.965],[-54.231,69.915],[-54.831,70.101],[-54.824,70.22],[-54.368,70.331],[-53.31,70.208],[-52.74,69.929],[-51.983,69.798],[-51.964,69.675],[-51.853,69.645],[-52,69.554]]]}},{"type":"Feature","properties":{},"geometry":{"type":"Polygon","coordinates":[[[125.998,-3.29],[126.091,-3.106],[126.206,-3.185],[126.299,-3.096],[126.795,-3.061],[127.105,-3.228],[127.117,-3.283],[127.03,-3.278],[127.072,-3.375],[127.258,-3.372],[127.253,-3.591],[127.203,-3.67],[126.681,-3.843],[126.181,-3.613],[125.998,-3.29]]]}},{"type":"Feature","properties":{},"geometry":{"type":"Polygon","coordinates":[[[24.745,34.999],[24.728,35.09],[24.385,35.194],[23.586,35.232],[23.514,35.306],[23.595,35.627],[23.613,35.523],[23.723,35.513],[23.738,35.696],[23.802,35.538],[23.997,35.511],[24.176,35.589],[24.182,35.504],[24.063,35.492],[24.244,35.477],[24.298,35.355],[24.972,35.432],[25.054,35.343],[25.432,35.295],[25.771,35.34],[25.709,35.175],[25.807,35.11],[26.022,35.229],[26.159,35.199],[26.313,35.317],[26.272,35.087],[26.141,35.001],[24.776,34.92],[24.745,34.999]]]}},{"type":"Feature","properties":{},"geometry":{"type":"Polygon","coordinates":[[[-62,49.076],[-62.933,49.19],[-63.587,49.386],[-63.635,49.512],[-63.829,49.638],[-64.521,49.882],[-64.153,49.952],[-62.699,49.66],[-62.243,49.42],[-61.833,49.315],[-61.67,49.141],[-61.7,49.085],[-62,49.076]]]}},{"type":"Feature","properties":{},"geometry":{"type":"Polygon","coordinates":[[[-180,71.533],[-178.925,71.603],[-178.24,71.536],[-178.406,71.55],[-178.126,71.499],[-178.284,71.516],[-178.205,71.465],[-178.028,71.471],[-177.954,71.448],[-178.021,71.43],[-177.984,71.388],[-177.406,71.244],[-177.539,71.107],[-177.877,71.023],[-179.5,70.864],[-179.426,70.883],[-179.575,70.936],[-180,70.971],[-180,71.533]]]}},{"type":"Feature","properties":{},"geometry":{"type":"Polygon","coordinates":[[[180,70.971],[178.799,70.778],[178.816,70.875],[178.661,71.076],[180,71.533],[180,70.971]]]}},{"type":"Feature","properties":{},"geometry":{"type":"Polygon","coordinates":[[[12.117,54.991],[11.871,54.948],[12.167,54.833],[11.977,54.698],[11.972,54.557],[11.917,54.574],[11.909,54.717],[11.706,54.93],[11.888,54.998],[11.614,55.082],[11.823,55.043],[11.716,55.115],[11.811,55.148],[11.72,55.208],[11.259,55.202],[11.289,55.252],[11.091,55.348],[11.216,55.398],[11.078,55.516],[11.146,55.597],[10.929,55.668],[11.102,55.675],[10.866,55.746],[11.265,55.731],[11.382,55.78],[11.354,55.843],[11.504,55.853],[11.521,55.932],[11.277,56.012],[11.78,55.979],[11.754,55.904],[11.673,55.913],[11.732,55.815],[11.614,55.784],[11.772,55.745],[11.652,55.721],[11.836,55.683],[11.961,55.845],[11.943,55.935],[12.027,55.907],[12.069,55.763],[11.929,55.653],[11.993,55.706],[12.083,55.651],[12.119,55.728],[12.019,55.961],[11.842,55.968],[12.31,56.13],[12.624,56.039],[12.519,55.923],[12.604,55.763],[12.551,55.643],[12.617,55.697],[12.683,55.588],[12.533,55.571],[12.545,55.641],[12.249,55.545],[12.199,55.444],[12.439,55.357],[12.457,55.282],[12.026,55.157],[12.187,55.111],[12.117,54.991]]]}},{"type":"Feature","properties":{},"geometry":{"type":"Polygon","coordinates":[[[134.299,-6.002],[134.275,-5.898],[134.399,-5.786],[134.192,-5.712],[134.229,-5.66],[134.357,-5.708],[134.433,-5.529],[134.49,-5.554],[134.481,-5.421],[134.611,-5.425],[134.693,-5.52],[134.604,-5.585],[134.749,-5.65],[134.68,-5.827],[134.757,-5.893],[134.687,-5.915],[134.718,-5.982],[134.576,-5.945],[134.767,-6.093],[134.684,-6.155],[134.747,-6.162],[134.706,-6.314],[134.524,-6.348],[134.594,-6.432],[134.547,-6.536],[134.611,-6.502],[134.551,-6.55],[134.469,-6.494],[134.478,-6.662],[134.411,-6.653],[134.36,-6.822],[134.184,-6.941],[134.037,-6.776],[134.101,-6.453],[134.219,-6.523],[134.199,-6.432],[134.1,-6.421],[134.075,-6.168],[134.223,-6.239],[134.109,-6.044],[134.217,-6.021],[134.269,-6.18],[134.299,-6.002]]]}},{"type":"Feature","properties":{},"geometry":{"type":"Polygon","coordinates":[[[-96.624,74.998],[-96.442,75.207],[-95.908,75.299],[-96.165,75.283],[-95.824,75.38],[-96.121,75.418],[-95.697,75.41],[-95.828,75.455],[-95.724,75.532],[-94.906,75.644],[-94.255,75.574],[-93.653,75.36],[-93.824,75.315],[-93.479,75.264],[-93.578,75.205],[-93.485,75.078],[-93.633,75.049],[-93.509,75.043],[-93.391,74.914],[-93.443,74.745],[-93.541,74.746],[-93.443,74.73],[-93.485,74.675],[-94.502,74.628],[-95.078,74.682],[-95.052,74.752],[-95.271,74.807],[-95.534,74.747],[-95.495,74.824],[-95.897,74.828],[-96.131,74.925],[-96.024,74.958],[-96.137,74.953],[-96.072,75.031],[-96.227,74.911],[-96.391,74.93],[-96.375,75.009],[-96.624,74.998]]]}},{"type":"Feature","properties":{},"geometry":{"type":"Polygon","coordinates":[[[153,-4.098],[153.119,-4.378],[152.878,-4.854],[152.676,-4.555],[152.685,-4.182],[152.344,-3.647],[152.142,-3.485],[151.906,-3.435],[151.097,-2.845],[150.72,-2.755],[150.89,-2.683],[150.775,-2.619],[150.795,-2.558],[151.212,-2.875],[151.416,-2.905],[151.8,-3.194],[152.048,-3.243],[152.414,-3.672],[152.492,-3.642],[152.553,-3.814],[152.818,-3.865],[153,-4.098]]]}},{"type":"Feature","properties":{},"geometry":{"type":"Polygon","coordinates":[[[124.4,10.999],[124.312,11.565],[124.476,11.352],[124.462,11.446],[124.535,11.425],[124.585,11.305],[124.71,11.309],[124.813,11.43],[124.979,11.399],[125,10.722],[125.185,10.592],[125.179,10.43],[125.266,10.316],[125.248,10.253],[125.132,10.275],[125.123,10.163],[124.968,10.377],[125.026,10.005],[124.756,10.157],[124.72,10.488],[124.801,10.663],[124.688,10.929],[124.562,11.015],[124.478,10.865],[124.372,10.925],[124.4,10.999]]]}},{"type":"Feature","properties":{},"geometry":{"type":"Polygon","coordinates":[[[-132.426,54.998],[-132.42,54.906],[-132.531,54.918],[-132.468,54.99],[-132.616,54.968],[-132.478,55.053],[-132.569,55.069],[-132.553,55.128],[-132.636,55.059],[-132.572,55.17],[-132.656,55.268],[-132.545,55.278],[-132.671,55.275],[-132.668,55.138],[-132.803,55.182],[-132.825,55.28],[-133.016,55.202],[-132.922,55.28],[-133.245,55.29],[-133.28,55.349],[-133.216,55.385],[-132.883,55.354],[-133.15,55.462],[-133.056,55.591],[-133.113,55.612],[-132.936,55.628],[-133.407,55.615],[-133.388,55.736],[-133.241,55.757],[-133.137,55.881],[-133.267,55.914],[-133.196,55.961],[-133.267,55.969],[-133.273,56.153],[-133.577,56.177],[-133.659,56.327],[-133.322,56.334],[-133.345,56.264],[-133.176,56.327],[-133.071,56.247],[-133.098,56.171],[-133.039,56.185],[-133.146,56.125],[-133.099,56.048],[-132.736,55.983],[-132.471,55.785],[-132.456,55.681],[-132.592,55.697],[-132.448,55.669],[-132.455,55.613],[-132.392,55.671],[-132.144,55.471],[-132.528,55.606],[-132.742,55.359],[-132.562,55.507],[-132.412,55.516],[-132.281,55.444],[-132.476,55.423],[-132.471,55.316],[-132.458,55.417],[-132.36,55.327],[-132.362,55.407],[-132.273,55.42],[-132.094,55.269],[-132.471,55.259],[-132.291,55.242],[-132.354,55.133],[-132.277,55.243],[-132.155,55.187],[-131.996,55.263],[-131.991,55.158],[-132.104,55.121],[-131.993,55.111],[-132.178,55.126],[-132.086,55.038],[-132.275,55.05],[-132.229,54.997],[-132.313,54.982],[-132.167,54.988],[-132.213,54.918],[-131.981,55.038],[-132.072,54.95],[-131.994,54.975],[-131.972,54.901],[-132.113,54.899],[-131.962,54.835],[-132.086,54.814],[-131.955,54.791],[-132.023,54.784],[-132.018,54.691],[-132.168,54.744],[-132.114,54.696],[-132.168,54.692],[-132.235,54.771],[-132.308,54.716],[-132.232,54.802],[-132.348,54.797],[-132.288,54.833],[-132.367,54.871],[-132.298,54.897],[-132.403,54.923],[-132.4,55.083],[-132.426,54.998]]]}},{"type":"Feature","properties":{},"geometry":{"type":"Polygon","coordinates":[[[69,-49.717],[68.746,-49.678],[68.819,-49.483],[68.902,-49.455],[68.844,-49.389],[68.893,-49.368],[68.809,-49.348],[68.929,-49.324],[68.759,-49.205],[68.927,-49.143],[68.734,-49.069],[68.826,-49.055],[68.809,-48.96],[68.892,-48.996],[68.785,-48.846],[68.939,-48.776],[68.952,-48.662],[69.078,-48.692],[68.981,-48.734],[69.082,-48.718],[68.968,-48.769],[69.129,-48.732],[68.9,-48.9],[69.185,-48.779],[69.105,-48.806],[69.155,-48.849],[69.037,-48.933],[69.121,-48.966],[69,-48.983],[68.984,-49.086],[69.076,-49.119],[69.041,-49.038],[69.128,-48.988],[69.227,-49.134],[69.627,-48.975],[69.568,-49.043],[69.671,-49.07],[69.574,-49.095],[69.663,-49.105],[69.564,-49.117],[69.658,-49.119],[69.341,-49.111],[69.306,-49.183],[69.437,-49.132],[69.361,-49.19],[69.549,-49.244],[69.407,-49.276],[69.725,-49.255],[69.569,-49.303],[69.71,-49.316],[70.06,-49.116],[70.148,-49.174],[70.32,-49.05],[70.529,-49.103],[70.542,-49.302],[70.307,-49.387],[70.448,-49.44],[70.285,-49.438],[70.177,-49.345],[69.813,-49.338],[69.931,-49.447],[69.755,-49.394],[69.81,-49.47],[69.613,-49.383],[69.947,-49.596],[70.125,-49.638],[70.012,-49.543],[70.309,-49.553],[70.295,-49.627],[70.144,-49.633],[70.227,-49.703],[69.863,-49.711],[69.672,-49.482],[69.687,-49.663],[69.442,-49.643],[69.29,-49.469],[69.313,-49.583],[69.107,-49.482],[69.224,-49.582],[69.111,-49.514],[69.188,-49.592],[69.128,-49.646],[69.073,-49.541],[69.096,-49.691],[69,-49.717]]]}},{"type":"Feature","properties":{},"geometry":{"type":"Polygon","coordinates":[[[-59,-52.055],[-59.135,-51.983],[-59.316,-52.014],[-59.134,-52.037],[-59.098,-52.082],[-59.174,-52.099],[-59.066,-52.107],[-59.171,-52.145],[-59.022,-52.145],[-59.103,-52.199],[-59.012,-52.259],[-59.454,-52.128],[-59.432,-52.243],[-59.328,-52.212],[-59.413,-52.284],[-59.296,-52.333],[-59.36,-52.36],[-59.736,-52.127],[-59.553,-52.069],[-59.648,-51.965],[-59.516,-51.972],[-59.614,-51.95],[-59.466,-51.928],[-59.536,-51.883],[-59.442,-51.892],[-59.498,-51.836],[-59.38,-51.859],[-59.364,-51.778],[-59.08,-51.684],[-59.048,-51.828],[-58.981,-51.798],[-59.048,-51.653],[-58.978,-51.671],[-59.178,-51.585],[-59.13,-51.495],[-59.038,-51.601],[-59.066,-51.517],[-58.93,-51.52],[-59.142,-51.465],[-58.864,-51.373],[-58.969,-51.235],[-58.73,-51.35],[-58.373,-51.333],[-58.344,-51.461],[-58.5,-51.381],[-58.589,-51.44],[-58.502,-51.438],[-58.527,-51.511],[-58.421,-51.469],[-58.422,-51.565],[-58.274,-51.556],[-58.273,-51.662],[-58.176,-51.645],[-58.248,-51.585],[-58.144,-51.612],[-58.261,-51.555],[-58.2,-51.525],[-58.378,-51.514],[-58.281,-51.392],[-57.948,-51.363],[-57.738,-51.516],[-58.163,-51.546],[-57.719,-51.647],[-57.915,-51.689],[-57.711,-51.684],[-58.295,-51.748],[-58.106,-51.789],[-58.38,-51.825],[-58.161,-51.817],[-58.243,-51.875],[-58.783,-51.897],[-58.95,-51.789],[-59.016,-51.858],[-58.582,-52.011],[-58.679,-52.029],[-58.657,-52.143],[-58.742,-52.049],[-58.887,-52.044],[-58.925,-52.12],[-59,-52.055]]]}},{"type":"Feature","properties":{},"geometry":{"type":"Polygon","coordinates":[[[-74.872,-50.001],[-74.715,-49.916],[-74.607,-49.953],[-74.705,-49.904],[-74.882,-49.968],[-74.886,-49.868],[-74.606,-49.798],[-74.81,-49.857],[-74.712,-49.729],[-74.833,-49.822],[-74.886,-49.751],[-74.828,-49.728],[-74.914,-49.684],[-74.809,-49.688],[-74.88,-49.608],[-74.681,-49.639],[-74.881,-49.55],[-74.757,-49.476],[-74.708,-49.527],[-74.754,-49.469],[-74.591,-49.437],[-74.719,-49.427],[-74.561,-49.315],[-74.725,-49.416],[-74.808,-49.362],[-74.729,-49.426],[-74.868,-49.52],[-74.873,-49.406],[-74.942,-49.555],[-74.906,-49.43],[-74.959,-49.43],[-74.977,-49.606],[-75.099,-49.546],[-74.969,-49.621],[-75.016,-49.721],[-74.926,-49.639],[-75.019,-49.743],[-74.914,-49.796],[-75.057,-49.915],[-75.029,-49.847],[-75.121,-49.869],[-75.171,-49.783],[-75.121,-49.763],[-75.224,-49.705],[-75.151,-49.69],[-75.254,-49.674],[-75.144,-49.671],[-75.229,-49.659],[-75.144,-49.594],[-75.293,-49.624],[-75.141,-49.522],[-75.303,-49.559],[-75.192,-49.498],[-75.315,-49.54],[-75.3,-49.445],[-75.396,-49.51],[-75.318,-49.406],[-75.419,-49.464],[-75.468,-49.299],[-75.336,-49.278],[-75.391,-49.324],[-75.329,-49.303],[-75.115,-49.499],[-75.207,-49.436],[-74.969,-49.414],[-75.218,-49.43],[-75.156,-49.41],[-75.287,-49.338],[-75.198,-49.351],[-75.323,-49.284],[-75.228,-49.256],[-75.131,-49.361],[-75.189,-49.353],[-75.042,-49.367],[-75.186,-49.274],[-75.055,-49.35],[-75.101,-49.271],[-74.986,-49.309],[-75.09,-49.194],[-74.873,-49.387],[-74.871,-49.234],[-74.788,-49.254],[-74.868,-49.197],[-74.769,-49.212],[-74.834,-49.118],[-74.748,-49.105],[-74.929,-49.007],[-74.825,-48.962],[-74.743,-49.038],[-74.799,-48.932],[-74.968,-48.995],[-74.862,-48.897],[-75.016,-48.914],[-74.84,-48.82],[-75.01,-48.894],[-75.056,-48.841],[-75.021,-48.781],[-74.892,-48.847],[-75.004,-48.778],[-74.808,-48.687],[-74.773,-48.835],[-74.795,-48.694],[-74.722,-48.67],[-74.615,-48.729],[-74.664,-48.879],[-74.501,-48.727],[-74.497,-48.882],[-74.589,-48.957],[-74.492,-48.895],[-74.443,-48.958],[-74.549,-49.028],[-74.436,-49.103],[-74.413,-49.321],[-74.461,-49.487],[-74.559,-49.518],[-74.453,-49.615],[-74.581,-49.683],[-74.433,-49.635],[-74.387,-49.77],[-74.525,-49.748],[-74.389,-49.849],[-74.412,-49.914],[-74.471,-49.85],[-74.49,-49.985],[-74.626,-49.883],[-74.507,-49.989],[-74.62,-50.064],[-74.688,-50.047],[-74.64,-50.001],[-74.79,-50.06],[-74.872,-50.001]]]}},{"type":"Feature","properties":{},"geometry":{"type":"Polygon","coordinates":[[[147.146,74.999],[146.115,75.234],[146.218,75.254],[146.228,75.392],[146.483,75.586],[146.708,75.542],[146.772,75.501],[146.655,75.428],[146.95,75.322],[147.63,75.438],[148.55,75.375],[148.525,75.228],[148.693,75.189],[149.39,75.261],[150.17,75.204],[150.543,75.096],[150.985,75.131],[150.686,74.993],[150.62,74.876],[149.035,74.74],[148.282,74.765],[147.675,74.948],[147.146,74.999]]]}},{"type":"Feature","properties":{},"geometry":{"type":"Polygon","coordinates":[[[-62.893,45.997],[-62.905,46.073],[-63.045,46.055],[-62.877,46.145],[-63.127,46.208],[-63.023,46.302],[-63.295,46.205],[-63.143,46.208],[-63.225,46.132],[-63.655,46.222],[-63.814,46.32],[-63.811,46.376],[-63.71,46.356],[-63.749,46.394],[-64.139,46.402],[-64.075,46.634],[-64.388,46.615],[-64.403,46.724],[-64,47.058],[-63.975,46.88],[-64.115,46.771],[-64.098,46.695],[-63.987,46.732],[-63.88,46.639],[-63.911,46.587],[-63.832,46.58],[-63.958,46.47],[-63.833,46.52],[-63.848,46.46],[-63.719,46.439],[-63.736,46.537],[-63.669,46.571],[-63.492,46.527],[-63.569,46.462],[-63.335,46.5],[-63.334,46.423],[-62.984,46.36],[-63.038,46.417],[-62.587,46.419],[-62.734,46.447],[-62.631,46.471],[-61.973,46.453],[-62.186,46.348],[-62.37,46.355],[-62.381,46.252],[-62.49,46.271],[-62.414,46.213],[-62.618,46.238],[-62.499,46.177],[-62.643,46.169],[-62.469,46.146],[-62.489,46.024],[-62.574,46.029],[-62.458,46.021],[-62.494,45.981],[-62.893,45.997]]]}},{"type":"Feature","properties":{},"geometry":{"type":"Polygon","coordinates":[[[130.999,-11.355],[131.043,-11.509],[131.038,-11.317],[131.106,-11.341],[131.147,-11.248],[131.252,-11.468],[131.187,-11.301],[131.275,-11.189],[131.303,-11.275],[131.43,-11.263],[131.542,-11.456],[131.47,-11.61],[131.366,-11.582],[131.278,-11.74],[130.962,-11.937],[130.487,-11.654],[130.368,-11.165],[130.594,-11.293],[130.587,-11.446],[130.653,-11.336],[130.705,-11.491],[130.825,-11.554],[130.701,-11.384],[130.9,-11.306],[130.999,-11.355]]]}},{"type":"Feature","properties":{},"geometry":{"type":"Polygon","coordinates":[[[-180,-16.148],[-179.996,-16.148],[-179.924,-16.132],[-179.933,-16.151],[-180,-16.171],[-180,-16.148]]]}},{"type":"Feature","properties":{},"geometry":{"type":"Polygon","coordinates":[[[180,-16.171],[179.478,-16.707],[179.483,-16.772],[179.567,-16.768],[179.929,-16.47],[179.83,-16.673],[179.935,-16.765],[179.726,-16.718],[179.597,-16.808],[179.31,-16.822],[179.368,-16.738],[179.206,-16.7],[179.055,-16.807],[179.075,-16.907],[178.878,-16.86],[178.737,-17.02],[178.577,-16.877],[178.626,-16.819],[178.497,-16.815],[178.581,-16.667],[178.529,-16.648],[178.697,-16.676],[178.952,-16.46],[179.365,-16.41],[179.456,-16.278],[179.657,-16.2],[179.843,-16.243],[180,-16.171]]]}},{"type":"Feature","properties":{},"geometry":{"type":"Polygon","coordinates":[[[-83.002,62.855],[-82.261,62.993],[-81.866,62.914],[-81.96,62.828],[-81.957,62.711],[-82.806,62.282],[-83.134,62.168],[-83.424,62.249],[-83.723,62.136],[-83.736,62.289],[-83.952,62.465],[-83.582,62.687],[-83.577,62.819],[-83.484,62.875],[-83.285,62.93],[-83.002,62.855]]]}},{"type":"Feature","properties":{},"geometry":{"type":"Polygon","coordinates":[[[115,-8.175],[115.185,-8.061],[115.453,-8.162],[115.711,-8.399],[115.611,-8.508],[115.352,-8.585],[115.184,-8.744],[115.218,-8.833],[115.108,-8.846],[115.165,-8.707],[115.033,-8.559],[114.745,-8.397],[114.58,-8.4],[114.43,-8.167],[114.443,-8.094],[115,-8.175]]]}},{"type":"Feature","properties":{},"geometry":{"type":"Polygon","coordinates":[[[-135,57.549],[-134.875,57.464],[-135.093,57.465],[-135.84,57.771],[-135.709,57.679],[-135.819,57.647],[-135.569,57.594],[-135.679,57.548],[-135.572,57.55],[-135.549,57.48],[-135.658,57.453],[-135.601,57.426],[-135.665,57.38],[-135.845,57.389],[-136.036,57.518],[-135.813,57.444],[-136.001,57.544],[-135.917,57.583],[-136.053,57.57],[-135.979,57.625],[-136.138,57.624],[-136.106,57.688],[-136.203,57.783],[-136.424,57.822],[-136.365,57.925],[-136.266,57.897],[-136.357,58.002],[-136.026,57.842],[-136.446,58.127],[-136.271,58.102],[-136.358,58.193],[-136.283,58.223],[-136.108,58.065],[-136.189,58.103],[-136.165,58.221],[-135.967,58.175],[-135.798,58.289],[-135.498,58.172],[-135.622,58.05],[-135.791,58.057],[-135.638,57.995],[-135.834,57.989],[-135.675,57.945],[-135.413,58.147],[-134.952,58.04],[-134.921,57.933],[-134.999,57.888],[-134.937,57.848],[-135.226,57.949],[-134.959,57.817],[-135.07,57.775],[-135.902,58.002],[-135.578,57.884],[-135.657,57.856],[-135.518,57.857],[-135.595,57.822],[-135.379,57.802],[-135.446,57.771],[-135.326,57.748],[-135.458,57.735],[-134.934,57.759],[-134.839,57.481],[-135,57.549]]]}},{"type":"Feature","properties":{},"geometry":{"type":"Polygon","coordinates":[[[159.996,-9.429],[160.381,-9.42],[160.792,-9.747],[160.83,-9.862],[160.625,-9.947],[160.327,-9.813],[159.821,-9.802],[159.585,-9.524],[159.595,-9.305],[159.717,-9.253],[159.996,-9.429]]]}},{"type":"Feature","properties":{},"geometry":{"type":"Polygon","coordinates":[[[-96,77.882],[-96.564,77.906],[-96.753,77.877],[-96.541,77.849],[-96.843,77.79],[-97.129,77.806],[-97.008,77.917],[-97.794,78.033],[-96.848,78.108],[-97.332,78.212],[-97.952,78.222],[-97.81,78.261],[-98.076,78.308],[-98.021,78.327],[-98.068,78.404],[-98.419,78.506],[-98.037,78.543],[-98.36,78.654],[-98.316,78.712],[-98.393,78.771],[-97.514,78.801],[-96.178,78.63],[-96.3,78.527],[-95.532,78.514],[-94.867,78.387],[-95.436,78.233],[-94.895,78.109],[-95.1,77.953],[-96,77.882]]]}},{"type":"Feature","properties":{},"geometry":{"type":"Polygon","coordinates":[[[143,73.204],[141.625,73.281],[140.71,73.424],[139.985,73.34],[139.794,73.404],[140.352,73.438],[140.903,73.597],[140.794,73.615],[140.849,73.684],[140.991,73.691],[140.856,73.703],[141.102,73.846],[142.07,73.909],[142.625,73.81],[143.524,73.463],[143.441,73.367],[143.596,73.218],[143,73.204]]]}},{"type":"Feature","properties":{},"geometry":{"type":"Polygon","coordinates":[[[-110,77.92],[-110.959,77.821],[-110.116,77.786],[-110.036,77.748],[-110.109,77.686],[-110.052,77.622],[-110.147,77.598],[-110.053,77.57],[-110.256,77.497],[-112.038,77.33],[-113.198,77.524],[-113.169,77.616],[-113.069,77.628],[-113.261,77.67],[-113.169,77.745],[-113.317,77.802],[-113.168,77.925],[-111.226,78.094],[-109.67,78.104],[-109.548,78.039],[-109.668,77.966],[-110,77.92]]]}},{"type":"Feature","properties":{},"geometry":{"type":"Polygon","coordinates":[[[24,77.624],[24.132,77.569],[23.797,77.559],[22.677,77.237],[22.545,77.283],[22.718,77.37],[22.582,77.386],[22.792,77.463],[22.483,77.615],[20.88,77.439],[20.822,77.53],[20.882,77.537],[20.805,77.542],[21.162,77.606],[21.222,77.739],[21.565,77.913],[20.825,78.075],[21.74,78.212],[22.857,78.254],[23.248,78.154],[23.151,78.05],[23.622,77.863],[24.345,77.829],[24.138,77.752],[24.275,77.659],[24,77.624]]]}},{"type":"Feature","properties":{},"geometry":{"type":"Polygon","coordinates":[[[48.995,68.729],[48.448,68.714],[48.581,68.72],[48.255,68.877],[48.245,68.799],[48.232,69.09],[48.369,69.292],[48.743,69.462],[49.348,69.495],[50.147,69.26],[50.317,69.102],[50.138,68.98],[50.207,69.131],[50.07,69.101],[49.727,68.872],[48.995,68.729]]]}},{"type":"Feature","properties":{},"geometry":{"type":"Polygon","coordinates":[[[-73.003,-53.18],[-72.756,-53.242],[-72.765,-53.315],[-72.682,-53.264],[-72.842,-53.199],[-72.719,-53.197],[-72.786,-53.177],[-72.682,-53.174],[-72.729,-53.136],[-72.973,-53.114],[-72.863,-53.056],[-72.993,-52.868],[-72.672,-52.73],[-72.573,-52.78],[-72.695,-52.91],[-72.57,-52.815],[-72.481,-52.829],[-72.586,-52.893],[-72.402,-52.909],[-72.419,-52.844],[-72.236,-52.797],[-72.138,-52.644],[-71.722,-52.705],[-71.483,-52.658],[-71.394,-52.735],[-71.411,-52.844],[-71.905,-53.01],[-72.017,-53.139],[-72.348,-53.066],[-72.471,-53.122],[-72.322,-53.113],[-72.22,-53.217],[-72.623,-53.195],[-72.404,-53.263],[-72.511,-53.28],[-72.547,-53.379],[-72.689,-53.324],[-72.621,-53.435],[-72.549,-53.39],[-72.39,-53.534],[-72.555,-53.54],[-72.762,-53.393],[-72.802,-53.439],[-72.806,-53.382],[-73.208,-53.257],[-73.297,-53.159],[-73.003,-53.18]]]}},{"type":"Feature","properties":{},"geometry":{"type":"Polygon","coordinates":[[[-169.549,62.992],[-169.768,62.955],[-169.972,63.142],[-170.3,63.188],[-170.443,63.32],[-170.855,63.412],[-171.565,63.319],[-171.738,63.364],[-171.854,63.487],[-171.834,63.581],[-171.743,63.661],[-171.744,63.784],[-171.644,63.772],[-171.648,63.689],[-171.379,63.63],[-171.492,63.595],[-170.917,63.572],[-170.343,63.694],[-170.099,63.613],[-170.027,63.479],[-168.697,63.3],[-168.862,63.146],[-169.382,63.15],[-169.564,63.055],[-169.549,62.992]]]}},{"type":"Feature","properties":{},"geometry":{"type":"Polygon","coordinates":[[[-61.002,10.135],[-61.934,10.05],[-61.636,10.245],[-61.482,10.257],[-61.499,10.636],[-61.672,10.71],[-61.369,10.81],[-60.912,10.832],[-61.041,10.676],[-61.002,10.135]]]}},{"type":"Feature","properties":{},"geometry":{"type":"Polygon","coordinates":[[[-91.06,-1.001],[-91.401,-1.019],[-91.512,-0.904],[-91.318,-0.69],[-91.073,-0.614],[-91.387,-0.259],[-91.422,-0.029],[-91.595,-0.009],[-91.362,0.166],[-91.2,-0.022],[-91.179,-0.214],[-90.95,-0.423],[-90.98,-0.576],[-90.782,-0.757],[-90.852,-0.913],[-91.06,-1.001]]]}},{"type":"Feature","properties":{},"geometry":{"type":"Polygon","coordinates":[[[116,-8.746],[116.078,-8.739],[116.03,-8.443],[116.266,-8.248],[116.463,-8.227],[116.719,-8.349],[116.665,-8.568],[116.483,-8.818],[116.574,-8.9],[116.437,-8.926],[116.468,-8.83],[116.378,-8.964],[116.064,-8.861],[116.004,-8.915],[115.825,-8.761],[116,-8.746]]]}},{"type":"Feature","properties":{},"geometry":{"type":"Polygon","coordinates":[[[107.995,-3.251],[107.86,-3.055],[107.828,-3.158],[107.595,-3.222],[107.558,-2.999],[107.614,-2.908],[107.526,-2.928],[107.638,-2.774],[107.658,-2.557],[107.989,-2.573],[108.022,-2.666],[108.083,-2.605],[108.269,-2.757],[108.202,-3.141],[107.995,-3.251]]]}},{"type":"Feature","properties":{},"geometry":{"type":"Polygon","coordinates":[[[-59.972,-52.003],[-60.077,-51.93],[-60.098,-52.01],[-60.333,-51.993],[-60.273,-52.083],[-60.239,-52.019],[-60.264,-52.093],[-60.368,-52.178],[-60.582,-52.126],[-60.488,-52.181],[-60.613,-52.26],[-60.746,-52.144],[-60.673,-52.128],[-60.83,-52.098],[-60.714,-52.178],[-60.798,-52.19],[-61.075,-52.019],[-60.852,-52.084],[-60.799,-52.059],[-60.892,-52.028],[-60.744,-52.019],[-60.847,-51.954],[-60.544,-52.026],[-60.394,-51.927],[-60.646,-51.925],[-60.497,-51.932],[-60.447,-51.778],[-60.369,-51.768],[-60.413,-51.867],[-60.358,-51.875],[-60.273,-51.832],[-60.323,-51.762],[-60.213,-51.791],[-60.192,-51.701],[-60.317,-51.697],[-60.569,-51.801],[-60.647,-51.667],[-60.228,-51.656],[-60.019,-51.732],[-60.283,-51.554],[-60.494,-51.54],[-60.379,-51.487],[-60.651,-51.414],[-60.604,-51.365],[-60.663,-51.341],[-60.127,-51.506],[-59.971,-51.476],[-60.098,-51.439],[-60.007,-51.381],[-59.745,-51.462],[-59.487,-51.396],[-59.604,-51.447],[-59.522,-51.48],[-59.374,-51.434],[-59.476,-51.407],[-59.415,-51.34],[-59.189,-51.401],[-59.972,-52.003]]]}},{"type":"Feature","properties":{},"geometry":{"type":"Polygon","coordinates":[[[-105.047,72.995],[-105.317,72.962],[-105.167,72.879],[-105.309,72.859],[-106.111,73.211],[-106.053,73.238],[-106.184,73.297],[-106.079,73.284],[-107.009,73.471],[-106.557,73.708],[-105.074,73.75],[-104.445,73.548],[-104.524,73.336],[-105.047,72.995]]]}},{"type":"Feature","properties":{},"geometry":{"type":"Polygon","coordinates":[[[122.781,-5.001],[122.865,-4.525],[123.081,-4.366],[123.045,-4.424],[123.207,-4.61],[123.215,-4.854],[123.112,-4.685],[123.102,-4.789],[123.034,-4.74],[122.925,-5.173],[123.043,-5.13],[123.227,-5.284],[123.131,-5.395],[122.879,-5.452],[122.908,-5.548],[122.817,-5.699],[122.722,-5.622],[122.655,-5.708],[122.561,-5.503],[122.816,-5.217],[122.741,-5.169],[122.781,-5.001]]]}},{"type":"Feature","properties":{},"geometry":{"type":"Polygon","coordinates":[[[112.767,-7.002],[112.868,-6.89],[113.903,-6.863],[114.125,-6.979],[113.92,-7.015],[113.89,-7.135],[113.605,-7.126],[113.514,-7.256],[112.722,-7.174],[112.675,-7.046],[112.767,-7.002]]]}},{"type":"Feature","properties":{},"geometry":{"type":"Polygon","coordinates":[[[123.616,9.999],[123.465,9.571],[123.301,9.418],[123.37,9.994],[123.709,10.498],[123.966,11.082],[123.943,11.189],[124.062,11.287],[123.975,11.076],[124.042,11.055],[124.019,10.382],[123.763,10.225],[123.616,9.999]]]}},{"type":"Feature","properties":{},"geometry":{"type":"Polygon","coordinates":[[[137,-36.02],[136.703,-36.064],[136.536,-35.887],[136.588,-35.752],[137.317,-35.581],[137.628,-35.564],[137.58,-35.727],[137.785,-35.728],[137.76,-35.845],[137.909,-35.719],[138.138,-35.845],[138.043,-35.906],[137.757,-35.854],[137.467,-36.075],[137.222,-35.977],[137,-36.02]]]}},{"type":"Feature","properties":{},"geometry":{"type":"Polygon","coordinates":[[[-134,57.415],[-133.909,57.442],[-133.883,57.351],[-133.988,57.305],[-134.098,57.375],[-134.11,57.321],[-134.2,57.397],[-134.113,57.247],[-134.235,57.171],[-134.3,57.255],[-134.284,57.141],[-134.62,57.015],[-134.588,57.158],[-134.651,57.238],[-134.447,57.307],[-134.583,57.4],[-134.323,57.337],[-134.566,57.477],[-134.401,57.493],[-134.456,57.507],[-134.333,57.592],[-134.585,57.506],[-134.681,57.612],[-134.813,58.044],[-134.729,58.177],[-134.788,58.098],[-134.918,58.216],[-134.958,58.41],[-134.697,58.16],[-134.179,58.157],[-134.234,58.122],[-133.904,57.807],[-133.806,57.607],[-134.003,57.72],[-134.256,58.037],[-134.161,57.988],[-134.32,58.098],[-134.266,58.02],[-134.343,58.041],[-134.238,57.971],[-134.351,57.993],[-134.311,57.833],[-134.248,57.875],[-134.048,57.677],[-134.103,57.647],[-133.946,57.618],[-133.856,57.461],[-133.95,57.535],[-133.922,57.468],[-134.115,57.507],[-134,57.415]]]}},{"type":"Feature","properties":{},"geometry":{"type":"Polygon","coordinates":[[[-70.005,-55.111],[-69.573,-55.031],[-69.55,-55.162],[-69.538,-55.026],[-68.459,-54.933],[-68.334,-55.077],[-68.447,-55.025],[-68.445,-55.105],[-68.626,-55.085],[-68.547,-55.109],[-68.6,-55.156],[-69.03,-55.013],[-69.082,-55.066],[-68.269,-55.218],[-68.339,-55.234],[-68.192,-55.293],[-68.738,-55.275],[-68.539,-55.332],[-68.597,-55.37],[-68.465,-55.324],[-68.136,-55.387],[-68.184,-55.475],[-68.031,-55.481],[-68.129,-55.527],[-67.979,-55.588],[-68.034,-55.647],[-67.981,-55.675],[-68.092,-55.719],[-68.152,-55.601],[-68.283,-55.624],[-68.229,-55.538],[-68.555,-55.463],[-68.552,-55.405],[-68.636,-55.402],[-68.588,-55.47],[-68.903,-55.49],[-68.978,-55.415],[-68.727,-55.381],[-68.979,-55.392],[-68.793,-55.18],[-68.983,-55.275],[-69.076,-55.26],[-69.107,-55.14],[-69.123,-55.245],[-69.245,-55.172],[-69.248,-55.231],[-69.504,-55.239],[-69.283,-55.323],[-69.219,-55.391],[-69.301,-55.436],[-69.118,-55.449],[-69.191,-55.45],[-69.15,-55.506],[-69.337,-55.48],[-69.365,-55.39],[-69.402,-55.515],[-69.426,-55.398],[-69.513,-55.399],[-69.384,-55.366],[-69.789,-55.311],[-69.547,-55.274],[-69.679,-55.263],[-69.489,-55.173],[-69.852,-55.272],[-69.966,-55.227],[-69.843,-55.214],[-69.968,-55.174],[-69.834,-55.176],[-70.028,-55.157],[-70.005,-55.111]]]}},{"type":"Feature","properties":{},"geometry":{"type":"Polygon","coordinates":[[[-165.644,60],[-165.547,59.977],[-165.584,59.905],[-166.283,59.849],[-166.08,59.776],[-166.192,59.749],[-167.336,60.065],[-167.464,60.212],[-166.854,60.205],[-166.719,60.332],[-166.152,60.374],[-166.15,60.443],[-166.085,60.325],[-165.676,60.293],[-165.74,60.165],[-165.644,60]]]}},{"type":"Feature","properties":{},"geometry":{"type":"Polygon","coordinates":[[[-135.006,56.757],[-135.216,56.672],[-135.052,56.816],[-135.273,56.735],[-135.107,56.829],[-135.377,56.818],[-135.348,56.912],[-135.286,56.883],[-135.33,56.848],[-135.137,56.923],[-135.286,56.885],[-135.372,56.99],[-135.122,56.985],[-135.404,57.098],[-135.281,57.164],[-135.426,57.163],[-135.348,57.258],[-135.555,57.233],[-135.696,57.356],[-135.486,57.355],[-135.634,57.399],[-135.554,57.509],[-135.35,57.55],[-135.296,57.511],[-135.399,57.433],[-135.2,57.483],[-135.216,57.408],[-135.15,57.443],[-134.914,57.332],[-135.081,57.341],[-134.954,57.327],[-135.014,57.261],[-134.963,57.309],[-134.843,57.249],[-134.893,57.237],[-134.804,57.162],[-134.871,57.136],[-134.793,57.123],[-134.836,57.087],[-134.692,56.898],[-134.799,56.872],[-134.636,56.741],[-134.753,56.709],[-134.635,56.732],[-134.616,56.667],[-134.634,56.541],[-134.678,56.632],[-134.669,56.542],[-134.761,56.542],[-134.636,56.474],[-134.754,56.44],[-134.633,56.404],[-134.754,56.291],[-134.634,56.328],[-134.681,56.247],[-134.621,56.257],[-134.67,56.16],[-134.693,56.233],[-134.775,56.219],[-134.848,56.302],[-134.806,56.384],[-134.901,56.321],[-134.899,56.453],[-134.966,56.414],[-134.943,56.474],[-135.061,56.53],[-134.828,56.748],[-134.96,56.62],[-135.015,56.638],[-134.98,56.726],[-135.034,56.622],[-135.142,56.615],[-135.006,56.757]]]}},{"type":"Feature","properties":{},"geometry":{"type":"Polygon","coordinates":[[[-164.002,54.629],[-164.647,54.389],[-164.85,54.417],[-164.936,54.598],[-164.697,54.675],[-164.487,54.921],[-164.292,54.9],[-163.782,55.057],[-163.454,55.042],[-163.541,55.029],[-163.374,54.788],[-163.047,54.689],[-163.37,54.75],[-163.419,54.657],[-163.588,54.61],[-164.002,54.629]]]}},{"type":"Feature","properties":{},"geometry":{"type":"Polygon","coordinates":[[[97.392,0.997],[97.26,1.252],[97.06,1.412],[97.267,1.421],[97.347,1.542],[97.479,1.476],[97.682,1.182],[97.91,1.033],[97.862,0.603],[97.687,0.566],[97.618,0.794],[97.392,0.997]]]}},{"type":"Feature","properties":{},"geometry":{"type":"Polygon","coordinates":[[[166.592,-15.001],[166.522,-14.846],[166.608,-14.636],[166.745,-14.829],[166.806,-15.18],[166.931,-15.164],[166.975,-14.95],[167.08,-14.947],[167.065,-15.098],[167.143,-15.141],[167.245,-15.529],[166.764,-15.661],[166.618,-15.397],[166.592,-15.001]]]}},{"type":"Feature","properties":{},"geometry":{"type":"Polygon","coordinates":[[[-51.686,-1.02],[-51.673,-0.852],[-51.487,-0.598],[-51.349,-0.532],[-51.381,-0.654],[-51.307,-0.52],[-51.152,-0.632],[-51.273,-1.027],[-51.341,-1.019],[-51.558,-1.293],[-51.786,-1.454],[-51.948,-1.449],[-51.686,-1.02]]]}},{"type":"Feature","properties":{},"geometry":{"type":"Polygon","coordinates":[[[160.996,-9.26],[160.77,-9.026],[160.649,-8.613],[160.721,-8.553],[160.557,-8.335],[160.693,-8.373],[160.672,-8.317],[160.743,-8.318],[160.806,-8.382],[161.003,-8.632],[160.926,-8.805],[161.105,-8.913],[161.275,-9.182],[161.266,-9.305],[161.215,-9.283],[161.385,-9.63],[160.996,-9.26]]]}},{"type":"Feature","properties":{},"geometry":{"type":"Polygon","coordinates":[[[-28.001,70.427],[-28.146,70.472],[-27.992,70.523],[-28.084,70.576],[-27.08,70.895],[-26.485,70.909],[-25.721,71.091],[-25.739,70.988],[-25.409,70.932],[-25.344,70.807],[-25.491,70.783],[-25.321,70.766],[-25.294,70.655],[-26.058,70.522],[-26.26,70.59],[-28.001,70.427]]]}},{"type":"Feature","properties":{},"geometry":{"type":"Polygon","coordinates":[[[98.943,-1.003],[99.115,-1.44],[99.291,-1.628],[99.285,-1.75],[99.198,-1.637],[99.24,-1.792],[99.109,-1.808],[98.876,-1.678],[98.6,-1.223],[98.683,-0.959],[98.899,-0.907],[98.943,-1.003]]]}},{"type":"Feature","properties":{},"geometry":{"type":"Polygon","coordinates":[[[-73,-54.09],[-72.768,-54.077],[-72.964,-54.018],[-72.761,-54.033],[-72.886,-53.958],[-72.666,-53.862],[-72.778,-53.883],[-72.727,-53.851],[-72.823,-53.815],[-73.033,-53.884],[-73.062,-53.803],[-73.113,-53.947],[-73.041,-54.003],[-73.359,-53.972],[-73.253,-53.92],[-73.342,-53.838],[-73.306,-53.732],[-73.572,-53.774],[-73.459,-53.709],[-73.669,-53.685],[-73.545,-53.577],[-73.22,-53.67],[-73.293,-53.617],[-73.241,-53.566],[-73.444,-53.462],[-73.042,-53.55],[-73.169,-53.402],[-73.022,-53.385],[-73.016,-53.485],[-72.983,-53.4],[-72.899,-53.462],[-72.936,-53.542],[-72.849,-53.524],[-72.904,-53.547],[-72.858,-53.672],[-72.862,-53.453],[-72.732,-53.51],[-72.687,-53.682],[-72.662,-53.527],[-72.377,-53.638],[-72.553,-53.671],[-72.348,-53.669],[-72.229,-53.729],[-72.331,-53.758],[-72.146,-53.792],[-72.299,-53.803],[-72.225,-53.862],[-72.484,-53.813],[-72.346,-53.852],[-72.326,-53.925],[-72.42,-53.899],[-72.357,-53.961],[-72.433,-53.968],[-72.331,-54.001],[-72.368,-54.06],[-72.467,-54.058],[-72.472,-53.965],[-72.547,-53.997],[-72.545,-54.104],[-72.618,-54.085],[-72.592,-54.03],[-72.652,-54.083],[-72.612,-54.015],[-72.703,-54.111],[-73,-54.09]]]}},{"type":"Feature","properties":{},"geometry":{"type":"Polygon","coordinates":[[[159,-8.071],[158.583,-7.775],[158.417,-7.564],[158.732,-7.595],[159.06,-7.896],[159.41,-7.987],[159.732,-8.238],[159.86,-8.347],[159.748,-8.407],[159.905,-8.572],[159,-8.071]]]}},{"type":"Feature","properties":{},"geometry":{"type":"Polygon","coordinates":[[[124,9.604],[123.854,9.64],[123.783,9.796],[124.143,10.151],[124.291,10.174],[124.343,10.094],[124.369,10.154],[124.547,10.04],[124.569,9.734],[124.482,9.762],[124.258,9.6],[124,9.604]]]}},{"type":"Feature","properties":{},"geometry":{"type":"Polygon","coordinates":[[[24.393,37.999],[24.203,38.086],[24.154,38.277],[24.025,38.328],[24.052,38.393],[23.647,38.4],[23.588,38.45],[23.624,38.543],[23.321,38.763],[23.028,38.882],[22.848,38.867],[23.317,39.039],[23.59,38.765],[24.156,38.653],[24.26,38.211],[24.594,38.153],[24.558,37.98],[24.393,37.999]]]}},{"type":"Feature","properties":{},"geometry":{"type":"Polygon","coordinates":[[[3,39.318],[2.789,39.363],[2.67,39.563],[2.522,39.456],[2.348,39.595],[2.777,39.857],[3.215,39.964],[3.08,39.902],[3.205,39.891],[3.138,39.78],[3.479,39.717],[3.232,39.361],[3.066,39.265],[3,39.318]]]}},{"type":"Feature","properties":{},"geometry":{"type":"Polygon","coordinates":[[[53.998,12.325],[53.555,12.342],[53.306,12.54],[53.502,12.711],[53.772,12.6],[54.194,12.679],[54.541,12.538],[53.998,12.325]]]}},{"type":"Feature","properties":{},"geometry":{"type":"Polygon","coordinates":[[[-36,-54.803],[-35.924,-54.852],[-36.11,-54.886],[-36.493,-54.563],[-36.453,-54.525],[-36.812,-54.458],[-36.865,-54.346],[-37.248,-54.24],[-37.414,-54.27],[-37.313,-54.223],[-37.412,-54.183],[-37.238,-54.145],[-37.673,-54.176],[-37.729,-54.143],[-37.646,-54.112],[-37.734,-54.102],[-37.612,-54.04],[-38.013,-54.067],[-38.022,-54.01],[-37.402,-53.98],[-37.459,-54.059],[-37.127,-54.037],[-37.152,-54.125],[-36.98,-54.052],[-37.02,-54.13],[-36.908,-54.07],[-36.802,-54.15],[-36.623,-54.122],[-36.703,-54.182],[-36.483,-54.193],[-36.591,-54.189],[-36.673,-54.287],[-36.483,-54.234],[-36.504,-54.362],[-36.438,-54.309],[-36.34,-54.367],[-36.401,-54.249],[-36.292,-54.262],[-36.206,-54.344],[-36.261,-54.384],[-36.16,-54.374],[-36.168,-54.443],[-36.001,-54.499],[-36.071,-54.563],[-35.884,-54.538],[-35.943,-54.69],[-35.786,-54.762],[-36,-54.803]]]}},{"type":"Feature","properties":{},"geometry":{"type":"Polygon","coordinates":[[[-78.002,24.32],[-78.031,24.24],[-77.957,24.278],[-78.035,24.235],[-78.081,24.374],[-78.181,24.4],[-78.123,24.527],[-78.208,24.43],[-78.465,24.597],[-78.327,24.709],[-78.265,24.599],[-78.221,24.7],[-78.295,24.749],[-78.283,24.645],[-78.308,24.772],[-78.188,24.721],[-78.195,24.788],[-78.295,24.783],[-78.134,25.006],[-78.22,25.205],[-78.112,25.12],[-78.026,25.18],[-77.959,25.058],[-78.001,24.978],[-77.756,24.688],[-77.734,24.458],[-78.002,24.32]]]}},{"type":"Feature","properties":{},"geometry":{"type":"Polygon","coordinates":[[[-24.003,72.465],[-24.359,72.588],[-24.526,72.839],[-24.06,72.88],[-23.153,72.831],[-22.685,72.622],[-22.154,72.53],[-22.218,72.484],[-21.936,72.485],[-21.929,72.4],[-22.756,72.436],[-22.71,72.364],[-22.309,72.305],[-22.328,72.255],[-22.026,72.265],[-22.305,72.115],[-24.003,72.465]]]}},{"type":"Feature","properties":{},"geometry":{"type":"Polygon","coordinates":[[[60,69.718],[60.048,69.69],[59.987,69.666],[59.577,69.716],[59.576,69.8],[59.714,69.792],[59.422,69.895],[58.917,69.956],[59.151,69.874],[59.047,69.858],[58.591,70.066],[58.649,70.096],[58.551,70.114],[58.646,70.124],[58.604,70.166],[58.451,70.185],[58.554,70.198],[58.379,70.233],[58.816,70.208],[58.479,70.322],[59.045,70.47],[59.58,70.208],[60.449,69.936],[60.561,69.805],[60.469,69.758],[60.512,69.72],[60,69.718]]]}},{"type":"Feature","properties":{},"geometry":{"type":"Polygon","coordinates":[[[162,-10.797],[161.755,-10.751],[161.498,-10.582],[161.483,-10.369],[161.261,-10.327],[161.265,-10.197],[161.413,-10.2],[162.009,-10.509],[162.072,-10.467],[162.27,-10.685],[162.269,-10.819],[162.397,-10.835],[162,-10.797]]]}},{"type":"Feature","properties":{},"geometry":{"type":"Polygon","coordinates":[[[131.131,-8.002],[131.106,-7.704],[131.24,-7.725],[131.158,-7.67],[131.228,-7.49],[131.453,-7.345],[131.541,-7.135],[131.711,-7.14],[131.743,-7.221],[131.632,-7.252],[131.706,-7.421],[131.626,-7.644],[131.36,-7.874],[131.295,-8.031],[131.289,-7.924],[131.131,-8.002]]]}},{"type":"Feature","properties":{},"geometry":{"type":"Polygon","coordinates":[[[124,11.798],[123.937,11.893],[123.722,11.931],[123.75,11.983],[123.535,12.215],[123.426,12.203],[123.158,11.908],[123.297,12.215],[123.214,12.237],[123.284,12.423],[123.234,12.604],[123.376,12.544],[123.326,12.435],[123.44,12.52],[123.781,12.2],[123.895,12.212],[124.051,11.971],[123.992,11.987],[124.068,11.722],[124,11.798]]]}},{"type":"Feature","properties":{},"geometry":{"type":"Polygon","coordinates":[[[146.997,44.474],[146.856,44.457],[146.944,44.635],[147,44.58],[147.008,44.66],[147.181,44.691],[147.102,44.816],[147.24,44.808],[147.515,44.997],[147.508,45.119],[147.648,45.079],[147.733,45.194],[147.853,45.212],[147.909,45.432],[148.035,45.269],[148.175,45.26],[148.418,45.328],[148.656,45.539],[148.886,45.521],[148.841,45.335],[148.313,45.22],[147.905,44.96],[147.661,44.995],[147.563,44.822],[146.997,44.474]]]}},{"type":"Feature","properties":{},"geometry":{"type":"Polygon","coordinates":[[[-80,61.728],[-80.195,61.79],[-80.265,62.018],[-79.975,62.357],[-79.602,62.42],[-79.279,62.255],[-79.307,62.02],[-79.464,61.947],[-79.679,61.617],[-79.849,61.573],[-80,61.728]]]}},{"type":"Feature","properties":{},"geometry":{"type":"Polygon","coordinates":[[[131,-0.345],[130.793,-0.248],[130.694,-0.077],[130.613,-0.08],[130.614,-0.146],[130.727,-0.298],[130.917,-0.315],[130.878,-0.431],[130.724,-0.446],[130.675,-0.295],[130.57,-0.326],[130.538,-0.435],[130.518,-0.25],[130.306,-0.278],[130.208,-0.212],[130.442,-0.199],[130.365,-0.184],[130.392,-0.128],[130.292,-0.179],[130.268,-0.112],[130.342,-0.08],[130.35,-0.135],[130.356,-0.075],[131.047,-0.025],[131.296,-0.165],[131.339,-0.297],[131.25,-0.385],[131,-0.345]]]}},{"type":"Feature","properties":{},"geometry":{"type":"Polygon","coordinates":[[[-74.001,40.697],[-73.908,40.793],[-73.756,40.769],[-73.73,40.869],[-73.652,40.805],[-73.632,40.903],[-73.464,40.87],[-73.485,40.948],[-73.197,40.887],[-73.157,40.97],[-72.635,40.983],[-72.231,41.161],[-72.622,40.931],[-72.49,40.869],[-72.633,40.8],[-73.939,40.545],[-73.745,40.634],[-74.006,40.572],[-74.001,40.697]]]}},{"type":"Feature","properties":{},"geometry":{"type":"Polygon","coordinates":[[[156.997,-7.28],[156.408,-6.738],[156.44,-6.597],[157.1,-6.953],[157.13,-7.112],[157.395,-7.325],[157.538,-7.293],[157.562,-7.382],[157.443,-7.43],[156.997,-7.28]]]}},{"type":"Feature","properties":{},"geometry":{"type":"Polygon","coordinates":[[[18.196,56.997],[18.302,57.102],[18.191,57.071],[18.222,57.143],[18.092,57.26],[18.196,57.389],[18.107,57.537],[18.702,57.922],[18.8,57.828],[18.855,57.924],[19.015,57.923],[19.104,57.817],[18.912,57.714],[18.808,57.742],[18.767,57.621],[18.819,57.56],[18.766,57.469],[18.922,57.403],[18.667,57.306],[18.691,57.221],[18.406,57.14],[18.456,57.119],[18.339,57.026],[18.401,56.995],[18.295,56.93],[18.128,56.909],[18.196,56.997]]]}},{"type":"Feature","properties":{},"geometry":{"type":"Polygon","coordinates":[[[10,55.539],[10.318,55.622],[10.495,55.547],[10.472,55.439],[10.624,55.49],[10.566,55.52],[10.629,55.519],[10.621,55.623],[10.751,55.481],[10.541,55.443],[10.685,55.441],[10.857,55.294],[10.747,55.298],[10.816,55.202],[10.746,55.068],[10.075,55.075],[10.174,55.128],[10,55.2],[10.044,55.13],[9.977,55.132],[9.896,55.34],[9.717,55.472],[9.816,55.454],[9.678,55.517],[10,55.539]]]}},{"type":"Feature","properties":{},"geometry":{"type":"Polygon","coordinates":[[[-82.038,53],[-81.816,53.172],[-81.119,53.195],[-80.825,52.993],[-80.671,52.732],[-80.712,52.666],[-82.038,53]]]}},{"type":"Feature","properties":{},"geometry":{"type":"Polygon","coordinates":[[[-131,55.382],[-131.162,55.196],[-131.329,55.243],[-131.193,55.361],[-131.24,55.41],[-131.296,55.279],[-131.468,55.279],[-131.279,55.438],[-131.363,55.651],[-131.318,55.454],[-131.41,55.346],[-131.488,55.327],[-131.428,55.377],[-131.467,55.516],[-131.539,55.476],[-131.468,55.378],[-131.533,55.293],[-131.715,55.365],[-131.833,55.448],[-131.626,55.593],[-131.726,55.642],[-131.626,55.73],[-131.736,55.728],[-131.494,55.787],[-131.714,55.838],[-131.478,55.829],[-131.588,55.915],[-131.263,55.974],[-131.072,55.829],[-131.099,55.752],[-130.958,55.69],[-131,55.382]]]}},{"type":"Feature","properties":{},"geometry":{"type":"Polygon","coordinates":[[[122.709,-5.001],[122.594,-5.16],[122.653,-5.288],[122.599,-5.437],[122.524,-5.439],[122.543,-5.261],[122.471,-5.404],[122.386,-5.338],[122.452,-5.315],[122.28,-5.393],[122.325,-5.112],[122.408,-5.073],[122.318,-4.835],[122.373,-4.741],[122.738,-4.642],[122.771,-4.964],[122.709,-5.001]]]}},{"type":"Feature","properties":{},"geometry":{"type":"Polygon","coordinates":[[[124.392,-2.003],[124.362,-1.703],[124.53,-1.625],[125.068,-1.778],[125.13,-1.686],[125.187,-1.79],[125.245,-1.726],[125.32,-1.788],[125.313,-1.894],[125.043,-1.891],[125.004,-1.949],[124.846,-1.894],[124.392,-2.003]]]}},{"type":"Feature","properties":{},"geometry":{"type":"Polygon","coordinates":[[[-133.979,56.997],[-134.036,57.062],[-133.892,57.099],[-133.333,57.01],[-133.275,56.923],[-133.312,57.015],[-133.107,57.003],[-132.994,56.939],[-132.941,56.835],[-133.059,56.84],[-132.932,56.664],[-133.007,56.604],[-133.328,56.892],[-133.344,56.765],[-133.219,56.709],[-133.259,56.643],[-133.103,56.618],[-133.183,56.62],[-133.09,56.524],[-133.207,56.448],[-133.448,56.505],[-133.437,56.455],[-133.657,56.436],[-133.704,56.568],[-133.646,56.6],[-133.736,56.682],[-133.688,56.856],[-133.838,56.836],[-133.898,56.905],[-133.729,56.89],[-133.979,56.997]]]}},{"type":"Feature","properties":{},"geometry":{"type":"Polygon","coordinates":[[[-113.021,78.278],[-113.316,78.332],[-113.154,78.39],[-113.226,78.411],[-111.405,78.595],[-110.712,78.762],[-109.849,78.673],[-109.225,78.482],[-109.394,78.313],[-110.359,78.275],[-111.155,78.393],[-111.443,78.27],[-112.166,78.373],[-113.021,78.278]]]}},{"type":"Feature","properties":{},"geometry":{"type":"Polygon","coordinates":[[[-167,53.479],[-167.497,53.256],[-167.855,53.31],[-167.693,53.39],[-167.462,53.379],[-167.555,53.414],[-167.47,53.448],[-167.328,53.407],[-167.295,53.484],[-167.101,53.459],[-167.189,53.526],[-166.949,53.513],[-167.167,53.603],[-167.001,53.623],[-167.074,53.665],[-167.039,53.71],[-166.9,53.718],[-166.86,53.615],[-166.791,53.628],[-166.837,53.709],[-166.703,53.722],[-167.162,53.839],[-167.015,53.965],[-166.627,54.008],[-166.609,53.829],[-166.374,54.011],[-166.369,53.944],[-166.204,53.934],[-166.622,53.739],[-166.49,53.692],[-166.342,53.788],[-166.276,53.685],[-166.545,53.651],[-166.508,53.582],[-166.578,53.53],[-166.665,53.598],[-166.634,53.526],[-166.718,53.541],[-166.663,53.484],[-166.798,53.558],[-166.752,53.441],[-166.876,53.492],[-166.987,53.422],[-167,53.479]]]}},{"type":"Feature","properties":{},"geometry":{"type":"Polygon","coordinates":[[[46.99,80.174],[46.927,80.195],[47.007,80.226],[46.752,80.316],[47.215,80.38],[47.31,80.31],[48.005,80.301],[47.868,80.328],[48.127,80.341],[47.597,80.397],[48.282,80.415],[47.47,80.468],[48.35,80.553],[48.73,80.486],[49.192,80.522],[49.192,80.585],[49.392,80.602],[49.257,80.636],[49.668,80.675],[48.995,80.727],[49.147,80.771],[48.982,80.781],[49.777,80.906],[50.427,80.927],[49.908,80.885],[50.085,80.853],[50.86,80.95],[50.989,80.856],[50.202,80.751],[51.245,80.801],[51.807,80.716],[51,80.549],[49.665,80.481],[49.782,80.384],[49.56,80.349],[48.747,80.375],[48.787,80.329],[48.498,80.292],[48.883,80.282],[48.983,80.233],[48.822,80.212],[49.087,80.171],[48.435,80.187],[48.498,80.127],[48.34,80.073],[48.14,80.12],[47.688,80.051],[47.827,80.163],[48.152,80.192],[47.817,80.197],[47.925,80.247],[46.99,80.174]]]}},{"type":"Feature","properties":{},"geometry":{"type":"Polygon","coordinates":[[[22,57.944],[22.223,58.138],[21.831,58.281],[22.022,58.364],[21.837,58.498],[22.01,58.507],[22.1,58.416],[22.2,58.548],[22.29,58.486],[22.284,58.571],[22.565,58.638],[22.67,58.575],[22.943,58.617],[23.326,58.454],[23.157,58.475],[23.089,58.378],[22.927,58.374],[22.927,58.302],[22.703,58.274],[22.73,58.212],[22.288,58.199],[22.204,57.982],[22.05,57.901],[22,57.944]]]}},{"type":"Feature","properties":{},"geometry":{"type":"Polygon","coordinates":[[[-129,52.697],[-129.137,52.873],[-129.037,52.854],[-129.098,52.889],[-128.903,53.03],[-129.091,52.902],[-129.202,52.962],[-129.186,53.067],[-129.086,53.097],[-129.099,53.19],[-128.895,53.163],[-129.056,53.215],[-129.099,53.289],[-129.04,53.31],[-128.577,53.096],[-128.523,52.899],[-128.633,52.643],[-128.574,52.667],[-128.583,52.6],[-128.544,52.675],[-128.468,52.48],[-128.499,52.431],[-128.829,52.514],[-128.631,52.609],[-128.789,52.646],[-128.661,52.969],[-128.743,52.923],[-128.761,52.668],[-129,52.697]]]}},{"type":"Feature","properties":{},"geometry":{"type":"Polygon","coordinates":[[[125.811,-8.002],[125.805,-7.853],[125.972,-7.653],[126.189,-7.726],[126.631,-7.56],[126.845,-7.74],[126.562,-7.816],[126.469,-7.974],[126.068,-7.888],[125.811,-8.002]]]}},{"type":"Feature","properties":{},"geometry":{"type":"Polygon","coordinates":[[[135.999,-1.16],[135.887,-1.193],[135.815,-1.129],[135.737,-0.783],[135.647,-0.896],[135.476,-0.742],[135.544,-0.885],[135.362,-0.635],[135.653,-0.665],[135.757,-0.749],[135.872,-0.709],[136.181,-1.062],[136.381,-1.1],[136.152,-1.217],[135.999,-1.16]]]}},{"type":"Feature","properties":{},"geometry":{"type":"Polygon","coordinates":[[[127.999,-1.505],[128.165,-1.63],[128.087,-1.72],[127.487,-1.73],[127.379,-1.623],[127.405,-1.417],[127.492,-1.45],[127.63,-1.327],[127.999,-1.505]]]}},{"type":"Feature","properties":{},"geometry":{"type":"Polygon","coordinates":[[[55.266,-21.001],[55.292,-20.91],[55.424,-20.863],[55.671,-20.912],[55.841,-21.149],[55.808,-21.334],[55.617,-21.377],[55.345,-21.27],[55.225,-21.064],[55.266,-21.001]]]}},{"type":"Feature","properties":{},"geometry":{"type":"Polygon","coordinates":[[[-68.193,-55.001],[-68.394,-54.944],[-68.232,-54.902],[-67.305,-54.925],[-67.091,-55.037],[-67.051,-55.154],[-67.25,-55.314],[-67.448,-55.294],[-67.423,-55.199],[-67.517,-55.172],[-67.615,-55.274],[-67.865,-55.254],[-67.738,-55.234],[-67.887,-55.18],[-68.047,-55.235],[-68.146,-55.194],[-68.064,-55.172],[-68.159,-55.143],[-68.193,-55.001]]]}},{"type":"Feature","properties":{},"geometry":{"type":"Polygon","coordinates":[[[-23,73.092],[-24.43,73.022],[-25.759,73.193],[-25.281,73.326],[-25.285,73.4],[-24.61,73.43],[-23.209,73.234],[-24.828,73.295],[-22.85,73.157],[-23,73.092]]]}},{"type":"Feature","properties":{},"geometry":{"type":"Polygon","coordinates":[[[122.998,-1.52],[122.884,-1.609],[122.791,-1.477],[122.906,-1.185],[123.188,-1.16],[123.241,-1.4],[123.372,-1.222],[123.557,-1.283],[123.458,-1.52],[123.258,-1.445],[123.246,-1.648],[123.104,-1.601],[123.186,-1.516],[123.163,-1.305],[122.998,-1.52]]]}},{"type":"Feature","properties":{},"geometry":{"type":"Polygon","coordinates":[[[136.413,-14.001],[136.406,-13.83],[136.627,-13.788],[136.57,-13.692],[136.726,-13.65],[136.724,-13.844],[136.829,-13.85],[136.839,-13.746],[136.926,-13.81],[136.782,-13.929],[136.805,-14.04],[136.704,-14.172],[136.872,-14.214],[136.915,-14.141],[136.95,-14.305],[136.647,-14.3],[136.428,-14.2],[136.323,-14.247],[136.438,-14.128],[136.413,-14.001]]]}},{"type":"Feature","properties":{},"geometry":{"type":"Polygon","coordinates":[[[135.992,-1.818],[135.729,-1.688],[135.47,-1.677],[135.406,-1.6],[135.472,-1.594],[136.9,-1.787],[136.263,-1.913],[135.992,-1.818]]]}},{"type":"Feature","properties":{},"geometry":{"type":"Polygon","coordinates":[[[-94,77.745],[-93.645,77.784],[-93.093,77.665],[-93.395,77.63],[-93.49,77.55],[-93.465,77.476],[-93.565,77.442],[-95.845,77.465],[-96.33,77.604],[-96.257,77.696],[-95.472,77.816],[-95.376,77.739],[-94.705,77.793],[-94,77.745]]]}},{"type":"Feature","properties":{},"geometry":{"type":"Polygon","coordinates":[[[128.266,1.999],[128.19,2.284],[128.568,2.641],[128.689,2.468],[128.569,2.112],[128.266,1.999]]]}},{"type":"Feature","properties":{},"geometry":{"type":"Polygon","coordinates":[[[14.99,68.305],[15.22,68.469],[15.401,68.467],[15.221,68.498],[15.368,68.501],[15.207,68.576],[15.631,68.619],[15.462,68.664],[15.456,68.728],[15.716,68.695],[15.461,68.764],[15.676,68.815],[15.554,68.857],[15.618,68.954],[15.916,68.957],[15.959,68.889],[15.775,68.735],[16.014,68.782],[15.732,68.534],[15.993,68.675],[16.091,68.638],[16.029,68.686],[16.072,68.748],[16.277,68.742],[16.092,68.822],[16.349,68.835],[16.263,68.921],[16.598,68.84],[16.547,68.719],[16.613,68.67],[16.518,68.565],[16.097,68.556],[16.136,68.516],[16.009,68.411],[15.872,68.381],[15.896,68.464],[15.78,68.459],[15.837,68.407],[15.773,68.435],[15.627,68.305],[15.326,68.358],[15.576,68.508],[15.178,68.369],[15.258,68.36],[15.183,68.315],[14.99,68.305]]]}},{"type":"Feature","properties":{},"geometry":{"type":"Polygon","coordinates":[[[-83,21.465],[-83.193,21.628],[-83.032,21.54],[-82.959,21.598],[-83.094,21.783],[-82.998,21.938],[-82.691,21.885],[-82.529,21.572],[-82.839,21.444],[-83,21.465]]]}},{"type":"Feature","properties":{},"geometry":{"type":"Polygon","coordinates":[[[-165.001,60.357],[-165.145,60.451],[-164.973,60.54],[-165.271,60.492],[-165.423,60.556],[-164.98,60.712],[-165.046,60.788],[-164.868,60.842],[-164.947,60.926],[-164.267,60.792],[-164.202,60.679],[-164.526,60.549],[-164.434,60.491],[-164.576,60.461],[-164.561,60.388],[-164.705,60.294],[-165.001,60.357]]]}},{"type":"Feature","properties":{},"geometry":{"type":"Polygon","coordinates":[[[-6.902,57.95],[-7.114,57.989],[-6.938,58.051],[-7.05,58.036],[-7.136,58.124],[-7.009,58.185],[-7.049,58.233],[-6.913,58.218],[-6.867,58.122],[-6.888,58.26],[-6.709,58.186],[-6.806,58.304],[-6.253,58.515],[-6.181,58.467],[-6.163,58.343],[-6.376,58.225],[-6.159,58.216],[-6.39,58.213],[-6.369,58.132],[-6.581,58.09],[-6.376,58.09],[-6.438,58.049],[-6.388,58],[-6.581,58.004],[-6.454,57.994],[-6.468,57.938],[-6.659,57.922],[-6.668,58.05],[-6.756,58.005],[-6.664,57.882],[-6.799,57.897],[-6.736,57.827],[-6.968,57.727],[-7.133,57.837],[-6.816,57.902],[-6.902,57.95]]]}},{"type":"Feature","properties":{},"geometry":{"type":"Polygon","coordinates":[[[-50,-0.06],[-50.086,0.032],[-50.35,0.038],[-50.397,0.221],[-49.652,0.351],[-49.64,0.222],[-50,-0.06]]]}},{"type":"Feature","properties":{},"geometry":{"type":"Polygon","coordinates":[[[125,-8.36],[124.338,-8.423],[124.56,-8.224],[124.404,-8.281],[124.524,-8.122],[124.603,-8.125],[124.6,-8.2],[125.088,-8.149],[125.141,-8.32],[125,-8.36]]]}},{"type":"Feature","properties":{},"geometry":{"type":"Polygon","coordinates":[[[116.049,-4.002],[116.036,-3.487],[116.115,-3.308],[116.284,-3.215],[116.307,-3.912],[116.091,-4.088],[116.049,-4.002]]]}},{"type":"Feature","properties":{},"geometry":{"type":"Polygon","coordinates":[[[-73,-44.825],[-73.276,-44.931],[-73.401,-44.816],[-73.168,-44.808],[-73.272,-44.745],[-73.367,-44.801],[-73.464,-44.641],[-73.394,-44.563],[-73.36,-44.635],[-73.223,-44.636],[-73.278,-44.539],[-73.102,-44.575],[-73.255,-44.438],[-73.166,-44.401],[-73.101,-44.462],[-73.093,-44.379],[-72.984,-44.364],[-72.907,-44.439],[-72.993,-44.574],[-72.875,-44.429],[-72.692,-44.53],[-72.812,-44.647],[-72.975,-44.58],[-72.793,-44.676],[-73,-44.825]]]}},{"type":"Feature","properties":{},"geometry":{"type":"Polygon","coordinates":[[[59.98,80.399],[59.667,80.375],[59.357,80.476],[59.467,80.51],[59.352,80.547],[59.438,80.681],[59.672,80.791],[60.42,80.769],[61.55,80.866],[62.04,80.859],[62.222,80.769],[62.197,80.663],[62.032,80.578],[61.667,80.552],[61.597,80.503],[61.667,80.468],[61.293,80.384],[60.31,80.448],[59.98,80.399]]]}},{"type":"Feature","properties":{},"geometry":{"type":"Polygon","coordinates":[[[130.293,-2.007],[130.116,-2.06],[129.713,-1.88],[130.348,-1.671],[130.455,-1.832],[130.33,-1.921],[130.471,-2.012],[130.293,-2.007]]]}},{"type":"Feature","properties":{},"geometry":{"type":"Polygon","coordinates":[[[157.396,-8.001],[157.578,-8],[157.619,-8.233],[157.716,-8.203],[157.862,-8.392],[157.879,-8.58],[157.806,-8.542],[157.804,-8.635],[157.745,-8.493],[157.608,-8.472],[157.546,-8.255],[157.21,-8.318],[157.211,-8.193],[157.295,-8.178],[157.396,-8.001]]]}},{"type":"Feature","properties":{},"geometry":{"type":"Polygon","coordinates":[[[167.367,-16.001],[167.408,-16.111],[167.76,-16.344],[167.76,-16.473],[167.824,-16.473],[167.756,-16.554],[167.59,-16.496],[167.483,-16.596],[167.406,-16.537],[167.373,-16.193],[167.134,-16.09],[167.207,-15.89],[167.367,-16.001]]]}},{"type":"Feature","properties":{},"geometry":{"type":"Polygon","coordinates":[[[-16.692,27.999],[-16.913,28.359],[-16.51,28.419],[-16.324,28.578],[-16.133,28.58],[-16.357,28.377],[-16.422,28.145],[-16.542,28.023],[-16.692,27.999]]]}},{"type":"Feature","properties":{},"geometry":{"type":"Polygon","coordinates":[[[155.998,50.381],[155.795,50.19],[155.517,50.142],[155.405,50.005],[155.208,50.078],[155.261,50.211],[155.209,50.292],[155.652,50.38],[156.048,50.768],[156.159,50.742],[156.172,50.508],[155.998,50.381]]]}},{"type":"Feature","properties":{},"geometry":{"type":"Polygon","coordinates":[[[169,69.565],[167.795,69.8],[168.29,70.002],[169.445,69.86],[169.434,69.764],[169.286,69.755],[169.327,69.654],[169.248,69.575],[169,69.565]]]}},{"type":"Feature","properties":{},"geometry":{"type":"Polygon","coordinates":[[[-134.001,56.652],[-133.839,56.804],[-133.731,56.777],[-133.774,56.672],[-133.694,56.601],[-133.942,56.618],[-133.848,56.575],[-133.986,56.507],[-133.864,56.469],[-133.951,56.434],[-133.833,56.324],[-133.877,56.277],[-133.986,56.367],[-133.994,56.254],[-133.883,56.227],[-133.976,56.197],[-133.971,56.083],[-134.044,56.109],[-134.07,56.32],[-134.098,56.175],[-134.196,56.188],[-134.103,56.138],[-134.138,56.002],[-134.281,56.258],[-134.208,56.24],[-134.168,56.327],[-134.3,56.288],[-134.294,56.353],[-134.185,56.449],[-134.179,56.367],[-134.117,56.413],[-134.053,56.343],[-134.094,56.485],[-134.036,56.501],[-134.321,56.555],[-134.081,56.643],[-134.277,56.622],[-134.208,56.676],[-134.369,56.681],[-134.413,56.853],[-134.295,56.785],[-134.318,56.907],[-134.114,56.843],[-134.272,56.938],[-134.023,56.882],[-133.909,56.759],[-134.001,56.652]]]}},{"type":"Feature","properties":{},"geometry":{"type":"Polygon","coordinates":[[[71,73.11],[70.425,73.019],[69.946,73.059],[70.056,73.254],[70.035,73.395],[70.843,73.49],[71.272,73.43],[71.686,73.17],[71,73.11]]]}},{"type":"Feature","properties":{},"geometry":{"type":"Polygon","coordinates":[[[163.718,58.998],[164.583,59.239],[164.734,59.037],[164.637,58.87],[164.158,58.813],[163.586,58.576],[163.477,58.45],[163.402,58.552],[163.566,58.577],[163.909,58.989],[163.718,58.998]]]}},{"type":"Feature","properties":{},"geometry":{"type":"Polygon","coordinates":[[[8.42,3.356],[8.471,3.471],[8.577,3.471],[8.691,3.774],[8.919,3.746],[8.935,3.638],[8.678,3.209],[8.45,3.27],[8.42,3.356]]]}},{"type":"Feature","properties":{},"geometry":{"type":"Polygon","coordinates":[[[147,-2.202],[146.678,-2.126],[146.716,-2.191],[146.553,-2.255],[146.506,-2.156],[146.61,-2.117],[146.564,-1.998],[146.638,-1.97],[147.111,-1.975],[147.378,-2.074],[147.366,-1.973],[147.423,-2.08],[147.302,-2.06],[147.193,-2.205],[147,-2.202]]]}},{"type":"Feature","properties":{},"geometry":{"type":"Polygon","coordinates":[[[-156.001,20.698],[-156.416,20.586],[-156.467,20.784],[-156.628,20.813],[-156.684,20.981],[-156.591,21.033],[-156.477,20.899],[-156.243,20.941],[-156.003,20.797],[-156.001,20.698]]]}},{"type":"Feature","properties":{},"geometry":{"type":"Polygon","coordinates":[[[111.99,74.359],[112.124,74.444],[112.024,74.449],[112.058,74.553],[113.183,74.505],[113.499,74.392],[112.858,74.078],[111.605,74.266],[111.524,74.305],[111.59,74.355],[111.99,74.359]]]}},{"type":"Feature","properties":{},"geometry":{"type":"Polygon","coordinates":[[[-152.872,57.998],[-153.223,58.164],[-153.174,58.218],[-152.851,58.156],[-153.107,58.259],[-152.719,58.262],[-152.809,58.338],[-152.724,58.343],[-152.882,58.412],[-152.493,58.466],[-152.536,58.41],[-152.423,58.302],[-152.357,58.425],[-152.237,58.341],[-152.127,58.399],[-152.138,58.217],[-152.082,58.309],[-151.982,58.352],[-151.958,58.298],[-152.083,58.152],[-152.324,58.247],[-152.286,58.178],[-152.369,58.191],[-152.271,58.126],[-152.342,58.101],[-152.547,58.084],[-152.572,58.218],[-152.624,58.077],[-152.8,58.079],[-152.758,58.012],[-152.872,57.998]]]}},{"type":"Feature","properties":{},"geometry":{"type":"Polygon","coordinates":[[[137.999,54.854],[137.989,54.771],[137.71,54.615],[137.485,54.869],[137.236,54.762],[137.633,55.196],[138.227,55.035],[137.992,54.915],[137.999,54.854]]]}},{"type":"Feature","properties":{},"geometry":{"type":"Polygon","coordinates":[[[57.541,-20.001],[57.67,-20.012],[57.781,-20.293],[57.667,-20.48],[57.405,-20.515],[57.296,-20.463],[57.541,-20.001]]]}},{"type":"Feature","properties":{},"geometry":{"type":"Polygon","coordinates":[[[127.283,-0.478],[127.317,-0.331],[127.447,-0.425],[127.565,-0.32],[127.69,-0.464],[127.592,-0.629],[127.9,-0.796],[127.761,-0.883],[127.627,-0.749],[127.468,-0.835],[127.472,-0.64],[127.283,-0.478]]]}},{"type":"Feature","properties":{},"geometry":{"type":"Polygon","coordinates":[[[-80,55.899],[-79.539,56.267],[-79.451,56.561],[-79.411,56.442],[-79.645,56.086],[-79.407,56.211],[-79.253,56.631],[-79.262,56.554],[-78.922,56.428],[-78.955,56.292],[-78.88,56.307],[-78.96,56.284],[-79.205,55.86],[-78.94,56.392],[-79.082,56.313],[-79.099,56.17],[-79.033,56.223],[-79.281,55.85],[-79.132,56.239],[-79.493,55.859],[-79.615,55.909],[-79.779,55.776],[-79.467,56.095],[-79.511,56.133],[-79.86,55.828],[-79.91,55.851],[-79.855,55.919],[-80,55.899]]]}},{"type":"Feature","properties":{},"geometry":{"type":"Polygon","coordinates":[[[126.161,33.291],[126.313,33.47],[126.644,33.555],[126.817,33.562],[126.946,33.457],[126.836,33.31],[126.603,33.238],[126.271,33.195],[126.161,33.291]]]}},{"type":"Feature","properties":{},"geometry":{"type":"Polygon","coordinates":[[[-169.003,52.861],[-169.119,52.822],[-168.865,52.942],[-168.759,53.062],[-168.797,53.158],[-168.694,53.229],[-168.35,53.26],[-168.439,53.331],[-168.345,53.481],[-168.084,53.565],[-167.794,53.521],[-167.86,53.374],[-168.276,53.24],[-168.462,53.052],[-168.785,52.949],[-168.756,52.907],[-169.003,52.861]]]}},{"type":"Feature","properties":{},"geometry":{"type":"Polygon","coordinates":[[[-24.02,72.907],[-24.528,72.889],[-24.569,72.982],[-23.303,73.061],[-22.485,73.01],[-21.906,72.921],[-22.189,72.812],[-21.864,72.719],[-22.605,72.685],[-22.962,72.845],[-24.02,72.907]]]}},{"type":"Feature","properties":{},"geometry":{"type":"Polygon","coordinates":[[[62.99,80.685],[62.583,80.791],[62.672,80.838],[63.33,80.958],[64.082,80.965],[64.182,81.009],[64.102,81.072],[64.167,81.137],[64.395,81.183],[65.005,81.173],[65.387,81.019],[65.182,80.977],[65.377,80.923],[65.207,80.84],[64.577,80.707],[63.435,80.618],[62.99,80.685]]]}},{"type":"Feature","properties":{},"geometry":{"type":"Polygon","coordinates":[[[95.999,2.788],[96.127,2.742],[96.105,2.64],[96.189,2.622],[96.171,2.677],[96.383,2.461],[96.4,2.518],[96.45,2.48],[96.495,2.369],[96.318,2.357],[96.08,2.569],[95.796,2.632],[95.691,2.775],[95.791,2.833],[95.786,2.928],[95.999,2.788]]]}},{"type":"Feature","properties":{},"geometry":{"type":"Polygon","coordinates":[[[-73.806,67.996],[-73.404,67.977],[-73.372,67.786],[-74.287,67.762],[-74.581,67.817],[-74.786,68.002],[-74.72,68.08],[-74.441,68.065],[-74.351,68.187],[-74.208,68.144],[-74.257,68.064],[-73.806,67.996]]]}},{"type":"Feature","properties":{},"geometry":{"type":"Polygon","coordinates":[[[-172.835,-13.519],[-172.373,-13.439],[-172.186,-13.67],[-172.247,-13.805],[-172.557,-13.803],[-172.835,-13.519]]]}},{"type":"Feature","properties":{},"geometry":{"type":"Polygon","coordinates":[[[130.011,-11.78],[130.068,-11.67],[130.294,-11.725],[130.184,-11.641],[130.188,-11.516],[130.256,-11.525],[130.14,-11.477],[130.333,-11.317],[130.4,-11.443],[130.347,-11.562],[130.409,-11.544],[130.355,-11.583],[130.461,-11.575],[130.433,-11.739],[130.485,-11.671],[130.637,-11.756],[130.602,-11.832],[130.011,-11.78]]]}},{"type":"Feature","properties":{},"geometry":{"type":"Polygon","coordinates":[[[167.999,-47.118],[167.827,-47.194],[167.703,-47.153],[167.557,-47.235],[167.648,-47.266],[167.456,-47.282],[167.566,-47.091],[167.716,-47.047],[167.671,-46.976],[167.771,-46.908],[167.705,-46.753],[167.789,-46.684],[167.981,-46.719],[168.165,-46.894],[167.998,-46.868],[167.919,-46.968],[168.007,-46.922],[168.14,-46.991],[168.203,-46.924],[168.231,-47.017],[168.156,-47.069],[168.223,-47.099],[167.999,-47.118]]]}},{"type":"Feature","properties":{},"geometry":{"type":"Polygon","coordinates":[[[93,79.688],[91.713,79.625],[91.25,79.685],[91.18,79.737],[91.947,79.679],[92.325,79.752],[91.156,79.834],[91.085,79.862],[91.328,79.909],[91.088,79.953],[91.272,80.005],[90.975,80.063],[92.945,80.03],[93.793,79.921],[93.685,79.828],[93,79.688]]]}},{"type":"Feature","properties":{},"geometry":{"type":"Polygon","coordinates":[[[-6,57.278],[-5.648,57.251],[-6.017,57.02],[-5.998,57.125],[-5.839,57.188],[-6.322,57.161],[-6.284,57.202],[-6.386,57.216],[-6.342,57.252],[-6.481,57.292],[-6.309,57.301],[-6.399,57.36],[-6.489,57.403],[-6.577,57.333],[-6.789,57.422],[-6.72,57.514],[-6.582,57.424],[-6.638,57.608],[-6.313,57.457],[-6.427,57.646],[-6.298,57.708],[-6.136,57.589],[-6.199,57.393],[-6,57.278]]]}},{"type":"Feature","properties":{},"geometry":{"type":"Polygon","coordinates":[[[152.999,-25.435],[153.05,-25.243],[152.989,-25.222],[153.228,-24.918],[153.115,-24.813],[153.266,-24.697],[153.265,-24.88],[153.358,-25.01],[153.111,-25.548],[153.089,-25.759],[153.033,-25.79],[152.944,-25.587],[152.999,-25.435]]]}},{"type":"Feature","properties":{},"geometry":{"type":"Polygon","coordinates":[[[-14.004,28.207],[-14.213,28.162],[-14.327,28.042],[-14.504,28.064],[-14.217,28.215],[-14.014,28.709],[-13.885,28.755],[-13.82,28.623],[-13.846,28.397],[-14.004,28.207]]]}},{"type":"Feature","properties":{},"geometry":{"type":"Polygon","coordinates":[[[26.287,39],[26.084,39.076],[26.283,39.194],[26.17,39.195],[26.066,39.086],[25.843,39.174],[25.856,39.255],[26.368,39.378],[26.616,39.018],[26.54,39.011],[26.477,39.118],[26.528,38.975],[26.287,39]]]}},{"type":"Feature","properties":{},"geometry":{"type":"Polygon","coordinates":[[[108.356,3.999],[108.389,3.802],[108.301,3.665],[108.157,3.638],[108.093,3.699],[108.19,3.791],[108.275,3.719],[108.235,3.819],[108.064,3.842],[107.965,4.015],[108.222,4.24],[108.356,3.999]]]}},{"type":"Feature","properties":{},"geometry":{"type":"Polygon","coordinates":[[[130.999,-1.289],[130.964,-1.363],[130.856,-1.35],[130.639,-0.966],[131.033,-0.917],[131.086,-1.016],[130.999,-1.289]]]}},{"type":"Feature","properties":{},"geometry":{"type":"Polygon","coordinates":[[[102.745,0.998],[102.694,0.944],[102.766,1.015],[103.046,0.824],[103.027,0.687],[102.861,0.79],[102.576,0.765],[102.406,0.861],[102.505,0.945],[102.483,1.143],[102.636,0.973],[102.745,0.998]]]}},{"type":"Feature","properties":{},"geometry":{"type":"Polygon","coordinates":[[[18,69.45],[17.901,69.423],[18.063,69.44],[18.092,69.359],[17.876,69.316],[17.962,69.249],[17.852,69.229],[17.987,69.183],[17.478,69.148],[17.537,69.194],[17.468,69.203],[17.145,69.012],[17.026,69.038],[17.158,69.083],[16.783,69.056],[16.812,69.124],[17.207,69.197],[16.887,69.2],[17.176,69.287],[16.896,69.313],[17.184,69.351],[16.867,69.378],[17.212,69.418],[17.395,69.362],[17.289,69.422],[17.491,69.428],[17.197,69.498],[17.342,69.455],[17.399,69.484],[17.307,69.541],[17.677,69.467],[17.477,69.6],[17.67,69.482],[17.62,69.599],[17.78,69.532],[17.88,69.579],[17.918,69.518],[17.814,69.456],[17.962,69.521],[18.067,69.49],[18,69.45]]]}},{"type":"Feature","properties":{},"geometry":{"type":"Polygon","coordinates":[[[-158,21.314],[-158.112,21.3],[-158.283,21.577],[-158.12,21.583],[-157.984,21.715],[-157.842,21.464],[-157.723,21.462],[-157.649,21.311],[-157.814,21.256],[-157.966,21.389],[-158,21.314]]]}},{"type":"Feature","properties":{},"geometry":{"type":"Polygon","coordinates":[[[39.38,-6.001],[39.407,-6.198],[39.506,-6.201],[39.492,-6.125],[39.534,-6.189],[39.578,-6.392],[39.511,-6.48],[39.416,-6.303],[39.406,-6.394],[39.182,-6.164],[39.181,-5.913],[39.274,-5.866],[39.294,-5.725],[39.38,-6.001]]]}},{"type":"Feature","properties":{},"geometry":{"type":"Polygon","coordinates":[[[-118,75.722],[-118.568,75.502],[-119.409,75.609],[-118.71,75.891],[-117.66,76.128],[-117.446,76.097],[-117.477,76.048],[-118,75.722]]]}},{"type":"Feature","properties":{},"geometry":{"type":"Polygon","coordinates":[[[-73.147,20.998],[-73.65,20.912],[-73.704,21.018],[-73.668,21.114],[-73.391,21.235],[-73.311,21.145],[-73.17,21.165],[-73.018,21.339],[-73.147,20.998]]]}},{"type":"Feature","properties":{},"geometry":{"type":"Polygon","coordinates":[[[-15.371,27.998],[-15.383,27.858],[-15.575,27.732],[-15.829,27.909],[-15.683,28.168],[-15.407,28.175],[-15.371,27.998]]]}},{"type":"Feature","properties":{},"geometry":{"type":"Polygon","coordinates":[[[-70.871,-54.001],[-70.904,-53.883],[-70.778,-53.827],[-70.611,-53.875],[-70.709,-53.704],[-70.455,-53.568],[-70.439,-53.882],[-70.316,-54.02],[-70.4,-54.065],[-70.658,-53.967],[-70.511,-54.156],[-70.201,-54.242],[-70.683,-54.194],[-70.841,-54.119],[-70.788,-54.102],[-70.878,-54.075],[-70.871,-54.001]]]}},{"type":"Feature","properties":{},"geometry":{"type":"Polygon","coordinates":[[[-22.004,74.257],[-21.859,74.363],[-21.252,74.46],[-20.53,74.406],[-20.414,74.273],[-20.1,74.213],[-21.28,74.085],[-22.004,74.257]]]}},{"type":"Feature","properties":{},"geometry":{"type":"Polygon","coordinates":[[[101.769,2],[101.709,1.752],[101.61,1.694],[101.451,1.732],[101.413,2.048],[101.573,2.04],[101.656,2.132],[101.769,2]]]}},{"type":"Feature","properties":{},"geometry":{"type":"Polygon","coordinates":[[[145.652,43.999],[146.127,44.509],[146.334,44.42],[146.579,44.457],[146.517,44.367],[145.936,44.147],[145.781,43.932],[145.585,43.864],[145.537,43.657],[145.555,43.727],[145.432,43.718],[145.397,43.832],[145.652,43.999]]]}},{"type":"Feature","properties":{},"geometry":{"type":"Polygon","coordinates":[[[92.694,12.604],[92.793,12.635],[92.73,12.822],[92.929,12.91],[92.979,12.488],[92.922,12.402],[92.81,12.457],[92.889,12.315],[92.708,12.323],[92.694,12.604]]]}},{"type":"Feature","properties":{},"geometry":{"type":"Polygon","coordinates":[[[-130,53.635],[-130.214,53.731],[-130.172,53.817],[-130.292,53.827],[-130.208,53.913],[-130.113,53.884],[-129.336,53.367],[-129.334,53.303],[-129.462,53.375],[-129.469,53.293],[-129.538,53.293],[-129.503,53.209],[-129.602,53.219],[-129.693,53.307],[-129.576,53.319],[-129.834,53.388],[-129.798,53.451],[-129.918,53.464],[-129.879,53.542],[-129.953,53.552],[-129.891,53.582],[-130.064,53.6],[-130,53.635]]]}},{"type":"Feature","properties":{},"geometry":{"type":"Polygon","coordinates":[[[-48.468,82.637],[-46.936,82.668],[-45.282,82.393],[-45.948,82.221],[-45.565,82.098],[-45.896,82.064],[-46.157,82.172],[-47.673,82.377],[-48.468,82.637]]]}},{"type":"Feature","properties":{},"geometry":{"type":"Polygon","coordinates":[[[124.28,13.999],[124.413,13.868],[124.414,13.666],[124.343,13.55],[124.262,13.595],[124.19,13.52],[124.021,13.665],[124.135,13.798],[124.125,14.064],[124.205,14.105],[124.28,13.999]]]}},{"type":"Feature","properties":{},"geometry":{"type":"Polygon","coordinates":[[[-61.599,15.999],[-61.695,15.95],[-61.742,16.012],[-61.799,16.319],[-61.738,16.367],[-61.547,16.283],[-61.461,16.519],[-61.373,16.345],[-61.168,16.249],[-61.578,16.24],[-61.599,15.999]]]}},{"type":"Feature","properties":{},"geometry":{"type":"Polygon","coordinates":[[[55.997,26.732],[55.27,26.567],[55.265,26.659],[55.787,26.787],[55.752,26.953],[55.876,26.898],[56.152,26.999],[56.278,26.963],[55.997,26.732]]]}},{"type":"Feature","properties":{},"geometry":{"type":"Polygon","coordinates":[[[-159.772,21.997],[-159.725,22.152],[-159.583,22.227],[-159.403,22.239],[-159.296,22.149],[-159.332,21.96],[-159.446,21.869],[-159.772,21.997]]]}},{"type":"Feature","properties":{},"geometry":{"type":"Polygon","coordinates":[[[150,45.821],[149.525,45.571],[149.392,45.578],[149.641,45.832],[150.182,46.105],[150.218,46.19],[150.572,46.23],[150,45.821]]]}},{"type":"Feature","properties":{},"geometry":{"type":"Polygon","coordinates":[[[27.915,35.998],[27.751,35.877],[27.76,36.097],[27.685,36.157],[28.223,36.46],[28.088,36.053],[27.915,35.998]]]}},{"type":"Feature","properties":{},"geometry":{"type":"Polygon","coordinates":[[[-90,77.545],[-89.733,77.466],[-89.649,77.312],[-90.35,77.198],[-91.164,77.367],[-91.249,77.571],[-90.876,77.661],[-90,77.545]]]}},{"type":"Feature","properties":{},"geometry":{"type":"Polygon","coordinates":[[[16.791,56.999],[16.957,57.289],[17.068,57.366],[17.154,57.308],[17.061,57.28],[17.076,57.178],[16.909,57.04],[16.869,56.846],[16.397,56.195],[16.396,56.603],[16.791,56.999]]]}},{"type":"Feature","properties":{},"geometry":{"type":"Polygon","coordinates":[[[-78,63.112],[-78.54,63.431],[-78.177,63.488],[-77.646,63.421],[-77.699,63.407],[-77.527,63.31],[-77.494,63.238],[-77.565,63.2],[-77.503,63.196],[-78,63.112]]]}},{"type":"Feature","properties":{},"geometry":{"type":"Polygon","coordinates":[[[-74.001,-53.121],[-74.183,-53.116],[-74.242,-53.04],[-74.234,-53.129],[-74.333,-53.117],[-74.341,-53.021],[-74.382,-53.077],[-74.446,-53.008],[-74.384,-52.991],[-74.584,-52.928],[-74.631,-52.859],[-74.561,-52.838],[-74.693,-52.818],[-74.721,-52.747],[-74.66,-52.732],[-74.411,-52.852],[-74.478,-52.835],[-74.411,-52.86],[-74.453,-52.89],[-74.348,-52.872],[-74.399,-52.932],[-74.315,-52.984],[-74.313,-52.91],[-74.183,-53.001],[-74.088,-52.993],[-74.127,-52.945],[-73.938,-53.064],[-73.737,-53.076],[-73.628,-53.184],[-73.598,-53.086],[-73.533,-53.281],[-73.433,-53.25],[-73.508,-53.221],[-73.473,-53.149],[-73.306,-53.253],[-73.373,-53.286],[-73.087,-53.355],[-73.597,-53.347],[-73.482,-53.314],[-73.604,-53.281],[-73.606,-53.197],[-73.765,-53.188],[-73.785,-53.11],[-73.777,-53.185],[-73.872,-53.068],[-74.096,-53.07],[-74.001,-53.121]]]}},{"type":"Feature","properties":{},"geometry":{"type":"Polygon","coordinates":[[[148,-40.107],[147.855,-40.022],[147.874,-39.913],[147.748,-39.877],[147.938,-39.72],[148.175,-39.959],[148.298,-39.962],[148.21,-40.126],[148.288,-40.079],[148.33,-40.202],[148.264,-40.164],[148.335,-40.211],[148.088,-40.271],[148,-40.107]]]}},{"type":"Feature","properties":{},"geometry":{"type":"Polygon","coordinates":[[[92.83,12.999],[92.852,13.4],[93.038,13.575],[93.015,13.428],[93.096,13.328],[92.963,13.337],[93.073,13.263],[93.041,13.057],[92.97,13.007],[92.895,13.087],[92.947,12.967],[92.874,12.88],[92.805,12.909],[92.83,12.999]]]}},{"type":"Feature","properties":{},"geometry":{"type":"Polygon","coordinates":[[[150.423,-9.382],[150.488,-9.33],[150.664,-9.434],[150.782,-9.406],[150.936,-9.671],[150.843,-9.725],[150.846,-9.66],[150.45,-9.643],[150.522,-9.532],[150.423,-9.382]]]}},{"type":"Feature","properties":{},"geometry":{"type":"Polygon","coordinates":[[[-105,77.408],[-104.74,77.418],[-104.433,77.318],[-104.469,77.282],[-104.34,77.238],[-104.445,77.142],[-104.839,77.12],[-105.433,77.222],[-105.297,77.227],[-105.755,77.467],[-105.638,77.518],[-105.861,77.549],[-105.824,77.623],[-106.107,77.732],[-105.639,77.745],[-105.197,77.631],[-104.951,77.497],[-105.034,77.466],[-105,77.408]]]}},{"type":"Feature","properties":{},"geometry":{"type":"Polygon","coordinates":[[[20.997,78.205],[20.538,78.32],[20.685,78.327],[20.595,78.433],[20.158,78.48],[21.027,78.55],[21.19,78.634],[21.942,78.578],[22.202,78.367],[22.033,78.255],[20.997,78.205]]]}},{"type":"Feature","properties":{},"geometry":{"type":"Polygon","coordinates":[[[-75.59,-48.107],[-75.327,-48.031],[-75.404,-48.107],[-75.29,-48.094],[-75.357,-48.178],[-75.261,-48.142],[-75.309,-48.228],[-75.14,-48.388],[-75.215,-48.446],[-75.134,-48.397],[-75.076,-48.492],[-75.16,-48.488],[-75.071,-48.503],[-75.057,-48.618],[-75.23,-48.712],[-75.177,-48.628],[-75.284,-48.605],[-75.31,-48.492],[-75.22,-48.419],[-75.327,-48.411],[-75.276,-48.336],[-75.545,-48.431],[-75.363,-48.288],[-75.561,-48.339],[-75.394,-48.197],[-75.52,-48.25],[-75.59,-48.107]]]}},{"type":"Feature","properties":{},"geometry":{"type":"Polygon","coordinates":[[[92.772,11.998],[92.764,11.699],[92.672,11.647],[92.763,11.658],[92.717,11.473],[92.521,11.843],[92.572,11.94],[92.615,11.847],[92.703,12.24],[92.772,11.998]]]}},{"type":"Feature","properties":{},"geometry":{"type":"Polygon","coordinates":[[[-77.526,24],[-77.53,23.797],[-77.568,23.877],[-77.648,23.801],[-77.711,23.837],[-77.655,23.865],[-77.805,23.883],[-77.757,23.946],[-77.824,23.943],[-77.92,24.138],[-77.675,24.298],[-77.633,24.206],[-77.767,24.149],[-77.667,24.127],[-77.801,24.045],[-77.698,24.033],[-77.599,24.21],[-77.526,24]]]}},{"type":"Feature","properties":{},"geometry":{"type":"Polygon","coordinates":[[[-71,-54.303],[-71.146,-54.304],[-71.061,-54.355],[-71.159,-54.392],[-71.35,-54.32],[-71.198,-54.288],[-71.203,-54.213],[-71.324,-54.264],[-71.451,-54.206],[-71.395,-54.113],[-71.518,-54.13],[-71.448,-54.162],[-71.518,-54.286],[-71.598,-54.222],[-71.52,-54.184],[-71.62,-54.25],[-71.703,-54.152],[-71.563,-54.085],[-71.649,-54.016],[-71.608,-53.943],[-71.497,-54.002],[-71.439,-53.947],[-71.397,-54.092],[-71.391,-53.974],[-71.266,-54.001],[-71.236,-54.089],[-71.296,-54.11],[-71.209,-54.118],[-71.21,-54.184],[-71.162,-54.085],[-71.12,-54.164],[-71.094,-54.068],[-70.996,-54.088],[-71.071,-54.205],[-70.964,-54.167],[-71,-54.303]]]}},{"type":"Feature","properties":{},"geometry":{"type":"Polygon","coordinates":[[[123.206,-8.532],[123.467,-8.346],[123.345,-8.308],[123.408,-8.256],[123.56,-8.247],[123.496,-8.361],[123.555,-8.374],[123.635,-8.296],[123.607,-8.223],[123.691,-8.261],[123.788,-8.174],[123.925,-8.248],[123.624,-8.41],[123.55,-8.577],[123.206,-8.532]]]}},{"type":"Feature","properties":{},"geometry":{"type":"Polygon","coordinates":[[[11.007,54.761],[10.998,54.822],[11.127,54.832],[11.016,54.892],[11.175,54.96],[11.618,54.811],[11.561,54.849],[11.634,54.902],[11.746,54.874],[11.867,54.737],[11.808,54.64],[11.007,54.761]]]}},{"type":"Feature","properties":{},"geometry":{"type":"Polygon","coordinates":[[[-18.785,74.998],[-18.918,75.018],[-18.835,75.221],[-18.948,75.336],[-18.517,75.381],[-18.3,75.276],[-18.05,75.432],[-17.825,75.313],[-18.215,75.221],[-18.042,75.242],[-18.038,75.167],[-17.793,75.086],[-17.342,75.136],[-17.405,75.083],[-17.365,75.026],[-17.622,74.932],[-17.627,74.997],[-17.897,75.034],[-18.785,74.998]]]}},{"type":"Feature","properties":{},"geometry":{"type":"Polygon","coordinates":[[[121.999,6.744],[122.326,6.617],[122.214,6.584],[122.188,6.46],[121.956,6.41],[121.794,6.633],[121.999,6.744]]]}},{"type":"Feature","properties":{},"geometry":{"type":"Polygon","coordinates":[[[-72,-54.222],[-72.131,-54.154],[-72.006,-54.137],[-72.153,-54.132],[-72.055,-54.105],[-72.122,-54.04],[-72.182,-54.109],[-72.253,-54.075],[-72.283,-53.918],[-72.053,-53.99],[-72.111,-53.934],[-72.012,-53.97],[-72.032,-53.896],[-71.9,-53.842],[-71.809,-53.925],[-71.84,-53.983],[-71.777,-53.885],[-71.648,-53.922],[-71.781,-54.012],[-71.678,-54.003],[-71.733,-54.095],[-71.616,-54.092],[-71.748,-54.173],[-71.943,-54.04],[-71.724,-54.238],[-71.894,-54.289],[-71.798,-54.345],[-71.969,-54.334],[-71.874,-54.237],[-72,-54.222]]]}},{"type":"Feature","properties":{},"geometry":{"type":"Polygon","coordinates":[[[123,-10.856],[122.844,-10.939],[122.819,-10.778],[123.046,-10.724],[123.365,-10.44],[123.42,-10.472],[123.339,-10.59],[123.42,-10.614],[123.405,-10.686],[123.247,-10.739],[123.22,-10.828],[123,-10.856]]]}},{"type":"Feature","properties":{},"geometry":{"type":"Polygon","coordinates":[[[150,-2.511],[149.949,-2.46],[150.195,-2.36],[150.441,-2.481],[150.452,-2.648],[150.171,-2.684],[150,-2.511]]]}},{"type":"Feature","properties":{},"geometry":{"type":"Polygon","coordinates":[[[166.385,54.999],[166.654,54.87],[166.663,54.695],[166.554,54.735],[166.501,54.828],[166.352,54.826],[166.144,54.961],[165.951,55.222],[165.724,55.288],[165.94,55.36],[166.253,55.318],[166.223,55.21],[166.385,54.999]]]}},{"type":"Feature","properties":{},"geometry":{"type":"Polygon","coordinates":[[[125.998,-1.794],[126.351,-1.813],[125.92,-1.937],[125.418,-1.954],[125.435,-1.89],[125.325,-1.833],[125.401,-1.776],[125.998,-1.794]]]}},{"type":"Feature","properties":{},"geometry":{"type":"Polygon","coordinates":[[[-112.505,28.999],[-112.464,29.188],[-112.274,29.243],[-112.191,28.975],[-112.257,28.765],[-112.587,28.874],[-112.505,28.999]]]}},{"type":"Feature","properties":{},"geometry":{"type":"Polygon","coordinates":[[[104.448,1],[104.467,1.064],[104.262,0.999],[104.221,1.093],[104.32,1.186],[104.59,1.232],[104.666,1.038],[104.614,0.829],[104.476,0.85],[104.448,1]]]}},{"type":"Feature","properties":{},"geometry":{"type":"Polygon","coordinates":[[[127.998,26.51],[127.832,26.429],[127.925,26.301],[127.812,26.298],[127.758,26.205],[127.831,26.166],[127.66,26.08],[127.636,26.198],[127.761,26.308],[127.713,26.441],[127.985,26.577],[127.876,26.712],[128.007,26.631],[128.128,26.658],[128.247,26.867],[128.311,26.843],[128.277,26.675],[127.998,26.51]]]}},{"type":"Feature","properties":{},"geometry":{"type":"Polygon","coordinates":[[[-77.404,25.997],[-77.192,26.149],[-77.261,26.204],[-77.2,26.264],[-77.256,26.317],[-77.159,26.356],[-77.242,26.401],[-77.173,26.426],[-77.228,26.531],[-77.13,26.542],[-77.344,26.609],[-77.328,26.678],[-77.423,26.687],[-77.588,26.923],[-77.265,26.621],[-77.022,26.556],[-77.012,26.291],[-77.18,26.205],[-77.181,25.856],[-77.294,25.99],[-77.404,25.997]]]}},{"type":"Feature","properties":{},"geometry":{"type":"Polygon","coordinates":[[[-86.84,67.996],[-86.974,68.1],[-86.648,68.302],[-86.409,68.204],[-86.342,67.95],[-86.429,67.79],[-86.668,67.73],[-86.887,67.83],[-86.942,67.933],[-86.84,67.996]]]}},{"type":"Feature","properties":{},"geometry":{"type":"Polygon","coordinates":[[[-104,75.052],[-104.433,75.034],[-104.912,75.127],[-104.497,75.415],[-104.219,75.445],[-103.802,75.366],[-103.753,75.233],[-103.584,75.167],[-104,75.052]]]}},{"type":"Feature","properties":{},"geometry":{"type":"Polygon","coordinates":[[[167.382,-21.003],[167.464,-21.057],[167.392,-21.181],[167.137,-21.074],[167.013,-20.916],[167.124,-20.907],[167.183,-20.808],[167.044,-20.727],[167.303,-20.724],[167.26,-20.905],[167.382,-21.003]]]}},{"type":"Feature","properties":{},"geometry":{"type":"Polygon","coordinates":[[[-171.792,-14.039],[-172.096,-13.867],[-171.852,-13.79],[-171.599,-13.88],[-171.453,-14.052],[-171.792,-14.039]]]}},{"type":"Feature","properties":{},"geometry":{"type":"Polygon","coordinates":[[[-61.003,14.549],[-61.158,14.645],[-61.212,14.86],[-61.036,14.828],[-60.965,14.734],[-60.879,14.774],[-60.948,14.666],[-60.816,14.456],[-60.876,14.391],[-60.873,14.466],[-61.062,14.45],[-61.094,14.531],[-61.003,14.549]]]}},{"type":"Feature","properties":{},"geometry":{"type":"Polygon","coordinates":[[[102.281,0.995],[102.212,1.422],[102.487,1.238],[102.481,0.945],[102.383,0.915],[102.281,0.995]]]}},{"type":"Feature","properties":{},"geometry":{"type":"Polygon","coordinates":[[[-104.01,76.068],[-104.462,76.124],[-104.284,76.231],[-102.747,76.32],[-102.51,76.216],[-102.668,76.117],[-103.365,76.039],[-104.01,76.068]]]}},{"type":"Feature","properties":{},"geometry":{"type":"Polygon","coordinates":[[[-79.289,68.998],[-79.211,69.095],[-78.939,69.112],[-78.75,69.273],[-78.601,69.268],[-78.718,69.346],[-78.601,69.384],[-78.284,69.379],[-78.212,69.295],[-78.355,69.205],[-78.468,69.23],[-78.814,68.915],[-79.254,68.838],[-79.416,68.923],[-79.289,68.998]]]}},{"type":"Feature","properties":{},"geometry":{"type":"Polygon","coordinates":[[[-75,-50.099],[-74.921,-50.105],[-75.069,-50.197],[-74.92,-50.111],[-74.941,-50.175],[-74.843,-50.182],[-74.84,-50.108],[-74.758,-50.153],[-74.871,-50.195],[-74.806,-50.226],[-74.945,-50.21],[-75.222,-50.458],[-75.33,-50.44],[-75.181,-50.298],[-75.441,-50.38],[-75.394,-50.168],[-75.235,-50.179],[-75.339,-50.211],[-75.193,-50.27],[-75.087,-50.166],[-75.314,-50.131],[-75.389,-50.035],[-75.128,-50.024],[-75.117,-50.103],[-75,-50.099]]]}},{"type":"Feature","properties":{},"geometry":{"type":"Polygon","coordinates":[[[144.131,-40.001],[143.935,-40.16],[143.882,-40.118],[143.846,-39.715],[143.949,-39.58],[144.113,-39.672],[144.131,-40.001]]]}},{"type":"Feature","properties":{},"geometry":{"type":"Polygon","coordinates":[[[76.997,72.374],[77.627,72.605],[78.344,72.483],[77.803,72.285],[76.96,72.266],[76.851,72.299],[76.997,72.374]]]}},{"type":"Feature","properties":{},"geometry":{"type":"Polygon","coordinates":[[[44.975,80.587],[46.925,80.746],[47.415,80.858],[48.47,80.799],[48.587,80.749],[48.442,80.733],[48.758,80.656],[48.135,80.65],[47.625,80.77],[47.447,80.736],[47.578,80.677],[47.282,80.686],[47.403,80.587],[46.575,80.542],[46.23,80.442],[46.008,80.457],[46.065,80.555],[45.565,80.508],[44.975,80.587]]]}},{"type":"Feature","properties":{},"geometry":{"type":"Polygon","coordinates":[[[-175.005,52.029],[-175.263,52.046],[-174.625,52.09],[-174.484,52.13],[-174.562,52.181],[-174.283,52.21],[-174.29,52.336],[-174.458,52.311],[-174.272,52.404],[-174.006,52.361],[-174.061,52.227],[-174.201,52.219],[-174.1,52.1],[-175.005,52.029]]]}},{"type":"Feature","properties":{},"geometry":{"type":"Polygon","coordinates":[[[-104.026,76.67],[-103.915,76.641],[-104.022,76.581],[-103.814,76.625],[-102.992,76.449],[-103.514,76.314],[-104.383,76.335],[-104.039,76.355],[-104.468,76.394],[-104.365,76.456],[-104.571,76.485],[-104.518,76.503],[-104.662,76.601],[-104.026,76.67]]]}},{"type":"Feature","properties":{},"geometry":{"type":"Polygon","coordinates":[[[-75,-48.58],[-75.015,-48.499],[-74.839,-48.395],[-74.753,-48.559],[-74.702,-48.461],[-74.815,-48.299],[-74.722,-48.137],[-74.712,-48.278],[-74.675,-48.232],[-74.58,-48.394],[-74.688,-48.429],[-74.595,-48.483],[-74.6,-48.602],[-74.517,-48.644],[-74.509,-48.574],[-74.47,-48.652],[-74.6,-48.711],[-75,-48.58]]]}},{"type":"Feature","properties":{},"geometry":{"type":"Polygon","coordinates":[[[-130,53.213],[-130.402,53.452],[-130.436,53.499],[-130.344,53.512],[-130.578,53.607],[-130.468,53.639],[-129.934,53.416],[-129.764,53.165],[-130,53.213]]]}},{"type":"Feature","properties":{},"geometry":{"type":"Polygon","coordinates":[[[-149.622,-17.575],[-149.496,-17.493],[-149.341,-17.545],[-149.306,-17.721],[-149.161,-17.745],[-149.14,-17.867],[-149.27,-17.85],[-149.325,-17.729],[-149.577,-17.743],[-149.622,-17.575]]]}},{"type":"Feature","properties":{},"geometry":{"type":"Polygon","coordinates":[[[121.149,31.785],[121.351,31.842],[121.874,31.56],[121.88,31.493],[121.597,31.521],[121.149,31.785]]]}},{"type":"Feature","properties":{},"geometry":{"type":"Polygon","coordinates":[[[-65,61.4],[-65.479,61.616],[-65.205,61.685],[-64.708,61.656],[-64.779,61.612],[-64.623,61.593],[-64.779,61.49],[-64.658,61.507],[-64.748,61.453],[-64.696,61.422],[-64.835,61.308],[-64.949,61.342],[-64.901,61.403],[-65,61.4]]]}},{"type":"Feature","properties":{},"geometry":{"type":"Polygon","coordinates":[[[22.489,58.999],[22.662,59.086],[22.708,59.009],[22.944,58.984],[23.071,58.838],[22.772,58.822],[22.889,58.778],[22.737,58.806],[22.667,58.697],[22.485,58.701],[22.404,58.884],[22.037,58.929],[22.489,58.999]]]}},{"type":"Feature","properties":{},"geometry":{"type":"Polygon","coordinates":[[[43.22,-11.735],[43.262,-11.411],[43.376,-11.367],[43.389,-11.645],[43.507,-11.897],[43.448,-11.936],[43.278,-11.844],[43.22,-11.735]]]}},{"type":"Feature","properties":{},"geometry":{"type":"Polygon","coordinates":[[[-1.346,59.998],[-1.269,60.136],[-1.308,60.235],[-1.433,60.256],[-1.359,60.195],[-1.463,60.147],[-1.549,60.188],[-1.472,60.222],[-1.625,60.206],[-1.704,60.291],[-1.264,60.352],[-1.464,60.357],[-1.398,60.382],[-1.455,60.491],[-1.637,60.486],[-1.53,60.558],[-1.457,60.512],[-1.499,60.543],[-1.419,60.617],[-1.31,60.642],[-1.381,60.398],[-1.238,60.495],[-1.166,60.422],[-1.258,60.4],[-1.048,60.441],[-1.139,60.385],[-1.074,60.358],[-1.184,60.352],[-1.078,60.324],[-1.159,60.282],[-1.098,60.262],[-1.231,60.231],[-1.131,60.15],[-1.224,60.101],[-1.202,59.971],[-1.276,59.992],[-1.273,59.851],[-1.388,59.89],[-1.346,59.998]]]}},{"type":"Feature","properties":{},"geometry":{"type":"Polygon","coordinates":[[[139.145,-16.635],[139.299,-16.462],[139.542,-16.391],[139.708,-16.522],[139.592,-16.555],[139.552,-16.469],[139.45,-16.669],[139.375,-16.63],[139.312,-16.734],[139.145,-16.635]]]}},{"type":"Feature","properties":{},"geometry":{"type":"Polygon","coordinates":[[[-84,65.756],[-84.124,65.761],[-84.065,65.807],[-84.151,65.97],[-84.461,66.068],[-84.363,66.139],[-83.674,65.934],[-83.662,65.852],[-83.781,65.807],[-83.516,65.699],[-83.172,65.707],[-83.364,65.655],[-83.319,65.616],[-83.594,65.697],[-83.798,65.642],[-83.663,65.75],[-84,65.756]]]}},{"type":"Feature","properties":{},"geometry":{"type":"Polygon","coordinates":[[[-23.727,14.998],[-23.794,15.066],[-23.753,15.336],[-23.44,14.994],[-23.522,14.896],[-23.727,14.998]]]}},{"type":"Feature","properties":{},"geometry":{"type":"Polygon","coordinates":[[[-90.551,-0.628],[-90.515,-0.53],[-90.353,-0.492],[-90.252,-0.481],[-90.17,-0.574],[-90.238,-0.743],[-90.358,-0.776],[-90.551,-0.628]]]}},{"type":"Feature","properties":{},"geometry":{"type":"Polygon","coordinates":[[[39.677,-5.003],[39.679,-4.865],[39.816,-4.987],[39.864,-4.891],[39.857,-5.235],[39.735,-5.475],[39.636,-5.408],[39.688,-5.257],[39.774,-5.251],[39.688,-5.206],[39.754,-5.18],[39.677,-5.003]]]}},{"type":"Feature","properties":{},"geometry":{"type":"Polygon","coordinates":[[[13.114,54.332],[13.264,54.383],[13.149,54.423],[13.269,54.478],[13.143,54.547],[13.303,54.515],[13.37,54.579],[13.479,54.425],[13.558,54.438],[13.512,54.565],[13.37,54.613],[13.242,54.557],[13.282,54.645],[13.161,54.558],[13.26,54.664],[13.432,54.685],[13.428,54.576],[13.676,54.568],[13.572,54.465],[13.769,54.342],[13.725,54.272],[13.609,54.315],[13.648,54.358],[13.456,54.333],[13.353,54.268],[13.393,54.22],[13.114,54.332]]]}},{"type":"Feature","properties":{},"geometry":{"type":"Polygon","coordinates":[[[-64.033,10.995],[-63.881,11.184],[-63.776,11],[-63.892,10.886],[-63.952,10.933],[-64.06,10.863],[-64.172,10.975],[-64.41,10.973],[-64.215,11.09],[-64.033,10.995]]]}},{"type":"Feature","properties":{},"geometry":{"type":"Polygon","coordinates":[[[120.269,11.999],[119.977,12.011],[119.894,12.204],[119.851,12.151],[119.914,12.277],[119.863,12.313],[120.168,12.121],[120.217,12.229],[120.34,12.062],[120.269,11.999]]]}},{"type":"Feature","properties":{},"geometry":{"type":"Polygon","coordinates":[[[56.995,80.44],[58.32,80.46],[59.302,80.316],[58.195,80.264],[58.082,80.225],[58.482,80.202],[58.432,80.14],[57.99,80.169],[58.077,80.086],[57.835,80.091],[57.332,80.154],[57.242,80.382],[56.995,80.44]]]}},{"type":"Feature","properties":{},"geometry":{"type":"Polygon","coordinates":[[[93.96,6.998],[93.915,6.81],[93.823,6.761],[93.67,7.017],[93.68,7.179],[93.855,7.244],[93.96,6.998]]]}},{"type":"Feature","properties":{},"geometry":{"type":"Polygon","coordinates":[[[-97.743,73.997],[-98.361,73.852],[-98.744,73.883],[-98.77,73.813],[-99.434,73.908],[-98,74.112],[-97.619,74.08],[-97.743,73.997]]]}},{"type":"Feature","properties":{},"geometry":{"type":"Polygon","coordinates":[[[-78.002,26.725],[-77.903,26.755],[-77.937,26.644],[-78.776,26.517],[-78.624,26.609],[-78.577,26.799],[-78.532,26.715],[-78.357,26.689],[-78.002,26.725]]]}},{"type":"Feature","properties":{},"geometry":{"type":"Polygon","coordinates":[[[-113.593,29.502],[-113.53,29.572],[-113.367,29.402],[-113.393,29.322],[-113.191,29.291],[-113.142,29.002],[-113.518,29.301],[-113.593,29.502]]]}},{"type":"Feature","properties":{},"geometry":{"type":"Polygon","coordinates":[[[54.98,80.94],[54.452,80.995],[54.705,81.11],[55.495,81.001],[56.075,81.027],[57.817,80.761],[57.065,80.665],[56.655,80.781],[54.98,80.94]]]}},{"type":"Feature","properties":{},"geometry":{"type":"Polygon","coordinates":[[[102,1.595],[102.461,1.528],[102.505,1.253],[102,1.595]]]}},{"type":"Feature","properties":{},"geometry":{"type":"Polygon","coordinates":[[[-80,69.577],[-79.909,69.524],[-80.025,69.488],[-80.251,69.544],[-80.209,69.639],[-80.31,69.561],[-80.49,69.679],[-80.818,69.703],[-80.636,69.755],[-80.394,69.675],[-80.309,69.712],[-80.483,69.743],[-80.435,69.803],[-79.964,69.724],[-79.458,69.808],[-79.324,69.735],[-79.366,69.687],[-79.635,69.613],[-80.041,69.653],[-80,69.577]]]}},{"type":"Feature","properties":{},"geometry":{"type":"Polygon","coordinates":[[[102.999,0.883],[102.813,1.044],[102.621,1.032],[102.741,1.165],[102.882,1.139],[103.165,0.892],[103.117,0.826],[102.999,0.883]]]}},{"type":"Feature","properties":{},"geometry":{"type":"Polygon","coordinates":[[[-99,79.727],[-99.343,79.763],[-99.277,79.838],[-99.507,79.89],[-100.155,79.895],[-100.147,80.04],[-99.781,80.149],[-98.825,80.076],[-98.626,79.791],[-98.82,79.669],[-99,79.727]]]}},{"type":"Feature","properties":{},"geometry":{"type":"Polygon","coordinates":[[[-68.003,60.297],[-68.322,60.199],[-68.438,60.261],[-68.234,60.586],[-68.145,60.598],[-67.832,60.486],[-68.003,60.297]]]}},{"type":"Feature","properties":{},"geometry":{"type":"Polygon","coordinates":[[[122,13.203],[121.817,13.349],[121.863,13.572],[122.126,13.457],[122.15,13.372],[122,13.203]]]}},{"type":"Feature","properties":{},"geometry":{"type":"Polygon","coordinates":[[[141,73.981],[140.525,73.897],[140.176,74.089],[140.3,74.237],[140.91,74.265],[141.116,74.168],[141,73.981]]]}},{"type":"Feature","properties":{},"geometry":{"type":"Polygon","coordinates":[[[-176.664,-44.001],[-176.539,-43.943],[-176.554,-43.876],[-176.666,-43.796],[-176.884,-43.843],[-176.814,-43.748],[-176.207,-43.729],[-176.41,-43.882],[-176.33,-44.05],[-176.594,-44.13],[-176.664,-44.001]]]}},{"type":"Feature","properties":{},"geometry":{"type":"Polygon","coordinates":[[[-49.364,0],[-49.478,-0.128],[-49.832,-0.097],[-49.614,0.078],[-49.364,0]]]}},{"type":"Feature","properties":{},"geometry":{"type":"Polygon","coordinates":[[[172.726,52.999],[173.122,52.99],[173.128,52.923],[173.25,52.944],[173.311,52.913],[173.266,52.865],[173.428,52.829],[173.06,52.832],[172.908,52.745],[172.736,52.792],[172.79,52.891],[172.444,52.92],[172.726,52.999]]]}},{"type":"Feature","properties":{},"geometry":{"type":"Polygon","coordinates":[[[151.046,-10.001],[151.125,-10.045],[151.272,-9.919],[151.22,-10.194],[150.955,-10.101],[150.983,-10.001],[150.888,-9.992],[150.755,-9.714],[151.046,-10.001]]]}},{"type":"Feature","properties":{},"geometry":{"type":"Polygon","coordinates":[[[-132.206,55.998],[-132.238,55.922],[-132.451,55.956],[-132.378,56.036],[-132.488,56.026],[-132.47,56.172],[-132.481,56.066],[-132.592,56.16],[-132.554,56.071],[-132.642,56.047],[-132.719,56.218],[-132.434,56.353],[-132.408,56.214],[-132.51,56.186],[-132.192,56.169],[-132.108,56.113],[-132.263,56.137],[-132.206,55.998]]]}},{"type":"Feature","properties":{},"geometry":{"type":"Polygon","coordinates":[[[-6.002,56.583],[-5.652,56.456],[-5.666,56.39],[-5.748,56.411],[-5.793,56.366],[-5.698,56.368],[-5.832,56.31],[-6.378,56.308],[-6.022,56.365],[-6.208,56.386],[-5.996,56.49],[-6.337,56.533],[-6.326,56.605],[-6.127,56.656],[-6.002,56.583]]]}},{"type":"Feature","properties":{},"geometry":{"type":"Polygon","coordinates":[[[168.15,-17.718],[168.308,-17.528],[168.439,-17.536],[168.588,-17.694],[168.539,-17.804],[168.393,-17.832],[168.323,-17.744],[168.252,-17.788],[168.306,-17.757],[168.254,-17.693],[168.15,-17.718]]]}},{"type":"Feature","properties":{},"geometry":{"type":"Polygon","coordinates":[[[-74.002,-45.234],[-74.042,-45.136],[-74.134,-45.165],[-74.153,-45.053],[-74.207,-45.179],[-74.234,-45.08],[-74.166,-45.032],[-73.824,-44.981],[-73.72,-45.059],[-73.689,-45.279],[-74.002,-45.234]]]}},{"type":"Feature","properties":{},"geometry":{"type":"Polygon","coordinates":[[[121.999,-5.16],[122.075,-5.201],[122.05,-5.465],[121.952,-5.5],[121.795,-5.263],[121.891,-5.057],[121.973,-5.065],[121.999,-5.16]]]}},{"type":"Feature","properties":{},"geometry":{"type":"Polygon","coordinates":[[[169,-18.9],[168.981,-18.683],[169.093,-18.63],[169.241,-18.743],[169.183,-18.797],[169.325,-18.957],[169.244,-18.996],[169,-18.9]]]}},{"type":"Feature","properties":{},"geometry":{"type":"Polygon","coordinates":[[[14.997,68.583],[14.787,68.64],[15.172,68.695],[15.138,68.755],[14.777,68.66],[14.683,68.71],[14.53,68.599],[14.371,68.687],[14.581,68.737],[14.438,68.761],[14.548,68.816],[14.638,68.736],[14.642,68.832],[14.708,68.751],[14.878,68.793],[14.89,68.74],[14.972,68.814],[14.908,68.853],[15.155,68.814],[15.004,68.946],[15.158,69.021],[15.177,68.93],[15.306,68.896],[15.253,68.824],[15.394,68.853],[15.277,68.754],[15.422,68.689],[14.997,68.583]]]}},{"type":"Feature","properties":{},"geometry":{"type":"Polygon","coordinates":[[[100.426,-3.002],[100.47,-3.142],[100.36,-3.168],[100.451,-3.349],[100.18,-2.963],[100.175,-2.798],[100.241,-2.785],[100.426,-3.002]]]}},{"type":"Feature","properties":{},"geometry":{"type":"Polygon","coordinates":[[[20.115,60],[19.992,60.11],[19.947,60.046],[19.923,60.117],[19.747,60.093],[19.634,60.292],[19.806,60.323],[19.767,60.258],[19.86,60.238],[19.903,60.362],[19.781,60.338],[19.753,60.429],[20.216,60.327],[20.179,60.287],[20.276,60.285],[20.214,60.244],[20.274,60.207],[19.959,60.199],[20.046,60.191],[20.067,60.068],[20.297,60.148],[20.207,59.982],[20.115,60]]]}},{"type":"Feature","properties":{},"geometry":{"type":"Polygon","coordinates":[[[105,-0.3],[104.849,-0.324],[104.704,-0.203],[104.523,-0.276],[104.43,-0.236],[104.493,0],[104.549,0.031],[104.755,-0.194],[104.837,-0.14],[105,-0.3]]]}},{"type":"Feature","properties":{},"geometry":{"type":"Polygon","coordinates":[[[147.999,-5.555],[148.088,-5.653],[147.997,-5.834],[147.798,-5.673],[147.748,-5.503],[147.843,-5.467],[147.999,-5.555]]]}},{"type":"Feature","properties":{},"geometry":{"type":"Polygon","coordinates":[[[-74.74,-51.001],[-74.798,-51.09],[-74.899,-51.063],[-74.774,-50.984],[-74.959,-50.996],[-74.948,-50.921],[-74.861,-50.918],[-74.946,-50.887],[-74.534,-50.922],[-74.649,-50.888],[-74.521,-50.813],[-74.687,-50.747],[-74.646,-50.713],[-74.451,-50.774],[-74.513,-50.862],[-74.398,-50.813],[-74.368,-51.084],[-74.475,-50.995],[-74.7,-51.124],[-74.754,-51.04],[-74.611,-50.975],[-74.74,-51.001]]]}},{"type":"Feature","properties":{},"geometry":{"type":"Polygon","coordinates":[[[152.999,-9.145],[152.905,-9.2],[152.964,-9.26],[152.809,-9.259],[152.735,-9.175],[152.734,-9.262],[152.642,-9.187],[152.709,-9.179],[152.699,-9.091],[152.466,-9.041],[152.789,-9.006],[152.999,-9.145]]]}},{"type":"Feature","properties":{},"geometry":{"type":"Polygon","coordinates":[[[138.313,37.996],[138.23,37.976],[138.24,38.087],[138.516,38.332],[138.423,38.066],[138.573,38.08],[138.5,37.92],[138.219,37.808],[138.313,37.996]]]}},{"type":"Feature","properties":{},"geometry":{"type":"Polygon","coordinates":[[[121.352,6.015],[121.425,5.959],[121.287,5.857],[121.194,5.955],[121.076,5.879],[120.874,5.937],[121.029,6.095],[121.206,5.998],[121.352,6.015]]]}},{"type":"Feature","properties":{},"geometry":{"type":"Polygon","coordinates":[[[6.46,0.241],[6.61,0.411],[6.76,0.297],[6.52,0.021],[6.46,0.241]]]}},{"type":"Feature","properties":{},"geometry":{"type":"Polygon","coordinates":[[[25.998,38.155],[25.864,38.243],[25.992,38.389],[25.831,38.547],[26.008,38.604],[26.162,38.551],[26.162,38.327],[25.998,38.155]]]}},{"type":"Feature","properties":{},"geometry":{"type":"Polygon","coordinates":[[[-127.901,51.999],[-127.837,52.06],[-127.883,52.096],[-127.753,52.107],[-127.861,52.126],[-127.768,52.245],[-127.597,52.224],[-127.435,52.385],[-127.231,52.422],[-127.211,52.322],[-127.638,52.139],[-127.711,51.966],[-127.902,51.925],[-127.901,51.999]]]}},{"type":"Feature","properties":{},"geometry":{"type":"Polygon","coordinates":[[[21.995,70.587],[22.044,70.627],[21.978,70.669],[22.404,70.628],[22.373,70.719],[22.616,70.702],[22.566,70.632],[22.712,70.61],[22.834,70.652],[22.681,70.738],[22.788,70.769],[22.995,70.667],[23.181,70.735],[23.019,70.792],[23.3,70.767],[23.312,70.869],[23.504,70.797],[23.262,70.676],[23.156,70.698],[23.191,70.657],[23.051,70.626],[23.119,70.618],[23.069,70.568],[22.881,70.572],[22.932,70.529],[22.315,70.485],[22.297,70.538],[22.142,70.47],[22.311,70.603],[21.995,70.587]]]}},{"type":"Feature","properties":{},"geometry":{"type":"Polygon","coordinates":[[[-147.382,59.997],[-147.502,59.939],[-147.455,59.862],[-147.929,59.787],[-147.74,59.884],[-147.816,59.904],[-147.697,59.996],[-147.167,60.256],[-147.228,60.254],[-147.164,60.315],[-147.214,60.344],[-147.001,60.335],[-147.118,60.26],[-146.913,60.291],[-147.382,59.997]]]}},{"type":"Feature","properties":{},"geometry":{"type":"Polygon","coordinates":[[[-44.38,-2.568],[-44.104,-2.413],[-44.086,-2.521],[-44.025,-2.506],[-44.31,-2.772],[-44.38,-2.568]]]}},{"type":"Feature","properties":{},"geometry":{"type":"Polygon","coordinates":[[[-51,-0.104],[-50.68,0.004],[-50.61,-0.11],[-50.89,-0.281],[-51.039,-0.233],[-51,-0.104]]]}},{"type":"Feature","properties":{},"geometry":{"type":"Polygon","coordinates":[[[78.989,72.997],[79.32,73.093],[79.181,73.081],[79.524,72.92],[79.516,72.773],[79.579,72.746],[79.375,72.698],[78.636,72.8],[78.989,72.997]]]}},{"type":"Feature","properties":{},"geometry":{"type":"Polygon","coordinates":[[[-80.116,-3.001],[-80.26,-3.02],[-80.22,-2.735],[-80.032,-2.671],[-79.901,-2.735],[-80.026,-2.858],[-80.159,-2.847],[-80.116,-3.001]]]}},{"type":"Feature","properties":{},"geometry":{"type":"Polygon","coordinates":[[[-13.479,28.998],[-13.782,28.834],[-13.872,28.857],[-13.813,29.033],[-13.547,29.118],[-13.468,29.238],[-13.417,29.196],[-13.479,28.998]]]}},{"type":"Feature","properties":{},"geometry":{"type":"Polygon","coordinates":[[[153.172,-11.37],[153.205,-11.326],[153.693,-11.515],[153.772,-11.623],[153.55,-11.658],[153.56,-11.601],[153.357,-11.561],[153.172,-11.37]]]}},{"type":"Feature","properties":{},"geometry":{"type":"Polygon","coordinates":[[[-71.004,62.822],[-71.171,62.897],[-70.513,62.779],[-70.186,62.566],[-70.72,62.553],[-70.805,62.725],[-70.909,62.744],[-70.732,62.774],[-71.004,62.822]]]}},{"type":"Feature","properties":{},"geometry":{"type":"Polygon","coordinates":[[[-77,63.413],[-77.402,63.584],[-77.269,63.613],[-77.431,63.628],[-77.029,63.676],[-76.676,63.561],[-76.605,63.507],[-76.741,63.433],[-76.544,63.449],[-76.717,63.412],[-76.662,63.375],[-77,63.413]]]}},{"type":"Feature","properties":{},"geometry":{"type":"Polygon","coordinates":[[[126.768,3.998],[126.668,4.025],[126.792,4.216],[126.685,4.333],[126.747,4.546],[126.857,4.492],[126.917,4.272],[126.768,3.998]]]}},{"type":"Feature","properties":{},"geometry":{"type":"Polygon","coordinates":[[[20.336,38.19],[20.4,38.358],[20.536,38.344],[20.563,38.476],[20.626,38.259],[20.817,38.107],[20.788,38.056],[20.514,38.1],[20.444,38.28],[20.44,38.162],[20.336,38.19]]]}},{"type":"Feature","properties":{},"geometry":{"type":"Polygon","coordinates":[[[-84.891,65.999],[-84.556,65.676],[-84.633,65.558],[-84.821,65.585],[-85.121,65.77],[-85.158,65.995],[-84.891,65.999]]]}},{"type":"Feature","properties":{},"geometry":{"type":"Polygon","coordinates":[[[-25.325,16.998],[-25.343,17.099],[-25.097,17.21],[-24.971,17.113],[-25.211,16.911],[-25.302,16.908],[-25.325,16.998]]]}},{"type":"Feature","properties":{},"geometry":{"type":"Polygon","coordinates":[[[125.676,9.999],[125.663,9.855],[125.582,10.083],[125.471,10.136],[125.638,10.472],[125.68,10.391],[125.65,10.25],[125.602,10.273],[125.676,9.999]]]}},{"type":"Feature","properties":{},"geometry":{"type":"Polygon","coordinates":[[[127.999,-3.609],[128.245,-3.498],[128.343,-3.528],[128.341,-3.64],[128.245,-3.628],[128.281,-3.702],[128.082,-3.793],[128.231,-3.64],[127.929,-3.777],[127.905,-3.685],[127.999,-3.609]]]}},{"type":"Feature","properties":{},"geometry":{"type":"Polygon","coordinates":[[[92.383,10.782],[92.503,10.89],[92.589,10.853],[92.621,10.677],[92.537,10.511],[92.385,10.529],[92.383,10.782]]]}},{"type":"Feature","properties":{},"geometry":{"type":"Polygon","coordinates":[[[104.24,-0.491],[104.328,-0.341],[104.328,-0.444],[104.473,-0.337],[104.597,-0.47],[104.504,-0.647],[104.431,-0.576],[104.366,-0.683],[104.329,-0.514],[104.24,-0.491]]]}},{"type":"Feature","properties":{},"geometry":{"type":"Polygon","coordinates":[[[-75,-48.13],[-74.884,-48.179],[-74.97,-48.215],[-74.872,-48.214],[-74.948,-48.276],[-74.775,-48.212],[-74.89,-48.305],[-74.815,-48.254],[-74.825,-48.382],[-75.008,-48.468],[-75.153,-48.294],[-75.036,-48.284],[-75.157,-48.279],[-75.086,-48.212],[-75.177,-48.254],[-75.205,-48.202],[-75.128,-48.17],[-75.208,-48.188],[-75.154,-48.154],[-75.262,-48.089],[-75,-48.13]]]}},{"type":"Feature","properties":{},"geometry":{"type":"Polygon","coordinates":[[[-114,77.719],[-114.365,77.724],[-115.109,77.952],[-114.35,78.078],[-114.247,78.015],[-114.327,77.994],[-114.04,77.991],[-114.136,77.958],[-113.554,77.827],[-114,77.719]]]}},{"type":"Feature","properties":{},"geometry":{"type":"Polygon","coordinates":[[[-25.856,37.859],[-25.782,37.91],[-25.587,37.814],[-25.178,37.86],[-25.139,37.772],[-25.513,37.704],[-25.856,37.859]]]}},{"type":"Feature","properties":{},"geometry":{"type":"Polygon","coordinates":[[[48.061,29.797],[48.131,29.873],[48.175,29.829],[48.13,29.882],[48.211,29.922],[48.152,29.891],[48.106,29.966],[48.163,29.983],[48.38,29.748],[48.212,29.582],[48.061,29.797]]]}},{"type":"Feature","properties":{},"geometry":{"type":"Polygon","coordinates":[[[53.034,70.998],[52.784,71.069],[52.659,71.213],[52.365,71.222],[52.231,71.321],[52.59,71.392],[52.767,71.334],[52.722,71.405],[52.936,71.352],[53.052,71.247],[52.769,71.369],[53.047,71.233],[53.226,71.243],[53.236,71.142],[53.041,71.033],[53.184,70.96],[53.034,70.998]]]}},{"type":"Feature","properties":{},"geometry":{"type":"Polygon","coordinates":[[[-61.489,15.533],[-61.467,15.637],[-61.311,15.582],[-61.276,15.243],[-61.383,15.211],[-61.489,15.533]]]}},{"type":"Feature","properties":{},"geometry":{"type":"Polygon","coordinates":[[[19,69.736],[18.743,69.675],[18.836,69.603],[18.732,69.556],[18.004,69.563],[18.397,69.633],[18.275,69.623],[18.19,69.709],[18.613,69.693],[18.325,69.711],[18.365,69.792],[18.49,69.74],[18.64,69.804],[18.633,69.696],[18.729,69.683],[18.676,69.703],[18.774,69.8],[18.658,69.828],[18.683,69.883],[18.973,69.827],[19.051,69.773],[19,69.736]]]}},{"type":"Feature","properties":{},"geometry":{"type":"Polygon","coordinates":[[[-17.001,32.82],[-16.677,32.735],[-16.942,32.629],[-17.264,32.812],[-17.193,32.867],[-17.001,32.82]]]}},{"type":"Feature","properties":{},"geometry":{"type":"Polygon","coordinates":[[[124,-8.331],[124.061,-8.295],[124.109,-8.39],[124.32,-8.19],[124.143,-8.54],[124.059,-8.548],[124.033,-8.422],[123.918,-8.45],[124,-8.331]]]}},{"type":"Feature","properties":{},"geometry":{"type":"Polygon","coordinates":[[[-176.568,52],[-176.554,51.908],[-176.578,51.953],[-176.652,51.853],[-176.435,51.846],[-176.428,51.741],[-176.807,51.61],[-176.835,51.723],[-176.982,51.601],[-176.829,51.745],[-176.913,51.808],[-176.706,51.788],[-176.784,51.827],[-176.714,51.852],[-176.793,51.957],[-176.568,52]]]}},{"type":"Feature","properties":{},"geometry":{"type":"Polygon","coordinates":[[[129.134,28.255],[129.305,28.272],[129.211,28.307],[129.498,28.382],[129.539,28.463],[129.637,28.417],[129.691,28.53],[129.722,28.46],[129.412,28.254],[129.479,28.213],[129.339,28.169],[129.379,28.109],[129.294,28.224],[129.134,28.255]]]}},{"type":"Feature","properties":{},"geometry":{"type":"Polygon","coordinates":[[[123,-4.205],[122.937,-4.073],[123.012,-3.98],[123.259,-4.068],[123.133,-4.261],[123,-4.205]]]}},{"type":"Feature","properties":{},"geometry":{"type":"Polygon","coordinates":[[[-37.961,65.62],[-37.904,65.638],[-37.936,65.781],[-37.653,65.897],[-37.226,65.729],[-37.482,65.805],[-37.377,65.72],[-37.476,65.697],[-37.304,65.681],[-37.4,65.61],[-37.573,65.585],[-37.563,65.643],[-37.668,65.65],[-37.593,65.601],[-37.697,65.56],[-37.961,65.62]]]}},{"type":"Feature","properties":{},"geometry":{"type":"Polygon","coordinates":[[[-18.001,28.776],[-17.778,28.841],[-17.713,28.742],[-17.833,28.453],[-18.001,28.776]]]}},{"type":"Feature","properties":{},"geometry":{"type":"Polygon","coordinates":[[[-74.691,-50.49],[-74.538,-50.416],[-74.361,-50.461],[-74.211,-50.683],[-74.431,-50.652],[-74.211,-50.707],[-74.149,-50.848],[-74.232,-50.852],[-74.247,-50.754],[-74.292,-50.814],[-74.336,-50.763],[-74.288,-50.846],[-74.345,-50.849],[-74.424,-50.765],[-74.366,-50.733],[-74.488,-50.745],[-74.534,-50.703],[-74.471,-50.677],[-74.604,-50.65],[-74.429,-50.583],[-74.455,-50.528],[-74.346,-50.537],[-74.691,-50.49]]]}},{"type":"Feature","properties":{},"geometry":{"type":"Polygon","coordinates":[[[150.095,-9.313],[150.193,-9.201],[150.309,-9.241],[150.388,-9.389],[150.342,-9.522],[150.095,-9.313]]]}},{"type":"Feature","properties":{},"geometry":{"type":"Polygon","coordinates":[[[4,39.925],[3.823,39.923],[3.791,40.015],[4.094,40.09],[4.27,40],[4.329,39.877],[4.26,39.896],[4.305,39.833],[4.238,39.815],[4,39.925]]]}},{"type":"Feature","properties":{},"geometry":{"type":"Polygon","coordinates":[[[138.59,-8.344],[138.718,-8.166],[138.851,-8.13],[138.959,-8.353],[138.59,-8.344]]]}},{"type":"Feature","properties":{},"geometry":{"type":"Polygon","coordinates":[[[-157,21.079],[-157.314,21.104],[-157.258,21.227],[-156.975,21.22],[-156.71,21.162],[-156.85,21.05],[-157,21.079]]]}},{"type":"Feature","properties":{},"geometry":{"type":"Polygon","coordinates":[[[159.999,-11.457],[160.58,-11.823],[160.418,-11.815],[160.248,-11.628],[160.002,-11.592],[159.945,-11.508],[159.999,-11.457]]]}},{"type":"Feature","properties":{},"geometry":{"type":"Polygon","coordinates":[[[-73.002,18.891],[-72.848,18.833],[-72.828,18.693],[-73.306,18.923],[-73.203,18.968],[-73.002,18.891]]]}},{"type":"Feature","properties":{},"geometry":{"type":"Polygon","coordinates":[[[-77,69.422],[-76.625,69.394],[-76.66,69.307],[-76.924,69.223],[-76.879,69.117],[-77.269,69.151],[-77.369,69.256],[-77.344,69.416],[-77,69.422]]]}},{"type":"Feature","properties":{},"geometry":{"type":"Polygon","coordinates":[[[168,-16.193],[168.167,-16.093],[168.311,-16.31],[168.134,-16.368],[167.979,-16.316],[167.903,-16.224],[168,-16.193]]]}},{"type":"Feature","properties":{},"geometry":{"type":"Polygon","coordinates":[[[-4.591,53.28],[-4.579,53.403],[-4.43,53.43],[-4.291,53.417],[-4.212,53.296],[-4.041,53.312],[-4.332,53.125],[-4.591,53.28]]]}},{"type":"Feature","properties":{},"geometry":{"type":"Polygon","coordinates":[[[121.998,12.129],[121.963,12.238],[122.015,12.236],[121.918,12.317],[122,12.601],[122.11,12.678],[122.16,12.634],[121.998,12.129]]]}},{"type":"Feature","properties":{},"geometry":{"type":"Polygon","coordinates":[[[157,-8.097],[156.955,-7.918],[157.108,-7.849],[157.182,-8.103],[157,-8.097]]]}},{"type":"Feature","properties":{},"geometry":{"type":"Polygon","coordinates":[[[-133.003,54.827],[-133.053,54.876],[-133.002,54.899],[-133.09,54.907],[-133.02,54.926],[-133.17,54.948],[-133.239,55.093],[-133.115,55.12],[-133.227,55.122],[-133.18,55.158],[-133.24,55.182],[-133.16,55.191],[-133.223,55.238],[-133.1,55.238],[-133.06,55.169],[-133.114,55.157],[-132.971,55.064],[-133.081,55.099],[-133.01,55.052],[-133.085,55.046],[-132.956,55.017],[-132.934,54.908],[-132.704,54.731],[-132.678,54.669],[-132.85,54.688],[-132.888,54.74],[-132.822,54.752],[-132.979,54.805],[-132.919,54.844],[-133.003,54.827]]]}},{"type":"Feature","properties":{},"geometry":{"type":"Polygon","coordinates":[[[70.998,66.65],[70.722,66.721],[71.252,66.858],[71.5,66.846],[71.544,66.763],[71.446,66.758],[71.636,66.703],[71.215,66.593],[70.998,66.65]]]}},{"type":"Feature","properties":{},"geometry":{"type":"Polygon","coordinates":[[[19.668,69.999],[19.233,69.795],[18.702,69.919],[18.906,69.963],[18.804,69.983],[18.844,70.026],[19.07,70.007],[19.026,70.068],[19.182,70.09],[19.306,70.082],[19.276,70.034],[19.362,69.989],[19.455,70.052],[19.668,69.999]]]}},{"type":"Feature","properties":{},"geometry":{"type":"Polygon","coordinates":[[[58.621,20.263],[58.913,20.691],[58.959,20.509],[58.717,20.21],[58.634,20.159],[58.621,20.263]]]}},{"type":"Feature","properties":{},"geometry":{"type":"Polygon","coordinates":[[[167.998,-21.655],[167.847,-21.599],[167.803,-21.38],[167.975,-21.345],[168.005,-21.458],[168.135,-21.443],[168.12,-21.626],[167.998,-21.655]]]}},{"type":"Feature","properties":{},"geometry":{"type":"Polygon","coordinates":[[[-71.002,-55.01],[-70.845,-54.919],[-70.847,-54.98],[-70.773,-54.922],[-70.637,-54.985],[-70.342,-54.886],[-70.475,-54.989],[-70.734,-55.017],[-70.305,-55.03],[-70.374,-55.076],[-70.252,-55.102],[-70.428,-55.081],[-70.351,-55.163],[-70.543,-55.147],[-70.527,-55.2],[-70.573,-55.055],[-70.661,-55.041],[-70.582,-55.083],[-70.693,-55.125],[-70.758,-55.094],[-70.715,-55.058],[-70.928,-55.087],[-71.002,-55.01]]]}},{"type":"Feature","properties":{},"geometry":{"type":"Polygon","coordinates":[[[104.999,8.752],[105.196,8.788],[105.23,8.737],[105.131,8.634],[104.848,8.561],[104.722,8.603],[104.999,8.752]]]}},{"type":"Feature","properties":{},"geometry":{"type":"Polygon","coordinates":[[[40,15.6],[39.94,15.698],[40.082,15.658],[39.923,15.726],[40.045,15.823],[39.953,15.888],[40.097,15.838],[40.165,15.633],[40.293,15.696],[40.425,15.562],[40,15.6]]]}},{"type":"Feature","properties":{},"geometry":{"type":"Polygon","coordinates":[[[120.447,-6.008],[120.493,-5.77],[120.567,-6.06],[120.484,-6.5],[120.447,-6.008]]]}},{"type":"Feature","properties":{},"geometry":{"type":"Polygon","coordinates":[[[121.999,14.666],[121.91,14.644],[121.915,14.787],[121.8,14.935],[121.837,15.041],[122.049,15.007],[121.965,14.904],[122.03,14.804],[121.999,14.666]]]}},{"type":"Feature","properties":{},"geometry":{"type":"Polygon","coordinates":[[[-91.663,-0.32],[-91.446,-0.262],[-91.385,-0.453],[-91.608,-0.478],[-91.663,-0.32]]]}},{"type":"Feature","properties":{},"geometry":{"type":"Polygon","coordinates":[[[156.501,-7.661],[156.602,-7.557],[156.793,-7.725],[156.706,-7.953],[156.501,-7.661]]]}},{"type":"Feature","properties":{},"geometry":{"type":"Polygon","coordinates":[[[-101,77.783],[-100.903,77.733],[-101.793,77.673],[-102.513,77.789],[-102.389,77.886],[-101.732,77.907],[-101,77.783]]]}},{"type":"Feature","properties":{},"geometry":{"type":"Polygon","coordinates":[[[-74,-44.724],[-74.288,-44.8],[-74.359,-44.715],[-74.117,-44.731],[-74.387,-44.71],[-74.41,-44.653],[-74.34,-44.637],[-74.409,-44.625],[-73.974,-44.596],[-73.855,-44.7],[-73.982,-44.71],[-73.967,-44.66],[-74,-44.724]]]}},{"type":"Feature","properties":{},"geometry":{"type":"Polygon","coordinates":[[[55.975,80.075],[55.762,80.09],[56.122,80.18],[55.907,80.305],[57.218,80.304],[57.027,80.066],[55.975,80.075]]]}},{"type":"Feature","properties":{},"geometry":{"type":"Polygon","coordinates":[[[-20.018,74.736],[-20.465,74.735],[-20.679,74.843],[-20.551,74.918],[-20.594,74.983],[-20.42,75.039],[-20.025,75.007],[-19.964,74.977],[-20.171,74.912],[-19.746,74.863],[-20.018,74.736]]]}},{"type":"Feature","properties":{},"geometry":{"type":"Polygon","coordinates":[[[-51,69.548],[-51.243,69.525],[-51.396,69.707],[-51.021,69.887],[-51.383,69.86],[-51.062,69.929],[-50.687,69.863],[-50.983,69.744],[-51,69.548]]]}},{"type":"Feature","properties":{},"geometry":{"type":"Polygon","coordinates":[[[-75.01,68.678],[-74.768,68.491],[-74.915,68.428],[-74.751,68.413],[-74.879,68.386],[-74.82,68.325],[-75.415,68.532],[-75.272,68.727],[-75.01,68.678]]]}},{"type":"Feature","properties":{},"geometry":{"type":"Polygon","coordinates":[[[-50.438,0.446],[-50.351,0.614],[-50.288,0.299],[-50.423,0.159],[-50.541,0.233],[-50.438,0.446]]]}},{"type":"Feature","properties":{},"geometry":{"type":"Polygon","coordinates":[[[9,63.64],[8.968,63.58],[9.197,63.567],[9.077,63.515],[8.525,63.426],[8.238,63.487],[8.73,63.658],[9,63.64]]]}},{"type":"Feature","properties":{},"geometry":{"type":"Polygon","coordinates":[[[-22.922,15.999],[-22.921,16.23],[-22.71,16.206],[-22.694,16.042],[-22.798,15.969],[-22.922,15.999]]]}},{"type":"Feature","properties":{},"geometry":{"type":"Polygon","coordinates":[[[10.995,78.527],[10.518,78.789],[10.565,78.865],[10.51,78.904],[11.032,78.836],[10.908,78.799],[11.218,78.733],[11.052,78.691],[11.288,78.623],[11.332,78.563],[11.252,78.548],[11.925,78.45],[11.862,78.4],[12.18,78.207],[10.995,78.527]]]}},{"type":"Feature","properties":{},"geometry":{"type":"Polygon","coordinates":[[[-52,81.969],[-54.048,82.066],[-54.246,82.192],[-53.932,82.293],[-52.535,82.14],[-51.812,82.002],[-52,81.969]]]}},{"type":"Feature","properties":{},"geometry":{"type":"Polygon","coordinates":[[[-43.522,59.998],[-43.577,59.906],[-43.68,59.991],[-43.695,59.93],[-43.813,59.949],[-43.933,59.981],[-43.704,60.052],[-43.953,60.025],[-44.126,60.082],[-44.121,60.157],[-43.164,60.047],[-43.233,59.984],[-43.257,60.041],[-43.659,60.054],[-43.522,59.998]]]}},{"type":"Feature","properties":{},"geometry":{"type":"Polygon","coordinates":[[[120,5.235],[120.177,5.348],[120.254,5.281],[120.225,5.126],[120.041,5.185],[119.861,5.048],[119.817,5.148],[120,5.235]]]}},{"type":"Feature","properties":{},"geometry":{"type":"Polygon","coordinates":[[[113.199,-26.001],[113.213,-26.157],[112.961,-25.778],[112.955,-25.487],[113.199,-26.001]]]}},{"type":"Feature","properties":{},"geometry":{"type":"Polygon","coordinates":[[[100,-2.665],[99.988,-2.5],[100.219,-2.775],[100.023,-2.855],[100,-2.665]]]}},{"type":"Feature","properties":{},"geometry":{"type":"Polygon","coordinates":[[[-77.857,21.996],[-78.045,22.18],[-78.018,22.31],[-77.866,22.207],[-77.838,22.094],[-77.62,22.008],[-77.684,21.892],[-77.857,21.996]]]}},{"type":"Feature","properties":{},"geometry":{"type":"Polygon","coordinates":[[[-6.526,55.692],[-6.456,55.853],[-6.328,55.892],[-6.322,55.823],[-6.124,55.937],[-6.021,55.687],[-6.268,55.579],[-6.338,55.593],[-6.261,55.66],[-6.341,55.717],[-6.263,55.785],[-6.526,55.692]]]}},{"type":"Feature","properties":{},"geometry":{"type":"Polygon","coordinates":[[[99.52,-2.154],[99.55,-2.045],[99.633,-2.031],[99.86,-2.4],[99.602,-2.293],[99.52,-2.154]]]}},{"type":"Feature","properties":{},"geometry":{"type":"Polygon","coordinates":[[[-50.2,0.586],[-50.116,0.568],[-50.085,0.637],[-50.049,0.526],[-50.287,0.336],[-50.277,0.593],[-50.2,0.586]]]}},{"type":"Feature","properties":{},"geometry":{"type":"Polygon","coordinates":[[[129.803,-8.003],[129.697,-8.05],[129.577,-7.911],[129.593,-7.823],[129.849,-7.846],[129.803,-8.003]]]}},{"type":"Feature","properties":{},"geometry":{"type":"Polygon","coordinates":[[[-61,13.748],[-61.08,13.882],[-60.934,14.107],[-60.886,13.815],[-60.94,13.707],[-61,13.748]]]}},{"type":"Feature","properties":{},"geometry":{"type":"Polygon","coordinates":[[[-12.96,7.57],[-12.591,7.638],[-12.495,7.498],[-12.561,7.388],[-12.641,7.482],[-12.96,7.57]]]}},{"type":"Feature","properties":{},"geometry":{"type":"Polygon","coordinates":[[[154.516,-5.131],[154.65,-5.019],[154.712,-5.182],[154.619,-5.463],[154.57,-5.112],[154.516,-5.131]]]}},{"type":"Feature","properties":{},"geometry":{"type":"Polygon","coordinates":[[[-69.933,-55.003],[-69.932,-54.942],[-69.814,-54.953],[-69.941,-54.917],[-69.86,-54.874],[-69.674,-54.948],[-69.752,-54.865],[-69.49,-54.897],[-69.537,-54.95],[-69.453,-54.898],[-69.141,-54.953],[-69.692,-55.039],[-69.933,-55.003]]]}},{"type":"Feature","properties":{},"geometry":{"type":"Polygon","coordinates":[[[20,39.4],[19.672,39.681],[19.673,39.799],[19.956,39.777],[19.844,39.657],[19.933,39.625],[19.936,39.475],[20.073,39.461],[20.114,39.362],[20,39.4]]]}},{"type":"Feature","properties":{},"geometry":{"type":"Polygon","coordinates":[[[-75.01,-51.486],[-75.033,-51.437],[-74.786,-51.333],[-74.983,-51.344],[-74.793,-51.29],[-74.849,-51.268],[-74.803,-51.215],[-74.594,-51.196],[-74.508,-51.285],[-74.669,-51.246],[-74.546,-51.396],[-74.616,-51.414],[-74.672,-51.28],[-74.751,-51.429],[-75.01,-51.486]]]}},{"type":"Feature","properties":{},"geometry":{"type":"Polygon","coordinates":[[[134.995,34.609],[134.899,34.419],[134.956,34.269],[134.732,34.188],[134.659,34.24],[134.995,34.609]]]}},{"type":"Feature","properties":{},"geometry":{"type":"Polygon","coordinates":[[[15,54.999],[14.681,55.093],[14.775,55.3],[15.157,55.132],[15.123,55.013],[15,54.999]]]}},{"type":"Feature","properties":{},"geometry":{"type":"Polygon","coordinates":[[[-74.001,-47.864],[-73.807,-47.895],[-73.883,-47.98],[-73.95,-47.972],[-73.921,-47.925],[-74.309,-47.99],[-74.51,-47.913],[-74.377,-47.837],[-74.231,-47.91],[-74.354,-47.832],[-74.282,-47.809],[-74.001,-47.864]]]}},{"type":"Feature","properties":{},"geometry":{"type":"Polygon","coordinates":[[[-3.053,58.997],[-2.8,58.994],[-2.838,58.926],[-2.706,58.973],[-2.711,58.922],[-2.894,58.896],[-2.963,58.732],[-3.038,58.821],[-2.903,58.843],[-2.966,58.852],[-2.899,58.895],[-2.971,58.961],[-3.18,58.912],[-3.356,58.965],[-3.361,59.104],[-3.197,59.155],[-3.004,59.068],[-3.114,59.008],[-3.053,58.997]]]}},{"type":"Feature","properties":{},"geometry":{"type":"Polygon","coordinates":[[[-90.022,76.475],[-90.604,76.742],[-90,76.842],[-89.709,76.743],[-89.879,76.608],[-89.672,76.508],[-90.022,76.475]]]}},{"type":"Feature","properties":{},"geometry":{"type":"Polygon","coordinates":[[[22.995,70.339],[22.814,70.409],[23.223,70.515],[23.14,70.55],[23.25,70.465],[23.321,70.523],[23.245,70.548],[23.524,70.534],[23.354,70.619],[23.565,70.621],[23.531,70.52],[23.624,70.502],[23.631,70.433],[23.276,70.344],[23.354,70.312],[23.051,70.296],[23.12,70.407],[22.995,70.339]]]}},{"type":"Feature","properties":{},"geometry":{"type":"Polygon","coordinates":[[[129.999,32.408],[130.021,32.537],[130.2,32.537],[130.213,32.337],[130.074,32.21],[129.966,32.243],[130.079,32.317],[129.994,32.307],[129.999,32.408]]]}},{"type":"Feature","properties":{},"geometry":{"type":"Polygon","coordinates":[[[122.471,10.478],[122.557,10.666],[122.657,10.754],[122.712,10.715],[122.636,10.443],[122.518,10.404],[122.471,10.478]]]}},{"type":"Feature","properties":{},"geometry":{"type":"Polygon","coordinates":[[[93.634,19.483],[93.741,19.549],[93.985,19.405],[93.892,19.289],[93.86,19.386],[93.866,19.303],[93.771,19.3],[93.634,19.483]]]}},{"type":"Feature","properties":{},"geometry":{"type":"Polygon","coordinates":[[[150.997,-23.478],[151.24,-23.488],[151.285,-23.798],[151.047,-23.623],[150.997,-23.478]]]}},{"type":"Feature","properties":{},"geometry":{"type":"Polygon","coordinates":[[[-4.798,54.06],[-4.543,54.362],[-4.363,54.416],[-4.381,54.327],[-4.308,54.295],[-4.388,54.191],[-4.622,54.052],[-4.798,54.06]]]}},{"type":"Feature","properties":{},"geometry":{"type":"Polygon","coordinates":[[[-18.453,76],[-18.473,75.93],[-18.828,76.294],[-19.162,76.489],[-19.083,76.57],[-18.788,76.566],[-19.042,76.586],[-19.155,76.718],[-18.722,76.613],[-18.752,76.476],[-18.453,76]]]}},{"type":"Feature","properties":{},"geometry":{"type":"Polygon","coordinates":[[[-90.874,-0.265],[-90.753,-0.149],[-90.548,-0.317],[-90.736,-0.358],[-90.874,-0.265]]]}},{"type":"Feature","properties":{},"geometry":{"type":"Polygon","coordinates":[[[1.58,38.998],[1.405,38.832],[1.214,38.904],[1.29,39.029],[1.487,39.111],[1.61,39.08],[1.58,38.998]]]}},{"type":"Feature","properties":{},"geometry":{"type":"Polygon","coordinates":[[[50.619,25.995],[50.57,25.791],[50.458,25.955],[50.463,26.23],[50.6,26.23],[50.54,26.195],[50.632,26.112],[50.619,25.995]]]}},{"type":"Feature","properties":{},"geometry":{"type":"Polygon","coordinates":[[[126,-2.266],[126.079,-2.427],[126.001,-2.463],[125.882,-2.209],[125.909,-1.973],[125.996,-2.025],[126,-2.266]]]}},{"type":"Feature","properties":{},"geometry":{"type":"Polygon","coordinates":[[[103.999,10.045],[103.837,10.365],[103.999,10.451],[104.087,10.245],[104.058,10.005],[103.999,10.045]]]}},{"type":"Feature","properties":{},"geometry":{"type":"Polygon","coordinates":[[[-75.66,-48.483],[-75.345,-48.427],[-75.391,-48.5],[-75.318,-48.438],[-75.313,-48.523],[-75.388,-48.551],[-75.312,-48.53],[-75.286,-48.604],[-75.543,-48.707],[-75.605,-48.666],[-75.467,-48.666],[-75.392,-48.593],[-75.541,-48.644],[-75.403,-48.564],[-75.63,-48.63],[-75.66,-48.483]]]}},{"type":"Feature","properties":{},"geometry":{"type":"Polygon","coordinates":[[[-89.629,-0.913],[-89.356,-0.685],[-89.24,-0.711],[-89.433,-0.931],[-89.629,-0.913]]]}},{"type":"Feature","properties":{},"geometry":{"type":"Polygon","coordinates":[[[169.199,-19.45],[169.229,-19.339],[169.337,-19.318],[169.349,-19.462],[169.485,-19.518],[169.427,-19.649],[169.266,-19.575],[169.199,-19.45]]]}},{"type":"Feature","properties":{},"geometry":{"type":"Polygon","coordinates":[[[-75.519,-50.67],[-75.316,-50.603],[-75.466,-50.511],[-75.397,-50.462],[-75.263,-50.484],[-75.295,-50.529],[-75.052,-50.508],[-75.219,-50.556],[-75.205,-50.62],[-75.319,-50.554],[-75.221,-50.635],[-75.308,-50.642],[-75.236,-50.673],[-75.324,-50.713],[-75.239,-50.746],[-75.282,-50.803],[-75.449,-50.775],[-75.382,-50.662],[-75.519,-50.67]]]}},{"type":"Feature","properties":{},"geometry":{"type":"Polygon","coordinates":[[[22.364,60.057],[22.617,60.151],[22.418,60.16],[22.472,60.24],[22.984,60.303],[22.836,60.213],[22.881,60.136],[22.76,60.007],[22.61,60.061],[22.397,60.001],[22.364,60.057]]]}},{"type":"Feature","properties":{},"geometry":{"type":"Polygon","coordinates":[[[132.839,-6.003],[133.149,-5.276],[133.116,-5.569],[132.839,-6.003]]]}},{"type":"Feature","properties":{},"geometry":{"type":"Polygon","coordinates":[[[125.388,3.678],[125.434,3.739],[125.537,3.69],[125.648,3.392],[125.513,3.417],[125.492,3.612],[125.388,3.678]]]}},{"type":"Feature","properties":{},"geometry":{"type":"Polygon","coordinates":[[[144.618,13.444],[144.769,13.482],[144.859,13.653],[144.956,13.596],[144.727,13.245],[144.618,13.444]]]}},{"type":"Feature","properties":{},"geometry":{"type":"Polygon","coordinates":[[[-132.001,56.191],[-132.062,56.233],[-132.016,56.166],[-132.077,56.116],[-132.334,56.236],[-132.39,56.49],[-132.175,56.35],[-132.021,56.347],[-131.922,56.206],[-132.001,56.191]]]}},{"type":"Feature","properties":{},"geometry":{"type":"Polygon","coordinates":[[[-74.501,-45.733],[-74.432,-45.693],[-74.495,-45.611],[-74.431,-45.62],[-74.412,-45.449],[-74.272,-45.492],[-74.357,-45.523],[-74.255,-45.504],[-74.217,-45.563],[-74.36,-45.565],[-74.214,-45.573],[-74.199,-45.688],[-74.427,-45.691],[-74.296,-45.711],[-74.371,-45.775],[-74.501,-45.733]]]}},{"type":"Feature","properties":{},"geometry":{"type":"Polygon","coordinates":[[[-132.984,56.796],[-132.823,56.795],[-132.543,56.583],[-132.947,56.507],[-132.984,56.796]]]}},{"type":"Feature","properties":{},"geometry":{"type":"Polygon","coordinates":[[[-114.006,76.897],[-113.454,76.829],[-113.597,76.715],[-114.837,76.763],[-114.653,76.863],[-114.006,76.897]]]}},{"type":"Feature","properties":{},"geometry":{"type":"Polygon","coordinates":[[[104,1.375],[103.849,1.271],[103.635,1.337],[103.679,1.434],[103.816,1.476],[104,1.375]]]}},{"type":"Feature","properties":{},"geometry":{"type":"Polygon","coordinates":[[[-130.709,53.849],[-130.661,54],[-130.418,54.105],[-130.228,53.991],[-130.343,53.829],[-130.518,53.872],[-130.382,53.984],[-130.49,53.885],[-130.672,53.958],[-130.692,53.892],[-130.613,53.86],[-130.709,53.849]]]}},{"type":"Feature","properties":{},"geometry":{"type":"Polygon","coordinates":[[[-75.589,-49.664],[-75.348,-49.599],[-75.144,-49.904],[-75.26,-49.828],[-75.236,-49.896],[-75.333,-49.868],[-75.345,-49.707],[-75.548,-49.852],[-75.571,-49.782],[-75.458,-49.724],[-75.589,-49.664]]]}},{"type":"Feature","properties":{},"geometry":{"type":"Polygon","coordinates":[[[14.995,68.367],[14.737,68.265],[14.799,68.33],[14.717,68.357],[14.665,68.237],[14.211,68.172],[14.212,68.232],[14.386,68.261],[14.271,68.257],[14.354,68.279],[14.331,68.34],[14.499,68.323],[14.413,68.394],[14.755,68.441],[14.847,68.417],[14.777,68.367],[14.896,68.391],[14.885,68.447],[15.195,68.475],[14.995,68.367]]]}},{"type":"Feature","properties":{},"geometry":{"type":"Polygon","coordinates":[[[-75.524,-49.001],[-75.456,-48.944],[-75.647,-48.971],[-75.66,-48.89],[-75.444,-48.835],[-75.502,-48.915],[-75.375,-48.828],[-75.416,-48.9],[-75.377,-48.86],[-75.319,-48.939],[-75.367,-48.841],[-75.257,-48.874],[-75.163,-49.028],[-75.253,-49.094],[-75.29,-48.939],[-75.462,-49.071],[-75.524,-49.001]]]}},{"type":"Feature","properties":{},"geometry":{"type":"Polygon","coordinates":[[[122.06,-0.397],[121.916,-0.429],[121.884,-0.534],[121.73,-0.489],[121.648,-0.572],[121.765,-0.411],[121.899,-0.43],[121.853,-0.381],[121.951,-0.361],[121.917,-0.323],[122.013,-0.364],[122.087,-0.262],[122.147,-0.382],[122.06,-0.397]]]}},{"type":"Feature","properties":{},"geometry":{"type":"Polygon","coordinates":[[[-126.908,49.841],[-126.673,49.857],[-126.621,49.59],[-126.828,49.617],[-126.955,49.721],[-126.829,49.778],[-126.97,49.8],[-126.908,49.841]]]}},{"type":"Feature","properties":{},"geometry":{"type":"Polygon","coordinates":[[[158,-8.538],[158.132,-8.559],[158.023,-8.772],[157.869,-8.672],[157.881,-8.56],[158,-8.538]]]}},{"type":"Feature","properties":{},"geometry":{"type":"Polygon","coordinates":[[[-64,-54.724],[-63.728,-54.694],[-63.917,-54.804],[-63.965,-54.74],[-64.238,-54.846],[-64.277,-54.78],[-64.66,-54.893],[-64.669,-54.824],[-64.749,-54.835],[-64.698,-54.765],[-64.534,-54.775],[-64.552,-54.709],[-64.368,-54.741],[-64.372,-54.803],[-64.307,-54.698],[-64,-54.724]]]}},{"type":"Feature","properties":{},"geometry":{"type":"Polygon","coordinates":[[[166,-50.86],[165.884,-50.836],[165.914,-50.769],[166.096,-50.682],[166.119,-50.524],[166.27,-50.535],[166.186,-50.615],[166.221,-50.668],[166.149,-50.672],[166.244,-50.701],[166.146,-50.734],[166.224,-50.723],[166.164,-50.747],[166.306,-50.84],[166.113,-50.845],[166.077,-50.765],[166.077,-50.853],[166,-50.86]]]}},{"type":"Feature","properties":{},"geometry":{"type":"Polygon","coordinates":[[[98.295,7.994],[98.29,8.199],[98.448,8.07],[98.415,7.799],[98.37,7.837],[98.315,7.757],[98.295,7.994]]]}},{"type":"Feature","properties":{},"geometry":{"type":"Polygon","coordinates":[[[-40.869,64.902],[-40.725,64.925],[-40.474,64.817],[-40.409,64.704],[-40.546,64.693],[-40.324,64.591],[-40.462,64.606],[-40.446,64.543],[-40.147,64.464],[-40.514,64.475],[-40.476,64.578],[-40.869,64.902]]]}},{"type":"Feature","properties":{},"geometry":{"type":"Polygon","coordinates":[[[166,-10.792],[165.889,-10.769],[165.812,-10.888],[165.696,-10.803],[165.822,-10.675],[165.993,-10.662],[166.087,-10.677],[166,-10.792]]]}},{"type":"Feature","properties":{},"geometry":{"type":"Polygon","coordinates":[[[123,-8.406],[123.148,-8.235],[123.34,-8.268],[123.295,-8.395],[123,-8.406]]]}},{"type":"Feature","properties":{},"geometry":{"type":"Polygon","coordinates":[[[-178,51.72],[-177.962,51.776],[-178.224,51.862],[-178.198,51.91],[-177.952,51.918],[-177.85,51.826],[-177.614,51.855],[-177.819,51.788],[-177.91,51.597],[-178.121,51.678],[-178,51.72]]]}},{"type":"Feature","properties":{},"geometry":{"type":"Polygon","coordinates":[[[57,81.385],[57.967,81.295],[56.49,81.155],[56.315,81.214],[55.557,81.2],[55.612,81.24],[55.448,81.265],[55.705,81.33],[56.595,81.253],[56.397,81.307],[56.483,81.345],[56.357,81.398],[57,81.385]]]}},{"type":"Feature","properties":{},"geometry":{"type":"Polygon","coordinates":[[[-81.719,7.564],[-81.727,7.441],[-81.592,7.327],[-81.764,7.353],[-81.888,7.488],[-81.761,7.648],[-81.719,7.564]]]}},{"type":"Feature","properties":{},"geometry":{"type":"Polygon","coordinates":[[[-53,71.378],[-52.404,71.351],[-52.339,71.282],[-52.652,71.161],[-52.973,71.153],[-53.129,71.21],[-53.181,71.332],[-53,71.378]]]}},{"type":"Feature","properties":{},"geometry":{"type":"Polygon","coordinates":[[[11,33.846],[11.06,33.78],[10.888,33.63],[10.833,33.734],[10.743,33.72],[10.75,33.89],[11,33.846]]]}},{"type":"Feature","properties":{},"geometry":{"type":"Polygon","coordinates":[[[168.217,-16.002],[168.111,-15.683],[168.177,-15.463],[168.28,-15.913],[168.217,-16.002]]]}},{"type":"Feature","properties":{},"geometry":{"type":"Polygon","coordinates":[[[130.376,30.372],[130.497,30.47],[130.672,30.376],[130.526,30.226],[130.435,30.24],[130.376,30.372]]]}},{"type":"Feature","properties":{},"geometry":{"type":"Polygon","coordinates":[[[4,51.617],[3.677,51.689],[3.885,51.825],[4.397,51.71],[4.105,51.671],[3.912,51.795],[3.827,51.741],[4.106,51.66],[4,51.617]]]}},{"type":"Feature","properties":{},"geometry":{"type":"Polygon","coordinates":[[[124.333,11.677],[124.53,11.68],[124.605,11.489],[124.463,11.466],[124.333,11.677]]]}},{"type":"Feature","properties":{},"geometry":{"type":"Polygon","coordinates":[[[-72,70.818],[-72.142,70.818],[-72.251,70.924],[-72.066,70.95],[-71.985,71.06],[-71.368,71.018],[-71.431,70.916],[-72,70.818]]]}},{"type":"Feature","properties":{},"geometry":{"type":"Polygon","coordinates":[[[-87.001,20.443],[-86.926,20.555],[-86.727,20.599],[-86.993,20.267],[-87.001,20.443]]]}},{"type":"Feature","properties":{},"geometry":{"type":"Polygon","coordinates":[[[15.457,68.998],[15.568,69.106],[15.814,69.166],[15.858,69.254],[16.133,69.325],[16.181,69.262],[15.875,69.025],[15.557,68.996],[15.579,68.932],[15.487,68.871],[15.417,68.897],[15.457,68.998]]]}},{"type":"Feature","properties":{},"geometry":{"type":"Polygon","coordinates":[[[52.99,80.15],[52.222,80.255],[52.892,80.303],[52.738,80.338],[53,80.392],[53.33,80.39],[53.943,80.228],[53.485,80.134],[52.99,80.15]]]}},{"type":"Feature","properties":{},"geometry":{"type":"Polygon","coordinates":[[[-95.936,69.458],[-95.965,69.51],[-95.86,69.577],[-95.91,69.602],[-95.78,69.638],[-95.334,69.533],[-95.373,69.4],[-95.535,69.396],[-95.427,69.374],[-95.552,69.321],[-95.733,69.343],[-95.588,69.404],[-95.682,69.567],[-95.814,69.572],[-95.713,69.469],[-95.852,69.371],[-95.805,69.332],[-95.981,69.367],[-95.92,69.375],[-95.936,69.458]]]}},{"type":"Feature","properties":{},"geometry":{"type":"Polygon","coordinates":[[[136,75.401],[135.582,75.388],[135.833,75.857],[135.995,75.693],[136.295,75.615],[136.022,75.488],[136.112,75.442],[136,75.401]]]}},{"type":"Feature","properties":{},"geometry":{"type":"Polygon","coordinates":[[[161.335,-9.346],[161.525,-9.569],[161.546,-9.792],[161.378,-9.66],[161.406,-9.458],[161.335,-9.346]]]}},{"type":"Feature","properties":{},"geometry":{"type":"Polygon","coordinates":[[[-133.765,55.999],[-133.69,56.077],[-133.504,56.078],[-133.627,56.143],[-133.288,56.148],[-133.387,56.083],[-133.291,56.035],[-133.385,55.894],[-133.445,55.922],[-133.331,56.003],[-133.385,56.039],[-133.721,55.9],[-133.815,55.942],[-133.765,55.999]]]}},{"type":"Feature","properties":{},"geometry":{"type":"Polygon","coordinates":[[[-102,75.937],[-102.436,75.874],[-102.572,75.777],[-103.377,75.762],[-102.883,75.928],[-102.147,75.999],[-102,75.937]]]}},{"type":"Feature","properties":{},"geometry":{"type":"Polygon","coordinates":[[[25.441,39.999],[25.356,39.783],[25.235,39.852],[25.254,39.916],[25.18,39.85],[25.238,39.797],[25.045,39.835],[25.037,39.99],[25.233,40.006],[25.291,39.94],[25.441,39.999]]]}},{"type":"Feature","properties":{},"geometry":{"type":"Polygon","coordinates":[[[27,37.707],[26.815,37.637],[26.566,37.732],[26.787,37.812],[27.068,37.78],[27,37.707]]]}},{"type":"Feature","properties":{},"geometry":{"type":"Polygon","coordinates":[[[-180,-16.8],[-179.844,-16.691],[-179.8,-16.789],[-180,-16.981],[-180,-16.8]]]}},{"type":"Feature","properties":{},"geometry":{"type":"Polygon","coordinates":[[[180,-16.981],[179.893,-16.952],[180,-16.8],[180,-16.981]]]}},{"type":"Feature","properties":{},"geometry":{"type":"Polygon","coordinates":[[[-133.002,56.43],[-132.735,56.459],[-132.624,56.392],[-132.659,56.277],[-132.873,56.232],[-133.069,56.33],[-133.002,56.43]]]}},{"type":"Feature","properties":{},"geometry":{"type":"Polygon","coordinates":[[[-74.927,23],[-75.23,23.174],[-75.062,23.127],[-75.347,23.677],[-75.205,23.532],[-75.062,23.145],[-74.854,22.999],[-74.861,22.856],[-74.927,23]]]}},{"type":"Feature","properties":{},"geometry":{"type":"Polygon","coordinates":[[[122.048,29.999],[121.949,30.188],[122.342,30.02],[122.284,29.942],[122.048,29.999]]]}},{"type":"Feature","properties":{},"geometry":{"type":"Polygon","coordinates":[[[-61.716,56.666],[-61.619,56.721],[-61.636,56.865],[-61.546,56.947],[-61.344,56.924],[-61.519,56.789],[-61.333,56.764],[-61.421,56.652],[-61.383,56.602],[-61.572,56.694],[-61.716,56.666]]]}},{"type":"Feature","properties":{},"geometry":{"type":"Polygon","coordinates":[[[-157.366,2],[-157.302,1.974],[-157.336,1.844],[-157.166,1.705],[-157.56,1.872],[-157.392,1.883],[-157.492,2.049],[-157.366,2]]]}},{"type":"Feature","properties":{},"geometry":{"type":"Polygon","coordinates":[[[-24.308,14.998],[-24.342,14.819],[-24.514,14.886],[-24.444,15.02],[-24.308,14.998]]]}},{"type":"Feature","properties":{},"geometry":{"type":"Polygon","coordinates":[[[-75.006,-49.051],[-74.848,-49.091],[-74.893,-49.297],[-75.07,-49.16],[-75.199,-49.169],[-75.118,-49.109],[-75.226,-49.161],[-75.124,-49.027],[-75.046,-49.063],[-75.102,-49.006],[-75.006,-49.051]]]}},{"type":"Feature","properties":{},"geometry":{"type":"Polygon","coordinates":[[[-75,-52.047],[-75.068,-51.996],[-74.943,-51.809],[-74.891,-51.869],[-74.947,-51.931],[-74.813,-51.866],[-74.927,-51.66],[-74.776,-51.645],[-74.819,-51.763],[-74.761,-51.743],[-74.761,-51.828],[-74.879,-51.958],[-74.824,-51.952],[-74.878,-52.075],[-75.01,-52.122],[-75,-52.047]]]}},{"type":"Feature","properties":{},"geometry":{"type":"Polygon","coordinates":[[[148,-40.424],[148.328,-40.293],[148.479,-40.438],[148.345,-40.495],[148.309,-40.431],[148,-40.424]]]}},{"type":"Feature","properties":{},"geometry":{"type":"Polygon","coordinates":[[[-50.316,1.999],[-50.434,1.865],[-50.517,2.09],[-50.394,2.133],[-50.316,1.999]]]}},{"type":"Feature","properties":{},"geometry":{"type":"Polygon","coordinates":[[[-74.001,22.444],[-73.876,22.529],[-74.044,22.612],[-74.03,22.69],[-73.873,22.73],[-73.839,22.538],[-74,22.33],[-74.294,22.166],[-74.001,22.444]]]}},{"type":"Feature","properties":{},"geometry":{"type":"Polygon","coordinates":[[[-100.596,68.999],[-100.3,69.024],[-100.104,68.907],[-100.191,68.854],[-100.13,68.794],[-100.313,68.782],[-100.332,68.702],[-100.48,68.77],[-100.433,68.812],[-100.597,68.769],[-100.596,68.999]]]}},{"type":"Feature","properties":{},"geometry":{"type":"Polygon","coordinates":[[[-146.617,60.358],[-146.733,60.389],[-146.604,60.485],[-146.078,60.404],[-146.633,60.233],[-146.703,60.277],[-146.485,60.364],[-146.617,60.358]]]}},{"type":"Feature","properties":{},"geometry":{"type":"Polygon","coordinates":[[[-74,-52.594],[-73.828,-52.442],[-73.654,-52.49],[-73.726,-52.507],[-73.719,-52.645],[-73.807,-52.727],[-73.956,-52.741],[-73.804,-52.54],[-73.967,-52.667],[-73.872,-52.568],[-74,-52.594]]]}},{"type":"Feature","properties":{},"geometry":{"type":"Polygon","coordinates":[[[98.297,12.644],[98.382,12.662],[98.427,12.515],[98.44,12.606],[98.481,12.576],[98.342,12.311],[98.297,12.644]]]}},{"type":"Feature","properties":{},"geometry":{"type":"Polygon","coordinates":[[[127.093,-0.43],[127.105,-0.28],[127.3,-0.276],[127.257,-0.499],[127.117,-0.526],[127.093,-0.43]]]}},{"type":"Feature","properties":{},"geometry":{"type":"Polygon","coordinates":[[[-76.15,24.999],[-76.153,25.124],[-76.366,25.325],[-76.612,25.44],[-76.793,25.403],[-76.74,25.558],[-76.114,25.128],[-76.175,24.627],[-76.348,24.827],[-76.206,24.793],[-76.15,24.999]]]}},{"type":"Feature","properties":{},"geometry":{"type":"Polygon","coordinates":[[[129.229,34.362],[129.345,34.533],[129.287,34.557],[129.32,34.65],[129.485,34.696],[129.381,34.313],[129.291,34.323],[129.355,34.375],[129.229,34.362]]]}},{"type":"Feature","properties":{},"geometry":{"type":"Polygon","coordinates":[[[-78,69.713],[-77.939,69.641],[-78.067,69.587],[-78.838,69.464],[-78.386,69.7],[-78.248,69.665],[-78.177,69.759],[-78,69.713]]]}},{"type":"Feature","properties":{},"geometry":{"type":"Polygon","coordinates":[[[93.48,18.869],[93.742,18.881],[93.725,18.677],[93.637,18.681],[93.48,18.869]]]}},{"type":"Feature","properties":{},"geometry":{"type":"Polygon","coordinates":[[[98.284,-0.528],[98.347,-0.521],[98.442,-0.246],[98.519,-0.363],[98.505,-0.562],[98.413,-0.605],[98.284,-0.528]]]}},{"type":"Feature","properties":{},"geometry":{"type":"Polygon","coordinates":[[[122.421,12.44],[122.652,12.487],[122.684,12.337],[122.629,12.27],[122.421,12.44]]]}},{"type":"Feature","properties":{},"geometry":{"type":"Polygon","coordinates":[[[-174.002,52.101],[-173.528,52.155],[-173.51,52.093],[-172.954,52.097],[-173.495,52.024],[-174.002,52.101]]]}},{"type":"Feature","properties":{},"geometry":{"type":"Polygon","coordinates":[[[-28.545,38.493],[-28.393,38.56],[-28.03,38.412],[-28.245,38.382],[-28.545,38.493]]]}},{"type":"Feature","properties":{},"geometry":{"type":"Polygon","coordinates":[[[130.999,30.546],[130.967,30.374],[130.871,30.345],[130.848,30.468],[131.057,30.84],[130.999,30.546]]]}},{"type":"Feature","properties":{},"geometry":{"type":"Polygon","coordinates":[[[-122.372,48],[-122.378,47.905],[-122.547,47.967],[-122.611,48.152],[-122.767,48.217],[-122.665,48.403],[-122.506,48.299],[-122.732,48.227],[-122.606,48.208],[-122.541,48.017],[-122.492,48.098],[-122.372,48]]]}},{"type":"Feature","properties":{},"geometry":{"type":"Polygon","coordinates":[[[168.103,-16.69],[168.178,-16.567],[168.465,-16.843],[168.164,-16.806],[168.103,-16.69]]]}},{"type":"Feature","properties":{},"geometry":{"type":"Polygon","coordinates":[[[130.39,-0.936],[130.481,-0.802],[130.548,-0.85],[130.925,-0.787],[130.82,-0.873],[130.39,-0.936]]]}},{"type":"Feature","properties":{},"geometry":{"type":"Polygon","coordinates":[[[-41.891,63.447],[-41.675,63.475],[-41.478,63.399],[-41.429,63.351],[-41.48,63.332],[-41.248,63.32],[-41.109,63.193],[-41.268,63.275],[-41.24,63.2],[-41.375,63.279],[-41.366,63.213],[-41.462,63.225],[-41.891,63.447]]]}},{"type":"Feature","properties":{},"geometry":{"type":"Polygon","coordinates":[[[177.995,-19.108],[178.321,-18.934],[178.495,-18.999],[178.326,-19.06],[178.288,-18.99],[178.164,-19.062],[178.165,-19.16],[177.995,-19.108]]]}},{"type":"Feature","properties":{},"geometry":{"type":"Polygon","coordinates":[[[-160.869,55.321],[-160.732,55.41],[-160.648,55.384],[-160.668,55.301],[-160.526,55.381],[-160.573,55.235],[-160.456,55.193],[-160.558,55.186],[-160.524,55.129],[-160.69,55.212],[-160.826,55.12],[-160.869,55.321]]]}},{"type":"Feature","properties":{},"geometry":{"type":"Polygon","coordinates":[[[115.296,-7.001],[115.194,-6.933],[115.239,-6.825],[115.573,-6.932],[115.37,-6.9],[115.327,-6.935],[115.399,-6.99],[115.296,-7.001]]]}},{"type":"Feature","properties":{},"geometry":{"type":"Polygon","coordinates":[[[-129.001,52.472],[-129.305,52.722],[-129.279,52.828],[-128.926,52.607],[-129.001,52.472]]]}},{"type":"Feature","properties":{},"geometry":{"type":"Polygon","coordinates":[[[39.587,-7.947],[39.91,-7.642],[39.832,-7.915],[39.687,-7.996],[39.587,-7.947]]]}},{"type":"Feature","properties":{},"geometry":{"type":"Polygon","coordinates":[[[-73.805,-45.654],[-73.693,-45.442],[-73.563,-45.463],[-73.565,-45.644],[-73.685,-45.608],[-73.586,-45.687],[-73.633,-45.771],[-73.805,-45.654]]]}},{"type":"Feature","properties":{},"geometry":{"type":"Polygon","coordinates":[[[-69,12.224],[-68.735,12.048],[-69.075,12.198],[-69.161,12.385],[-69.071,12.358],[-69,12.224]]]}},{"type":"Feature","properties":{},"geometry":{"type":"Polygon","coordinates":[[[-135.771,56.998],[-135.863,57.001],[-135.854,57.072],[-135.728,57.169],[-135.836,57.171],[-135.807,57.255],[-135.881,57.226],[-135.867,57.33],[-135.758,57.344],[-135.562,57.137],[-135.636,57.012],[-135.771,56.998]]]}},{"type":"Feature","properties":{},"geometry":{"type":"Polygon","coordinates":[[[117.902,4.171],[117.927,4.067],[117.859,4.036],[117.624,4.222],[117.751,4.264],[117.902,4.171]]]}},{"type":"Feature","properties":{},"geometry":{"type":"Polygon","coordinates":[[[117.049,7.182],[117.058,7.291],[117.273,7.35],[117.254,7.182],[117.073,7.098],[117.049,7.182]]]}},{"type":"Feature","properties":{},"geometry":{"type":"Polygon","coordinates":[[[25.995,70.97],[25.552,70.932],[25.396,70.993],[25.546,71.028],[25.244,71.047],[25.452,71.115],[25.73,71.066],[25.529,71.151],[25.672,71.184],[25.816,71.168],[25.79,71.105],[25.99,71.139],[26.034,71.1],[25.841,71.068],[25.969,71.024],[25.897,71.006],[26.215,71.06],[25.995,70.97]]]}},{"type":"Feature","properties":{},"geometry":{"type":"Polygon","coordinates":[[[-59.449,13.102],[-59.614,13.079],[-59.639,13.327],[-59.422,13.156],[-59.449,13.102]]]}},{"type":"Feature","properties":{},"geometry":{"type":"Polygon","coordinates":[[[13.998,68.264],[14.174,68.26],[13.888,68.205],[13.792,68.16],[13.856,68.122],[13.461,68.087],[13.618,68.173],[13.478,68.15],[13.649,68.236],[13.514,68.248],[13.57,68.288],[13.983,68.348],[13.998,68.264]]]}},{"type":"Feature","properties":{},"geometry":{"type":"Polygon","coordinates":[[[-64.937,62.464],[-64.769,62.492],[-64.849,62.521],[-64.747,62.565],[-64.324,62.488],[-64.488,62.477],[-64.343,62.467],[-64.573,62.362],[-64.937,62.464]]]}},{"type":"Feature","properties":{},"geometry":{"type":"Polygon","coordinates":[[[25.565,36.992],[25.437,36.917],[25.334,37.076],[25.532,37.204],[25.608,37.085],[25.565,36.992]]]}},{"type":"Feature","properties":{},"geometry":{"type":"Polygon","coordinates":[[[154.607,49.357],[154.815,49.636],[154.917,49.612],[154.813,49.47],[154.826,49.295],[154.665,49.266],[154.607,49.357]]]}},{"type":"Feature","properties":{},"geometry":{"type":"Polygon","coordinates":[[[-103,75.948],[-103.658,75.893],[-103.954,75.945],[-102.445,76.098],[-102.267,76.032],[-103,75.948]]]}},{"type":"Feature","properties":{},"geometry":{"type":"Polygon","coordinates":[[[44.203,-12.167],[44.374,-12.18],[44.473,-12.066],[44.527,-12.379],[44.203,-12.167]]]}},{"type":"Feature","properties":{},"geometry":{"type":"Polygon","coordinates":[[[-5.399,55.613],[-5.322,55.705],[-5.198,55.698],[-5.084,55.452],[-5.321,55.466],[-5.399,55.613]]]}},{"type":"Feature","properties":{},"geometry":{"type":"Polygon","coordinates":[[[59.975,80.977],[61.085,81.115],[61.652,81.097],[61.517,81.076],[61.562,81.017],[60.985,80.9],[59.975,80.977]]]}},{"type":"Feature","properties":{},"geometry":{"type":"Polygon","coordinates":[[[-48.585,-27.764],[-48.548,-27.458],[-48.418,-27.382],[-48.36,-27.443],[-48.479,-27.771],[-48.563,-27.84],[-48.585,-27.764]]]}},{"type":"Feature","properties":{},"geometry":{"type":"Polygon","coordinates":[[[123.136,12.999],[123.381,12.695],[122.944,13.027],[122.993,13.162],[123.136,12.999]]]}},{"type":"Feature","properties":{},"geometry":{"type":"Polygon","coordinates":[[[126,9.782],[125.95,9.85],[126.063,10.062],[126.12,9.883],[126.07,9.836],[126.168,9.809],[126.111,9.749],[126,9.782]]]}},{"type":"Feature","properties":{},"geometry":{"type":"Polygon","coordinates":[[[-102,68.618],[-102.336,68.7],[-102,68.827],[-101.7,68.792],[-101.679,68.664],[-101.817,68.657],[-101.817,68.561],[-102,68.618]]]}},{"type":"Feature","properties":{},"geometry":{"type":"Polygon","coordinates":[[[-50.831,-0.575],[-50.852,-0.718],[-51.106,-0.82],[-51.063,-0.68],[-50.831,-0.575]]]}},{"type":"Feature","properties":{},"geometry":{"type":"Polygon","coordinates":[[[98.369,11.776],[98.543,11.786],[98.531,11.515],[98.429,11.563],[98.369,11.776]]]}},{"type":"Feature","properties":{},"geometry":{"type":"Polygon","coordinates":[[[103.446,-0.36],[103.54,-0.22],[103.776,-0.337],[103.446,-0.36]]]}},{"type":"Feature","properties":{},"geometry":{"type":"Polygon","coordinates":[[[168,-15.292],[167.862,-15.488],[167.689,-15.468],[167.821,-15.33],[168,-15.292]]]}},{"type":"Feature","properties":{},"geometry":{"type":"Polygon","coordinates":[[[14,53.855],[13.826,53.85],[13.931,53.897],[13.908,53.989],[13.958,53.935],[14.047,53.996],[13.973,54.063],[13.769,54.019],[13.777,54.173],[14.282,53.923],[14.337,53.808],[14,53.855]]]}},{"type":"Feature","properties":{},"geometry":{"type":"Polygon","coordinates":[[[-51.415,-0.454],[-51.206,-0.148],[-51.117,-0.15],[-51.173,-0.318],[-51.415,-0.454]]]}},{"type":"Feature","properties":{},"geometry":{"type":"Polygon","coordinates":[[[103.965,1],[103.922,1.143],[104.134,1.182],[104.105,0.979],[103.965,1]]]}},{"type":"Feature","properties":{},"geometry":{"type":"Polygon","coordinates":[[[95.997,76.288],[96.158,76.289],[96.127,76.226],[96.37,76.312],[96.702,76.26],[96.578,76.21],[96.593,76.142],[96.522,76.138],[96.558,76.219],[96.477,76.279],[96.395,76.232],[96.492,76.206],[96.248,76.22],[96.472,76.174],[96.357,76.105],[95.301,76.221],[95.35,76.277],[95.53,76.221],[95.997,76.288]]]}},{"type":"Feature","properties":{},"geometry":{"type":"Polygon","coordinates":[[[132.607,-5.602],[132.706,-5.595],[132.775,-5.729],[132.77,-5.948],[132.655,-5.911],[132.695,-5.758],[132.607,-5.602]]]}},{"type":"Feature","properties":{},"geometry":{"type":"Polygon","coordinates":[[[111.288,2.708],[111.327,2.788],[111.383,2.718],[111.422,2.381],[111.367,2.352],[111.288,2.708]]]}},{"type":"Feature","properties":{},"geometry":{"type":"Polygon","coordinates":[[[146.999,-5.318],[147.105,-5.209],[147.218,-5.407],[147.119,-5.444],[146.999,-5.318]]]}},{"type":"Feature","properties":{},"geometry":{"type":"Polygon","coordinates":[[[-74.028,-45.001],[-74.385,-44.989],[-74.145,-44.862],[-73.947,-44.906],[-73.91,-44.971],[-74.086,-44.957],[-74.028,-45.001]]]}},{"type":"Feature","properties":{},"geometry":{"type":"Polygon","coordinates":[[[-128.453,52.744],[-128.146,52.844],[-128.246,52.602],[-128.301,52.696],[-128.293,52.523],[-128.444,52.548],[-128.439,52.676],[-128.351,52.676],[-128.453,52.744]]]}},{"type":"Feature","properties":{},"geometry":{"type":"Polygon","coordinates":[[[20.618,37.863],[20.7,37.935],[20.993,37.7],[20.888,37.734],[20.813,37.648],[20.618,37.863]]]}},{"type":"Feature","properties":{},"geometry":{"type":"Polygon","coordinates":[[[-54,71.114],[-53.64,71.312],[-53.421,71.131],[-53.424,71.069],[-53.575,71.031],[-54,71.114]]]}},{"type":"Feature","properties":{},"geometry":{"type":"Polygon","coordinates":[[[14.8,44.998],[14.735,44.935],[14.43,45.087],[14.525,45.125],[14.553,45.245],[14.8,44.998]]]}},{"type":"Feature","properties":{},"geometry":{"type":"Polygon","coordinates":[[[91,81.224],[91.365,81.194],[91.537,81.103],[91.04,81.036],[90.14,81.08],[90.067,81.16],[91,81.224]]]}},{"type":"Feature","properties":{},"geometry":{"type":"Polygon","coordinates":[[[14.412,45],[14.486,44.953],[14.498,44.605],[14.296,44.906],[14.415,44.948],[14.277,45.103],[14.321,45.175],[14.412,45]]]}},{"type":"Feature","properties":{},"geometry":{"type":"Polygon","coordinates":[[[-97.083,72.994],[-97.095,73.119],[-96.797,73.195],[-96.54,73.037],[-96.684,72.938],[-97.083,72.994]]]}},{"type":"Feature","properties":{},"geometry":{"type":"Polygon","coordinates":[[[-96,75.535],[-96.21,75.461],[-96.417,75.525],[-96.32,75.564],[-96.395,75.578],[-96.522,75.517],[-96.455,75.464],[-96.811,75.356],[-97.017,75.459],[-96.372,75.584],[-96.384,75.65],[-96.313,75.657],[-95.974,75.605],[-95.908,75.573],[-96,75.535]]]}},{"type":"Feature","properties":{},"geometry":{"type":"Polygon","coordinates":[[[-27.381,38.731],[-27.291,38.801],[-27.103,38.787],[-27.042,38.697],[-27.229,38.638],[-27.381,38.731]]]}},{"type":"Feature","properties":{},"geometry":{"type":"Polygon","coordinates":[[[-50.513,-0.004],[-50.637,0.078],[-50.609,0.189],[-50.439,0.123],[-50.431,-0.009],[-50.513,-0.004]]]}},{"type":"Feature","properties":{},"geometry":{"type":"Polygon","coordinates":[[[70.995,66.557],[70.695,66.487],[70.307,66.618],[70.608,66.675],[70.995,66.557]]]}},{"type":"Feature","properties":{},"geometry":{"type":"Polygon","coordinates":[[[56.995,80.945],[56.12,81.11],[57.58,81.029],[58.322,80.907],[57.69,80.821],[56.995,80.945]]]}},{"type":"Feature","properties":{},"geometry":{"type":"Polygon","coordinates":[[[157.19,-8.568],[157.381,-8.413],[157.328,-8.629],[157.409,-8.722],[157.19,-8.568]]]}},{"type":"Feature","properties":{},"geometry":{"type":"Polygon","coordinates":[[[146,-4.525],[146.053,-4.708],[145.925,-4.758],[145.895,-4.593],[146,-4.525]]]}},{"type":"Feature","properties":{},"geometry":{"type":"Polygon","coordinates":[[[16.406,43.318],[16.44,43.394],[16.9,43.315],[16.634,43.255],[16.406,43.318]]]}},{"type":"Feature","properties":{},"geometry":{"type":"Polygon","coordinates":[[[-86.469,69.997],[-87.125,70],[-87.374,70.102],[-86.623,70.123],[-86.469,69.997]]]}},{"type":"Feature","properties":{},"geometry":{"type":"Polygon","coordinates":[[[102.1,-5.337],[102.17,-5.278],[102.366,-5.37],[102.385,-5.492],[102.283,-5.514],[102.1,-5.337]]]}},{"type":"Feature","properties":{},"geometry":{"type":"Polygon","coordinates":[[[120,11.898],[120.072,11.788],[119.942,11.659],[120,11.789],[119.924,11.761],[119.843,11.952],[120,11.898]]]}},{"type":"Feature","properties":{},"geometry":{"type":"Polygon","coordinates":[[[-126.619,50.66],[-126.332,50.835],[-126.153,50.756],[-126.303,50.648],[-126.619,50.66]]]}},{"type":"Feature","properties":{},"geometry":{"type":"Polygon","coordinates":[[[146.069,-18.249],[146.237,-18.3],[146.219,-18.194],[146.296,-18.233],[146.326,-18.485],[146.221,-18.48],[146.069,-18.249]]]}},{"type":"Feature","properties":{},"geometry":{"type":"Polygon","coordinates":[[[41.993,16.69],[41.77,16.812],[41.752,16.899],[42.031,16.716],[42.082,16.826],[42.189,16.715],[42.186,16.593],[41.993,16.69]]]}},{"type":"Feature","properties":{},"geometry":{"type":"Polygon","coordinates":[[[137.016,71.516],[137.462,71.583],[137.991,71.518],[137.705,71.401],[137.016,71.516]]]}},{"type":"Feature","properties":{},"geometry":{"type":"Polygon","coordinates":[[[128.677,35],[128.74,34.789],[128.67,34.811],[128.683,34.736],[128.577,34.701],[128.592,34.844],[128.511,34.807],[128.473,34.878],[128.636,34.895],[128.588,34.952],[128.677,35]]]}},{"type":"Feature","properties":{},"geometry":{"type":"Polygon","coordinates":[[[-105.003,68.501],[-105.079,68.558],[-104.824,68.594],[-104.388,68.466],[-104.574,68.397],[-105.003,68.501]]]}},{"type":"Feature","properties":{},"geometry":{"type":"Polygon","coordinates":[[[-127.949,51.998],[-128.065,51.792],[-128.146,51.823],[-128.129,51.89],[-128.252,51.882],[-128.137,51.94],[-128.208,51.954],[-128.113,52.074],[-127.948,52.064],[-127.949,51.998]]]}},{"type":"Feature","properties":{},"geometry":{"type":"Polygon","coordinates":[[[117.199,3.538],[117.279,3.593],[117.625,3.483],[117.503,3.507],[117.483,3.434],[117.199,3.538]]]}},{"type":"Feature","properties":{},"geometry":{"type":"Polygon","coordinates":[[[-47.009,82.969],[-47.592,83.02],[-46.873,83.097],[-45.938,82.972],[-46.021,82.925],[-45.738,82.863],[-46.929,82.854],[-47.712,82.97],[-47.009,82.969]]]}},{"type":"Feature","properties":{},"geometry":{"type":"Polygon","coordinates":[[[24.511,40.657],[24.651,40.802],[24.787,40.737],[24.777,40.608],[24.647,40.569],[24.511,40.657]]]}},{"type":"Feature","properties":{},"geometry":{"type":"Polygon","coordinates":[[[74.106,72.998],[74.392,73.111],[74.914,73.033],[74.711,73.066],[74.639,72.943],[74.709,72.883],[74.632,72.855],[74.106,72.998]]]}},{"type":"Feature","properties":{},"geometry":{"type":"Polygon","coordinates":[[[121.69,-10.573],[121.882,-10.43],[121.999,-10.453],[121.883,-10.615],[121.69,-10.573]]]}},{"type":"Feature","properties":{},"geometry":{"type":"Polygon","coordinates":[[[25,37.771],[24.952,37.683],[24.689,37.963],[24.792,37.999],[24.84,37.91],[24.957,37.9],[25,37.771]]]}},{"type":"Feature","properties":{},"geometry":{"type":"Polygon","coordinates":[[[73.244,-53.004],[73.3,-52.96],[73.848,-53.115],[73.468,-53.195],[73.361,-53.024],[73.244,-53.004]]]}},{"type":"Feature","properties":{},"geometry":{"type":"Polygon","coordinates":[[[-1.588,50.662],[-1.313,50.767],[-1.072,50.687],[-1.297,50.573],[-1.588,50.662]]]}},{"type":"Feature","properties":{},"geometry":{"type":"Polygon","coordinates":[[[-80,-2.401],[-79.861,-2.258],[-79.916,-2.59],[-79.98,-2.513],[-79.877,-2.436],[-79.937,-2.4],[-79.94,-2.505],[-80.032,-2.505],[-80,-2.401]]]}},{"type":"Feature","properties":{},"geometry":{"type":"Polygon","coordinates":[[[-75,-48.006],[-75.262,-48.047],[-75.141,-47.993],[-75.24,-47.97],[-75.053,-47.912],[-74.803,-48.042],[-74.872,-48.1],[-75.067,-48.052],[-74.838,-48.117],[-74.873,-48.178],[-75.16,-48.074],[-75,-48.006]]]}},{"type":"Feature","properties":{},"geometry":{"type":"Polygon","coordinates":[[[156.176,50.707],[156.371,50.843],[156.511,50.84],[156.416,50.637],[156.176,50.707]]]}},{"type":"Feature","properties":{},"geometry":{"type":"Polygon","coordinates":[[[-6.773,62],[-7.261,62.175],[-7.22,62.307],[-7.089,62.282],[-6.773,62]]]}},{"type":"Feature","properties":{},"geometry":{"type":"Polygon","coordinates":[[[-72.371,40.996],[-71.854,41.07],[-72.473,40.84],[-72.412,40.868],[-72.5,40.895],[-72.371,40.996]]]}},{"type":"Feature","properties":{},"geometry":{"type":"Polygon","coordinates":[[[-129,53.564],[-129.168,53.381],[-129.183,53.624],[-128.838,53.712],[-128.887,53.562],[-129,53.564]]]}},{"type":"Feature","properties":{},"geometry":{"type":"Polygon","coordinates":[[[-75.002,-51.374],[-75.069,-51.369],[-75.088,-51.489],[-75.149,-51.416],[-75.139,-51.6],[-75.301,-51.635],[-75.306,-51.548],[-75.191,-51.504],[-75.219,-51.408],[-75.144,-51.396],[-75.224,-51.342],[-75.183,-51.297],[-75.104,-51.255],[-75.136,-51.389],[-75.073,-51.298],[-74.973,-51.322],[-75.002,-51.374]]]}},{"type":"Feature","properties":{},"geometry":{"type":"Polygon","coordinates":[[[-115.366,28.104],[-115.231,28.379],[-115.179,28.036],[-115.366,28.104]]]}},{"type":"Feature","properties":{},"geometry":{"type":"Polygon","coordinates":[[[-8.167,71.142],[-7.929,71.146],[-7.99,71.019],[-8.576,70.959],[-8.982,70.827],[-9.061,70.876],[-8.167,71.142]]]}},{"type":"Feature","properties":{},"geometry":{"type":"Polygon","coordinates":[[[134.47,7.443],[134.635,7.726],[134.597,7.347],[134.542,7.322],[134.47,7.443]]]}},{"type":"Feature","properties":{},"geometry":{"type":"Polygon","coordinates":[[[55.975,80.595],[55.332,80.688],[55.835,80.744],[56.385,80.758],[56.987,80.666],[55.975,80.595]]]}},{"type":"Feature","properties":{},"geometry":{"type":"Polygon","coordinates":[[[136.998,54.916],[136.666,54.91],[137.022,55.102],[137.2,55.112],[136.998,54.916]]]}},{"type":"Feature","properties":{},"geometry":{"type":"Polygon","coordinates":[[[-17.345,28.102],[-17.256,28.216],[-17.093,28.093],[-17.244,28.016],[-17.345,28.102]]]}},{"type":"Feature","properties":{},"geometry":{"type":"Polygon","coordinates":[[[-157.001,20.841],[-157.058,20.916],[-156.938,20.928],[-156.807,20.814],[-156.966,20.735],[-157.001,20.841]]]}},{"type":"Feature","properties":{},"geometry":{"type":"Polygon","coordinates":[[[-6,55.99],[-5.701,56.147],[-5.965,55.791],[-6.074,55.812],[-6.091,55.9],[-5.852,55.978],[-6,55.99]]]}},{"type":"Feature","properties":{},"geometry":{"type":"Polygon","coordinates":[[[45.036,-12.721],[45.104,-12.649],[45.235,-12.752],[45.192,-12.986],[45.076,-12.962],[45.068,-12.898],[45.147,-12.917],[45.036,-12.721]]]}},{"type":"Feature","properties":{},"geometry":{"type":"Polygon","coordinates":[[[-75.299,-49.001],[-75.368,-49.056],[-75.256,-49.102],[-75.387,-49.204],[-75.473,-49.168],[-75.434,-49.247],[-75.634,-49.221],[-75.299,-49.001]]]}},{"type":"Feature","properties":{},"geometry":{"type":"Polygon","coordinates":[[[147.09,-43.422],[147.168,-43.465],[147.178,-43.354],[147.352,-43.264],[147.381,-43.184],[147.273,-43.163],[147.36,-43.065],[147.435,-43.244],[147.322,-43.307],[147.383,-43.369],[147.325,-43.505],[147.235,-43.414],[147.146,-43.499],[147.09,-43.422]]]}},{"type":"Feature","properties":{},"geometry":{"type":"Polygon","coordinates":[[[99.64,6.425],[99.833,6.481],[99.919,6.337],[99.73,6.259],[99.64,6.425]]]}},{"type":"Feature","properties":{},"geometry":{"type":"Polygon","coordinates":[[[-177.708,51.703],[-177.237,51.8],[-177.185,51.943],[-177.051,51.908],[-177.148,51.706],[-177.708,51.703]]]}},{"type":"Feature","properties":{},"geometry":{"type":"Polygon","coordinates":[[[-75.764,24.672],[-75.626,24.635],[-75.295,24.135],[-75.535,24.148],[-75.398,24.248],[-75.764,24.672]]]}},{"type":"Feature","properties":{},"geometry":{"type":"Polygon","coordinates":[[[-74,-52.051],[-74.116,-52.018],[-73.971,-52.041],[-74.102,-51.981],[-74.045,-51.896],[-74.007,-51.994],[-73.958,-51.941],[-73.794,-52.037],[-73.644,-52.222],[-73.846,-52.136],[-73.836,-52.032],[-73.873,-52.095],[-74,-52.051]]]}},{"type":"Feature","properties":{},"geometry":{"type":"Polygon","coordinates":[[[-50.195,0.884],[-50.009,0.898],[-50.144,0.743],[-50.293,0.763],[-50.195,0.884]]]}},{"type":"Feature","properties":{},"geometry":{"type":"Polygon","coordinates":[[[-74.514,-51.713],[-74.289,-51.764],[-74.307,-51.828],[-74.146,-51.845],[-74.192,-51.892],[-74.056,-51.881],[-74.109,-51.987],[-74.393,-51.893],[-74.438,-51.849],[-74.373,-51.818],[-74.514,-51.713]]]}},{"type":"Feature","properties":{},"geometry":{"type":"Polygon","coordinates":[[[128,-8.26],[127.762,-8.114],[128.102,-8.14],[128,-8.26]]]}},{"type":"Feature","properties":{},"geometry":{"type":"Polygon","coordinates":[[[160.132,-9.003],[160.414,-9.137],[160.223,-9.192],[160.293,-9.108],[160.105,-9.098],[160.061,-9.044],[160.132,-9.003]]]}},{"type":"Feature","properties":{},"geometry":{"type":"Polygon","coordinates":[[[-74.003,-45.252],[-73.807,-45.254],[-73.762,-45.352],[-74.109,-45.31],[-74.094,-45.365],[-74.151,-45.227],[-74.003,-45.252]]]}},{"type":"Feature","properties":{},"geometry":{"type":"Polygon","coordinates":[[[-140.255,-8.847],[-140.226,-8.787],[-140.01,-8.795],[-140.008,-8.921],[-140.052,-8.876],[-140.188,-8.965],[-140.255,-8.847]]]}},{"type":"Feature","properties":{},"geometry":{"type":"Polygon","coordinates":[[[23.381,39.999],[23.321,40.198],[23.754,39.919],[23.381,39.999]]]}},{"type":"Feature","properties":{},"geometry":{"type":"Polygon","coordinates":[[[-55.013,72.828],[-54.921,72.809],[-55.331,72.658],[-55.338,72.59],[-55.553,72.56],[-55.459,72.613],[-55.59,72.652],[-55.824,72.611],[-55.612,72.756],[-55.013,72.828]]]}},{"type":"Feature","properties":{},"geometry":{"type":"Polygon","coordinates":[[[131,-8.094],[131.068,-8.162],[131.175,-8.133],[130.756,-8.345],[131,-8.094]]]}},{"type":"Feature","properties":{},"geometry":{"type":"Polygon","coordinates":[[[-131.596,54.999],[-131.652,55.037],[-131.534,55.138],[-131.611,55.175],[-131.596,55.273],[-131.391,55.203],[-131.39,55.012],[-131.553,55.095],[-131.596,54.999]]]}},{"type":"Feature","properties":{},"geometry":{"type":"Polygon","coordinates":[[[97.445,16.477],[97.612,16.484],[97.556,16.225],[97.457,16.314],[97.445,16.477]]]}},{"type":"Feature","properties":{},"geometry":{"type":"Polygon","coordinates":[[[-78.704,22.54],[-78.379,22.551],[-78.271,22.429],[-78.548,22.436],[-78.704,22.54]]]}},{"type":"Feature","properties":{},"geometry":{"type":"Polygon","coordinates":[[[-24.435,16.626],[-24.348,16.682],[-24.015,16.566],[-24.238,16.592],[-24.322,16.48],[-24.435,16.626]]]}},{"type":"Feature","properties":{},"geometry":{"type":"Polygon","coordinates":[[[158.105,6.925],[158.26,6.973],[158.335,6.845],[158.157,6.804],[158.105,6.925]]]}},{"type":"Feature","properties":{},"geometry":{"type":"Polygon","coordinates":[[[-74.964,-50.779],[-74.879,-50.785],[-74.933,-50.713],[-74.814,-50.735],[-74.932,-50.675],[-74.776,-50.707],[-74.84,-50.658],[-74.718,-50.692],[-74.794,-50.742],[-74.692,-50.794],[-74.786,-50.808],[-74.703,-50.833],[-74.725,-50.889],[-74.641,-50.815],[-74.77,-50.901],[-74.922,-50.875],[-74.851,-50.832],[-74.936,-50.804],[-74.851,-50.812],[-74.964,-50.779]]]}},{"type":"Feature","properties":{},"geometry":{"type":"Polygon","coordinates":[[[-61.284,13.204],[-61.146,13.375],[-61.173,13.12],[-61.284,13.204]]]}},{"type":"Feature","properties":{},"geometry":{"type":"Polygon","coordinates":[[[151.999,46.887],[151.798,46.768],[151.722,46.858],[151.864,46.858],[152.195,47.165],[152.289,47.154],[151.999,46.887]]]}},{"type":"Feature","properties":{},"geometry":{"type":"Polygon","coordinates":[[[126.089,34.419],[126.24,34.484],[126.243,34.589],[126.381,34.506],[126.337,34.4],[126.181,34.35],[126.089,34.419]]]}},{"type":"Feature","properties":{},"geometry":{"type":"Polygon","coordinates":[[[23.992,70.69],[24.136,70.596],[23.98,70.517],[23.775,70.508],[23.599,70.6],[23.694,70.663],[23.621,70.697],[23.669,70.745],[23.992,70.69]]]}},{"type":"Feature","properties":{},"geometry":{"type":"Polygon","coordinates":[[[-79,75.886],[-78.879,75.84],[-79.301,75.875],[-79.393,75.798],[-79.754,75.881],[-78.948,76.121],[-78.801,76.09],[-78.832,76.05],[-79.176,75.949],[-79,75.886]]]}},{"type":"Feature","properties":{},"geometry":{"type":"Polygon","coordinates":[[[-78.652,56.337],[-78.672,56.17],[-78.892,56.107],[-78.788,56.288],[-78.852,56.268],[-78.845,56.345],[-78.704,56.438],[-78.652,56.337]]]}},{"type":"Feature","properties":{},"geometry":{"type":"Polygon","coordinates":[[[134.94,-1.003],[134.946,-1.128],[134.85,-1.137],[134.8,-0.958],[134.887,-0.93],[134.94,-1.003]]]}},{"type":"Feature","properties":{},"geometry":{"type":"Polygon","coordinates":[[[91.019,22.098],[91.103,22.465],[91.173,22.238],[91.019,22.098]]]}},{"type":"Feature","properties":{},"geometry":{"type":"Polygon","coordinates":[[[149.505,-1.421],[149.583,-1.32],[149.75,-1.523],[149.505,-1.421]]]}},{"type":"Feature","properties":{},"geometry":{"type":"Polygon","coordinates":[[[98.418,-0.002],[98.57,-0.28],[98.555,-0.395],[98.29,-0.02],[98.418,-0.002]]]}},{"type":"Feature","properties":{},"geometry":{"type":"Polygon","coordinates":[[[167.403,-14.327],[167.428,-14.192],[167.596,-14.189],[167.561,-14.34],[167.403,-14.327]]]}},{"type":"Feature","properties":{},"geometry":{"type":"Polygon","coordinates":[[[-73.894,-44.597],[-73.801,-44.659],[-73.815,-44.56],[-73.669,-44.535],[-73.6,-44.625],[-73.723,-44.729],[-73.575,-44.707],[-73.755,-44.749],[-73.894,-44.597]]]}},{"type":"Feature","properties":{},"geometry":{"type":"Polygon","coordinates":[[[-45.463,-23.887],[-45.336,-23.721],[-45.23,-23.775],[-45.29,-23.865],[-45.245,-23.962],[-45.463,-23.887]]]}},{"type":"Feature","properties":{},"geometry":{"type":"Polygon","coordinates":[[[95.867,76.998],[95.255,76.963],[95.547,77.036],[96.51,77.19],[96.615,77.13],[96.27,76.983],[95.673,76.907],[96.038,76.995],[95.867,76.998]]]}},{"type":"Feature","properties":{},"geometry":{"type":"Polygon","coordinates":[[[58,81.495],[58.562,81.429],[58.15,81.372],[56.812,81.462],[57.405,81.56],[58,81.495]]]}},{"type":"Feature","properties":{},"geometry":{"type":"Polygon","coordinates":[[[128.598,32.613],[128.667,32.63],[128.651,32.777],[128.769,32.732],[128.811,32.798],[128.896,32.655],[128.772,32.644],[128.773,32.575],[128.598,32.613]]]}},{"type":"Feature","properties":{},"geometry":{"type":"Polygon","coordinates":[[[143.18,-8.425],[143.473,-8.524],[143.637,-8.703],[143.18,-8.425]]]}},{"type":"Feature","properties":{},"geometry":{"type":"Polygon","coordinates":[[[117.475,-8.364],[117.485,-8.184],[117.69,-8.172],[117.532,-8.395],[117.475,-8.364]]]}},{"type":"Feature","properties":{},"geometry":{"type":"Polygon","coordinates":[[[-128,51.474],[-128.091,51.481],[-128.157,51.668],[-127.957,51.649],[-127.888,51.428],[-128,51.474]]]}},{"type":"Feature","properties":{},"geometry":{"type":"Polygon","coordinates":[[[120,10.566],[119.932,10.507],[119.886,10.553],[119.925,10.487],[119.808,10.444],[119.741,10.527],[119.828,10.655],[120,10.566]]]}},{"type":"Feature","properties":{},"geometry":{"type":"Polygon","coordinates":[[[-166.008,54.054],[-166.115,54.122],[-165.987,54.22],[-165.664,54.128],[-166.008,54.054]]]}},{"type":"Feature","properties":{},"geometry":{"type":"Polygon","coordinates":[[[5.337,60.539],[5.488,60.525],[5.436,60.568],[5.611,60.692],[5.729,60.688],[5.707,60.47],[5.532,60.427],[5.337,60.539]]]}},{"type":"Feature","properties":{},"geometry":{"type":"Polygon","coordinates":[[[119.379,-8.59],[119.453,-8.428],[119.575,-8.489],[119.58,-8.593],[119.459,-8.609],[119.472,-8.747],[119.386,-8.738],[119.379,-8.59]]]}},{"type":"Feature","properties":{},"geometry":{"type":"Polygon","coordinates":[[[123.575,12.632],[123.621,12.695],[123.722,12.617],[123.787,12.34],[123.575,12.632]]]}},{"type":"Feature","properties":{},"geometry":{"type":"Polygon","coordinates":[[[167.376,-13.842],[167.47,-13.717],[167.58,-13.878],[167.448,-13.969],[167.376,-13.842]]]}},{"type":"Feature","properties":{},"geometry":{"type":"Polygon","coordinates":[[[5.998,62.302],[5.767,62.204],[5.529,62.226],[5.649,62.217],[5.529,62.247],[5.567,62.295],[5.847,62.292],[5.766,62.324],[5.864,62.323],[5.814,62.377],[5.898,62.423],[6.118,62.355],[5.998,62.302]]]}},{"type":"Feature","properties":{},"geometry":{"type":"Polygon","coordinates":[[[-101.004,76.724],[-100.259,76.745],[-101.334,76.558],[-101.703,76.595],[-101.004,76.724]]]}},{"type":"Feature","properties":{},"geometry":{"type":"Polygon","coordinates":[[[132.58,-11.002],[132.588,-11.358],[132.461,-11.037],[132.58,-11.002]]]}},{"type":"Feature","properties":{},"geometry":{"type":"Polygon","coordinates":[[[63,81.578],[62.15,81.728],[63.6,81.69],[63.787,81.639],[63.737,81.603],[63,81.578]]]}},{"type":"Feature","properties":{},"geometry":{"type":"Polygon","coordinates":[[[-139.002,-9.698],[-138.801,-9.744],[-139.045,-9.861],[-139.167,-9.775],[-139.002,-9.698]]]}},{"type":"Feature","properties":{},"geometry":{"type":"Polygon","coordinates":[[[51,79.907],[49.752,79.968],[50.56,79.988],[51.02,80.101],[51.298,80.048],[51.181,79.998],[51.332,79.906],[51,79.907]]]}},{"type":"Feature","properties":{},"geometry":{"type":"Polygon","coordinates":[[[54.985,80.715],[54.018,80.823],[55.09,80.878],[55.882,80.767],[54.985,80.715]]]}},{"type":"Feature","properties":{},"geometry":{"type":"Polygon","coordinates":[[[117,7.809],[116.927,7.939],[116.965,8.058],[117.066,8.085],[117.085,7.907],[117,7.809]]]}},{"type":"Feature","properties":{},"geometry":{"type":"Polygon","coordinates":[[[123.451,9.192],[123.623,9.305],[123.701,9.147],[123.587,9.098],[123.451,9.192]]]}},{"type":"Feature","properties":{},"geometry":{"type":"Polygon","coordinates":[[[136.194,73.999],[136.309,73.917],[136.069,73.903],[135.486,74.137],[135.45,74.233],[136.194,73.999]]]}},{"type":"Feature","properties":{},"geometry":{"type":"Polygon","coordinates":[[[-153.276,56.997],[-153.372,57.045],[-153.278,57.107],[-153.404,57.082],[-153.277,57.208],[-153.162,57.188],[-153.209,57.137],[-153.062,57.191],[-153.09,57.113],[-153.051,57.175],[-152.873,57.17],[-153.18,57.096],[-153.276,56.997]]]}},{"type":"Feature","properties":{},"geometry":{"type":"Polygon","coordinates":[[[82,75.179],[81.965,75.304],[81.773,75.26],[81.652,75.33],[81.887,75.151],[81.608,75.303],[81.867,75.455],[81.738,75.388],[81.985,75.365],[81.915,75.436],[82.102,75.487],[81.898,75.464],[81.977,75.504],[82.295,75.505],[82.178,75.476],[82.235,75.409],[82.122,75.422],[82.362,75.32],[82.068,75.317],[82.102,75.253],[82.047,75.146],[82,75.179]]]}},{"type":"Feature","properties":{},"geometry":{"type":"Polygon","coordinates":[[[-80.003,56.191],[-80.109,56.2],[-80.047,56.305],[-79.667,56.365],[-79.536,56.538],[-79.655,56.323],[-80.003,56.191]]]}},{"type":"Feature","properties":{},"geometry":{"type":"Polygon","coordinates":[[[-61.782,11.999],[-61.727,12.183],[-61.613,12.226],[-61.638,12.042],[-61.782,11.999]]]}},{"type":"Feature","properties":{},"geometry":{"type":"Polygon","coordinates":[[[9.995,54.855],[9.641,55.04],[9.767,55.082],[10.002,54.986],[10.074,54.875],[9.995,54.855]]]}},{"type":"Feature","properties":{},"geometry":{"type":"Polygon","coordinates":[[[-173.005,60.483],[-173.068,60.543],[-172.925,60.603],[-172.773,60.446],[-172.224,60.311],[-172.602,60.315],[-173.005,60.483]]]}},{"type":"Feature","properties":{},"geometry":{"type":"Polygon","coordinates":[[[103.344,0.801],[103.38,0.897],[103.506,0.771],[103.459,0.635],[103.344,0.801]]]}},{"type":"Feature","properties":{},"geometry":{"type":"Polygon","coordinates":[[[98.525,0.129],[98.794,0.172],[98.853,0.081],[98.525,0.129]]]}},{"type":"Feature","properties":{},"geometry":{"type":"Polygon","coordinates":[[[-7.458,57.241],[-7.431,57.387],[-7.271,57.381],[-7.192,57.3],[-7.363,57.244],[-7.244,57.164],[-7.353,57.155],[-7.211,57.117],[-7.398,57.113],[-7.458,57.241]]]}},{"type":"Feature","properties":{},"geometry":{"type":"Polygon","coordinates":[[[-7.551,57.602],[-7.315,57.695],[-7.062,57.642],[-7.216,57.64],[-7.103,57.595],[-7.223,57.563],[-7.136,57.555],[-7.163,57.509],[-7.551,57.602]]]}},{"type":"Feature","properties":{},"geometry":{"type":"Polygon","coordinates":[[[-161.001,58.721],[-160.678,58.819],[-160.88,58.576],[-161.075,58.546],[-161.177,58.695],[-161.081,58.638],[-161.001,58.721]]]}},{"type":"Feature","properties":{},"geometry":{"type":"Polygon","coordinates":[[[-74,-52.165],[-73.759,-52.271],[-73.722,-52.422],[-73.889,-52.391],[-73.766,-52.363],[-73.994,-52.273],[-74.091,-52.177],[-74,-52.165]]]}},{"type":"Feature","properties":{},"geometry":{"type":"Polygon","coordinates":[[[-96.566,69.562],[-96.284,69.527],[-96.147,69.585],[-96.051,69.493],[-96.104,69.351],[-96.552,69.486],[-96.699,69.587],[-96.566,69.562]]]}},{"type":"Feature","properties":{},"geometry":{"type":"Polygon","coordinates":[[[103.134,0.567],[103.214,0.708],[103.305,0.602],[103.168,0.497],[103.134,0.567]]]}},{"type":"Feature","properties":{},"geometry":{"type":"Polygon","coordinates":[[[-86.287,78.998],[-85.782,79.071],[-85.154,79.023],[-86.202,78.895],[-86.477,78.897],[-86.287,78.998]]]}},{"type":"Feature","properties":{},"geometry":{"type":"Polygon","coordinates":[[[-44,59.953],[-43.648,59.846],[-43.79,59.795],[-43.777,59.878],[-43.898,59.767],[-43.895,59.878],[-44.07,59.783],[-44.116,59.857],[-44,59.953]]]}},{"type":"Feature","properties":{},"geometry":{"type":"Polygon","coordinates":[[[-60.565,11.247],[-60.849,11.149],[-60.56,11.341],[-60.565,11.247]]]}},{"type":"Feature","properties":{},"geometry":{"type":"Polygon","coordinates":[[[27.054,35.597],[27.23,35.831],[27.151,35.612],[27.231,35.473],[27.141,35.397],[27.054,35.597]]]}},{"type":"Feature","properties":{},"geometry":{"type":"Polygon","coordinates":[[[179,51.505],[178.617,51.642],[178.902,51.617],[179.28,51.391],[179.467,51.373],[179.237,51.35],[179,51.505]]]}},{"type":"Feature","properties":{},"geometry":{"type":"Polygon","coordinates":[[[53.621,24.163],[53.847,24.272],[53.972,24.178],[53.78,24.117],[53.621,24.163]]]}},{"type":"Feature","properties":{},"geometry":{"type":"Polygon","coordinates":[[[-160.148,54.998],[-160.086,55.038],[-160.189,55.116],[-160.008,55.101],[-160.063,55.201],[-159.957,55.161],[-159.88,55.29],[-159.914,55.146],[-159.815,55.18],[-159.83,55.127],[-159.948,55.125],[-159.933,55.066],[-160.227,54.862],[-160.261,54.933],[-160.148,54.998]]]}},{"type":"Feature","properties":{},"geometry":{"type":"Polygon","coordinates":[[[17,43.114],[16.367,43.197],[16.567,43.18],[16.561,43.237],[17.197,43.127],[17,43.114]]]}},{"type":"Feature","properties":{},"geometry":{"type":"Polygon","coordinates":[[[20.54,38.561],[20.6,38.781],[20.721,38.849],[20.723,38.626],[20.54,38.561]]]}},{"type":"Feature","properties":{},"geometry":{"type":"Polygon","coordinates":[[[127.998,34.835],[128.066,34.819],[128.02,34.703],[127.945,34.777],[127.86,34.728],[127.807,34.857],[127.896,34.946],[127.908,34.839],[127.998,34.835]]]}},{"type":"Feature","properties":{},"geometry":{"type":"Polygon","coordinates":[[[-74.002,-51.661],[-73.971,-51.705],[-74.056,-51.725],[-73.943,-51.725],[-73.948,-51.81],[-74.246,-51.723],[-74.178,-51.652],[-74.091,-51.685],[-74.156,-51.595],[-74.044,-51.603],[-74.124,-51.555],[-74.058,-51.532],[-74.002,-51.661]]]}},{"type":"Feature","properties":{},"geometry":{"type":"Polygon","coordinates":[[[-71.817,21.839],[-71.674,21.834],[-71.64,21.715],[-71.878,21.74],[-71.817,21.839]]]}},{"type":"Feature","properties":{},"geometry":{"type":"Polygon","coordinates":[[[-92,29.609],[-91.703,29.568],[-91.822,29.472],[-92.025,29.563],[-92,29.609]]]}},{"type":"Feature","properties":{},"geometry":{"type":"Polygon","coordinates":[[[175.304,-36.203],[175.398,-36.04],[175.532,-36.348],[175.304,-36.203]]]}},{"type":"Feature","properties":{},"geometry":{"type":"Polygon","coordinates":[[[-124.638,49.746],[-124.601,49.803],[-124.358,49.711],[-124.123,49.492],[-124.638,49.746]]]}},{"type":"Feature","properties":{},"geometry":{"type":"Polygon","coordinates":[[[-79.642,51.997],[-79.343,52.096],[-79.247,52.059],[-79.366,52.029],[-79.315,51.974],[-79.375,51.926],[-79.625,51.904],[-79.642,51.997]]]}},{"type":"Feature","properties":{},"geometry":{"type":"Polygon","coordinates":[[[-20.241,81.985],[-20.018,81.87],[-20.542,81.883],[-21.201,82.058],[-21.246,82.144],[-21.008,82.178],[-20.241,81.985]]]}},{"type":"Feature","properties":{},"geometry":{"type":"Polygon","coordinates":[[[168.145,-15.001],[168.174,-15.111],[168.208,-15.348],[168.172,-15.362],[168.129,-14.929],[168.145,-15.001]]]}},{"type":"Feature","properties":{},"geometry":{"type":"Polygon","coordinates":[[[-112.17,24.91],[-112.247,24.841],[-112.059,24.541],[-112.176,24.653],[-112.156,24.748],[-112.305,24.793],[-112.146,25.27],[-112.17,24.91]]]}},{"type":"Feature","properties":{},"geometry":{"type":"Polygon","coordinates":[[[110.235,20.998],[110.394,21.097],[110.552,21.062],[110.522,20.925],[110.467,20.999],[110.235,20.998]]]}},{"type":"Feature","properties":{},"geometry":{"type":"Polygon","coordinates":[[[126.351,37.79],[126.51,37.782],[126.536,37.615],[126.371,37.612],[126.351,37.79]]]}},{"type":"Feature","properties":{},"geometry":{"type":"Polygon","coordinates":[[[153.999,-11.365],[154.21,-11.293],[154.283,-11.397],[154.062,-11.425],[153.999,-11.365]]]}},{"type":"Feature","properties":{},"geometry":{"type":"Polygon","coordinates":[[[-49.003,-1.776],[-49.153,-1.863],[-48.908,-1.578],[-49.003,-1.776]]]}},{"type":"Feature","properties":{},"geometry":{"type":"Polygon","coordinates":[[[59,81.729],[58.12,81.694],[57.937,81.737],[58.062,81.781],[57.887,81.812],[59.255,81.857],[59.357,81.829],[59.312,81.755],[59,81.729]]]}},{"type":"Feature","properties":{},"geometry":{"type":"Polygon","coordinates":[[[77,79.583],[77.59,79.485],[76.773,79.474],[76.121,79.639],[77,79.583]]]}},{"type":"Feature","properties":{},"geometry":{"type":"Polygon","coordinates":[[[-7.002,62.338],[-6.901,62.315],[-6.935,62.237],[-6.852,62.295],[-6.591,62.131],[-6.703,62.143],[-6.626,62.112],[-6.692,62.057],[-6.769,62.172],[-6.849,62.197],[-6.763,62.091],[-6.994,62.192],[-7.118,62.302],[-7.002,62.338]]]}},{"type":"Feature","properties":{},"geometry":{"type":"Polygon","coordinates":[[[27,36.754],[26.955,36.674],[26.922,36.763],[27.161,36.888],[27.358,36.859],[27,36.754]]]}},{"type":"Feature","properties":{},"geometry":{"type":"Polygon","coordinates":[[[-64.896,60.418],[-64.683,60.503],[-64.526,60.429],[-64.545,60.377],[-64.424,60.395],[-64.493,60.339],[-64.398,60.288],[-64.896,60.418]]]}},{"type":"Feature","properties":{},"geometry":{"type":"Polygon","coordinates":[[[15,44.531],[15.253,44.324],[15.112,44.317],[15.112,44.382],[14.907,44.482],[14.732,44.705],[15,44.531]]]}},{"type":"Feature","properties":{},"geometry":{"type":"Polygon","coordinates":[[[10.897,54.999],[10.739,54.743],[10.668,54.74],[10.596,54.838],[10.728,54.877],[10.676,54.911],[10.942,55.164],[10.897,54.999]]]}},{"type":"Feature","properties":{},"geometry":{"type":"Polygon","coordinates":[[[37.584,-46.937],[37.694,-46.824],[37.911,-46.901],[37.834,-46.982],[37.584,-46.937]]]}},{"type":"Feature","properties":{},"geometry":{"type":"Polygon","coordinates":[[[79.99,80.833],[79.077,80.865],[79.78,80.967],[80.462,80.912],[79.99,80.833]]]}},{"type":"Feature","properties":{},"geometry":{"type":"Polygon","coordinates":[[[-147.918,60.225],[-147.732,60.321],[-147.884,60.325],[-147.808,60.338],[-147.871,60.359],[-147.782,60.382],[-147.856,60.391],[-147.78,60.484],[-147.789,60.418],[-147.711,60.431],[-147.723,60.509],[-147.626,60.477],[-147.611,60.424],[-147.761,60.382],[-147.619,60.366],[-147.769,60.262],[-147.699,60.245],[-147.759,60.155],[-147.846,60.194],[-147.773,60.232],[-147.918,60.225]]]}},{"type":"Feature","properties":{},"geometry":{"type":"Polygon","coordinates":[[[-18,27.647],[-18.16,27.756],[-17.913,27.851],[-17.877,27.798],[-18,27.647]]]}},{"type":"Feature","properties":{},"geometry":{"type":"Polygon","coordinates":[[[-94.449,75.752],[-94.774,75.781],[-94.872,75.921],[-94.507,75.99],[-94.27,75.782],[-94.449,75.752]]]}},{"type":"Feature","properties":{},"geometry":{"type":"Polygon","coordinates":[[[100.179,5.475],[100.347,5.428],[100.287,5.263],[100.185,5.275],[100.179,5.475]]]}},{"type":"Feature","properties":{},"geometry":{"type":"Polygon","coordinates":[[[-73.003,22.419],[-72.728,22.337],[-72.783,22.285],[-72.893,22.365],[-73.171,22.366],[-73.13,22.459],[-73.003,22.419]]]}},{"type":"Feature","properties":{},"geometry":{"type":"Polygon","coordinates":[[[123.663,24.302],[123.75,24.29],[123.773,24.43],[123.941,24.355],[123.879,24.248],[123.663,24.302]]]}},{"type":"Feature","properties":{},"geometry":{"type":"Polygon","coordinates":[[[26,40.152],[25.665,40.123],[25.927,40.241],[26,40.152]]]}},{"type":"Feature","properties":{},"geometry":{"type":"Polygon","coordinates":[[[-68.289,44.249],[-68.418,44.274],[-68.317,44.445],[-68.172,44.327],[-68.289,44.285],[-68.327,44.368],[-68.289,44.249]]]}},{"type":"Feature","properties":{},"geometry":{"type":"Polygon","coordinates":[[[-65,61.737],[-65.161,61.787],[-65.227,61.909],[-65.045,61.917],[-64.789,61.761],[-65,61.737]]]}},{"type":"Feature","properties":{},"geometry":{"type":"Polygon","coordinates":[[[-51.18,-0.878],[-51.246,-1.157],[-51.399,-1.213],[-51.18,-0.878]]]}},{"type":"Feature","properties":{},"geometry":{"type":"Polygon","coordinates":[[[-74,-52.369],[-74.249,-52.367],[-74.156,-52.3],[-74.202,-52.237],[-74.064,-52.297],[-74.247,-52.2],[-74.018,-52.254],[-73.912,-52.338],[-74,-52.369]]]}},{"type":"Feature","properties":{},"geometry":{"type":"Polygon","coordinates":[[[48.173,-13.255],[48.306,-13.2],[48.36,-13.408],[48.209,-13.403],[48.173,-13.255]]]}},{"type":"Feature","properties":{},"geometry":{"type":"Polygon","coordinates":[[[-74.831,-52.002],[-74.756,-51.836],[-74.591,-51.852],[-74.763,-52.114],[-74.907,-52.139],[-74.775,-52.045],[-74.843,-52.06],[-74.831,-52.002]]]}},{"type":"Feature","properties":{},"geometry":{"type":"Polygon","coordinates":[[[177.547,51.999],[177.607,51.924],[177.387,51.923],[177.325,51.828],[177.204,51.878],[177.484,51.984],[177.605,52.136],[177.674,52.081],[177.547,51.999]]]}},{"type":"Feature","properties":{},"geometry":{"type":"Polygon","coordinates":[[[-130.409,53.675],[-130.243,53.793],[-130.077,53.566],[-130.409,53.675]]]}},{"type":"Feature","properties":{},"geometry":{"type":"Polygon","coordinates":[[[135.736,-12.002],[135.569,-12.072],[135.583,-11.962],[135.746,-11.938],[135.907,-11.76],[135.937,-11.809],[135.736,-12.002]]]}},{"type":"Feature","properties":{},"geometry":{"type":"Polygon","coordinates":[[[-125.161,49.999],[-125.354,50.143],[-125.371,50.246],[-125.273,50.263],[-125.388,50.278],[-125.267,50.309],[-125.139,50.208],[-125.234,50.123],[-125.161,49.999]]]}},{"type":"Feature","properties":{},"geometry":{"type":"Polygon","coordinates":[[[-73.816,-53.429],[-73.538,-53.515],[-73.659,-53.45],[-73.514,-53.457],[-73.594,-53.385],[-73.41,-53.407],[-73.519,-53.498],[-73.45,-53.469],[-73.354,-53.566],[-73.502,-53.593],[-73.816,-53.429]]]}},{"type":"Feature","properties":{},"geometry":{"type":"Polygon","coordinates":[[[-23.25,15.159],[-23.215,15.313],[-23.124,15.314],[-23.109,15.149],[-23.25,15.159]]]}},{"type":"Feature","properties":{},"geometry":{"type":"Polygon","coordinates":[[[-61.743,16.999],[-61.89,17.027],[-61.843,17.17],[-61.676,17.103],[-61.743,16.999]]]}},{"type":"Feature","properties":{},"geometry":{"type":"Polygon","coordinates":[[[-64.919,63.807],[-64.542,63.908],[-64.609,63.83],[-64.501,63.835],[-64.621,63.792],[-64.372,63.728],[-64.467,63.66],[-64.523,63.735],[-64.919,63.807]]]}},{"type":"Feature","properties":{},"geometry":{"type":"Polygon","coordinates":[[[20.364,70.085],[20.542,70.226],[20.811,70.203],[20.751,70.098],[20.806,70.054],[20.364,70.085]]]}},{"type":"Feature","properties":{},"geometry":{"type":"Polygon","coordinates":[[[-64.494,63.603],[-64.309,63.638],[-64.251,63.494],[-64.311,63.482],[-64.014,63.283],[-64.287,63.349],[-64.494,63.603]]]}},{"type":"Feature","properties":{},"geometry":{"type":"Polygon","coordinates":[[[151,-8.5],[151.127,-8.408],[151.129,-8.801],[151.041,-8.727],[151.135,-8.593],[151,-8.5]]]}},{"type":"Feature","properties":{},"geometry":{"type":"Polygon","coordinates":[[[22.998,36.145],[22.9,36.231],[22.948,36.386],[23.105,36.243],[22.998,36.145]]]}},{"type":"Feature","properties":{},"geometry":{"type":"Polygon","coordinates":[[[-72,77.444],[-71.317,77.385],[-72.017,77.307],[-72.528,77.415],[-72,77.444]]]}},{"type":"Feature","properties":{},"geometry":{"type":"Polygon","coordinates":[[[-73,71.338],[-73.262,71.361],[-73.388,71.519],[-73.058,71.537],[-73.166,71.423],[-72.992,71.526],[-72.825,71.446],[-73.025,71.412],[-73,71.338]]]}},{"type":"Feature","properties":{},"geometry":{"type":"Polygon","coordinates":[[[-51,64.402],[-51.247,64.206],[-51.346,64.242],[-51.168,64.292],[-51.196,64.392],[-51.059,64.537],[-50.824,64.508],[-51,64.402]]]}},{"type":"Feature","properties":{},"geometry":{"type":"Polygon","coordinates":[[[-74.003,-45.544],[-73.864,-45.614],[-73.888,-45.712],[-74.045,-45.725],[-74.109,-45.6],[-74.003,-45.544]]]}},{"type":"Feature","properties":{},"geometry":{"type":"Polygon","coordinates":[[[-131.931,52.997],[-131.837,53.041],[-131.606,52.965],[-131.693,52.865],[-131.822,52.867],[-131.931,52.997]]]}},{"type":"Feature","properties":{},"geometry":{"type":"Polygon","coordinates":[[[16.996,42.976],[17.202,42.917],[16.869,42.893],[16.663,42.916],[16.715,42.964],[16.627,42.986],[16.996,42.976]]]}},{"type":"Feature","properties":{},"geometry":{"type":"Polygon","coordinates":[[[-68.42,12.263],[-68.382,12.317],[-68.193,12.223],[-68.232,12.033],[-68.295,12.196],[-68.42,12.263]]]}},{"type":"Feature","properties":{},"geometry":{"type":"Polygon","coordinates":[[[-48.715,-26.322],[-48.529,-26.163],[-48.596,-26.457],[-48.715,-26.322]]]}},{"type":"Feature","properties":{},"geometry":{"type":"Polygon","coordinates":[[[-73.876,-46.003],[-73.656,-46.081],[-73.735,-46.215],[-73.935,-46.098],[-73.876,-46.003]]]}},{"type":"Feature","properties":{},"geometry":{"type":"Polygon","coordinates":[[[153.393,-27.709],[153.455,-27.39],[153.547,-27.437],[153.455,-27.727],[153.393,-27.709]]]}},{"type":"Feature","properties":{},"geometry":{"type":"Polygon","coordinates":[[[123.474,-1.655],[123.529,-1.475],[123.613,-1.697],[123.511,-1.72],[123.474,-1.655]]]}},{"type":"Feature","properties":{},"geometry":{"type":"Polygon","coordinates":[[[136.998,-15.793],[136.918,-15.686],[136.991,-15.673],[136.992,-15.584],[137.107,-15.773],[137.076,-15.848],[136.998,-15.793]]]}},{"type":"Feature","properties":{},"geometry":{"type":"Polygon","coordinates":[[[59,79.966],[58.772,80.011],[59.455,80.091],[59.902,79.991],[59.35,79.906],[59,79.966]]]}},{"type":"Feature","properties":{},"geometry":{"type":"Polygon","coordinates":[[[-175.355,-21.096],[-175.146,-21.134],[-175.251,-21.169],[-175.171,-21.197],[-175.032,-21.151],[-175.135,-21.273],[-175.355,-21.096]]]}},{"type":"Feature","properties":{},"geometry":{"type":"Polygon","coordinates":[[[14.715,53.999],[14.59,53.804],[14.259,53.897],[14.715,53.999]]]}},{"type":"Feature","properties":{},"geometry":{"type":"Polygon","coordinates":[[[167.352,54.861],[167.839,54.684],[167.994,54.535],[167.352,54.861]]]}},{"type":"Feature","properties":{},"geometry":{"type":"Polygon","coordinates":[[[91.402,22.497],[91.462,22.599],[91.556,22.375],[91.478,22.368],[91.402,22.497]]]}},{"type":"Feature","properties":{},"geometry":{"type":"Polygon","coordinates":[[[-71,-54.921],[-71.282,-54.848],[-71.338,-54.95],[-71.326,-54.892],[-71.425,-54.938],[-71.461,-54.874],[-71.16,-54.815],[-70.964,-54.856],[-70.924,-54.901],[-70.988,-54.915],[-70.896,-54.914],[-71,-54.921]]]}},{"type":"Feature","properties":{},"geometry":{"type":"Polygon","coordinates":[[[31.995,80.077],[31.495,80.11],[33.612,80.22],[31.995,80.077]]]}},{"type":"Feature","properties":{},"geometry":{"type":"Polygon","coordinates":[[[-169.923,-19.004],[-169.806,-18.968],[-169.847,-19.147],[-169.927,-19.136],[-169.923,-19.004]]]}},{"type":"Feature","properties":{},"geometry":{"type":"Polygon","coordinates":[[[-61.003,-51.851],[-60.897,-51.852],[-60.859,-51.765],[-60.892,-51.951],[-61,-51.99],[-61.137,-51.904],[-61.093,-51.849],[-61.166,-51.83],[-61.037,-51.847],[-60.977,-51.778],[-60.938,-51.82],[-61.003,-51.851]]]}},{"type":"Feature","properties":{},"geometry":{"type":"Polygon","coordinates":[[[130.206,32.444],[130.394,32.491],[130.46,32.613],[130.403,32.395],[130.234,32.385],[130.206,32.444]]]}},{"type":"Feature","properties":{},"geometry":{"type":"Polygon","coordinates":[[[-54,49.647],[-54.321,49.575],[-54.324,49.673],[-54.258,49.658],[-54.302,49.726],[-54.209,49.676],[-54.103,49.748],[-54,49.647]]]}},{"type":"Feature","properties":{},"geometry":{"type":"Polygon","coordinates":[[[-172.657,64.692],[-172.408,64.839],[-172.068,64.762],[-172.657,64.692]]]}},{"type":"Feature","properties":{},"geometry":{"type":"Polygon","coordinates":[[[-118.308,28.998],[-118.368,29.16],[-118.258,29.197],[-118.226,28.929],[-118.3,28.883],[-118.308,28.998]]]}},{"type":"Feature","properties":{},"geometry":{"type":"Polygon","coordinates":[[[86.997,74.852],[86.928,74.805],[86.246,74.889],[86.68,74.896],[86.543,74.982],[87.042,74.997],[87.216,74.951],[87.138,74.891],[86.734,74.909],[86.997,74.852]]]}},{"type":"Feature","properties":{},"geometry":{"type":"Polygon","coordinates":[[[26,37.514],[26.078,37.635],[26.367,37.689],[26,37.514]]]}},{"type":"Feature","properties":{},"geometry":{"type":"Polygon","coordinates":[[[-55.001,72.386],[-55.006,72.293],[-55.385,72.173],[-55.683,72.178],[-55.406,72.27],[-55.575,72.309],[-55.001,72.386]]]}},{"type":"Feature","properties":{},"geometry":{"type":"Polygon","coordinates":[[[-51,-0.3],[-50.969,-0.352],[-51.139,-0.546],[-51.135,-0.391],[-51.055,-0.27],[-51,-0.3]]]}},{"type":"Feature","properties":{},"geometry":{"type":"Polygon","coordinates":[[[-78.333,22.395],[-78.113,22.414],[-78.069,22.278],[-78.333,22.395]]]}},{"type":"Feature","properties":{},"geometry":{"type":"Polygon","coordinates":[[[98.16,11.445],[98.293,11.805],[98.275,11.469],[98.16,11.445]]]}},{"type":"Feature","properties":{},"geometry":{"type":"Polygon","coordinates":[[[125.787,7],[125.765,6.895],[125.665,7.092],[125.701,7.2],[125.799,7.121],[125.787,7]]]}},{"type":"Feature","properties":{},"geometry":{"type":"Polygon","coordinates":[[[-119.593,33.99],[-119.818,33.96],[-119.931,34.06],[-119.564,34.058],[-119.593,33.99]]]}},{"type":"Feature","properties":{},"geometry":{"type":"Polygon","coordinates":[[[-74.56,-44.487],[-74.317,-44.393],[-74.207,-44.469],[-74.451,-44.49],[-74.396,-44.548],[-74.56,-44.487]]]}},{"type":"Feature","properties":{},"geometry":{"type":"Polygon","coordinates":[[[146.584,43.803],[146.823,43.89],[146.92,43.839],[146.65,43.703],[146.584,43.803]]]}},{"type":"Feature","properties":{},"geometry":{"type":"Polygon","coordinates":[[[-53.948,48.175],[-53.52,48.195],[-53.546,48.094],[-53.64,48.076],[-53.858,48.09],[-53.948,48.175]]]}},{"type":"Feature","properties":{},"geometry":{"type":"Polygon","coordinates":[[[98.44,12],[98.437,12.111],[98.509,11.992],[98.675,11.946],[98.478,11.875],[98.44,12]]]}},{"type":"Feature","properties":{},"geometry":{"type":"Polygon","coordinates":[[[-78.835,8.392],[-78.92,8.226],[-78.974,8.456],[-78.881,8.474],[-78.835,8.392]]]}},{"type":"Feature","properties":{},"geometry":{"type":"Polygon","coordinates":[[[-28.003,38.662],[-27.767,38.56],[-27.838,38.535],[-28.32,38.756],[-28.003,38.662]]]}},{"type":"Feature","properties":{},"geometry":{"type":"Polygon","coordinates":[[[106.973,78.083],[106.57,78.11],[106.627,78.15],[107.795,78.145],[107.523,78.033],[107.485,78.071],[107.6,78.084],[106.973,78.083]]]}},{"type":"Feature","properties":{},"geometry":{"type":"Polygon","coordinates":[[[-131.884,55.379],[-131.835,55.425],[-131.618,55.293],[-131.696,55.309],[-131.688,55.225],[-131.773,55.261],[-131.75,55.13],[-131.884,55.379]]]}},{"type":"Feature","properties":{},"geometry":{"type":"Polygon","coordinates":[[[129.166,34.104],[129.204,34.331],[129.348,34.298],[129.283,34.128],[129.166,34.104]]]}},{"type":"Feature","properties":{},"geometry":{"type":"Polygon","coordinates":[[[-74.008,-45.46],[-73.79,-45.454],[-73.848,-45.578],[-73.942,-45.511],[-74.112,-45.596],[-74.106,-45.49],[-74.008,-45.46]]]}},{"type":"Feature","properties":{},"geometry":{"type":"Polygon","coordinates":[[[22.999,70.267],[22.575,70.259],[22.334,70.334],[22.772,70.391],[22.999,70.267]]]}},{"type":"Feature","properties":{},"geometry":{"type":"Polygon","coordinates":[[[129,27.802],[129.023,27.719],[128.929,27.663],[128.899,27.893],[129,27.802]]]}},{"type":"Feature","properties":{},"geometry":{"type":"Polygon","coordinates":[[[-74.001,-47.025],[-74.126,-47.185],[-74.234,-47.131],[-74.159,-47.003],[-74.001,-47.025]]]}},{"type":"Feature","properties":{},"geometry":{"type":"Polygon","coordinates":[[[14.319,35.971],[14.491,35.931],[14.562,35.82],[14.396,35.839],[14.319,35.971]]]}},{"type":"Feature","properties":{},"geometry":{"type":"Polygon","coordinates":[[[133.176,36.254],[133.275,36.351],[133.386,36.269],[133.254,36.16],[133.176,36.254]]]}},{"type":"Feature","properties":{},"geometry":{"type":"Polygon","coordinates":[[[-65.337,64.592],[-65.67,64.498],[-65.355,64.752],[-65.409,64.61],[-65.28,64.731],[-65.225,64.695],[-65.319,64.653],[-65.178,64.631],[-65.337,64.592]]]}},{"type":"Feature","properties":{},"geometry":{"type":"Polygon","coordinates":[[[-48.003,60.825],[-47.664,60.736],[-47.993,60.709],[-48.003,60.781],[-48.018,60.71],[-48.11,60.709],[-48.056,60.743],[-48.244,60.788],[-48.003,60.825]]]}},{"type":"Feature","properties":{},"geometry":{"type":"Polygon","coordinates":[[[-74.605,-48.128],[-74.369,-48.273],[-74.525,-48.352],[-74.559,-48.292],[-74.464,-48.202],[-74.584,-48.287],[-74.602,-48.193],[-74.535,-48.185],[-74.596,-48.152],[-74.516,-48.162],[-74.605,-48.128]]]}},{"type":"Feature","properties":{},"geometry":{"type":"Polygon","coordinates":[[[8,63.304],[7.762,63.408],[8.127,63.474],[8.213,63.372],[8,63.304]]]}},{"type":"Feature","properties":{},"geometry":{"type":"Polygon","coordinates":[[[-52.229,-1.501],[-51.912,-1.518],[-52.055,-1.594],[-52.229,-1.562],[-52.229,-1.501]]]}},{"type":"Feature","properties":{},"geometry":{"type":"Polygon","coordinates":[[[124.632,9.206],[124.732,9.25],[124.803,9.105],[124.674,9.12],[124.632,9.206]]]}},{"type":"Feature","properties":{},"geometry":{"type":"Polygon","coordinates":[[[-16.247,11.09],[-16.057,11.192],[-16.061,11.062],[-16.154,11.022],[-16.247,11.09]]]}},{"type":"Feature","properties":{},"geometry":{"type":"Polygon","coordinates":[[[117.514,3.384],[117.549,3.442],[117.667,3.413],[117.643,3.241],[117.514,3.384]]]}},{"type":"Feature","properties":{},"geometry":{"type":"Polygon","coordinates":[[[39.996,64.663],[39.81,64.68],[39.891,64.71],[40.212,64.71],[40.447,64.61],[40.467,64.534],[40.149,64.569],[39.996,64.663]]]}},{"type":"Feature","properties":{},"geometry":{"type":"Polygon","coordinates":[[[119.674,25.477],[119.779,25.513],[119.685,25.603],[119.764,25.66],[119.885,25.568],[119.769,25.397],[119.674,25.477]]]}},{"type":"Feature","properties":{},"geometry":{"type":"Polygon","coordinates":[[[-53,71.67],[-52.751,71.671],[-53.128,71.544],[-53.466,71.577],[-53.455,71.667],[-53,71.67]]]}},{"type":"Feature","properties":{},"geometry":{"type":"Polygon","coordinates":[[[5.273,59.883],[5.365,59.967],[5.541,59.785],[5.403,59.748],[5.273,59.883]]]}},{"type":"Feature","properties":{},"geometry":{"type":"Polygon","coordinates":[[[-129.352,53.175],[-129.267,53.329],[-129.174,53.286],[-129.139,53.112],[-129.28,53.08],[-129.352,53.175]]]}},{"type":"Feature","properties":{},"geometry":{"type":"Polygon","coordinates":[[[-15.009,10.825],[-15.069,10.892],[-14.953,10.975],[-14.906,10.919],[-15.009,10.825]]]}},{"type":"Feature","properties":{},"geometry":{"type":"Polygon","coordinates":[[[-52.002,68.214],[-51.471,68.252],[-51.9,68.126],[-52.256,68.128],[-51.963,68.192],[-52.344,68.154],[-52.002,68.214]]]}},{"type":"Feature","properties":{},"geometry":{"type":"Polygon","coordinates":[[[92.746,12.091],[92.78,12.307],[92.878,12.3],[92.888,12.192],[92.746,12.091]]]}},{"type":"Feature","properties":{},"geometry":{"type":"Polygon","coordinates":[[[-74.006,-43.921],[-74.151,-43.883],[-74.123,-43.816],[-73.953,-43.849],[-73.868,-43.774],[-73.785,-43.833],[-73.944,-43.858],[-73.87,-43.92],[-73.944,-43.958],[-74.006,-43.921]]]}},{"type":"Feature","properties":{},"geometry":{"type":"Polygon","coordinates":[[[-18,77.667],[-18.268,77.681],[-18.012,77.804],[-17.979,77.89],[-17.757,77.917],[-17.605,77.838],[-17.772,77.708],[-18,77.667]]]}},{"type":"Feature","properties":{},"geometry":{"type":"Polygon","coordinates":[[[-70.737,41.389],[-70.604,41.483],[-70.474,41.348],[-70.779,41.301],[-70.839,41.349],[-70.737,41.389]]]}},{"type":"Feature","properties":{},"geometry":{"type":"Polygon","coordinates":[[[-20,77.863],[-20.522,77.953],[-20.06,77.97],[-19.387,77.903],[-19.228,77.801],[-20,77.863]]]}},{"type":"Feature","properties":{},"geometry":{"type":"Polygon","coordinates":[[[57.99,80.805],[58.66,80.878],[59.027,80.815],[58.495,80.722],[57.87,80.769],[57.99,80.805]]]}},{"type":"Feature","properties":{},"geometry":{"type":"Polygon","coordinates":[[[-53.017,68.593],[-53.162,68.564],[-53.081,68.583],[-53.148,68.582],[-53.103,68.636],[-52.812,68.686],[-52.139,68.708],[-52.345,68.63],[-53.017,68.593]]]}},{"type":"Feature","properties":{},"geometry":{"type":"Polygon","coordinates":[[[88.039,21.658],[88.139,21.875],[88.159,21.648],[88.039,21.658]]]}},{"type":"Feature","properties":{},"geometry":{"type":"Polygon","coordinates":[[[-42.007,62.72],[-42.407,62.67],[-42.469,62.748],[-42.252,62.803],[-41.864,62.732],[-42.007,62.72]]]}},{"type":"Feature","properties":{},"geometry":{"type":"Polygon","coordinates":[[[115.302,-20.862],[115.459,-20.674],[115.419,-20.862],[115.302,-20.862]]]}},{"type":"Feature","properties":{},"geometry":{"type":"Polygon","coordinates":[[[100,9.42],[99.932,9.415],[99.915,9.569],[100.072,9.592],[100.076,9.466],[100,9.42]]]}},{"type":"Feature","properties":{},"geometry":{"type":"Polygon","coordinates":[[[35.708,64.997],[35.502,65.122],[35.855,65.143],[35.874,65.045],[35.814,65.094],[35.755,65.042],[35.88,64.99],[35.708,64.997]]]}},{"type":"Feature","properties":{},"geometry":{"type":"Polygon","coordinates":[[[-112.002,24.532],[-111.749,24.443],[-111.709,24.302],[-112.002,24.532]]]}},{"type":"Feature","properties":{},"geometry":{"type":"Polygon","coordinates":[[[117.627,3.998],[117.658,4.153],[117.754,4.059],[117.731,3.986],[117.627,3.998]]]}},{"type":"Feature","properties":{},"geometry":{"type":"Polygon","coordinates":[[[-75.144,-49.001],[-75.296,-48.798],[-75.054,-48.889],[-75.17,-48.903],[-75.024,-48.958],[-75.144,-49.001]]]}},{"type":"Feature","properties":{},"geometry":{"type":"Polygon","coordinates":[[[-74.35,22.83],[-74.005,22.72],[-74.191,22.68],[-74.281,22.812],[-74.283,22.69],[-74.35,22.83]]]}},{"type":"Feature","properties":{},"geometry":{"type":"Polygon","coordinates":[[[121.225,39.542],[121.454,39.651],[121.536,39.6],[121.431,39.508],[121.225,39.542]]]}},{"type":"Feature","properties":{},"geometry":{"type":"Polygon","coordinates":[[[-25.008,16.904],[-24.918,16.92],[-24.87,16.816],[-25.096,16.825],[-25.008,16.904]]]}},{"type":"Feature","properties":{},"geometry":{"type":"Polygon","coordinates":[[[10.102,42.769],[10.444,42.851],[10.423,42.71],[10.102,42.769]]]}},{"type":"Feature","properties":{},"geometry":{"type":"Polygon","coordinates":[[[-74.004,62.667],[-73.936,62.607],[-74.162,62.598],[-74.63,62.707],[-74.004,62.667]]]}},{"type":"Feature","properties":{},"geometry":{"type":"Polygon","coordinates":[[[19.998,70.123],[20.129,70.101],[19.98,70.054],[19.724,70.06],[19.504,70.229],[19.651,70.28],[19.761,70.16],[19.835,70.211],[19.998,70.123]]]}},{"type":"Feature","properties":{},"geometry":{"type":"Polygon","coordinates":[[[-78.944,68.525],[-78.672,68.587],[-78.869,68.669],[-78.466,68.626],[-78.481,68.565],[-78.671,68.564],[-78.72,68.524],[-78.617,68.507],[-78.73,68.454],[-78.944,68.525]]]}},{"type":"Feature","properties":{},"geometry":{"type":"Polygon","coordinates":[[[-79.009,68.361],[-78.807,68.277],[-79.004,68.183],[-79.192,68.238],[-79.153,68.365],[-79.009,68.361]]]}},{"type":"Feature","properties":{},"geometry":{"type":"Polygon","coordinates":[[[-100.61,70.703],[-100.146,70.578],[-100.382,70.575],[-100.261,70.554],[-100.316,70.535],[-100.232,70.473],[-100.503,70.508],[-100.652,70.563],[-100.618,70.649],[-100.704,70.698],[-100.61,70.703]]]}},{"type":"Feature","properties":{},"geometry":{"type":"Polygon","coordinates":[[[127.148,-0.767],[127.241,-0.613],[127.328,-0.801],[127.148,-0.767]]]}},{"type":"Feature","properties":{},"geometry":{"type":"Polygon","coordinates":[[[-130.166,54.998],[-130.274,54.833],[-130.423,54.768],[-130.486,54.829],[-130.418,54.791],[-130.453,54.848],[-130.166,54.998]]]}},{"type":"Feature","properties":{},"geometry":{"type":"Polygon","coordinates":[[[124.07,24.425],[124.223,24.449],[124.34,24.602],[124.239,24.338],[124.07,24.425]]]}},{"type":"Feature","properties":{},"geometry":{"type":"Polygon","coordinates":[[[136.101,-13.818],[136.189,-13.672],[136.29,-13.711],[136.243,-13.852],[136.18,-13.769],[136.101,-13.818]]]}},{"type":"Feature","properties":{},"geometry":{"type":"Polygon","coordinates":[[[4.998,60.217],[4.939,60.288],[5.041,60.302],[4.921,60.342],[4.982,60.347],[4.978,60.46],[5.162,60.364],[5.071,60.284],[5.154,60.184],[4.998,60.217]]]}},{"type":"Feature","properties":{},"geometry":{"type":"Polygon","coordinates":[[[173.354,52.402],[173.773,52.51],[173.691,52.462],[173.725,52.355],[173.354,52.402]]]}},{"type":"Feature","properties":{},"geometry":{"type":"Polygon","coordinates":[[[-51,-0.581],[-50.906,-0.373],[-50.839,-0.369],[-50.824,-0.471],[-51,-0.581]]]}},{"type":"Feature","properties":{},"geometry":{"type":"Polygon","coordinates":[[[93.04,19.997],[92.972,20.134],[93.125,20.035],[93.173,19.788],[93.04,19.997]]]}},{"type":"Feature","properties":{},"geometry":{"type":"Polygon","coordinates":[[[131.715,-7.154],[131.921,-7.1],[131.993,-7.218],[131.715,-7.154]]]}},{"type":"Feature","properties":{},"geometry":{"type":"Polygon","coordinates":[[[-20.01,80.095],[-19.71,80.255],[-19.033,80.179],[-20.01,80.095]]]}},{"type":"Feature","properties":{},"geometry":{"type":"Polygon","coordinates":[[[-45.392,60.145],[-45.347,60.352],[-45.098,60.322],[-45.139,60.226],[-45.392,60.145]]]}},{"type":"Feature","properties":{},"geometry":{"type":"Polygon","coordinates":[[[-22.997,16.81],[-22.891,16.836],[-22.889,16.59],[-22.997,16.81]]]}},{"type":"Feature","properties":{},"geometry":{"type":"Polygon","coordinates":[[[12.532,55],[12.538,54.943],[12.106,54.902],[12.172,54.985],[12.352,54.984],[12.262,55.058],[12.532,55]]]}},{"type":"Feature","properties":{},"geometry":{"type":"Polygon","coordinates":[[[123,-8.439],[123.173,-8.441],[122.89,-8.611],[123,-8.439]]]}},{"type":"Feature","properties":{},"geometry":{"type":"Polygon","coordinates":[[[179.704,51.997],[179.776,51.962],[179.647,51.876],[179.479,51.925],[179.58,52.02],[179.704,51.997]]]}},{"type":"Feature","properties":{},"geometry":{"type":"Polygon","coordinates":[[[107.382,21.067],[107.489,21.189],[107.461,21.275],[107.539,21.19],[107.615,21.217],[107.382,21.067]]]}},{"type":"Feature","properties":{},"geometry":{"type":"Polygon","coordinates":[[[-77.352,24.998],[-77.555,25.03],[-77.307,25.075],[-77.255,25.04],[-77.352,24.998]]]}},{"type":"Feature","properties":{},"geometry":{"type":"Polygon","coordinates":[[[-50.925,-0.877],[-51.069,-1.037],[-51.171,-1.042],[-51.029,-0.878],[-50.925,-0.877]]]}},{"type":"Feature","properties":{},"geometry":{"type":"Polygon","coordinates":[[[-136.534,57.999],[-136.586,58.04],[-136.502,58.106],[-136.344,58.014],[-136.457,57.846],[-136.523,57.902],[-136.476,57.937],[-136.573,57.916],[-136.534,57.999]]]}},{"type":"Feature","properties":{},"geometry":{"type":"Polygon","coordinates":[[[-120,33.982],[-120.118,33.893],[-120.252,34.001],[-120.056,34.039],[-120,33.982]]]}},{"type":"Feature","properties":{},"geometry":{"type":"Polygon","coordinates":[[[-1.003,60.702],[-0.981,60.638],[-1.067,60.67],[-1.018,60.617],[-1.081,60.608],[-1.001,60.583],[-1.029,60.497],[-1.147,60.485],[-1.208,60.608],[-1.125,60.729],[-1.003,60.702]]]}},{"type":"Feature","properties":{},"geometry":{"type":"Polygon","coordinates":[[[155.792,-7],[155.867,-7.033],[155.848,-7.117],[155.665,-7.073],[155.716,-6.964],[155.792,-7]]]}},{"type":"Feature","properties":{},"geometry":{"type":"Polygon","coordinates":[[[-64.904,17.679],[-64.877,17.77],[-64.564,17.756],[-64.904,17.679]]]}},{"type":"Feature","properties":{},"geometry":{"type":"Polygon","coordinates":[[[-72.509,-54.249],[-72.367,-54.171],[-72.425,-54.13],[-72.299,-54.11],[-72.424,-54.105],[-72.322,-54.056],[-72.214,-54.138],[-72.288,-54.148],[-72.314,-54.263],[-72.509,-54.249]]]}},{"type":"Feature","properties":{},"geometry":{"type":"Polygon","coordinates":[[[116.312,-3.554],[116.429,-3.365],[116.399,-3.624],[116.312,-3.554]]]}},{"type":"Feature","properties":{},"geometry":{"type":"Polygon","coordinates":[[[136.475,-11.449],[136.76,-11.017],[136.685,-11.251],[136.475,-11.449]]]}},{"type":"Feature","properties":{},"geometry":{"type":"Polygon","coordinates":[[[97.11,2.222],[97.296,2.235],[97.343,2.042],[97.11,2.222]]]}},{"type":"Feature","properties":{},"geometry":{"type":"Polygon","coordinates":[[[152.52,-10.628],[152.793,-10.611],[152.88,-10.675],[152.747,-10.721],[152.52,-10.628]]]}},{"type":"Feature","properties":{},"geometry":{"type":"Polygon","coordinates":[[[102.427,11.999],[102.44,11.95],[102.318,11.955],[102.253,12.155],[102.427,11.999]]]}},{"type":"Feature","properties":{},"geometry":{"type":"Polygon","coordinates":[[[123.3,-10.272],[123.395,-10.139],[123.5,-10.163],[123.392,-10.216],[123.402,-10.34],[123.3,-10.272]]]}},{"type":"Feature","properties":{},"geometry":{"type":"Polygon","coordinates":[[[-72,21.962],[-71.913,21.944],[-71.865,21.816],[-72.043,21.848],[-72,21.962]]]}},{"type":"Feature","properties":{},"geometry":{"type":"Polygon","coordinates":[[[-67.561,-55.735],[-67.491,-55.718],[-67.518,-55.652],[-67.401,-55.727],[-67.474,-55.629],[-67.347,-55.568],[-67.363,-55.647],[-67.304,-55.649],[-67.374,-55.704],[-67.234,-55.759],[-67.561,-55.735]]]}},{"type":"Feature","properties":{},"geometry":{"type":"Polygon","coordinates":[[[119.609,-8.752],[119.667,-8.698],[119.622,-8.605],[119.682,-8.685],[119.807,-8.616],[119.7,-8.807],[119.609,-8.752]]]}},{"type":"Feature","properties":{},"geometry":{"type":"Polygon","coordinates":[[[166.447,-45.743],[166.545,-45.623],[166.708,-45.613],[166.687,-45.75],[166.596,-45.758],[166.556,-45.667],[166.447,-45.743]]]}},{"type":"Feature","properties":{},"geometry":{"type":"Polygon","coordinates":[[[43.621,-12.281],[43.735,-12.265],[43.87,-12.387],[43.659,-12.355],[43.621,-12.281]]]}},{"type":"Feature","properties":{},"geometry":{"type":"Polygon","coordinates":[[[106.883,-3.002],[106.705,-2.968],[106.807,-2.887],[106.905,-2.94],[106.883,-3.002]]]}},{"type":"Feature","properties":{},"geometry":{"type":"Polygon","coordinates":[[[69.362,-49.001],[69.284,-49.073],[69.353,-49.082],[69.209,-49.117],[69.2,-48.993],[69.352,-48.885],[69.312,-48.957],[69.418,-48.936],[69.362,-49.001]]]}},{"type":"Feature","properties":{},"geometry":{"type":"Polygon","coordinates":[[[-129,53.495],[-128.928,53.327],[-129.128,53.313],[-129.069,53.493],[-129,53.495]]]}},{"type":"Feature","properties":{},"geometry":{"type":"Polygon","coordinates":[[[24.431,38.879],[24.487,38.981],[24.684,38.771],[24.564,38.76],[24.562,38.842],[24.431,38.879]]]}},{"type":"Feature","properties":{},"geometry":{"type":"Polygon","coordinates":[[[-152.673,58.566],[-152.328,58.631],[-152.478,58.469],[-152.656,58.507],[-152.555,58.59],[-152.673,58.566]]]}},{"type":"Feature","properties":{},"geometry":{"type":"Polygon","coordinates":[[[-68,69.673],[-67.724,69.652],[-67.932,69.525],[-68.313,69.589],[-68,69.673]]]}},{"type":"Feature","properties":{},"geometry":{"type":"Polygon","coordinates":[[[105.725,2.997],[105.85,2.964],[105.733,2.823],[105.674,3.013],[105.694,3.07],[105.725,2.997]]]}},{"type":"Feature","properties":{},"geometry":{"type":"Polygon","coordinates":[[[24.582,64.999],[24.648,65.083],[25.058,65.047],[24.831,65.048],[24.889,64.998],[24.803,64.932],[24.582,64.999]]]}},{"type":"Feature","properties":{},"geometry":{"type":"Polygon","coordinates":[[[-71.617,21.772],[-71.472,21.725],[-71.487,21.604],[-71.655,21.676],[-71.617,21.772]]]}},{"type":"Feature","properties":{},"geometry":{"type":"Polygon","coordinates":[[[-44.509,59.998],[-44.433,60.122],[-44.194,60.022],[-44.312,59.95],[-44.33,60.026],[-44.393,59.93],[-44.377,60.07],[-44.447,59.974],[-44.509,59.998]]]}},{"type":"Feature","properties":{},"geometry":{"type":"Polygon","coordinates":[[[-172.634,52.268],[-172.478,52.385],[-172.296,52.328],[-172.634,52.268]]]}},{"type":"Feature","properties":{},"geometry":{"type":"Polygon","coordinates":[[[-44.54,-3.001],[-44.602,-3.013],[-44.501,-2.73],[-44.482,-2.959],[-44.54,-3.001]]]}},{"type":"Feature","properties":{},"geometry":{"type":"Polygon","coordinates":[[[-81.42,19.373],[-81.362,19.384],[-81.347,19.293],[-81.272,19.374],[-81.084,19.325],[-81.385,19.265],[-81.42,19.373]]]}},{"type":"Feature","properties":{},"geometry":{"type":"Polygon","coordinates":[[[-56.267,46.997],[-56.353,46.996],[-56.241,46.867],[-56.352,46.781],[-56.409,47.11],[-56.352,47.143],[-56.267,46.997]]]}},{"type":"Feature","properties":{},"geometry":{"type":"Polygon","coordinates":[[[-38.713,-13.005],[-38.688,-12.878],[-38.595,-12.978],[-38.797,-13.13],[-38.713,-13.005]]]}},{"type":"Feature","properties":{},"geometry":{"type":"Polygon","coordinates":[[[125.202,9.999],[125.114,10.16],[125.212,10.128],[125.297,9.931],[125.202,9.999]]]}},{"type":"Feature","properties":{},"geometry":{"type":"Polygon","coordinates":[[[7.135,4.392],[7.236,4.539],[7.329,4.498],[7.321,4.42],[7.135,4.392]]]}},{"type":"Feature","properties":{},"geometry":{"type":"Polygon","coordinates":[[[-74.406,-45.25],[-74.391,-45.16],[-74.207,-45.218],[-74.203,-45.346],[-74.259,-45.218],[-74.296,-45.33],[-74.406,-45.25]]]}},{"type":"Feature","properties":{},"geometry":{"type":"Polygon","coordinates":[[[-153,57.982],[-153.273,58.086],[-153.424,58.061],[-153.27,58.148],[-152.935,58.009],[-153,57.982]]]}},{"type":"Feature","properties":{},"geometry":{"type":"Polygon","coordinates":[[[-40,83.122],[-41.751,83.276],[-41.623,83.361],[-41.423,83.36],[-39.912,83.181],[-39.747,83.135],[-40,83.122]]]}},{"type":"Feature","properties":{},"geometry":{"type":"Polygon","coordinates":[[[-48.47,-1.166],[-48.34,-1.062],[-48.374,-1.227],[-48.47,-1.166]]]}},{"type":"Feature","properties":{},"geometry":{"type":"Polygon","coordinates":[[[159.531,-8.441],[159.652,-8.397],[159.646,-8.503],[159.712,-8.526],[159.643,-8.559],[159.531,-8.441]]]}},{"type":"Feature","properties":{},"geometry":{"type":"Polygon","coordinates":[[[152.521,-3.095],[152.631,-3.035],[152.642,-3.225],[152.521,-3.095]]]}},{"type":"Feature","properties":{},"geometry":{"type":"Polygon","coordinates":[[[25.224,36.996],[25.119,36.99],[25.106,37.063],[25.282,37.153],[25.224,36.996]]]}},{"type":"Feature","properties":{},"geometry":{"type":"Polygon","coordinates":[[[142.111,-10.69],[142.206,-10.595],[142.28,-10.707],[142.18,-10.773],[142.111,-10.69]]]}},{"type":"Feature","properties":{},"geometry":{"type":"Polygon","coordinates":[[[-27.764,70.863],[-27.246,70.89],[-27.693,70.734],[-27.764,70.863]]]}},{"type":"Feature","properties":{},"geometry":{"type":"Polygon","coordinates":[[[-74.594,-51.105],[-74.458,-51.012],[-74.423,-51.06],[-74.504,-51.087],[-74.349,-51.167],[-74.431,-51.188],[-74.381,-51.227],[-74.594,-51.105]]]}},{"type":"Feature","properties":{},"geometry":{"type":"Polygon","coordinates":[[[23.067,58.6],[23.192,58.687],[23.352,58.646],[23.404,58.546],[23.232,58.522],[23.067,58.6]]]}},{"type":"Feature","properties":{},"geometry":{"type":"Polygon","coordinates":[[[-134.681,58.292],[-134.525,58.345],[-134.264,58.192],[-134.681,58.292]]]}},{"type":"Feature","properties":{},"geometry":{"type":"Polygon","coordinates":[[[27.987,78.839],[27.861,78.856],[28.42,78.971],[29.692,78.907],[27.987,78.839]]]}},{"type":"Feature","properties":{},"geometry":{"type":"Polygon","coordinates":[[[-118.607,33.478],[-118.371,33.41],[-118.305,33.309],[-118.467,33.325],[-118.607,33.478]]]}},{"type":"Feature","properties":{},"geometry":{"type":"Polygon","coordinates":[[[25,37.638],[25.256,37.592],[25.189,37.525],[25,37.638]]]}},{"type":"Feature","properties":{},"geometry":{"type":"Polygon","coordinates":[[[112.565,-5.814],[112.724,-5.742],[112.694,-5.856],[112.565,-5.814]]]}},{"type":"Feature","properties":{},"geometry":{"type":"Polygon","coordinates":[[[143.31,-8.376],[143.56,-8.36],[143.62,-8.435],[143.31,-8.376]]]}},{"type":"Feature","properties":{},"geometry":{"type":"Polygon","coordinates":[[[-74,-44.158],[-73.86,-44.223],[-74.059,-44.24],[-73.958,-44.321],[-74.016,-44.34],[-74.116,-44.199],[-73.991,-44.23],[-74.079,-44.168],[-74,-44.158]]]}},{"type":"Feature","properties":{},"geometry":{"type":"Polygon","coordinates":[[[130.451,-0.521],[130.484,-0.439],[130.693,-0.448],[130.624,-0.535],[130.574,-0.471],[130.451,-0.521]]]}},{"type":"Feature","properties":{},"geometry":{"type":"Polygon","coordinates":[[[-54.915,49.581],[-54.803,49.605],[-54.773,49.527],[-54.54,49.669],[-54.557,49.579],[-54.762,49.478],[-54.891,49.48],[-54.825,49.525],[-54.915,49.581]]]}},{"type":"Feature","properties":{},"geometry":{"type":"Polygon","coordinates":[[[-52.197,-1.369],[-52.167,-1.422],[-52.453,-1.515],[-52.197,-1.369]]]}},{"type":"Feature","properties":{},"geometry":{"type":"Polygon","coordinates":[[[128.515,-7.145],[128.612,-7.066],[128.699,-7.118],[128.641,-7.224],[128.515,-7.145]]]}},{"type":"Feature","properties":{},"geometry":{"type":"Polygon","coordinates":[[[-75.26,-48.772],[-75.041,-48.62],[-75.089,-48.85],[-75.26,-48.772]]]}},{"type":"Feature","properties":{},"geometry":{"type":"Polygon","coordinates":[[[120.075,13.849],[120.222,13.823],[120.294,13.688],[120.075,13.849]]]}},{"type":"Feature","properties":{},"geometry":{"type":"Polygon","coordinates":[[[-74.894,-48.001],[-74.963,-47.897],[-74.796,-47.834],[-74.883,-47.958],[-74.812,-48.01],[-74.894,-48.001]]]}},{"type":"Feature","properties":{},"geometry":{"type":"Polygon","coordinates":[[[122.788,7.348],[122.824,7.442],[122.977,7.37],[122.836,7.28],[122.788,7.348]]]}},{"type":"Feature","properties":{},"geometry":{"type":"Polygon","coordinates":[[[115.445,-8.733],[115.561,-8.672],[115.627,-8.77],[115.583,-8.819],[115.445,-8.733]]]}},{"type":"Feature","properties":{},"geometry":{"type":"Polygon","coordinates":[[[-46.699,60.781],[-46.55,60.845],[-46.191,60.937],[-46.43,60.859],[-46.677,60.789],[-46.699,60.781]]]}},{"type":"Feature","properties":{},"geometry":{"type":"Polygon","coordinates":[[[-73.935,-45.952],[-73.709,-45.802],[-73.659,-45.892],[-73.816,-45.881],[-73.763,-45.898],[-73.836,-45.992],[-73.935,-45.952]]]}},{"type":"Feature","properties":{},"geometry":{"type":"Polygon","coordinates":[[[117.309,23.573],[117.417,23.675],[117.334,23.684],[117.377,23.78],[117.531,23.734],[117.433,23.583],[117.309,23.573]]]}},{"type":"Feature","properties":{},"geometry":{"type":"Polygon","coordinates":[[[98.081,10.884],[98.149,10.983],[98.221,10.959],[98.278,10.693],[98.218,10.89],[98.081,10.884]]]}},{"type":"Feature","properties":{},"geometry":{"type":"Polygon","coordinates":[[[-47.902,-25.006],[-47.831,-24.921],[-47.69,-24.815],[-47.584,-24.77],[-47.92,-25.018],[-47.902,-25.006]]]}},{"type":"Feature","properties":{},"geometry":{"type":"Polygon","coordinates":[[[5.104,59.771],[5.202,59.817],[5.178,59.875],[5.396,59.708],[5.298,59.67],[5.337,59.725],[5.241,59.743],[5.2,59.572],[5.149,59.673],[5.244,59.754],[5.104,59.771]]]}},{"type":"Feature","properties":{},"geometry":{"type":"Polygon","coordinates":[[[13,67.946],[13.097,67.935],[13.046,67.887],[12.801,67.838],[12.961,68.031],[13.194,68.099],[13.056,68.034],[13.165,68.046],[13.191,67.975],[13,67.946]]]}},{"type":"Feature","properties":{},"geometry":{"type":"Polygon","coordinates":[[[-71,46.859],[-71.142,46.849],[-70.8,47.025],[-71,46.859]]]}},{"type":"Feature","properties":{},"geometry":{"type":"Polygon","coordinates":[[[-160.081,21.999],[-160.074,21.895],[-160.233,21.789],[-160.232,21.885],[-160.081,21.999]]]}},{"type":"Feature","properties":{},"geometry":{"type":"Polygon","coordinates":[[[-61.002,56.062],[-60.94,56.015],[-61.103,56.018],[-61.248,56.104],[-61.083,56.185],[-61.028,56.162],[-61.134,56.112],[-60.997,56.119],[-60.946,56.088],[-61.002,56.062]]]}},{"type":"Feature","properties":{},"geometry":{"type":"Polygon","coordinates":[[[121.996,14.18],[122.187,14.008],[121.983,14.114],[121.91,14.192],[121.996,14.18]]]}},{"type":"Feature","properties":{},"geometry":{"type":"Polygon","coordinates":[[[-74.453,-49.519],[-74.402,-49.417],[-74.256,-49.552],[-74.39,-49.636],[-74.453,-49.519]]]}},{"type":"Feature","properties":{},"geometry":{"type":"Polygon","coordinates":[[[121.345,19.362],[121.521,19.391],[121.54,19.272],[121.345,19.362]]]}},{"type":"Feature","properties":{},"geometry":{"type":"Polygon","coordinates":[[[-96.851,28.063],[-96.817,28.175],[-96.403,28.396],[-96.851,28.063]]]}},{"type":"Feature","properties":{},"geometry":{"type":"Polygon","coordinates":[[[-74.263,-51.001],[-74.166,-51.211],[-74.245,-51.262],[-74.34,-50.91],[-74.263,-51.001]]]}},{"type":"Feature","properties":{},"geometry":{"type":"Polygon","coordinates":[[[-70,77.399],[-70.99,77.369],[-71.222,77.448],[-70,77.399]]]}},{"type":"Feature","properties":{},"geometry":{"type":"Polygon","coordinates":[[[69.998,66.691],[70.106,66.653],[69.989,66.628],[70.055,66.594],[69.582,66.716],[69.998,66.691]]]}},{"type":"Feature","properties":{},"geometry":{"type":"Polygon","coordinates":[[[-123.599,48.94],[-123.367,48.774],[-123.501,48.715],[-123.599,48.94]]]}},{"type":"Feature","properties":{},"geometry":{"type":"Polygon","coordinates":[[[-75.39,-47.739],[-75.212,-47.754],[-75.108,-47.672],[-75.079,-47.761],[-75.175,-47.79],[-75.029,-47.793],[-75.208,-47.851],[-75.192,-47.795],[-75.39,-47.739]]]}},{"type":"Feature","properties":{},"geometry":{"type":"Polygon","coordinates":[[[16.081,68.413],[16.237,68.545],[16.522,68.471],[16.081,68.413]]]}},{"type":"Feature","properties":{},"geometry":{"type":"Polygon","coordinates":[[[-74.491,-48.371],[-74.262,-48.429],[-74.411,-48.347],[-74.334,-48.289],[-74.182,-48.443],[-74.27,-48.483],[-74.491,-48.371]]]}},{"type":"Feature","properties":{},"geometry":{"type":"Polygon","coordinates":[[[166.776,-11.625],[166.882,-11.588],[166.985,-11.698],[166.877,-11.723],[166.776,-11.625]]]}},{"type":"Feature","properties":{},"geometry":{"type":"Polygon","coordinates":[[[69.998,66.532],[69.623,66.582],[69.493,66.75],[70.027,66.588],[69.998,66.532]]]}},{"type":"Feature","properties":{},"geometry":{"type":"Polygon","coordinates":[[[124.458,-15.367],[124.538,-15.28],[124.653,-15.399],[124.521,-15.447],[124.59,-15.372],[124.458,-15.367]]]}},{"type":"Feature","properties":{},"geometry":{"type":"Polygon","coordinates":[[[-95.793,74.616],[-95.499,74.646],[-95.237,74.509],[-95.663,74.534],[-95.835,74.581],[-95.793,74.616]]]}},{"type":"Feature","properties":{},"geometry":{"type":"Polygon","coordinates":[[[-74.855,-43.603],[-74.763,-43.542],[-74.594,-43.641],[-74.793,-43.69],[-74.855,-43.603]]]}},{"type":"Feature","properties":{},"geometry":{"type":"Polygon","coordinates":[[[8.262,63.672],[8.748,63.806],[8.901,63.773],[8.783,63.685],[8.262,63.672]]]}},{"type":"Feature","properties":{},"geometry":{"type":"Polygon","coordinates":[[[11.008,54.444],[11.063,54.538],[11.173,54.524],[11.314,54.404],[11.008,54.444]]]}},{"type":"Feature","properties":{},"geometry":{"type":"Polygon","coordinates":[[[111.993,76.589],[112.33,76.599],[112.267,76.65],[112.727,76.498],[112.605,76.506],[112.627,76.429],[112.407,76.445],[111.993,76.589]]]}},{"type":"Feature","properties":{},"geometry":{"type":"Polygon","coordinates":[[[49.99,80.042],[49.517,80.152],[50.307,80.21],[50.393,80.162],[49.99,80.042]]]}},{"type":"Feature","properties":{},"geometry":{"type":"Polygon","coordinates":[[[-146.002,60.505],[-146.335,60.458],[-145.763,60.615],[-146.002,60.505]]]}},{"type":"Feature","properties":{},"geometry":{"type":"Polygon","coordinates":[[[128.381,-3.632],[128.431,-3.508],[128.558,-3.571],[128.381,-3.632]]]}},{"type":"Feature","properties":{},"geometry":{"type":"Polygon","coordinates":[[[-133.488,55.712],[-133.705,55.786],[-133.319,55.803],[-133.417,55.739],[-133.551,55.775],[-133.488,55.712]]]}},{"type":"Feature","properties":{},"geometry":{"type":"Polygon","coordinates":[[[98.174,9.999],[98.246,10.06],[98.311,10.017],[98.14,9.837],[98.174,9.999]]]}},{"type":"Feature","properties":{},"geometry":{"type":"Polygon","coordinates":[[[-52.002,70.975],[-51.566,70.877],[-52.175,70.89],[-52.131,70.97],[-52.002,70.975]]]}},{"type":"Feature","properties":{},"geometry":{"type":"Polygon","coordinates":[[[-44.38,-23.178],[-44.239,-23.086],[-44.093,-23.168],[-44.348,-23.228],[-44.38,-23.178]]]}},{"type":"Feature","properties":{},"geometry":{"type":"Polygon","coordinates":[[[-74.526,-45.331],[-74.363,-45.292],[-74.27,-45.41],[-74.526,-45.331]]]}},{"type":"Feature","properties":{},"geometry":{"type":"Polygon","coordinates":[[[-56,73.863],[-55.955,73.805],[-56.295,73.781],[-56.25,73.846],[-56.6,73.808],[-56.676,73.84],[-56.606,73.879],[-56.744,73.882],[-56,73.863]]]}},{"type":"Feature","properties":{},"geometry":{"type":"Polygon","coordinates":[[[167.073,-15.688],[167.227,-15.645],[167.235,-15.742],[167.073,-15.688]]]}},{"type":"Feature","properties":{},"geometry":{"type":"Polygon","coordinates":[[[-72.623,19.999],[-72.973,20.064],[-72.805,20.088],[-72.623,19.999]]]}},{"type":"Feature","properties":{},"geometry":{"type":"Polygon","coordinates":[[[-62,47.267],[-61.936,47.407],[-61.56,47.621],[-61.394,47.628],[-61.524,47.543],[-61.446,47.63],[-61.557,47.617],[-61.869,47.422],[-61.987,47.273],[-61.818,47.226],[-62.007,47.217],[-62,47.267]]]}},{"type":"Feature","properties":{},"geometry":{"type":"Polygon","coordinates":[[[-61.647,56.494],[-61.411,56.482],[-61.635,56.501],[-61.573,56.558],[-61.139,56.443],[-61.647,56.494]]]}},{"type":"Feature","properties":{},"geometry":{"type":"Polygon","coordinates":[[[-16.463,19.683],[-16.354,19.859],[-16.428,19.597],[-16.463,19.683]]]}},{"type":"Feature","properties":{},"geometry":{"type":"Polygon","coordinates":[[[-70.001,12.487],[-70.056,12.629],[-69.885,12.486],[-69.865,12.419],[-70.001,12.487]]]}},{"type":"Feature","properties":{},"geometry":{"type":"Polygon","coordinates":[[[-124.952,50.213],[-124.923,50.307],[-124.786,50.288],[-124.822,50.219],[-124.75,50.159],[-124.838,50.112],[-124.903,50.174],[-124.821,50.185],[-124.952,50.213]]]}},{"type":"Feature","properties":{},"geometry":{"type":"Polygon","coordinates":[[[141.13,45.186],[141.2,45.26],[141.331,45.15],[141.236,45.097],[141.13,45.186]]]}},{"type":"Feature","properties":{},"geometry":{"type":"Polygon","coordinates":[[[25.444,40.476],[25.616,40.504],[25.697,40.422],[25.56,40.395],[25.444,40.476]]]}},{"type":"Feature","properties":{},"geometry":{"type":"Polygon","coordinates":[[[-80.223,-3.347],[-80.093,-3.372],[-80.025,-3.205],[-80.07,-3.411],[-80.223,-3.347]]]}},{"type":"Feature","properties":{},"geometry":{"type":"Polygon","coordinates":[[[-47.002,60.82],[-47.071,60.864],[-46.95,60.919],[-46.691,60.877],[-46.862,60.789],[-46.954,60.794],[-46.838,60.838],[-46.999,60.814],[-46.845,60.882],[-47.002,60.82]]]}},{"type":"Feature","properties":{},"geometry":{"type":"Polygon","coordinates":[[[-129.407,52.998],[-129.546,53.104],[-129.535,53.187],[-129.318,53.049],[-129.298,52.97],[-129.407,52.998]]]}},{"type":"Feature","properties":{},"geometry":{"type":"Polygon","coordinates":[[[-131.731,52.705],[-131.441,52.707],[-131.464,52.624],[-131.602,52.655],[-131.548,52.597],[-131.622,52.635],[-131.613,52.585],[-131.731,52.705]]]}},{"type":"Feature","properties":{},"geometry":{"type":"Polygon","coordinates":[[[5.166,59.203],[5.254,59.283],[5.186,59.337],[5.238,59.411],[5.324,59.312],[5.292,59.14],[5.166,59.203]]]}},{"type":"Feature","properties":{},"geometry":{"type":"Polygon","coordinates":[[[-77.96,63.991],[-77.524,64.026],[-77.716,63.921],[-77.96,63.991]]]}},{"type":"Feature","properties":{},"geometry":{"type":"Polygon","coordinates":[[[-78.221,2.574],[-78.143,2.687],[-78.091,2.528],[-78.221,2.574]]]}},{"type":"Feature","properties":{},"geometry":{"type":"Polygon","coordinates":[[[108.796,-1.582],[108.903,-1.535],[108.987,-1.605],[108.862,-1.679],[108.796,-1.582]]]}},{"type":"Feature","properties":{},"geometry":{"type":"Polygon","coordinates":[[[-80.525,27.993],[-80.645,28.314],[-80.59,28.409],[-80.564,28.09],[-80.157,27.169],[-80.525,27.993]]]}},{"type":"Feature","properties":{},"geometry":{"type":"Polygon","coordinates":[[[19,74.368],[18.749,74.472],[19.271,74.466],[19.102,74.341],[19,74.368]]]}},{"type":"Feature","properties":{},"geometry":{"type":"Polygon","coordinates":[[[-154.687,56.431],[-154.795,56.427],[-154.518,56.606],[-154.39,56.557],[-154.523,56.6],[-154.473,56.523],[-154.687,56.431]]]}},{"type":"Feature","properties":{},"geometry":{"type":"Polygon","coordinates":[[[-76,23.607],[-76,23.691],[-75.663,23.451],[-76,23.607]]]}},{"type":"Feature","properties":{},"geometry":{"type":"Polygon","coordinates":[[[-91.699,18.718],[-91.519,18.76],[-91.698,18.644],[-91.853,18.642],[-91.699,18.718]]]}},{"type":"Feature","properties":{},"geometry":{"type":"Polygon","coordinates":[[[128.998,32.961],[129.118,33.163],[129.085,32.986],[129.185,32.979],[129.103,32.959],[129.065,32.817],[128.998,32.961]]]}},{"type":"Feature","properties":{},"geometry":{"type":"Polygon","coordinates":[[[-7.466,62.135],[-7.074,62.094],[-7.235,62.021],[-7.466,62.135]]]}},{"type":"Feature","properties":{},"geometry":{"type":"Polygon","coordinates":[[[-19.782,78.783],[-19.468,78.927],[-19.148,78.897],[-19.412,78.802],[-19.162,78.797],[-19.588,78.786],[-19.175,78.764],[-19.323,78.735],[-19.782,78.783]]]}},{"type":"Feature","properties":{},"geometry":{"type":"Polygon","coordinates":[[[-132.749,54.998],[-132.894,55.036],[-132.809,55.088],[-132.884,55.108],[-132.842,55.2],[-132.689,55.125],[-132.749,54.998]]]}},{"type":"Feature","properties":{},"geometry":{"type":"Polygon","coordinates":[[[-74.693,-45.73],[-74.53,-45.578],[-74.583,-45.756],[-74.693,-45.73]]]}},{"type":"Feature","properties":{},"geometry":{"type":"Polygon","coordinates":[[[-90.277,69.445],[-90.132,69.379],[-90.286,69.247],[-90.508,69.346],[-90.277,69.445]]]}},{"type":"Feature","properties":{},"geometry":{"type":"Polygon","coordinates":[[[-1.39,45.999],[-1.242,45.989],[-1.198,45.83],[-1.253,45.81],[-1.39,45.999]]]}},{"type":"Feature","properties":{},"geometry":{"type":"Polygon","coordinates":[[[-28.837,38.599],[-28.69,38.641],[-28.605,38.546],[-28.756,38.521],[-28.837,38.599]]]}},{"type":"Feature","properties":{},"geometry":{"type":"Polygon","coordinates":[[[-101,69.503],[-100.943,69.462],[-101.229,69.365],[-101.284,69.448],[-101.162,69.482],[-101.366,69.541],[-101.255,69.593],[-101,69.503]]]}},{"type":"Feature","properties":{},"geometry":{"type":"Polygon","coordinates":[[[-69.307,58.999],[-69.331,59.153],[-69.166,59.147],[-69.183,59.076],[-69.09,59.06],[-69.224,58.952],[-69.345,58.941],[-69.307,58.999]]]}},{"type":"Feature","properties":{},"geometry":{"type":"Polygon","coordinates":[[[-75.654,-48.688],[-75.502,-48.73],[-75.298,-48.609],[-75.558,-48.802],[-75.654,-48.688]]]}},{"type":"Feature","properties":{},"geometry":{"type":"Polygon","coordinates":[[[-90.514,-1.313],[-90.479,-1.228],[-90.352,-1.272],[-90.429,-1.356],[-90.514,-1.313]]]}},{"type":"Feature","properties":{},"geometry":{"type":"Polygon","coordinates":[[[127.324,-7.633],[127.364,-7.502],[127.486,-7.524],[127.393,-7.65],[127.324,-7.633]]]}},{"type":"Feature","properties":{},"geometry":{"type":"Polygon","coordinates":[[[148.98,76.645],[148.495,76.622],[148.87,76.726],[149.493,76.77],[149.258,76.697],[149.25,76.627],[148.98,76.645]]]}},{"type":"Feature","properties":{},"geometry":{"type":"Polygon","coordinates":[[[-74.798,-50.433],[-74.69,-50.352],[-74.534,-50.403],[-74.75,-50.516],[-74.729,-50.416],[-74.798,-50.433]]]}},{"type":"Feature","properties":{},"geometry":{"type":"Polygon","coordinates":[[[-91.357,29.33],[-91.231,29.379],[-91.136,29.219],[-91.357,29.33]]]}},{"type":"Feature","properties":{},"geometry":{"type":"Polygon","coordinates":[[[-128.774,52.422],[-128.624,52.456],[-128.617,52.329],[-128.677,52.271],[-128.774,52.422]]]}},{"type":"Feature","properties":{},"geometry":{"type":"Polygon","coordinates":[[[125.092,-14.624],[125.167,-14.439],[125.215,-14.606],[125.092,-14.624]]]}},{"type":"Feature","properties":{},"geometry":{"type":"Polygon","coordinates":[[[-154.073,56.595],[-154.035,56.557],[-154.143,56.508],[-154.365,56.545],[-154.073,56.595]]]}},{"type":"Feature","properties":{},"geometry":{"type":"Polygon","coordinates":[[[-16,11.851],[-16.048,11.76],[-16.159,11.808],[-16.158,11.875],[-16,11.851]]]}},{"type":"Feature","properties":{},"geometry":{"type":"Polygon","coordinates":[[[127.453,-1.248],[127.542,-1.169],[127.688,-1.257],[127.453,-1.248]]]}},{"type":"Feature","properties":{},"geometry":{"type":"Polygon","coordinates":[[[173.771,-40.945],[173.83,-40.759],[173.907,-40.803],[173.956,-40.691],[173.912,-40.875],[173.771,-40.945]]]}},{"type":"Feature","properties":{},"geometry":{"type":"Polygon","coordinates":[[[153.362,-27.063],[153.469,-27.028],[153.43,-27.365],[153.362,-27.063]]]}},{"type":"Feature","properties":{},"geometry":{"type":"Polygon","coordinates":[[[-170.843,52.559],[-170.73,52.682],[-170.564,52.676],[-170.608,52.601],[-170.843,52.559]]]}},{"type":"Feature","properties":{},"geometry":{"type":"Polygon","coordinates":[[[-53,65.536],[-53.241,65.603],[-52.833,65.635],[-53,65.536]]]}},{"type":"Feature","properties":{},"geometry":{"type":"Polygon","coordinates":[[[41,-2.207],[40.973,-2.109],[41.162,-2.077],[41,-2.207]]]}},{"type":"Feature","properties":{},"geometry":{"type":"Polygon","coordinates":[[[49.882,-17.002],[49.81,-17.094],[49.858,-16.926],[50.01,-16.703],[49.882,-17.002]]]}},{"type":"Feature","properties":{},"geometry":{"type":"Polygon","coordinates":[[[117.318,6.657],[117.441,6.698],[117.408,6.755],[117.505,6.688],[117.431,6.621],[117.318,6.657]]]}},{"type":"Feature","properties":{},"geometry":{"type":"Polygon","coordinates":[[[129.34,33.182],[129.556,33.41],[129.466,33.216],[129.34,33.182]]]}},{"type":"Feature","properties":{},"geometry":{"type":"Polygon","coordinates":[[[-7,61.63],[-6.751,61.574],[-6.838,61.56],[-6.704,61.487],[-6.819,61.473],[-6.677,61.392],[-6.876,61.476],[-7,61.63]]]}},{"type":"Feature","properties":{},"geometry":{"type":"Polygon","coordinates":[[[-41.015,64.191],[-41.098,64.223],[-40.998,64.279],[-40.676,64.288],[-40.763,64.217],[-40.697,64.196],[-41.015,64.191]]]}},{"type":"Feature","properties":{},"geometry":{"type":"Polygon","coordinates":[[[142.189,-10.196],[142.269,-10.118],[142.347,-10.173],[142.278,-10.261],[142.189,-10.196]]]}},{"type":"Feature","properties":{},"geometry":{"type":"Polygon","coordinates":[[[-110.676,24.999],[-110.715,25.101],[-110.59,25.029],[-110.536,24.89],[-110.599,24.874],[-110.676,24.999]]]}},{"type":"Feature","properties":{},"geometry":{"type":"Polygon","coordinates":[[[-51.523,64.373],[-51.336,64.443],[-51.288,64.549],[-51.118,64.557],[-51.267,64.375],[-51.523,64.373]]]}},{"type":"Feature","properties":{},"geometry":{"type":"Polygon","coordinates":[[[-73.925,-44.866],[-73.808,-44.894],[-73.925,-44.814],[-73.838,-44.77],[-73.738,-44.907],[-73.837,-44.959],[-73.925,-44.866]]]}},{"type":"Feature","properties":{},"geometry":{"type":"Polygon","coordinates":[[[-74.004,-51.376],[-74.096,-51.341],[-74.088,-51.231],[-73.953,-51.238],[-73.924,-51.345],[-74.004,-51.376]]]}},{"type":"Feature","properties":{},"geometry":{"type":"Polygon","coordinates":[[[-62.001,-39.093],[-61.86,-39.235],[-62.075,-39.149],[-62.088,-39.073],[-62.001,-39.093]]]}},{"type":"Feature","properties":{},"geometry":{"type":"Polygon","coordinates":[[[-62.868,17.369],[-62.78,17.401],[-62.629,17.225],[-62.868,17.369]]]}},{"type":"Feature","properties":{},"geometry":{"type":"Polygon","coordinates":[[[145.271,-38.387],[145.294,-38.284],[145.501,-38.353],[145.271,-38.387]]]}},{"type":"Feature","properties":{},"geometry":{"type":"Polygon","coordinates":[[[-151.493,-16.77],[-151.447,-16.725],[-151.353,-16.862],[-151.457,-16.917],[-151.493,-16.77]]]}},{"type":"Feature","properties":{},"geometry":{"type":"Polygon","coordinates":[[[-111.001,18.746],[-111.058,18.82],[-110.977,18.873],[-110.907,18.769],[-111.001,18.746]]]}},{"type":"Feature","properties":{},"geometry":{"type":"Polygon","coordinates":[[[-50.001,0.938],[-50.11,0.943],[-49.96,1.054],[-50.001,0.938]]]}},{"type":"Feature","properties":{},"geometry":{"type":"Polygon","coordinates":[[[7.38,62.995],[7.449,63.018],[7.385,63.058],[7.572,63.009],[7.667,63.116],[7.636,63.056],[7.727,63.008],[7.503,62.935],[7.38,62.995]]]}},{"type":"Feature","properties":{},"geometry":{"type":"Polygon","coordinates":[[[-86.409,16.392],[-86.657,16.272],[-86.41,16.432],[-86.213,16.428],[-86.409,16.392]]]}},{"type":"Feature","properties":{},"geometry":{"type":"Polygon","coordinates":[[[121.89,18.999],[121.99,18.957],[121.852,18.815],[121.89,18.999]]]}},{"type":"Feature","properties":{},"geometry":{"type":"Polygon","coordinates":[[[-125.409,50.309],[-125.298,50.338],[-125.283,50.447],[-125.128,50.333],[-125.409,50.309]]]}},{"type":"Feature","properties":{},"geometry":{"type":"Polygon","coordinates":[[[-52.005,68.086],[-51.632,68.116],[-51.318,68.136],[-51.485,68.066],[-52.005,68.086]]]}},{"type":"Feature","properties":{},"geometry":{"type":"Polygon","coordinates":[[[-72.962,-52.008],[-73.111,-52.108],[-73.136,-52.053],[-72.912,-51.898],[-72.962,-52.008]]]}},{"type":"Feature","properties":{},"geometry":{"type":"Polygon","coordinates":[[[-165.691,54.241],[-165.48,54.296],[-165.544,54.217],[-165.387,54.193],[-165.612,54.114],[-165.587,54.233],[-165.691,54.241]]]}},{"type":"Feature","properties":{},"geometry":{"type":"Polygon","coordinates":[[[-109.455,-27.178],[-109.39,-27.055],[-109.231,-27.102],[-109.455,-27.178]]]}},{"type":"Feature","properties":{},"geometry":{"type":"Polygon","coordinates":[[[-128.493,52.179],[-128.44,52.239],[-128.206,52.217],[-128.327,52.085],[-128.386,52.104],[-128.343,52.168],[-128.452,52.122],[-128.409,52.157],[-128.493,52.179]]]}},{"type":"Feature","properties":{},"geometry":{"type":"Polygon","coordinates":[[[-41,83.152],[-40.37,83.053],[-40.861,83.013],[-41.453,83.093],[-41.635,83.175],[-41,83.152]]]}},{"type":"Feature","properties":{},"geometry":{"type":"Polygon","coordinates":[[[-170.003,52.812],[-169.671,52.866],[-169.722,52.773],[-170.003,52.812]]]}},{"type":"Feature","properties":{},"geometry":{"type":"Polygon","coordinates":[[[-97.386,27.212],[-97.262,27.658],[-97.208,27.612],[-97.056,27.842],[-97.386,27.212]]]}},{"type":"Feature","properties":{},"geometry":{"type":"Polygon","coordinates":[[[-57.023,74.481],[-57.521,74.493],[-56.728,74.56],[-56.411,74.507],[-57.023,74.481]]]}},{"type":"Feature","properties":{},"geometry":{"type":"Polygon","coordinates":[[[128.54,-3.528],[128.704,-3.496],[128.721,-3.62],[128.644,-3.574],[128.632,-3.632],[128.54,-3.528]]]}},{"type":"Feature","properties":{},"geometry":{"type":"Polygon","coordinates":[[[107,20.735],[106.917,20.813],[106.957,20.877],[107.114,20.798],[107,20.735]]]}},{"type":"Feature","properties":{},"geometry":{"type":"Polygon","coordinates":[[[-48.924,-1.306],[-48.797,-1.279],[-48.819,-1.42],[-48.924,-1.306]]]}},{"type":"Feature","properties":{},"geometry":{"type":"Polygon","coordinates":[[[-62,57.522],[-62.054,57.541],[-61.993,57.585],[-61.784,57.548],[-61.92,57.448],[-62,57.522]]]}},{"type":"Feature","properties":{},"geometry":{"type":"Polygon","coordinates":[[[-51,-0.403],[-50.935,-0.368],[-50.995,-0.537],[-51.083,-0.563],[-51,-0.403]]]}},{"type":"Feature","properties":{},"geometry":{"type":"Polygon","coordinates":[[[121.128,28.134],[121.247,28.213],[121.288,28.072],[121.15,28.039],[121.128,28.134]]]}},{"type":"Feature","properties":{},"geometry":{"type":"Polygon","coordinates":[[[-81.416,31.197],[-81.388,31.313],[-81.284,31.29],[-81.384,31.134],[-81.416,31.197]]]}},{"type":"Feature","properties":{},"geometry":{"type":"Polygon","coordinates":[[[24.317,36.66],[24.352,36.751],[24.433,36.69],[24.41,36.771],[24.547,36.758],[24.527,36.669],[24.317,36.66]]]}},{"type":"Feature","properties":{},"geometry":{"type":"Polygon","coordinates":[[[-41.216,82.985],[-42.511,83.159],[-41.952,83.179],[-40.878,82.992],[-41.216,82.985]]]}},{"type":"Feature","properties":{},"geometry":{"type":"Polygon","coordinates":[[[-73.803,-52.93],[-73.58,-52.89],[-73.6,-52.84],[-73.334,-52.94],[-73.803,-52.93]]]}},{"type":"Feature","properties":{},"geometry":{"type":"Polygon","coordinates":[[[4.771,52.999],[4.721,53.068],[4.858,53.184],[4.901,53.081],[4.771,52.999]]]}},{"type":"Feature","properties":{},"geometry":{"type":"Polygon","coordinates":[[[-74.897,-52.247],[-74.847,-52.191],[-74.802,-52.257],[-74.604,-52.215],[-74.688,-52.335],[-74.897,-52.247]]]}},{"type":"Feature","properties":{},"geometry":{"type":"Polygon","coordinates":[[[-131.267,54.999],[-131.225,54.881],[-131.5,54.934],[-131.267,54.999]]]}},{"type":"Feature","properties":{},"geometry":{"type":"Polygon","coordinates":[[[125.255,24.75],[125.272,24.91],[125.473,24.714],[125.255,24.75]]]}},{"type":"Feature","properties":{},"geometry":{"type":"Polygon","coordinates":[[[-61.89,17.695],[-61.853,17.608],[-61.864,17.717],[-61.794,17.698],[-61.734,17.54],[-61.863,17.58],[-61.89,17.695]]]}},{"type":"Feature","properties":{},"geometry":{"type":"Polygon","coordinates":[[[-74.003,-45.84],[-74.102,-45.808],[-74.042,-45.737],[-73.884,-45.75],[-73.966,-45.79],[-73.962,-45.915],[-74.008,-45.938],[-74.003,-45.84]]]}},{"type":"Feature","properties":{},"geometry":{"type":"Polygon","coordinates":[[[-61.253,16],[-61.192,15.921],[-61.277,15.87],[-61.334,15.943],[-61.253,16]]]}},{"type":"Feature","properties":{},"geometry":{"type":"Polygon","coordinates":[[[6.235,4.302],[6.322,4.43],[6.415,4.312],[6.235,4.302]]]}},{"type":"Feature","properties":{},"geometry":{"type":"Polygon","coordinates":[[[5,61.838],[4.819,61.86],[4.952,61.91],[5.263,61.862],[4.93,61.762],[4.904,61.819],[5,61.838]]]}},{"type":"Feature","properties":{},"geometry":{"type":"Polygon","coordinates":[[[-18,79.017],[-18.138,79.072],[-17.895,79.208],[-17.592,79.168],[-17.625,79.08],[-18,79.017]]]}},{"type":"Feature","properties":{},"geometry":{"type":"Polygon","coordinates":[[[93.398,7.997],[93.457,7.87],[93.319,7.924],[93.335,8.009],[93.398,7.997]]]}},{"type":"Feature","properties":{},"geometry":{"type":"Polygon","coordinates":[[[12.535,65.997],[12.929,66.004],[12.392,65.879],[12.535,65.997]]]}},{"type":"Feature","properties":{},"geometry":{"type":"Polygon","coordinates":[[[-100.214,68.997],[-100.134,69.161],[-99.995,69.097],[-99.949,68.951],[-100.214,68.997]]]}},{"type":"Feature","properties":{},"geometry":{"type":"Polygon","coordinates":[[[134.611,-6.758],[134.714,-6.589],[134.721,-6.705],[134.611,-6.758]]]}},{"type":"Feature","properties":{},"geometry":{"type":"Polygon","coordinates":[[[89.554,21.853],[89.62,21.943],[89.7,21.762],[89.554,21.853]]]}},{"type":"Feature","properties":{},"geometry":{"type":"Polygon","coordinates":[[[-74.134,68.294],[-74.276,68.289],[-74.21,68.325],[-74.406,68.44],[-74.251,68.451],[-74.071,68.348],[-74.134,68.294]]]}},{"type":"Feature","properties":{},"geometry":{"type":"Polygon","coordinates":[[[120.607,-7.076],[120.629,-7.002],[120.793,-7.062],[120.675,-7.15],[120.607,-7.076]]]}},{"type":"Feature","properties":{},"geometry":{"type":"Polygon","coordinates":[[[-126.08,49.315],[-126.084,49.248],[-126.234,49.281],[-126.232,49.395],[-126.106,49.393],[-126.08,49.315]]]}},{"type":"Feature","properties":{},"geometry":{"type":"Polygon","coordinates":[[[-80,53.389],[-79.901,53.356],[-80.017,53.225],[-80.099,53.347],[-80,53.389]]]}},{"type":"Feature","properties":{},"geometry":{"type":"Polygon","coordinates":[[[104.081,0.94],[104.265,0.84],[104.171,0.785],[104.081,0.94]]]}},{"type":"Feature","properties":{},"geometry":{"type":"Polygon","coordinates":[[[-133.42,55.278],[-133.464,55.319],[-133.355,55.348],[-133.296,55.308],[-133.341,55.278],[-133.219,55.274],[-133.339,55.204],[-133.46,55.224],[-133.42,55.278]]]}},{"type":"Feature","properties":{},"geometry":{"type":"Polygon","coordinates":[[[-74.54,23.999],[-74.458,24.125],[-74.489,23.945],[-74.571,23.942],[-74.54,23.999]]]}},{"type":"Feature","properties":{},"geometry":{"type":"Polygon","coordinates":[[[155.454,50.877],[155.527,50.923],[155.682,50.848],[155.528,50.807],[155.454,50.877]]]}},{"type":"Feature","properties":{},"geometry":{"type":"Polygon","coordinates":[[[134.142,34.471],[134.352,34.564],[134.339,34.433],[134.142,34.471]]]}},{"type":"Feature","properties":{},"geometry":{"type":"Polygon","coordinates":[[[55.366,-4.641],[55.46,-4.565],[55.541,-4.802],[55.366,-4.641]]]}},{"type":"Feature","properties":{},"geometry":{"type":"Polygon","coordinates":[[[-75.001,-51.896],[-75.121,-51.923],[-75.061,-51.852],[-75.124,-51.822],[-74.98,-51.72],[-75.001,-51.896]]]}},{"type":"Feature","properties":{},"geometry":{"type":"Polygon","coordinates":[[[-79.684,54.83],[-79.01,54.934],[-79.762,54.764],[-79.684,54.83]]]}},{"type":"Feature","properties":{},"geometry":{"type":"Polygon","coordinates":[[[156.582,-8.008],[156.574,-8.185],[156.51,-7.942],[156.582,-8.008]]]}},{"type":"Feature","properties":{},"geometry":{"type":"Polygon","coordinates":[[[-50.943,-0.001],[-50.792,0.05],[-50.718,0.021],[-50.953,-0.045],[-50.943,-0.001]]]}},{"type":"Feature","properties":{},"geometry":{"type":"Polygon","coordinates":[[[-176.131,51.999],[-176.214,52.063],[-176.152,52.119],[-175.973,52.041],[-176.032,51.973],[-176.131,51.999]]]}},{"type":"Feature","properties":{},"geometry":{"type":"Polygon","coordinates":[[[-64.504,47.881],[-64.664,47.72],[-64.621,47.797],[-64.697,47.784],[-64.691,47.857],[-64.504,47.881]]]}},{"type":"Feature","properties":{},"geometry":{"type":"Polygon","coordinates":[[[169.694,-20.187],[169.794,-20.134],[169.851,-20.192],[169.803,-20.251],[169.694,-20.187]]]}},{"type":"Feature","properties":{},"geometry":{"type":"Polygon","coordinates":[[[130.995,-7.429],[131.174,-7.424],[131.057,-7.522],[130.969,-7.488],[130.995,-7.429]]]}},{"type":"Feature","properties":{},"geometry":{"type":"Polygon","coordinates":[[[-126.679,50.549],[-126.358,50.6],[-126.204,50.57],[-126.317,50.525],[-126.613,50.542],[-126.679,50.549]]]}},{"type":"Feature","properties":{},"geometry":{"type":"Polygon","coordinates":[[[-65.423,10.918],[-65.307,10.98],[-65.197,10.903],[-65.423,10.918]]]}},{"type":"Feature","properties":{},"geometry":{"type":"Polygon","coordinates":[[[-153.427,57.953],[-153.207,57.798],[-153.538,57.927],[-153.427,57.953]]]}},{"type":"Feature","properties":{},"geometry":{"type":"Polygon","coordinates":[[[99.021,7.642],[99.131,7.658],[99.103,7.466],[99.021,7.642]]]}},{"type":"Feature","properties":{},"geometry":{"type":"Polygon","coordinates":[[[-130.983,54.503],[-130.938,54.619],[-130.769,54.623],[-130.871,54.495],[-130.983,54.503]]]}},{"type":"Feature","properties":{},"geometry":{"type":"Polygon","coordinates":[[[99.598,6.596],[99.65,6.74],[99.696,6.529],[99.598,6.596]]]}},{"type":"Feature","properties":{},"geometry":{"type":"Polygon","coordinates":[[[-90.612,69.37],[-90.439,69.223],[-90.693,69.236],[-90.635,69.358],[-90.785,69.276],[-90.767,69.347],[-90.612,69.37]]]}},{"type":"Feature","properties":{},"geometry":{"type":"Polygon","coordinates":[[[41.999,16.783],[41.84,16.922],[41.932,16.959],[41.999,16.783]]]}},{"type":"Feature","properties":{},"geometry":{"type":"Polygon","coordinates":[[[-123.001,48.615],[-122.951,48.712],[-122.742,48.661],[-122.833,48.6],[-122.909,48.694],[-122.866,48.601],[-123.001,48.615]]]}},{"type":"Feature","properties":{},"geometry":{"type":"Polygon","coordinates":[[[58,81.195],[57.75,81.104],[56.942,81.145],[58,81.195]]]}},{"type":"Feature","properties":{},"geometry":{"type":"Polygon","coordinates":[[[-74.239,40.497],[-74.193,40.638],[-74.078,40.65],[-74.066,40.587],[-74.239,40.497]]]}},{"type":"Feature","properties":{},"geometry":{"type":"Polygon","coordinates":[[[119.004,-8.223],[119.047,-8.13],[119.119,-8.157],[119.087,-8.255],[119.004,-8.223]]]}},{"type":"Feature","properties":{},"geometry":{"type":"Polygon","coordinates":[[[-73.249,-44.001],[-73.255,-43.914],[-73.128,-43.885],[-73.149,-44.039],[-73.249,-44.001]]]}},{"type":"Feature","properties":{},"geometry":{"type":"Polygon","coordinates":[[[89.232,77.24],[89.423,77.301],[89.755,77.245],[89.35,77.144],[89.232,77.24]]]}},{"type":"Feature","properties":{},"geometry":{"type":"Polygon","coordinates":[[[-118.548,32.995],[-118.349,32.819],[-118.501,32.852],[-118.548,32.995]]]}},{"type":"Feature","properties":{},"geometry":{"type":"Polygon","coordinates":[[[-88,17.906],[-87.862,18.19],[-87.823,18.116],[-88,17.906]]]}},{"type":"Feature","properties":{},"geometry":{"type":"Polygon","coordinates":[[[51.646,-46.39],[51.757,-46.34],[51.88,-46.417],[51.727,-46.468],[51.646,-46.39]]]}},{"type":"Feature","properties":{},"geometry":{"type":"Polygon","coordinates":[[[-67.002,-55.336],[-67.064,-55.255],[-66.872,-55.215],[-66.864,-55.319],[-67.002,-55.336]]]}},{"type":"Feature","properties":{},"geometry":{"type":"Polygon","coordinates":[[[68.084,23.805],[68.188,23.84],[68.154,23.695],[68.052,23.706],[68.084,23.805]]]}},{"type":"Feature","properties":{},"geometry":{"type":"Polygon","coordinates":[[[93.394,19.955],[93.51,19.888],[93.512,19.732],[93.394,19.955]]]}},{"type":"Feature","properties":{},"geometry":{"type":"Polygon","coordinates":[[[67.002,69.473],[67.325,69.586],[67.359,69.508],[67.27,69.436],[67.002,69.473]]]}},{"type":"Feature","properties":{},"geometry":{"type":"Polygon","coordinates":[[[-62.765,66.999],[-62.879,67.058],[-62.41,67.197],[-62.394,67.147],[-62.765,66.999]]]}},{"type":"Feature","properties":{},"geometry":{"type":"Polygon","coordinates":[[[-129.684,52.997],[-129.628,53.022],[-129.749,53.136],[-129.533,53.029],[-129.626,53.02],[-129.564,52.947],[-129.684,52.997]]]}},{"type":"Feature","properties":{},"geometry":{"type":"Polygon","coordinates":[[[-106.537,21.638],[-106.532,21.539],[-106.662,21.695],[-106.537,21.638]]]}},{"type":"Feature","properties":{},"geometry":{"type":"Polygon","coordinates":[[[19.757,69.998],[19.882,69.975],[19.72,69.853],[19.413,69.835],[19.757,69.998]]]}},{"type":"Feature","properties":{},"geometry":{"type":"Polygon","coordinates":[[[-162.441,54.928],[-162.248,54.971],[-162.234,54.886],[-162.32,54.828],[-162.441,54.928]]]}},{"type":"Feature","properties":{},"geometry":{"type":"Polygon","coordinates":[[[133.303,-4.103],[133.609,-4.313],[133.315,-4.179],[133.303,-4.103]]]}},{"type":"Feature","properties":{},"geometry":{"type":"Polygon","coordinates":[[[-19.015,74.547],[-19.203,74.545],[-19.149,74.563],[-19.234,74.585],[-19.105,74.635],[-18.878,74.683],[-18.746,74.627],[-18.746,74.559],[-19.015,74.547]]]}},{"type":"Feature","properties":{},"geometry":{"type":"Polygon","coordinates":[[[5,61.177],[5.016,61.099],[4.742,61.039],[4.803,61.108],[4.823,61.05],[4.807,61.157],[4.912,61.116],[4.884,61.213],[4.953,61.128],[4.958,61.208],[5,61.177]]]}},{"type":"Feature","properties":{},"geometry":{"type":"Polygon","coordinates":[[[-128.233,51.999],[-128.306,52.119],[-128.111,52.185],[-128.233,51.999]]]}},{"type":"Feature","properties":{},"geometry":{"type":"Polygon","coordinates":[[[112.699,21.685],[112.872,21.774],[112.8,21.584],[112.725,21.607],[112.775,21.682],[112.699,21.685]]]}},{"type":"Feature","properties":{},"geometry":{"type":"Polygon","coordinates":[[[129.729,-1.206],[129.976,-1.177],[129.828,-1.256],[129.888,-1.202],[129.729,-1.206]]]}},{"type":"Feature","properties":{},"geometry":{"type":"Polygon","coordinates":[[[11.022,64.62],[11.097,64.656],[11.451,64.529],[11.307,64.481],[11.022,64.62]]]}},{"type":"Feature","properties":{},"geometry":{"type":"Polygon","coordinates":[[[-97.39,26.999],[-97.367,27.205],[-97.365,26.868],[-97.159,26.067],[-97.39,26.999]]]}},{"type":"Feature","properties":{},"geometry":{"type":"Polygon","coordinates":[[[129.34,-0.002],[129.538,-0.138],[129.535,-0.225],[129.472,-0.132],[129.34,-0.002]]]}},{"type":"Feature","properties":{},"geometry":{"type":"Polygon","coordinates":[[[-61.786,56.402],[-61.46,56.405],[-61.414,56.322],[-61.786,56.402]]]}},{"type":"Feature","properties":{},"geometry":{"type":"Polygon","coordinates":[[[53.97,80.45],[53.822,80.458],[53.987,80.52],[53.822,80.564],[53.895,80.603],[54.267,80.585],[54.092,80.544],[54.477,80.487],[54.32,80.416],[53.97,80.45]]]}},{"type":"Feature","properties":{},"geometry":{"type":"Polygon","coordinates":[[[-3.436,58.873],[-3.327,58.93],[-3.171,58.823],[-3.256,58.788],[-3.133,58.788],[-3.292,58.777],[-3.436,58.873]]]}},{"type":"Feature","properties":{},"geometry":{"type":"Polygon","coordinates":[[[-123.001,48.456],[-123.154,48.516],[-123.153,48.625],[-122.97,48.529],[-123.001,48.456]]]}},{"type":"Feature","properties":{},"geometry":{"type":"Polygon","coordinates":[[[113.999,22.27],[113.999,22.213],[113.843,22.194],[113.895,22.292],[114.051,22.347],[113.999,22.27]]]}},{"type":"Feature","properties":{},"geometry":{"type":"Polygon","coordinates":[[[123.52,-5.27],[123.621,-5.27],[123.635,-5.372],[123.52,-5.27]]]}},{"type":"Feature","properties":{},"geometry":{"type":"Polygon","coordinates":[[[133.77,-2.249],[133.94,-2.178],[133.923,-2.275],[133.77,-2.249]]]}},{"type":"Feature","properties":{},"geometry":{"type":"Polygon","coordinates":[[[21.087,63.286],[21.24,63.324],[21.199,63.236],[21.393,63.282],[21.454,63.204],[21.267,63.16],[21.087,63.286]]]}},{"type":"Feature","properties":{},"geometry":{"type":"Polygon","coordinates":[[[139.402,42.177],[139.563,42.253],[139.451,42.051],[139.402,42.177]]]}},{"type":"Feature","properties":{},"geometry":{"type":"Polygon","coordinates":[[[8.241,63.265],[8.452,63.285],[8.577,63.181],[8.347,63.165],[8.241,63.265]]]}},{"type":"Feature","properties":{},"geometry":{"type":"Polygon","coordinates":[[[58.057,80.999],[57.867,81.048],[58.125,81.09],[58.728,81.008],[58.525,80.932],[58.057,80.999]]]}},{"type":"Feature","properties":{},"geometry":{"type":"Polygon","coordinates":[[[167.407,-22.607],[167.44,-22.537],[167.549,-22.648],[167.525,-22.601],[167.436,-22.67],[167.407,-22.607]]]}},{"type":"Feature","properties":{},"geometry":{"type":"Polygon","coordinates":[[[40.035,64.759],[40.359,64.773],[40.409,64.625],[40.035,64.759]]]}},{"type":"Feature","properties":{},"geometry":{"type":"Polygon","coordinates":[[[12.308,66.018],[12.591,66.165],[12.432,66.154],[12.551,66.222],[12.636,66.156],[12.556,66.13],[12.657,66.124],[12.308,66.018]]]}},{"type":"Feature","properties":{},"geometry":{"type":"Polygon","coordinates":[[[-10,53.903],[-10.259,53.975],[-9.977,54.026],[-9.916,53.963],[-9.948,53.875],[-10,53.903]]]}},{"type":"Feature","properties":{},"geometry":{"type":"Polygon","coordinates":[[[-73.904,-53.547],[-73.808,-53.529],[-73.828,-53.462],[-73.658,-53.578],[-73.832,-53.635],[-73.904,-53.547]]]}},{"type":"Feature","properties":{},"geometry":{"type":"Polygon","coordinates":[[[76,73.49],[75.762,73.42],[75.57,73.475],[75.386,73.367],[75.603,73.507],[76,73.49]]]}},{"type":"Feature","properties":{},"geometry":{"type":"Polygon","coordinates":[[[-97.397,74.631],[-97.254,74.596],[-97.37,74.515],[-97.779,74.487],[-97.397,74.631]]]}},{"type":"Feature","properties":{},"geometry":{"type":"Polygon","coordinates":[[[125.503,-8.275],[125.641,-8.136],[125.589,-8.313],[125.503,-8.275]]]}},{"type":"Feature","properties":{},"geometry":{"type":"Polygon","coordinates":[[[-109.797,24.141],[-109.891,24.193],[-109.928,24.38],[-109.797,24.141]]]}},{"type":"Feature","properties":{},"geometry":{"type":"Polygon","coordinates":[[[93.638,7.308],[93.725,7.444],[93.754,7.327],[93.667,7.248],[93.638,7.308]]]}},{"type":"Feature","properties":{},"geometry":{"type":"Polygon","coordinates":[[[17.104,68.907],[17.496,68.876],[17.222,68.795],[17.104,68.907]]]}},{"type":"Feature","properties":{},"geometry":{"type":"Polygon","coordinates":[[[-111.185,25.998],[-111.085,26.068],[-111.081,25.969],[-111.131,25.987],[-111.21,25.8],[-111.185,25.998]]]}},{"type":"Feature","properties":{},"geometry":{"type":"Polygon","coordinates":[[[-31.267,39.451],[-31.205,39.525],[-31.122,39.456],[-31.198,39.371],[-31.267,39.451]]]}},{"type":"Feature","properties":{},"geometry":{"type":"Polygon","coordinates":[[[-61.926,57.44],[-61.733,57.546],[-61.661,57.477],[-61.831,57.433],[-61.601,57.41],[-61.926,57.44]]]}},{"type":"Feature","properties":{},"geometry":{"type":"Polygon","coordinates":[[[-50.446,2.191],[-50.421,2.117],[-50.563,2.153],[-50.446,2.191]]]}},{"type":"Feature","properties":{},"geometry":{"type":"Polygon","coordinates":[[[-96.67,72.762],[-96.981,72.768],[-96.721,72.904],[-96.599,72.79],[-96.67,72.762]]]}},{"type":"Feature","properties":{},"geometry":{"type":"Polygon","coordinates":[[[-50.94,-0.353],[-50.767,-0.223],[-50.805,-0.355],[-50.94,-0.353]]]}},{"type":"Feature","properties":{},"geometry":{"type":"Polygon","coordinates":[[[161.396,69.55],[161.568,69.609],[161.651,69.573],[161.639,69.463],[161.487,69.428],[161.396,69.55]]]}},{"type":"Feature","properties":{},"geometry":{"type":"Polygon","coordinates":[[[179.346,-18],[179.352,-18.117],[179.238,-18.027],[179.291,-17.938],[179.346,-18]]]}},{"type":"Feature","properties":{},"geometry":{"type":"Polygon","coordinates":[[[118.275,24.414],[118.405,24.529],[118.468,24.479],[118.435,24.408],[118.275,24.414]]]}},{"type":"Feature","properties":{},"geometry":{"type":"Polygon","coordinates":[[[-125,50.159],[-124.996,50.24],[-124.882,50.067],[-124.989,50.012],[-124.983,50.099],[-125.073,50.114],[-125,50.159]]]}},{"type":"Feature","properties":{},"geometry":{"type":"Polygon","coordinates":[[[110.427,21.181],[110.623,21.208],[110.569,21.092],[110.427,21.181]]]}},{"type":"Feature","properties":{},"geometry":{"type":"Polygon","coordinates":[[[-126.923,50.832],[-126.702,50.861],[-126.529,50.788],[-126.793,50.767],[-126.923,50.832]]]}},{"type":"Feature","properties":{},"geometry":{"type":"Polygon","coordinates":[[[85.999,74.529],[86.065,74.477],[85.684,74.477],[85.82,74.575],[86.291,74.523],[85.999,74.529]]]}},{"type":"Feature","properties":{},"geometry":{"type":"Polygon","coordinates":[[[-170.868,-14.327],[-170.587,-14.251],[-170.727,-14.276],[-170.786,-14.378],[-170.868,-14.327]]]}},{"type":"Feature","properties":{},"geometry":{"type":"Polygon","coordinates":[[[129.642,33.769],[129.702,33.865],[129.8,33.789],[129.717,33.705],[129.642,33.769]]]}},{"type":"Feature","properties":{},"geometry":{"type":"Polygon","coordinates":[[[-66.909,44.612],[-66.833,44.766],[-66.732,44.768],[-66.761,44.658],[-66.909,44.612]]]}},{"type":"Feature","properties":{},"geometry":{"type":"Polygon","coordinates":[[[105.532,-10.513],[105.551,-10.441],[105.705,-10.415],[105.667,-10.569],[105.532,-10.513]]]}},{"type":"Feature","properties":{},"geometry":{"type":"Polygon","coordinates":[[[127.633,-3.223],[127.792,-3.179],[127.785,-3.253],[127.633,-3.223]]]}},{"type":"Feature","properties":{},"geometry":{"type":"Polygon","coordinates":[[[93.508,7.999],[93.549,8.066],[93.463,8.167],[93.533,8.237],[93.508,7.999]]]}},{"type":"Feature","properties":{},"geometry":{"type":"Polygon","coordinates":[[[166.48,-20.706],[166.606,-20.388],[166.674,-20.46],[166.582,-20.52],[166.625,-20.604],[166.48,-20.706]]]}},{"type":"Feature","properties":{},"geometry":{"type":"Polygon","coordinates":[[[-62.484,65.711],[-62.288,65.734],[-62.138,65.624],[-62.348,65.595],[-62.326,65.649],[-62.48,65.645],[-62.484,65.711]]]}},{"type":"Feature","properties":{},"geometry":{"type":"Polygon","coordinates":[[[-70.748,-54.868],[-70.578,-54.814],[-70.352,-54.862],[-70.748,-54.868]]]}},{"type":"Feature","properties":{},"geometry":{"type":"Polygon","coordinates":[[[-74.536,-44.744],[-74.428,-44.712],[-74.295,-44.838],[-74.447,-44.841],[-74.536,-44.744]]]}},{"type":"Feature","properties":{},"geometry":{"type":"Polygon","coordinates":[[[-74.512,-48.394],[-74.275,-48.487],[-74.399,-48.553],[-74.512,-48.394]]]}},{"type":"Feature","properties":{},"geometry":{"type":"Polygon","coordinates":[[[-61.912,57.757],[-61.788,57.849],[-61.649,57.774],[-61.717,57.705],[-61.912,57.757]]]}},{"type":"Feature","properties":{},"geometry":{"type":"Polygon","coordinates":[[[91.055,22.672],[91.15,22.69],[91.209,22.606],[91.107,22.575],[91.055,22.672]]]}},{"type":"Feature","properties":{},"geometry":{"type":"Polygon","coordinates":[[[-48.001,-25.174],[-48.022,-25.098],[-47.909,-25.064],[-47.913,-25.16],[-48.095,-25.309],[-48.001,-25.174]]]}},{"type":"Feature","properties":{},"geometry":{"type":"Polygon","coordinates":[[[-19,81.683],[-19.533,81.78],[-19,81.794],[-18.46,81.668],[-19,81.683]]]}},{"type":"Feature","properties":{},"geometry":{"type":"Polygon","coordinates":[[[-65.577,18.102],[-65.507,18.133],[-65.346,18.111],[-65.419,18.101],[-65.451,18.085],[-65.577,18.102]]]}},{"type":"Feature","properties":{},"geometry":{"type":"Polygon","coordinates":[[[139.507,-17.001],[139.576,-17.097],[139.431,-17.143],[139.392,-17.083],[139.507,-17.001]]]}},{"type":"Feature","properties":{},"geometry":{"type":"Polygon","coordinates":[[[-74,-44.459],[-73.934,-44.537],[-74.06,-44.558],[-74.128,-44.492],[-73.96,-44.494],[-74.19,-44.425],[-74,-44.459]]]}},{"type":"Feature","properties":{},"geometry":{"type":"Polygon","coordinates":[[[-74.618,-52.001],[-74.558,-51.931],[-74.479,-51.962],[-74.498,-52.027],[-74.723,-52.111],[-74.618,-52.001]]]}},{"type":"Feature","properties":{},"geometry":{"type":"Polygon","coordinates":[[[72.607,21.576],[72.675,21.647],[72.827,21.636],[72.607,21.576]]]}},{"type":"Feature","properties":{},"geometry":{"type":"Polygon","coordinates":[[[-16,11.509],[-15.903,11.455],[-16.082,11.45],[-16,11.509]]]}},{"type":"Feature","properties":{},"geometry":{"type":"Polygon","coordinates":[[[132.172,33.926],[132.474,33.95],[132.331,33.857],[132.172,33.926]]]}},{"type":"Feature","properties":{},"geometry":{"type":"Polygon","coordinates":[[[-148.003,60.79],[-148.144,60.797],[-148.073,60.929],[-147.929,60.877],[-147.986,60.866],[-147.917,60.812],[-148.003,60.79]]]}},{"type":"Feature","properties":{},"geometry":{"type":"Polygon","coordinates":[[[104.12,2.787],[104.175,2.902],[104.219,2.728],[104.12,2.787]]]}},{"type":"Feature","properties":{},"geometry":{"type":"Polygon","coordinates":[[[-91,77.138],[-91.295,77.206],[-90.908,77.252],[-90.709,77.199],[-91,77.138]]]}},{"type":"Feature","properties":{},"geometry":{"type":"Polygon","coordinates":[[[-73,71.621],[-72.72,71.658],[-72.669,71.596],[-72.879,71.537],[-73,71.621]]]}},{"type":"Feature","properties":{},"geometry":{"type":"Polygon","coordinates":[[[59,81.421],[59.328,81.325],[58.512,81.352],[59,81.421]]]}},{"type":"Feature","properties":{},"geometry":{"type":"Polygon","coordinates":[[[-131.032,51.999],[-131.024,51.941],[-131.111,52.001],[-131.112,52.152],[-130.936,52.094],[-131.073,52.075],[-130.977,52.01],[-131.032,51.999]]]}},{"type":"Feature","properties":{},"geometry":{"type":"Polygon","coordinates":[[[-25.003,72.784],[-25.354,72.843],[-24.808,72.907],[-24.924,72.865],[-24.864,72.777],[-25.003,72.784]]]}},{"type":"Feature","properties":{},"geometry":{"type":"Polygon","coordinates":[[[52.065,12.233],[52.397,12.2],[52.298,12.153],[52.065,12.233]]]}},{"type":"Feature","properties":{},"geometry":{"type":"Polygon","coordinates":[[[118.318,4.658],[118.46,4.703],[118.586,4.631],[118.318,4.658]]]}},{"type":"Feature","properties":{},"geometry":{"type":"Polygon","coordinates":[[[24.263,37.583],[24.327,37.682],[24.403,37.665],[24.289,37.522],[24.263,37.583]]]}},{"type":"Feature","properties":{},"geometry":{"type":"Polygon","coordinates":[[[-73.741,-44.001],[-73.698,-43.937],[-73.58,-44.091],[-73.665,-44.131],[-73.741,-44.001]]]}},{"type":"Feature","properties":{},"geometry":{"type":"Polygon","coordinates":[[[-149.915,-17.512],[-149.754,-17.493],[-149.81,-17.594],[-149.915,-17.512]]]}},{"type":"Feature","properties":{},"geometry":{"type":"Polygon","coordinates":[[[-64,67.485],[-64.053,67.542],[-63.932,67.642],[-63.731,67.51],[-64,67.485]]]}},{"type":"Feature","properties":{},"geometry":{"type":"Polygon","coordinates":[[[-73.471,-54.068],[-73.178,-54.038],[-73.275,-54.135],[-73.471,-54.068]]]}},{"type":"Feature","properties":{},"geometry":{"type":"Polygon","coordinates":[[[-54.17,47.586],[-54.245,47.402],[-54.367,47.401],[-54.17,47.586]]]}},{"type":"Feature","properties":{},"geometry":{"type":"Polygon","coordinates":[[[-73,21.56],[-72.914,21.499],[-73.056,21.424],[-73.078,21.508],[-73,21.56]]]}},{"type":"Feature","properties":{},"geometry":{"type":"Polygon","coordinates":[[[103.448,0.999],[103.329,1.026],[103.351,1.14],[103.448,0.999]]]}},{"type":"Feature","properties":{},"geometry":{"type":"Polygon","coordinates":[[[-90.683,-68.76],[-90.442,-68.854],[-90.474,-68.914],[-90.665,-68.92],[-90.683,-68.76]]]}},{"type":"Feature","properties":{},"geometry":{"type":"Polygon","coordinates":[[[134.777,-6.396],[134.87,-6.29],[134.823,-6.48],[134.777,-6.396]]]}},{"type":"Feature","properties":{},"geometry":{"type":"Polygon","coordinates":[[[114.268,-7.103],[114.334,-7.058],[114.405,-7.174],[114.268,-7.103]]]}},{"type":"Feature","properties":{},"geometry":{"type":"Polygon","coordinates":[[[20.062,79.039],[20.142,79.102],[20.077,79.12],[20.818,79.058],[20.062,79.039]]]}},{"type":"Feature","properties":{},"geometry":{"type":"Polygon","coordinates":[[[-74.373,-44.513],[-74.192,-44.47],[-74.108,-44.551],[-74.318,-44.578],[-74.373,-44.513]]]}},{"type":"Feature","properties":{},"geometry":{"type":"Polygon","coordinates":[[[104.477,0.238],[104.632,0.11],[104.629,0.099],[104.548,0.152],[104.526,0.187],[104.477,0.238]]]}},{"type":"Feature","properties":{},"geometry":{"type":"Polygon","coordinates":[[[159.11,-9.007],[159.204,-9.03],[159.085,-9.125],[159.028,-9.06],[159.11,-9.007]]]}},{"type":"Feature","properties":{},"geometry":{"type":"Polygon","coordinates":[[[79.865,8.99],[79.684,9.078],[79.858,9.075],[79.929,9.01],[79.856,9.059],[79.929,8.978],[79.865,8.99]]]}},{"type":"Feature","properties":{},"geometry":{"type":"Polygon","coordinates":[[[85.169,74.513],[85.303,74.573],[85.691,74.534],[85.387,74.444],[85.169,74.513]]]}},{"type":"Feature","properties":{},"geometry":{"type":"Polygon","coordinates":[[[-74.247,-48.387],[-74.045,-48.405],[-74.035,-48.51],[-74.247,-48.387]]]}},{"type":"Feature","properties":{},"geometry":{"type":"Polygon","coordinates":[[[-61,45.475],[-61.137,45.565],[-60.888,45.58],[-61,45.475]]]}},{"type":"Feature","properties":{},"geometry":{"type":"Polygon","coordinates":[[[30,69.795],[29.701,69.755],[29.805,69.907],[30.082,69.835],[30,69.795]]]}},{"type":"Feature","properties":{},"geometry":{"type":"Polygon","coordinates":[[[108.894,3],[108.817,2.85],[108.777,2.898],[108.894,3]]]}},{"type":"Feature","properties":{},"geometry":{"type":"Polygon","coordinates":[[[106.193,3.236],[106.275,3.115],[106.34,3.158],[106.312,3.095],[106.21,3.127],[106.193,3.236]]]}},{"type":"Feature","properties":{},"geometry":{"type":"Polygon","coordinates":[[[-108,67.668],[-107.899,67.553],[-108.056,67.545],[-108.005,67.503],[-108.058,67.461],[-108.13,67.53],[-108.039,67.562],[-108.106,67.666],[-108,67.668]]]}},{"type":"Feature","properties":{},"geometry":{"type":"Polygon","coordinates":[[[-128.002,52.084],[-128.134,52.151],[-127.882,52.185],[-128.002,52.084]]]}},{"type":"Feature","properties":{},"geometry":{"type":"Polygon","coordinates":[[[127.857,-3.001],[127.915,-2.905],[127.997,-2.932],[127.904,-3.035],[127.857,-3.001]]]}},{"type":"Feature","properties":{},"geometry":{"type":"Polygon","coordinates":[[[-44.149,59.998],[-44.179,59.867],[-44.381,59.887],[-44.149,59.998]]]}},{"type":"Feature","properties":{},"geometry":{"type":"Polygon","coordinates":[[[-70,41.242],[-70.225,41.277],[-70.027,41.307],[-70.095,41.299],[-70.051,41.396],[-70,41.242]]]}},{"type":"Feature","properties":{},"geometry":{"type":"Polygon","coordinates":[[[136.495,-15.643],[136.511,-15.546],[136.611,-15.524],[136.591,-15.646],[136.495,-15.643]]]}},{"type":"Feature","properties":{},"geometry":{"type":"Polygon","coordinates":[[[-78.331,60.767],[-78.661,60.707],[-78.462,60.798],[-78.456,60.802],[-78.405,60.756],[-78.331,60.767]]]}},{"type":"Feature","properties":{},"geometry":{"type":"Polygon","coordinates":[[[52.092,-46.431],[52.223,-46.386],[52.329,-46.448],[52.092,-46.431]]]}},{"type":"Feature","properties":{},"geometry":{"type":"Polygon","coordinates":[[[150.604,58.998],[150.47,58.997],[150.535,59.065],[150.784,59.113],[150.604,58.998]]]}},{"type":"Feature","properties":{},"geometry":{"type":"Polygon","coordinates":[[[-60.321,-51.267],[-60.041,-51.34],[-60.258,-51.415],[-60.312,-51.391],[-60.23,-51.339],[-60.118,-51.364],[-60.321,-51.267]]]}},{"type":"Feature","properties":{},"geometry":{"type":"Polygon","coordinates":[[[-50.797,-0.679],[-50.739,-0.55],[-50.701,-0.689],[-50.797,-0.679]]]}},{"type":"Feature","properties":{},"geometry":{"type":"Polygon","coordinates":[[[25.999,36.884],[25.794,36.765],[25.847,36.827],[25.945,36.882],[26.001,36.926],[25.999,36.884]]]}},{"type":"Feature","properties":{},"geometry":{"type":"Polygon","coordinates":[[[-90.467,0.385],[-90.403,0.318],[-90.484,0.277],[-90.543,0.35],[-90.467,0.385]]]}},{"type":"Feature","properties":{},"geometry":{"type":"Polygon","coordinates":[[[-73.664,-42.397],[-73.519,-42.405],[-73.4,-42.589],[-73.664,-42.397]]]}},{"type":"Feature","properties":{},"geometry":{"type":"Polygon","coordinates":[[[-75,-48.684],[-74.89,-48.712],[-74.996,-48.623],[-74.806,-48.667],[-74.995,-48.77],[-75,-48.684]]]}},{"type":"Feature","properties":{},"geometry":{"type":"Polygon","coordinates":[[[-44.783,-1.609],[-44.687,-1.556],[-44.652,-1.633],[-44.786,-1.678],[-44.783,-1.609]]]}},{"type":"Feature","properties":{},"geometry":{"type":"Polygon","coordinates":[[[125.887,9.613],[125.939,9.764],[125.97,9.588],[125.887,9.613]]]}},{"type":"Feature","properties":{},"geometry":{"type":"Polygon","coordinates":[[[-74.495,-47.104],[-74.284,-47.055],[-74.457,-47.18],[-74.495,-47.104]]]}},{"type":"Feature","properties":{},"geometry":{"type":"Polygon","coordinates":[[[106.081,9.758],[106.11,9.744],[106.297,9.578],[106.223,9.523],[106.212,9.544],[106.081,9.758]]]}},{"type":"Feature","properties":{},"geometry":{"type":"Polygon","coordinates":[[[39.794,-16.351],[39.911,-16.282],[39.891,-16.417],[39.794,-16.351]]]}},{"type":"Feature","properties":{},"geometry":{"type":"Polygon","coordinates":[[[158.806,-54.751],[158.881,-54.502],[158.972,-54.473],[158.872,-54.762],[158.806,-54.751]]]}},{"type":"Feature","properties":{},"geometry":{"type":"Polygon","coordinates":[[[92.72,9.15],[92.777,9.255],[92.826,9.132],[92.72,9.15]]]}},{"type":"Feature","properties":{},"geometry":{"type":"Polygon","coordinates":[[[-96.011,80.66],[-95.19,80.701],[-94.936,80.631],[-96.011,80.66]]]}},{"type":"Feature","properties":{},"geometry":{"type":"Polygon","coordinates":[[[83.483,69.793],[83.583,69.868],[83.851,69.752],[83.483,69.793]]]}},{"type":"Feature","properties":{},"geometry":{"type":"Polygon","coordinates":[[[-23.617,69.717],[-23.315,69.752],[-23.211,69.688],[-23.393,69.649],[-23.617,69.717]]]}},{"type":"Feature","properties":{},"geometry":{"type":"Polygon","coordinates":[[[-5.782,-16.001],[-5.652,-15.916],[-5.671,-15.999],[-5.782,-16.001]]]}},{"type":"Feature","properties":{},"geometry":{"type":"Polygon","coordinates":[[[-56,72.668],[-56.178,72.719],[-55.65,72.775],[-55.744,72.68],[-55.863,72.73],[-55.876,72.661],[-56,72.668]]]}},{"type":"Feature","properties":{},"geometry":{"type":"Polygon","coordinates":[[[-108.061,24.998],[-108.053,24.824],[-108.157,24.968],[-108.142,25.049],[-108.061,24.998]]]}},{"type":"Feature","properties":{},"geometry":{"type":"Polygon","coordinates":[[[-16.42,11.528],[-16.248,11.579],[-16.274,11.493],[-16.42,11.528]]]}},{"type":"Feature","properties":{},"geometry":{"type":"Polygon","coordinates":[[[-53.002,68.362],[-53.251,68.429],[-52.958,68.446],[-53.018,68.505],[-52.867,68.438],[-53.002,68.362]]]}},{"type":"Feature","properties":{},"geometry":{"type":"Polygon","coordinates":[[[36.677,25.542],[36.816,25.516],[36.885,25.441],[36.707,25.526],[36.906,25.385],[36.972,25.416],[36.892,25.354],[36.677,25.542]]]}},{"type":"Feature","properties":{},"geometry":{"type":"Polygon","coordinates":[[[103.938,0.999],[103.96,0.892],[103.835,0.976],[103.856,1.037],[103.938,0.999]]]}},{"type":"Feature","properties":{},"geometry":{"type":"Polygon","coordinates":[[[157.429,-8.711],[157.555,-8.694],[157.655,-8.803],[157.429,-8.711]]]}},{"type":"Feature","properties":{},"geometry":{"type":"Polygon","coordinates":[[[-5.224,55.9],[-5.026,55.843],[-5.008,55.725],[-5.224,55.9]]]}},{"type":"Feature","properties":{},"geometry":{"type":"Polygon","coordinates":[[[-95,29.165],[-95.031,29.158],[-94.958,29.23],[-94.882,29.279],[-94.732,29.333],[-95,29.165]]]}},{"type":"Feature","properties":{},"geometry":{"type":"Polygon","coordinates":[[[95.214,5.901],[95.296,5.846],[95.335,5.903],[95.374,5.811],[95.283,5.787],[95.214,5.901]]]}},{"type":"Feature","properties":{},"geometry":{"type":"Polygon","coordinates":[[[-162.836,54.449],[-162.588,54.45],[-162.534,54.383],[-162.836,54.449]]]}},{"type":"Feature","properties":{},"geometry":{"type":"Polygon","coordinates":[[[92.589,11.362],[92.644,11.511],[92.7,11.365],[92.589,11.362]]]}},{"type":"Feature","properties":{},"geometry":{"type":"Polygon","coordinates":[[[-72.357,21.756],[-72.334,21.865],[-72.257,21.791],[-72.131,21.811],[-72.357,21.756]]]}},{"type":"Feature","properties":{},"geometry":{"type":"Polygon","coordinates":[[[-49.103,82.885],[-48.201,82.798],[-49.035,82.779],[-49.157,82.799],[-49.103,82.885]]]}},{"type":"Feature","properties":{},"geometry":{"type":"Polygon","coordinates":[[[-74.271,-51.314],[-74.138,-51.318],[-74.116,-51.369],[-74.214,-51.364],[-74.086,-51.453],[-74.239,-51.418],[-74.19,-51.395],[-74.271,-51.314]]]}},{"type":"Feature","properties":{},"geometry":{"type":"Polygon","coordinates":[[[50.995,68.447],[51.519,68.48],[50.818,68.358],[50.995,68.447]]]}},{"type":"Feature","properties":{},"geometry":{"type":"Polygon","coordinates":[[[152,-2.748],[151.928,-2.846],[151.909,-2.707],[152,-2.748]]]}},{"type":"Feature","properties":{},"geometry":{"type":"Polygon","coordinates":[[[100,9.703],[99.964,9.77],[100.032,9.802],[100.08,9.664],[100,9.703]]]}},{"type":"Feature","properties":{},"geometry":{"type":"Polygon","coordinates":[[[-0.984,60.719],[-0.898,60.845],[-0.757,60.822],[-0.861,60.757],[-0.833,60.683],[-0.984,60.719]]]}},{"type":"Feature","properties":{},"geometry":{"type":"Polygon","coordinates":[[[-133.61,55.422],[-133.458,55.381],[-133.598,55.371],[-133.613,55.239],[-133.692,55.318],[-133.61,55.422]]]}},{"type":"Feature","properties":{},"geometry":{"type":"Polygon","coordinates":[[[-155.588,55.922],[-155.568,55.774],[-155.715,55.777],[-155.747,55.828],[-155.588,55.922]]]}},{"type":"Feature","properties":{},"geometry":{"type":"Polygon","coordinates":[[[42.684,13.998],[42.765,14.072],[42.788,13.913],[42.684,13.998]]]}},{"type":"Feature","properties":{},"geometry":{"type":"Polygon","coordinates":[[[117.263,8.213],[117.313,8.334],[117.347,8.214],[117.263,8.213]]]}},{"type":"Feature","properties":{},"geometry":{"type":"Polygon","coordinates":[[[105.096,-6.618],[105.264,-6.527],[105.182,-6.68],[105.177,-6.581],[105.096,-6.618]]]}},{"type":"Feature","properties":{},"geometry":{"type":"Polygon","coordinates":[[[-83.002,66.194],[-83.276,66.255],[-83.251,66.359],[-83.045,66.253],[-82.865,66.266],[-83.002,66.194]]]}},{"type":"Feature","properties":{},"geometry":{"type":"Polygon","coordinates":[[[-73.903,-51.309],[-73.758,-51.269],[-73.731,-51.382],[-73.903,-51.309]]]}},{"type":"Feature","properties":{},"geometry":{"type":"Polygon","coordinates":[[[-128.001,52.174],[-128.098,52.203],[-127.967,52.304],[-127.893,52.188],[-128.001,52.174]]]}},{"type":"Feature","properties":{},"geometry":{"type":"Polygon","coordinates":[[[-50.85,-0.759],[-50.839,-0.785],[-50.945,-0.858],[-50.966,-0.806],[-50.869,-0.745],[-50.85,-0.759]]]}},{"type":"Feature","properties":{},"geometry":{"type":"Polygon","coordinates":[[[145.688,15.119],[145.819,15.286],[145.75,15.093],[145.688,15.119]]]}},{"type":"Feature","properties":{},"geometry":{"type":"Polygon","coordinates":[[[-74,-44.346],[-73.895,-44.353],[-73.929,-44.457],[-74.061,-44.398],[-74.094,-44.302],[-74,-44.346]]]}},{"type":"Feature","properties":{},"geometry":{"type":"Polygon","coordinates":[[[117.759,3.533],[117.814,3.592],[117.884,3.452],[117.759,3.533]]]}},{"type":"Feature","properties":{},"geometry":{"type":"Polygon","coordinates":[[[-132.818,54.915],[-132.646,54.9],[-132.638,54.838],[-132.738,54.856],[-132.614,54.763],[-132.818,54.915]]]}},{"type":"Feature","properties":{},"geometry":{"type":"Polygon","coordinates":[[[-77.594,3.126],[-77.517,3.193],[-77.548,3.053],[-77.647,3.032],[-77.594,3.126]]]}},{"type":"Feature","properties":{},"geometry":{"type":"Polygon","coordinates":[[[127.357,0.672],[127.446,0.743],[127.423,0.625],[127.357,0.672]]]}},{"type":"Feature","properties":{},"geometry":{"type":"Polygon","coordinates":[[[-156.615,20.591],[-156.552,20.598],[-156.547,20.516],[-156.703,20.529],[-156.615,20.591]]]}},{"type":"Feature","properties":{},"geometry":{"type":"Polygon","coordinates":[[[21.998,60.358],[21.827,60.358],[21.926,60.36],[21.787,60.447],[21.897,60.478],[21.998,60.358]]]}},{"type":"Feature","properties":{},"geometry":{"type":"Polygon","coordinates":[[[15.036,43.999],[14.823,44.163],[15.01,44.084],[15.226,43.902],[15.036,43.999]]]}},{"type":"Feature","properties":{},"geometry":{"type":"Polygon","coordinates":[[[-37,65.671],[-36.918,65.628],[-37.013,65.56],[-37.188,65.645],[-37.113,65.667],[-37.236,65.662],[-37.083,65.72],[-37,65.671]]]}},{"type":"Feature","properties":{},"geometry":{"type":"Polygon","coordinates":[[[-97,27.915],[-96.925,28.089],[-96.831,28.114],[-97,27.915]]]}},{"type":"Feature","properties":{},"geometry":{"type":"Polygon","coordinates":[[[-114.7,31.671],[-114.796,31.806],[-114.656,31.714],[-114.7,31.671]]]}},{"type":"Feature","properties":{},"geometry":{"type":"Polygon","coordinates":[[[-74.675,-44.676],[-74.609,-44.613],[-74.437,-44.694],[-74.675,-44.676]]]}},{"type":"Feature","properties":{},"geometry":{"type":"Polygon","coordinates":[[[-74.646,68.644],[-74.523,68.561],[-74.887,68.614],[-74.646,68.644]]]}},{"type":"Feature","properties":{},"geometry":{"type":"Polygon","coordinates":[[[-2.253,49.247],[-2.043,49.242],[-2.027,49.168],[-2.248,49.18],[-2.253,49.247]]]}},{"type":"Feature","properties":{},"geometry":{"type":"Polygon","coordinates":[[[-85,77.578],[-84.806,77.501],[-85.122,77.453],[-85.224,77.526],[-85.544,77.541],[-85,77.578]]]}},{"type":"Feature","properties":{},"geometry":{"type":"Polygon","coordinates":[[[-74.333,-45.768],[-74.262,-45.704],[-74.119,-45.792],[-74.333,-45.768]]]}},{"type":"Feature","properties":{},"geometry":{"type":"Polygon","coordinates":[[[98,12.366],[98.123,12.398],[98.009,12.265],[97.938,12.333],[98,12.366]]]}},{"type":"Feature","properties":{},"geometry":{"type":"Polygon","coordinates":[[[-75,-50.408],[-75.126,-50.386],[-74.912,-50.274],[-74.913,-50.359],[-75.066,-50.362],[-74.936,-50.384],[-75,-50.408]]]}},{"type":"Feature","properties":{},"geometry":{"type":"Polygon","coordinates":[[[57.997,80.558],[57.59,80.516],[57.253,80.576],[58.075,80.626],[57.997,80.558]]]}},{"type":"Feature","properties":{},"geometry":{"type":"Polygon","coordinates":[[[132.497,-11.682],[132.651,-11.654],[132.623,-11.727],[132.497,-11.682]]]}},{"type":"Feature","properties":{},"geometry":{"type":"Polygon","coordinates":[[[153.998,48.776],[154.105,48.889],[154.229,48.885],[154.013,48.718],[153.998,48.776]]]}},{"type":"Feature","properties":{},"geometry":{"type":"Polygon","coordinates":[[[-176.426,51.846],[-176.289,51.871],[-176.354,51.832],[-176.266,51.782],[-176.398,51.736],[-176.426,51.846]]]}},{"type":"Feature","properties":{},"geometry":{"type":"Polygon","coordinates":[[[125.353,2.742],[125.448,2.79],[125.42,2.64],[125.353,2.742]]]}},{"type":"Feature","properties":{},"geometry":{"type":"Polygon","coordinates":[[[118.063,24.461],[118.102,24.553],[118.191,24.528],[118.13,24.423],[118.063,24.461]]]}},{"type":"Feature","properties":{},"geometry":{"type":"Polygon","coordinates":[[[26.997,78.691],[26.7,78.63],[26.398,78.783],[26.615,78.802],[26.997,78.691]]]}},{"type":"Feature","properties":{},"geometry":{"type":"Polygon","coordinates":[[[-45.004,-1.284],[-44.87,-1.302],[-44.982,-1.404],[-45.004,-1.284]]]}},{"type":"Feature","properties":{},"geometry":{"type":"Polygon","coordinates":[[[98.037,12.212],[98.13,12.286],[98.148,12.138],[98.037,12.212]]]}},{"type":"Feature","properties":{},"geometry":{"type":"Polygon","coordinates":[[[-103.007,78.271],[-102.769,78.212],[-103.07,78.125],[-103.308,78.147],[-103.007,78.271]]]}},{"type":"Feature","properties":{},"geometry":{"type":"Polygon","coordinates":[[[-73.813,-46.003],[-73.748,-45.895],[-73.768,-45.956],[-73.668,-45.92],[-73.682,-46.042],[-73.813,-46.003]]]}},{"type":"Feature","properties":{},"geometry":{"type":"Polygon","coordinates":[[[7.33,1.613],[7.464,1.69],[7.413,1.554],[7.33,1.613]]]}},{"type":"Feature","properties":{},"geometry":{"type":"Polygon","coordinates":[[[-78.955,1.219],[-78.993,1.274],[-78.897,1.361],[-78.891,1.228],[-78.955,1.219]]]}},{"type":"Feature","properties":{},"geometry":{"type":"Polygon","coordinates":[[[107.341,-2.885],[107.486,-2.851],[107.412,-2.946],[107.341,-2.885]]]}},{"type":"Feature","properties":{},"geometry":{"type":"Polygon","coordinates":[[[129,-8.267],[128.816,-8.202],[128.953,-8.189],[129,-8.267]]]}},{"type":"Feature","properties":{},"geometry":{"type":"Polygon","coordinates":[[[-53.002,66.9],[-53.499,66.804],[-53.397,66.875],[-53.002,66.9]]]}},{"type":"Feature","properties":{},"geometry":{"type":"Polygon","coordinates":[[[-139,69.568],[-139.11,69.507],[-139.274,69.571],[-139.132,69.636],[-138.856,69.569],[-139,69.568]]]}},{"type":"Feature","properties":{},"geometry":{"type":"Polygon","coordinates":[[[46.203,-9.407],[46.264,-9.465],[46.521,-9.4],[46.268,-9.491],[46.203,-9.407]]]}},{"type":"Feature","properties":{},"geometry":{"type":"Polygon","coordinates":[[[19.042,57.905],[19.188,57.999],[19.357,57.963],[19.153,57.924],[19.128,57.84],[19.042,57.905]]]}},{"type":"Feature","properties":{},"geometry":{"type":"Polygon","coordinates":[[[127.48,-3.299],[127.551,-3.247],[127.655,-3.36],[127.48,-3.299]]]}},{"type":"Feature","properties":{},"geometry":{"type":"Polygon","coordinates":[[[-74.432,-52.141],[-74.272,-52.098],[-74.046,-52.233],[-74.432,-52.141]]]}},{"type":"Feature","properties":{},"geometry":{"type":"Polygon","coordinates":[[[-73.754,-44.762],[-73.59,-44.782],[-73.692,-44.845],[-73.754,-44.762]]]}},{"type":"Feature","properties":{},"geometry":{"type":"Polygon","coordinates":[[[-63.824,67.28],[-63.6,67.364],[-63.632,67.289],[-63.503,67.347],[-63.369,67.298],[-63.824,67.28]]]}},{"type":"Feature","properties":{},"geometry":{"type":"Polygon","coordinates":[[[123.687,11.226],[123.74,11.297],[123.809,11.152],[123.721,11.136],[123.687,11.226]]]}},{"type":"Feature","properties":{},"geometry":{"type":"Polygon","coordinates":[[[128.077,-8.264],[128.226,-8.217],[128.232,-8.278],[128.077,-8.264]]]}},{"type":"Feature","properties":{},"geometry":{"type":"Polygon","coordinates":[[[-140.138,-9.384],[-140.018,-9.365],[-140.038,-9.455],[-140.138,-9.384]]]}},{"type":"Feature","properties":{},"geometry":{"type":"Polygon","coordinates":[[[27.52,40.627],[27.74,40.632],[27.604,40.574],[27.52,40.627]]]}},{"type":"Feature","properties":{},"geometry":{"type":"Polygon","coordinates":[[[-59.836,-51.266],[-59.693,-51.275],[-59.543,-51.304],[-59.459,-51.329],[-59.618,-51.306],[-59.836,-51.266]]]}},{"type":"Feature","properties":{},"geometry":{"type":"Polygon","coordinates":[[[-66.663,-55.212],[-66.424,-55.224],[-66.645,-55.291],[-66.663,-55.212]]]}},{"type":"Feature","properties":{},"geometry":{"type":"Polygon","coordinates":[[[-66.293,68.161],[-66.666,68.21],[-66.234,68.269],[-66.293,68.161]]]}},{"type":"Feature","properties":{},"geometry":{"type":"Polygon","coordinates":[[[151,-2.962],[150.745,-2.988],[150.882,-2.905],[151,-2.962]]]}},{"type":"Feature","properties":{},"geometry":{"type":"Polygon","coordinates":[[[-90.002,68.788],[-89.921,68.856],[-89.893,68.796],[-89.953,68.79],[-89.787,68.776],[-89.942,68.658],[-90.002,68.788]]]}},{"type":"Feature","properties":{},"geometry":{"type":"Polygon","coordinates":[[[169.014,-52.551],[169.22,-52.469],[169.197,-52.525],[169.276,-52.553],[169.15,-52.552],[169.251,-52.578],[169.145,-52.612],[169.014,-52.551]]]}},{"type":"Feature","properties":{},"geometry":{"type":"Polygon","coordinates":[[[10.563,55.991],[10.684,55.893],[10.617,55.765],[10.528,55.793],[10.563,55.991]]]}},{"type":"Feature","properties":{},"geometry":{"type":"Polygon","coordinates":[[[12,65.646],[11.746,65.613],[11.865,65.715],[12.072,65.679],[12,65.646]]]}},{"type":"Feature","properties":{},"geometry":{"type":"Polygon","coordinates":[[[-121,75.748],[-121.291,75.761],[-121.026,75.813],[-121.015,75.926],[-120.866,75.945],[-120.836,75.899],[-121,75.748]]]}},{"type":"Feature","properties":{},"geometry":{"type":"Polygon","coordinates":[[[-55.005,70.486],[-54.676,70.382],[-54.951,70.384],[-55.046,70.441],[-55.005,70.486]]]}},{"type":"Feature","properties":{},"geometry":{"type":"Polygon","coordinates":[[[-6.954,61.911],[-6.634,61.832],[-6.657,61.758],[-6.954,61.911]]]}},{"type":"Feature","properties":{},"geometry":{"type":"Polygon","coordinates":[[[-67.851,-55.838],[-67.488,-55.833],[-67.613,-55.915],[-67.615,-55.849],[-67.851,-55.838]]]}},{"type":"Feature","properties":{},"geometry":{"type":"Polygon","coordinates":[[[11,57.305],[11.201,57.322],[10.982,57.215],[10.867,57.263],[11,57.305]]]}},{"type":"Feature","properties":{},"geometry":{"type":"Polygon","coordinates":[[[42.533,15.308],[42.641,15.459],[42.59,15.266],[42.533,15.308]]]}},{"type":"Feature","properties":{},"geometry":{"type":"Polygon","coordinates":[[[-16.334,11.857],[-16.292,11.978],[-16.175,11.878],[-16.334,11.857]]]}},{"type":"Feature","properties":{},"geometry":{"type":"Polygon","coordinates":[[[27,36.952],[26.911,36.95],[26.968,37.016],[26.882,37.076],[27.054,36.998],[27,36.952]]]}},{"type":"Feature","properties":{},"geometry":{"type":"Polygon","coordinates":[[[-174,-18.65],[-174.073,-18.632],[-173.934,-18.572],[-173.906,-18.638],[-173.988,-18.712],[-174,-18.65]]]}},{"type":"Feature","properties":{},"geometry":{"type":"Polygon","coordinates":[[[102.528,11.655],[102.557,11.76],[102.614,11.687],[102.598,11.56],[102.528,11.655]]]}},{"type":"Feature","properties":{},"geometry":{"type":"Polygon","coordinates":[[[13.176,68.047],[13.342,68.077],[13.323,68.171],[13.452,68.15],[13.387,68.029],[13.176,68.047]]]}},{"type":"Feature","properties":{},"geometry":{"type":"Polygon","coordinates":[[[-46.465,-1.002],[-46.564,-1.006],[-46.558,-0.907],[-46.539,-0.979],[-46.47,-0.884],[-46.465,-1.002]]]}},{"type":"Feature","properties":{},"geometry":{"type":"Polygon","coordinates":[[[66.781,70.996],[66.589,70.962],[66.609,70.91],[66.442,70.818],[66.715,71.099],[66.781,70.996]]]}},{"type":"Feature","properties":{},"geometry":{"type":"Polygon","coordinates":[[[123.056,-1.906],[123.101,-1.758],[123.149,-1.851],[123.056,-1.906]]]}},{"type":"Feature","properties":{},"geometry":{"type":"Polygon","coordinates":[[[158.28,-7.573],[158.33,-7.563],[158.411,-7.597],[158.452,-7.626],[158.372,-7.613],[158.28,-7.573]]]}},{"type":"Feature","properties":{},"geometry":{"type":"Polygon","coordinates":[[[-36.756,65.883],[-36.499,65.945],[-36.616,65.874],[-36.612,65.784],[-36.723,65.778],[-36.662,65.825],[-36.756,65.883]]]}},{"type":"Feature","properties":{},"geometry":{"type":"Polygon","coordinates":[[[-74,-44.86],[-74.2,-44.82],[-73.999,-44.77],[-73.935,-44.821],[-74,-44.86]]]}},{"type":"Feature","properties":{},"geometry":{"type":"Polygon","coordinates":[[[-12.355,-37.14],[-12.302,-37.075],[-12.217,-37.133],[-12.285,-37.199],[-12.355,-37.14]]]}},{"type":"Feature","properties":{},"geometry":{"type":"Polygon","coordinates":[[[4.995,60.725],[5.227,60.565],[4.882,60.698],[4.995,60.725]]]}},{"type":"Feature","properties":{},"geometry":{"type":"Polygon","coordinates":[[[-75.531,35.779],[-75.46,35.595],[-75.526,35.231],[-75.743,35.189],[-75.519,35.284],[-75.472,35.601],[-75.531,35.779]]]}},{"type":"Feature","properties":{},"geometry":{"type":"Polygon","coordinates":[[[138.281,-8.429],[138.332,-8.405],[138.436,-8.384],[138.54,-8.334],[138.372,-8.44],[138.281,-8.429]]]}},{"type":"Feature","properties":{},"geometry":{"type":"Polygon","coordinates":[[[51,81.119],[50.42,81.026],[50.367,81.045],[50.472,81.083],[50.352,81.148],[50.725,81.19],[51,81.119]]]}},{"type":"Feature","properties":{},"geometry":{"type":"Polygon","coordinates":[[[163,5.375],[163.025,5.283],[162.912,5.279],[163,5.375]]]}},{"type":"Feature","properties":{},"geometry":{"type":"Polygon","coordinates":[[[-55.776,71.884],[-55.389,71.91],[-55.555,71.824],[-55.776,71.884]]]}},{"type":"Feature","properties":{},"geometry":{"type":"Polygon","coordinates":[[[25.246,36.722],[25.307,36.792],[25.403,36.713],[25.356,36.641],[25.246,36.722]]]}},{"type":"Feature","properties":{},"geometry":{"type":"Polygon","coordinates":[[[63.33,-19.737],[63.387,-19.685],[63.5,-19.714],[63.383,-19.769],[63.33,-19.737]]]}},{"type":"Feature","properties":{},"geometry":{"type":"Polygon","coordinates":[[[-68.788,18.172],[-68.77,18.198],[-68.607,18.162],[-68.648,18.127],[-68.757,18.134],[-68.788,18.172]]]}},{"type":"Feature","properties":{},"geometry":{"type":"Polygon","coordinates":[[[152.049,-3.002],[151.962,-2.836],[152.075,-2.933],[152.049,-3.002]]]}},{"type":"Feature","properties":{},"geometry":{"type":"Polygon","coordinates":[[[106.135,78.208],[106.447,78.234],[106.596,78.325],[106.848,78.306],[106.82,78.244],[106.135,78.208]]]}},{"type":"Feature","properties":{},"geometry":{"type":"Polygon","coordinates":[[[124.051,-6.007],[124.043,-5.984],[123.976,-5.972],[123.983,-5.879],[124.083,-6.022],[124.051,-6.007]]]}},{"type":"Feature","properties":{},"geometry":{"type":"Polygon","coordinates":[[[149,-20.245],[149.025,-20.325],[148.915,-20.292],[148.959,-20.157],[149,-20.245]]]}},{"type":"Feature","properties":{},"geometry":{"type":"Polygon","coordinates":[[[-15.783,11.198],[-15.657,11.307],[-15.723,11.17],[-15.783,11.198]]]}},{"type":"Feature","properties":{},"geometry":{"type":"Polygon","coordinates":[[[16.259,68.958],[16.654,68.934],[16.575,68.875],[16.259,68.958]]]}},{"type":"Feature","properties":{},"geometry":{"type":"Polygon","coordinates":[[[-81.821,69.414],[-81.774,69.344],[-81.869,69.342],[-81.942,69.395],[-81.865,69.429],[-81.466,69.403],[-81.525,69.399],[-81.473,69.345],[-81.675,69.345],[-81.821,69.414]]]}},{"type":"Feature","properties":{},"geometry":{"type":"Polygon","coordinates":[[[-26.461,-58.422],[-26.272,-58.379],[-26.238,-58.488],[-26.461,-58.422]]]}},{"type":"Feature","properties":{},"geometry":{"type":"Polygon","coordinates":[[[-81.15,31.746],[-81.143,31.849],[-81.039,31.818],[-81.15,31.746]]]}},{"type":"Feature","properties":{},"geometry":{"type":"Polygon","coordinates":[[[-15.99,11.057],[-15.925,11.092],[-15.953,11.203],[-15.883,11.06],[-15.99,11.057]]]}},{"type":"Feature","properties":{},"geometry":{"type":"Polygon","coordinates":[[[-77.619,21.873],[-77.571,21.923],[-77.445,21.783],[-77.619,21.873]]]}},{"type":"Feature","properties":{},"geometry":{"type":"Polygon","coordinates":[[[-166.166,53.735],[-166.31,53.788],[-166.118,53.856],[-166.166,53.735]]]}},{"type":"Feature","properties":{},"geometry":{"type":"Polygon","coordinates":[[[-170.421,57.165],[-170.109,57.248],[-170.283,57.11],[-170.421,57.165]]]}},{"type":"Feature","properties":{},"geometry":{"type":"Polygon","coordinates":[[[-148.319,60.03],[-148.193,60.037],[-148.308,60.049],[-148.186,60.07],[-148.294,60.102],[-148.043,60.199],[-148.149,60.037],[-148.319,60.03]]]}},{"type":"Feature","properties":{},"geometry":{"type":"Polygon","coordinates":[[[-75,-50.665],[-74.998,-50.829],[-75.116,-50.711],[-75,-50.665]]]}},{"type":"Feature","properties":{},"geometry":{"type":"Polygon","coordinates":[[[-125.554,50.376],[-125.321,50.445],[-125.393,50.363],[-125.554,50.376]]]}},{"type":"Feature","properties":{},"geometry":{"type":"Polygon","coordinates":[[[-6.238,56.999],[-6.33,56.935],[-6.456,57.008],[-6.327,57.06],[-6.238,56.999]]]}},{"type":"Feature","properties":{},"geometry":{"type":"Polygon","coordinates":[[[134.399,-2],[134.35,-2.169],[134.318,-2.082],[134.399,-2]]]}},{"type":"Feature","properties":{},"geometry":{"type":"Polygon","coordinates":[[[-87.395,21.498],[-87.115,21.599],[-87.246,21.498],[-87.395,21.498]]]}},{"type":"Feature","properties":{},"geometry":{"type":"Polygon","coordinates":[[[16.997,68.742],[16.827,68.729],[17.038,68.868],[17.187,68.793],[16.997,68.742]]]}},{"type":"Feature","properties":{},"geometry":{"type":"Polygon","coordinates":[[[-65,63.518],[-64.978,63.573],[-64.887,63.532],[-64.828,63.39],[-65,63.518]]]}},{"type":"Feature","properties":{},"geometry":{"type":"Polygon","coordinates":[[[-82.181,26.681],[-82.068,26.622],[-82.058,26.495],[-82.181,26.681]]]}},{"type":"Feature","properties":{},"geometry":{"type":"Polygon","coordinates":[[[-70.494,-54.086],[-70.266,-54.075],[-70.343,-54.158],[-70.494,-54.086]]]}},{"type":"Feature","properties":{},"geometry":{"type":"Polygon","coordinates":[[[117,23.418],[117.015,23.432],[117.116,23.487],[117.134,23.401],[117,23.418]]]}},{"type":"Feature","properties":{},"geometry":{"type":"Polygon","coordinates":[[[119.71,11.465],[119.871,11.498],[119.83,11.378],[119.71,11.465]]]}},{"type":"Feature","properties":{},"geometry":{"type":"Polygon","coordinates":[[[66.386,70.687],[66.433,70.807],[66.491,70.761],[66.446,70.673],[66.582,70.49],[66.386,70.687]]]}},{"type":"Feature","properties":{},"geometry":{"type":"Polygon","coordinates":[[[151,-10.595],[151.07,-10.595],[151.05,-10.676],[150.905,-10.659],[151,-10.595]]]}},{"type":"Feature","properties":{},"geometry":{"type":"Polygon","coordinates":[[[-48.345,-25.418],[-48.246,-25.342],[-48.253,-25.47],[-48.345,-25.418]]]}},{"type":"Feature","properties":{},"geometry":{"type":"Polygon","coordinates":[[[-75.205,-44.818],[-75.13,-44.783],[-75.063,-44.907],[-75.163,-44.924],[-75.205,-44.818]]]}},{"type":"Feature","properties":{},"geometry":{"type":"Polygon","coordinates":[[[-161.898,55.166],[-161.635,55.104],[-161.759,55.056],[-161.767,55.148],[-161.827,55.098],[-161.898,55.166]]]}},{"type":"Feature","properties":{},"geometry":{"type":"Polygon","coordinates":[[[178.744,-17.662],[178.822,-17.625],[178.842,-17.717],[178.776,-17.749],[178.744,-17.662]]]}},{"type":"Feature","properties":{},"geometry":{"type":"Polygon","coordinates":[[[112,21.646],[111.803,21.563],[111.843,21.656],[112,21.646]]]}},{"type":"Feature","properties":{},"geometry":{"type":"Polygon","coordinates":[[[-124.642,50.234],[-124.722,50.161],[-124.707,50.287],[-124.817,50.236],[-124.735,50.311],[-124.642,50.234]]]}},{"type":"Feature","properties":{},"geometry":{"type":"Polygon","coordinates":[[[120.997,-7.333],[120.8,-7.277],[121.009,-7.282],[121.067,-7.3],[120.997,-7.333]]]}},{"type":"Feature","properties":{},"geometry":{"type":"Polygon","coordinates":[[[-74,-44.14],[-73.926,-44.093],[-73.808,-44.182],[-74,-44.14]]]}},{"type":"Feature","properties":{},"geometry":{"type":"Polygon","coordinates":[[[103,11.251],[102.986,11.42],[103.047,11.33],[103,11.251]]]}},{"type":"Feature","properties":{},"geometry":{"type":"Polygon","coordinates":[[[-51.941,70.669],[-51.797,70.738],[-51.421,70.657],[-51.941,70.669]]]}},{"type":"Feature","properties":{},"geometry":{"type":"Polygon","coordinates":[[[14.011,67.092],[14.287,67.2],[14.195,67.004],[14.011,67.092]]]}},{"type":"Feature","properties":{},"geometry":{"type":"Polygon","coordinates":[[[-111.004,68.52],[-110.654,68.505],[-110.942,68.466],[-111.058,68.479],[-111.004,68.52]]]}},{"type":"Feature","properties":{},"geometry":{"type":"Polygon","coordinates":[[[179.355,-17.259],[179.445,-17.256],[179.378,-17.4],[179.355,-17.259]]]}},{"type":"Feature","properties":{},"geometry":{"type":"Polygon","coordinates":[[[117,7.278],[116.854,7.192],[117.003,7.355],[117,7.278]]]}},{"type":"Feature","properties":{},"geometry":{"type":"Polygon","coordinates":[[[134.62,-6.492],[134.675,-6.448],[134.743,-6.537],[134.664,-6.568],[134.62,-6.492]]]}},{"type":"Feature","properties":{},"geometry":{"type":"Polygon","coordinates":[[[-71.313,41.528],[-71.221,41.657],[-71.241,41.474],[-71.356,41.447],[-71.313,41.528]]]}},{"type":"Feature","properties":{},"geometry":{"type":"Polygon","coordinates":[[[142.596,-9.408],[142.605,-9.384],[142.702,-9.384],[142.801,-9.378],[142.706,-9.431],[142.596,-9.408]]]}},{"type":"Feature","properties":{},"geometry":{"type":"Polygon","coordinates":[[[-56,47.61],[-56.116,47.651],[-55.94,47.706],[-55.879,47.611],[-56,47.61]]]}},{"type":"Feature","properties":{},"geometry":{"type":"Polygon","coordinates":[[[127.286,0.814],[127.337,0.865],[127.384,0.781],[127.31,0.753],[127.286,0.814]]]}},{"type":"Feature","properties":{},"geometry":{"type":"Polygon","coordinates":[[[14.999,68.535],[14.725,68.492],[14.612,68.565],[14.999,68.535]]]}},{"type":"Feature","properties":{},"geometry":{"type":"Polygon","coordinates":[[[125.657,10.781],[125.705,10.819],[125.809,10.695],[125.657,10.781]]]}},{"type":"Feature","properties":{},"geometry":{"type":"Polygon","coordinates":[[[-50.707,-0.56],[-50.568,-0.604],[-50.679,-0.625],[-50.707,-0.56]]]}},{"type":"Feature","properties":{},"geometry":{"type":"Polygon","coordinates":[[[82.995,74.101],[83.33,74.146],[83.611,74.085],[82.995,74.101]]]}},{"type":"Feature","properties":{},"geometry":{"type":"Polygon","coordinates":[[[-73.985,-44.275],[-73.799,-44.26],[-73.777,-44.337],[-73.985,-44.275]]]}},{"type":"Feature","properties":{},"geometry":{"type":"Polygon","coordinates":[[[119.445,4.901],[119.508,4.773],[119.46,4.645],[119.445,4.901]]]}},{"type":"Feature","properties":{},"geometry":{"type":"Polygon","coordinates":[[[145.673,15],[145.634,14.923],[145.584,14.995],[145.644,15.102],[145.673,15]]]}},{"type":"Feature","properties":{},"geometry":{"type":"Polygon","coordinates":[[[145,-40.675],[145.066,-40.715],[144.865,-40.724],[144.921,-40.623],[145,-40.675]]]}},{"type":"Feature","properties":{},"geometry":{"type":"Polygon","coordinates":[[[11.675,-16.564],[11.72,-16.512],[11.762,-16.802],[11.675,-16.564]]]}},{"type":"Feature","properties":{},"geometry":{"type":"Polygon","coordinates":[[[24.361,37.313],[24.438,37.483],[24.486,37.399],[24.361,37.313]]]}},{"type":"Feature","properties":{},"geometry":{"type":"Polygon","coordinates":[[[17.318,42.784],[17.406,42.796],[17.607,42.747],[17.746,42.71],[17.442,42.745],[17.318,42.784]]]}},{"type":"Feature","properties":{},"geometry":{"type":"Polygon","coordinates":[[[83,75.96],[83.247,75.908],[82.342,75.933],[83,75.96]]]}},{"type":"Feature","properties":{},"geometry":{"type":"Polygon","coordinates":[[[-124,49.783],[-124.089,49.647],[-124.202,49.672],[-124,49.783]]]}},{"type":"Feature","properties":{},"geometry":{"type":"Polygon","coordinates":[[[11.124,34.679],[11.247,34.831],[11.323,34.801],[11.124,34.679]]]}},{"type":"Feature","properties":{},"geometry":{"type":"Polygon","coordinates":[[[134.137,-1.914],[134.233,-1.745],[134.168,-1.961],[134.137,-1.914]]]}},{"type":"Feature","properties":{},"geometry":{"type":"Polygon","coordinates":[[[131.776,42.999],[131.804,43.062],[131.938,43.02],[131.834,42.933],[131.776,42.999]]]}},{"type":"Feature","properties":{},"geometry":{"type":"Polygon","coordinates":[[[40.055,16],[39.987,16.011],[40.046,16.116],[40.123,16.071],[40.12,15.982],[40.055,16]]]}},{"type":"Feature","properties":{},"geometry":{"type":"Polygon","coordinates":[[[-79.888,-2.647],[-79.846,-2.465],[-79.833,-2.655],[-79.888,-2.647]]]}},{"type":"Feature","properties":{},"geometry":{"type":"Polygon","coordinates":[[[-74,-45.428],[-73.792,-45.381],[-73.868,-45.45],[-74,-45.428]]]}},{"type":"Feature","properties":{},"geometry":{"type":"Polygon","coordinates":[[[145.118,-38.52],[145.298,-38.453],[145.365,-38.553],[145.118,-38.52]]]}},{"type":"Feature","properties":{},"geometry":{"type":"Polygon","coordinates":[[[148.01,-42.663],[148.072,-42.571],[148.167,-42.65],[148.015,-42.745],[148.067,-42.673],[148.01,-42.663]]]}},{"type":"Feature","properties":{},"geometry":{"type":"Polygon","coordinates":[[[-73.753,-42.634],[-73.602,-42.57],[-73.528,-42.686],[-73.753,-42.634]]]}},{"type":"Feature","properties":{},"geometry":{"type":"Polygon","coordinates":[[[90.528,21.999],[90.493,22.098],[90.569,22.143],[90.528,21.999]]]}},{"type":"Feature","properties":{},"geometry":{"type":"Polygon","coordinates":[[[9.59,3.804],[9.621,3.867],[9.696,3.774],[9.59,3.804]]]}},{"type":"Feature","properties":{},"geometry":{"type":"Polygon","coordinates":[[[35.426,-21.723],[35.483,-21.511],[35.497,-21.655],[35.456,-21.795],[35.426,-21.723]]]}},{"type":"Feature","properties":{},"geometry":{"type":"Polygon","coordinates":[[[76.119,73.184],[76.215,73.197],[76.709,73.133],[76.36,73.125],[76.119,73.184]]]}},{"type":"Feature","properties":{},"geometry":{"type":"Polygon","coordinates":[[[-159.528,55.248],[-159.487,55.055],[-159.64,55.036],[-159.6,55.093],[-159.662,55.123],[-159.56,55.102],[-159.61,55.172],[-159.528,55.248]]]}},{"type":"Feature","properties":{},"geometry":{"type":"Polygon","coordinates":[[[142.086,-10.135],[142.185,-10.064],[142.167,-10.182],[142.086,-10.135]]]}},{"type":"Feature","properties":{},"geometry":{"type":"Polygon","coordinates":[[[92.658,12.856],[92.707,12.992],[92.735,12.896],[92.68,12.779],[92.658,12.856]]]}},{"type":"Feature","properties":{},"geometry":{"type":"Polygon","coordinates":[[[69.999,66.475],[69.858,66.461],[69.688,66.559],[69.999,66.475]]]}},{"type":"Feature","properties":{},"geometry":{"type":"Polygon","coordinates":[[[26.26,36.592],[26.402,36.583],[26.383,36.646],[26.475,36.578],[26.323,36.505],[26.26,36.592]]]}},{"type":"Feature","properties":{},"geometry":{"type":"Polygon","coordinates":[[[83.051,70.381],[83.089,70.529],[83.321,70.473],[83.051,70.381]]]}},{"type":"Feature","properties":{},"geometry":{"type":"Polygon","coordinates":[[[-135.472,68.999],[-135.533,68.899],[-135.824,68.981],[-135.472,68.999]]]}},{"type":"Feature","properties":{},"geometry":{"type":"Polygon","coordinates":[[[-16.285,11.238],[-16.23,11.313],[-16.15,11.268],[-16.285,11.238]]]}},{"type":"Feature","properties":{},"geometry":{"type":"Polygon","coordinates":[[[124.382,10.646],[124.428,10.719],[124.515,10.67],[124.382,10.646]]]}},{"type":"Feature","properties":{},"geometry":{"type":"Polygon","coordinates":[[[20.614,38.466],[20.676,38.493],[20.675,38.366],[20.766,38.318],[20.697,38.311],[20.614,38.466]]]}},{"type":"Feature","properties":{},"geometry":{"type":"Polygon","coordinates":[[[-41.494,63.164],[-41.307,63.185],[-41.215,63.137],[-41.387,63.151],[-41.194,63.104],[-41.494,63.164]]]}},{"type":"Feature","properties":{},"geometry":{"type":"Polygon","coordinates":[[[-133.588,55.521],[-133.664,55.439],[-133.822,55.435],[-133.73,55.563],[-133.588,55.521]]]}},{"type":"Feature","properties":{},"geometry":{"type":"Polygon","coordinates":[[[-15.636,11.528],[-15.461,11.633],[-15.551,11.503],[-15.636,11.528]]]}},{"type":"Feature","properties":{},"geometry":{"type":"Polygon","coordinates":[[[-74.424,-45.108],[-74.324,-45.055],[-74.318,-45.129],[-74.371,-45.091],[-74.311,-45.146],[-74.262,-45.095],[-74.247,-45.168],[-74.424,-45.108]]]}},{"type":"Feature","properties":{},"geometry":{"type":"Polygon","coordinates":[[[-74.803,-52.169],[-74.571,-52.085],[-74.7,-52.22],[-74.803,-52.169]]]}},{"type":"Feature","properties":{},"geometry":{"type":"Polygon","coordinates":[[[124.704,11.703],[124.848,11.602],[124.827,11.533],[124.704,11.703]]]}},{"type":"Feature","properties":{},"geometry":{"type":"Polygon","coordinates":[[[130.999,-7.727],[130.97,-7.677],[131.124,-7.636],[130.999,-7.727]]]}},{"type":"Feature","properties":{},"geometry":{"type":"Polygon","coordinates":[[[166,-50.869],[166.118,-50.855],[166.185,-50.91],[166.157,-50.924],[165.891,-50.845],[166,-50.869]]]}},{"type":"Feature","properties":{},"geometry":{"type":"Polygon","coordinates":[[[-14.19,10.092],[-14.083,10.152],[-14.082,10.062],[-14.19,10.092]]]}},{"type":"Feature","properties":{},"geometry":{"type":"Polygon","coordinates":[[[23.479,37.998],[23.581,37.947],[23.401,37.894],[23.479,37.998]]]}},{"type":"Feature","properties":{},"geometry":{"type":"Polygon","coordinates":[[[98.286,12.999],[98.24,13.217],[98.338,13.078],[98.31,12.912],[98.286,12.999]]]}},{"type":"Feature","properties":{},"geometry":{"type":"Polygon","coordinates":[[[147.728,-2.341],[147.801,-2.239],[147.88,-2.291],[147.728,-2.341]]]}},{"type":"Feature","properties":{},"geometry":{"type":"Polygon","coordinates":[[[-14.425,-7.944],[-14.377,-7.89],[-14.297,-7.952],[-14.397,-7.996],[-14.425,-7.944]]]}},{"type":"Feature","properties":{},"geometry":{"type":"Polygon","coordinates":[[[-25.174,37],[-25.061,37.016],[-25.015,36.927],[-25.174,37]]]}},{"type":"Feature","properties":{},"geometry":{"type":"Polygon","coordinates":[[[150.759,-10.624],[150.866,-10.647],[150.789,-10.544],[150.899,-10.553],[150.893,-10.66],[150.759,-10.624]]]}},{"type":"Feature","properties":{},"geometry":{"type":"Polygon","coordinates":[[[59,69.28],[58.718,69.37],[59.225,69.252],[59.307,69.111],[59,69.28]]]}},{"type":"Feature","properties":{},"geometry":{"type":"Polygon","coordinates":[[[98.25,9.031],[98.292,9.165],[98.338,9.079],[98.25,9.031]]]}},{"type":"Feature","properties":{},"geometry":{"type":"Polygon","coordinates":[[[126.614,4],[126.73,3.916],[126.713,3.805],[126.614,4]]]}},{"type":"Feature","properties":{},"geometry":{"type":"Polygon","coordinates":[[[-74.564,-45.54],[-74.418,-45.438],[-74.471,-45.594],[-74.564,-45.54]]]}},{"type":"Feature","properties":{},"geometry":{"type":"Polygon","coordinates":[[[-21.004,76.488],[-20.847,76.52],[-20.745,76.48],[-20.888,76.413],[-20.742,76.404],[-21.188,76.434],[-21.004,76.488]]]}},{"type":"Feature","properties":{},"geometry":{"type":"Polygon","coordinates":[[[-56,53.469],[-55.747,53.448],[-55.857,53.426],[-55.805,53.392],[-56,53.469]]]}},{"type":"Feature","properties":{},"geometry":{"type":"Polygon","coordinates":[[[-62.245,16.722],[-62.187,16.819],[-62.149,16.693],[-62.245,16.722]]]}},{"type":"Feature","properties":{},"geometry":{"type":"Polygon","coordinates":[[[-48.001,60.862],[-48.254,60.819],[-48.012,60.915],[-47.943,60.92],[-48.001,60.862]]]}},{"type":"Feature","properties":{},"geometry":{"type":"Polygon","coordinates":[[[-81.657,45.884],[-81.707,45.798],[-81.588,45.806],[-81.602,45.752],[-81.863,45.521],[-81.995,45.56],[-81.761,45.701],[-82.066,45.559],[-82.546,45.752],[-83.233,45.9],[-83.181,45.966],[-83.091,45.919],[-82.81,45.993],[-82.842,45.92],[-82.757,45.844],[-82.539,45.786],[-82.509,45.849],[-82.592,45.891],[-82.504,45.947],[-82.299,45.992],[-82.167,45.838],[-81.942,45.983],[-81.82,45.88],[-81.791,45.731],[-81.657,45.884]]]}},{"type":"Feature","properties":{},"geometry":{"type":"Polygon","coordinates":[[[-68.575,51.632],[-68.375,51.512],[-68.393,51.343],[-68.502,51.471],[-68.593,51.451],[-68.366,51.276],[-68.472,51.185],[-68.78,51.149],[-69.031,51.251],[-69.108,51.38],[-69.039,51.493],[-68.907,51.593],[-68.575,51.632]]]}},{"type":"Feature","properties":{},"geometry":{"type":"Polygon","coordinates":[[[105.345,10.555],[105.14,10.708],[105.014,11.376],[105.058,11.443],[104.952,11.545],[105.25,11.391],[105.186,10.886],[105.214,10.796],[105.349,10.758],[105.345,10.555]]]}},{"type":"Feature","properties":{},"geometry":{"type":"Polygon","coordinates":[[[-87.974,47.336],[-88.225,47.208],[-88.418,46.991],[-88.485,47.063],[-88.405,47.197],[-88.459,47.102],[-88.627,47.161],[-88.428,47.37],[-88.202,47.459],[-87.734,47.445],[-88.028,47.389],[-87.974,47.336]]]}},{"type":"Feature","properties":{},"geometry":{"type":"Polygon","coordinates":[[[29.365,62.119],[29.514,61.935],[29.353,61.982],[29.326,61.841],[29.185,61.749],[29.007,61.779],[28.669,62.053],[29.189,62.14],[29.25,62.073],[29.163,62.069],[29.286,61.98],[29.267,62.143],[29.365,62.119]]]}},{"type":"Feature","properties":{},"geometry":{"type":"Polygon","coordinates":[[[-73.486,45.692],[-73.591,45.444],[-73.972,45.433],[-73.729,45.681],[-73.486,45.692]]]}},{"type":"Feature","properties":{},"geometry":{"type":"Polygon","coordinates":[[[107.744,53.401],[107.744,53.236],[107.398,53.079],[106.942,53.009],[106.984,53.106],[107.645,53.308],[107.744,53.401]]]}},{"type":"Feature","properties":{},"geometry":{"type":"Polygon","coordinates":[[[-86.987,45.276],[-87.215,44.884],[-87.376,44.84],[-87.411,44.911],[-87.245,45.17],[-87.072,45.3],[-86.987,45.276]]]}},{"type":"Feature","properties":{},"geometry":{"type":"Polygon","coordinates":[[[19.212,1.602],[19.553,1.794],[19.963,1.891],[19.643,1.701],[19.212,1.602]]]}},{"type":"Feature","properties":{},"geometry":{"type":"Polygon","coordinates":[[[-88.471,48.162],[-89.004,47.905],[-88.916,47.896],[-89.216,47.853],[-89.122,47.96],[-88.471,48.162]]]}},{"type":"Feature","properties":{},"geometry":{"type":"Polygon","coordinates":[[[33.044,-2.141],[32.843,-2.069],[32.902,-1.988],[32.829,-1.932],[33.105,-1.965],[33.185,-2.146],[33.044,-2.141]]]}},{"type":"Feature","properties":{},"geometry":{"type":"Polygon","coordinates":[[[-54.682,-2.384],[-54.804,-2.133],[-54.753,-2.088],[-54.561,-2.151],[-54.682,-2.384]]]}},{"type":"Feature","properties":{},"geometry":{"type":"Polygon","coordinates":[[[20.823,2.009],[20.984,2.047],[20.972,1.974],[21.351,2.068],[21.163,1.95],[20.823,2.009]]]}},{"type":"Feature","properties":{},"geometry":{"type":"Polygon","coordinates":[[[-56.819,-27.431],[-56.181,-27.303],[-56.462,-27.469],[-56.601,-27.43],[-56.753,-27.495],[-56.819,-27.431]]]}},{"type":"Feature","properties":{},"geometry":{"type":"Polygon","coordinates":[[[-83.921,46.293],[-83.78,46.221],[-83.942,46.07],[-84.111,46.308],[-83.921,46.293]]]}},{"type":"Feature","properties":{},"geometry":{"type":"Polygon","coordinates":[[[8.911,56.917],[8.76,56.678],[8.519,56.716],[8.663,56.798],[8.642,56.868],[8.911,56.917]]]}},{"type":"Feature","properties":{},"geometry":{"type":"Polygon","coordinates":[[[60.493,46.211],[60.289,46.166],[60.146,46.257],[60.729,46.298],[60.753,46.185],[60.649,46.139],[60.493,46.211]]]}},{"type":"Feature","properties":{},"geometry":{"type":"Polygon","coordinates":[[[-51.133,-1.829],[-50.867,-1.907],[-50.839,-1.998],[-51.036,-1.976],[-51.133,-1.829]]]}},{"type":"Feature","properties":{},"geometry":{"type":"Polygon","coordinates":[[[-83.625,46.104],[-83.474,45.999],[-83.524,45.932],[-83.885,45.978],[-83.625,46.104]]]}},{"type":"Feature","properties":{},"geometry":{"type":"Polygon","coordinates":[[[-65.489,-2.706],[-65.575,-2.601],[-65.442,-2.465],[-65.391,-2.531],[-65.489,-2.706]]]}},{"type":"Feature","properties":{},"geometry":{"type":"Polygon","coordinates":[[[-87.767,48.839],[-87.819,48.75],[-88.093,48.759],[-87.944,48.87],[-87.767,48.839]]]}},{"type":"Feature","properties":{},"geometry":{"type":"Polygon","coordinates":[[[32.141,-0.54],[32.248,-0.411],[32.07,-0.23],[32.321,-0.346],[32.284,-0.473],[32.141,-0.54]]]}},{"type":"Feature","properties":{},"geometry":{"type":"Polygon","coordinates":[[[29.015,-2.259],[29.049,-1.952],[29.11,-1.922],[29.094,-2.217],[29.015,-2.259]]]}},{"type":"Feature","properties":{},"geometry":{"type":"Polygon","coordinates":[[[-112.087,62.052],[-112.773,61.916],[-112.724,62.011],[-112.084,62.125],[-112.345,62.021],[-112.087,62.052]]]}},{"type":"Feature","properties":{},"geometry":{"type":"Polygon","coordinates":[[[-85.59,11.583],[-85.458,11.413],[-85.709,11.501],[-85.59,11.583]]]}},{"type":"Feature","properties":{},"geometry":{"type":"Polygon","coordinates":[[[-56.999,-27.467],[-56.901,-27.429],[-56.725,-27.525],[-56.831,-27.601],[-56.999,-27.467]]]}},{"type":"Feature","properties":{},"geometry":{"type":"Polygon","coordinates":[[[-111.959,61.974],[-112.534,61.783],[-112.928,61.742],[-111.959,61.974]]]}},{"type":"Feature","properties":{},"geometry":{"type":"Polygon","coordinates":[[[-61.853,8.612],[-61.888,8.544],[-62.178,8.585],[-62.106,8.676],[-61.853,8.612]]]}},{"type":"Feature","properties":{},"geometry":{"type":"Polygon","coordinates":[[[-54.827,-2.102],[-55.046,-2.14],[-54.908,-2.01],[-54.784,-2.068],[-54.827,-2.102]]]}},{"type":"Feature","properties":{},"geometry":{"type":"Polygon","coordinates":[[[-62.306,9.288],[-62.242,9.293],[-62.117,9.065],[-62.314,9.14],[-62.306,9.288]]]}},{"type":"Feature","properties":{},"geometry":{"type":"Polygon","coordinates":[[[-49.639,-3.117],[-49.599,-3.199],[-49.602,-3.304],[-49.671,-3.36],[-49.653,-3.276],[-49.671,-3.115],[-49.639,-3.117]]]}},{"type":"Feature","properties":{},"geometry":{"type":"Polygon","coordinates":[[[28.043,62.736],[27.869,62.816],[27.848,62.951],[28.06,62.971],[28.031,62.88],[28.131,62.874],[28.052,62.864],[28.124,62.821],[28.044,62.779],[28.163,62.746],[28.043,62.736]]]}},{"type":"Feature","properties":{},"geometry":{"type":"Polygon","coordinates":[[[33.329,0.076],[33.205,0.184],[33.261,0.179],[33.238,0.293],[33.397,0.256],[33.32,0.214],[33.329,0.076]]]}},{"type":"Feature","properties":{},"geometry":{"type":"Polygon","coordinates":[[[59.051,45.044],[59.108,45.171],[59.198,45.093],[59.256,45.179],[59.245,45.074],[59.298,45.139],[59.258,44.993],[59.051,45.044]]]}},{"type":"Feature","properties":{},"geometry":{"type":"Polygon","coordinates":[[[59.782,45.579],[59.776,45.675],[60.114,45.678],[59.782,45.579]]]}},{"type":"Feature","properties":{},"geometry":{"type":"Polygon","coordinates":[[[-116.666,61.179],[-116.464,61.136],[-116.537,61.079],[-116.912,61.139],[-116.666,61.179]]]}},{"type":"Feature","properties":{},"geometry":{"type":"Polygon","coordinates":[[[31.844,-2.231],[31.918,-2.398],[31.859,-2.463],[31.779,-2.299],[31.813,-2.187],[31.844,-2.231]]]}},{"type":"Feature","properties":{},"geometry":{"type":"Polygon","coordinates":[[[-85.715,47.799],[-85.59,47.744],[-85.948,47.732],[-85.715,47.799]]]}},{"type":"Feature","properties":{},"geometry":{"type":"Polygon","coordinates":[[[15.486,-4.167],[15.431,-4.29],[15.329,-4.276],[15.486,-4.167]]]}},{"type":"Feature","properties":{},"geometry":{"type":"Polygon","coordinates":[[[0.1,6.811],[0.186,6.721],[0.09,6.649],[-0.003,6.746],[0.1,6.811]]]}},{"type":"Feature","properties":{},"geometry":{"type":"Polygon","coordinates":[[[-112.241,61.792],[-112.42,61.694],[-112.314,61.645],[-112.687,61.571],[-112.241,61.792]]]}},{"type":"Feature","properties":{},"geometry":{"type":"Polygon","coordinates":[[[-94.458,49.21],[-94.468,49.139],[-94.716,49.075],[-94.784,49.191],[-94.458,49.21]]]}},{"type":"Feature","properties":{},"geometry":{"type":"Polygon","coordinates":[[[-96.603,51.185],[-96.679,51.048],[-96.843,51.017],[-96.699,51.2],[-96.603,51.185]]]}},{"type":"Feature","properties":{},"geometry":{"type":"Polygon","coordinates":[[[-83.337,45.99],[-83.267,45.954],[-83.314,45.877],[-83.487,45.887],[-83.337,45.99]]]}},{"type":"Feature","properties":{},"geometry":{"type":"Polygon","coordinates":[[[-97.956,52.537],[-97.894,52.371],[-97.963,52.295],[-98.059,52.438],[-97.956,52.537]]]}},{"type":"Feature","properties":{},"geometry":{"type":"Polygon","coordinates":[[[27.636,61.379],[27.716,61.271],[27.607,61.254],[27.439,61.336],[27.58,61.331],[27.303,61.392],[27.636,61.379]]]}},{"type":"Feature","properties":{},"geometry":{"type":"Polygon","coordinates":[[[35.316,62.074],[35.319,61.897],[35.162,61.848],[35.211,62.038],[35.316,62.074]]]}},{"type":"Feature","properties":{},"geometry":{"type":"Polygon","coordinates":[[[105.858,14.26],[105.911,13.995],[105.782,14.127],[105.858,14.26]]]}},{"type":"Feature","properties":{},"geometry":{"type":"Polygon","coordinates":[[[-57.527,48.875],[-57.531,48.868],[-57.58,48.817],[-57.77,48.686],[-57.896,48.658],[-57.62,48.857],[-57.525,48.897],[-57.527,48.875]]]}},{"type":"Feature","properties":{},"geometry":{"type":"Polygon","coordinates":[[[-76.944,45.885],[-76.991,45.802],[-77.198,45.908],[-76.944,45.885]]]}},{"type":"Feature","properties":{},"geometry":{"type":"Polygon","coordinates":[[[106.052,13.142],[106.076,13.018],[105.958,12.785],[106.052,13.142]]]}},{"type":"Feature","properties":{},"geometry":{"type":"Polygon","coordinates":[[[27.558,61.481],[27.782,61.445],[27.744,61.541],[27.973,61.478],[27.734,61.4],[27.796,61.428],[27.558,61.481]]]}},{"type":"Feature","properties":{},"geometry":{"type":"Polygon","coordinates":[[[-133.749,59.516],[-133.684,59.408],[-133.946,59.334],[-133.749,59.516]]]}},{"type":"Feature","properties":{},"geometry":{"type":"Polygon","coordinates":[[[-99.826,52.522],[-99.926,52.302],[-99.964,52.451],[-99.826,52.522]]]}},{"type":"Feature","properties":{},"geometry":{"type":"Polygon","coordinates":[[[67.87,24.073],[67.953,23.988],[67.777,24.006],[67.761,24.069],[67.87,24.073]]]}},{"type":"Feature","properties":{},"geometry":{"type":"Polygon","coordinates":[[[-118.524,65.719],[-118.314,65.823],[-118.136,65.79],[-118.524,65.719]]]}},{"type":"Feature","properties":{},"geometry":{"type":"Polygon","coordinates":[[[32.441,-2.42],[32.426,-2.274],[32.482,-2.332],[32.533,-2.281],[32.522,-2.391],[32.441,-2.42]]]}},{"type":"Feature","properties":{},"geometry":{"type":"Polygon","coordinates":[[[-85.502,45.734],[-85.491,45.623],[-85.615,45.597],[-85.554,45.774],[-85.502,45.734]]]}},{"type":"Feature","properties":{},"geometry":{"type":"Polygon","coordinates":[[[-59.664,-30.372],[-59.586,-30.484],[-59.606,-30.648],[-59.664,-30.372]]]}},{"type":"Feature","properties":{},"geometry":{"type":"Polygon","coordinates":[[[-56.474,-27.493],[-56.291,-27.46],[-56.374,-27.574],[-56.474,-27.493]]]}},{"type":"Feature","properties":{},"geometry":{"type":"Polygon","coordinates":[[[124.199,65.891],[123.944,66.031],[124.157,65.998],[124.199,65.891]]]}},{"type":"Feature","properties":{},"geometry":{"type":"Polygon","coordinates":[[[-102.285,56.913],[-102.174,57.104],[-102.131,56.96],[-102.285,56.913]]]}},{"type":"Feature","properties":{},"geometry":{"type":"Polygon","coordinates":[[[123.438,66.916],[123.324,67.076],[123.351,67.159],[123.517,67.058],[123.509,66.939],[123.438,66.916]]]}},{"type":"Feature","properties":{},"geometry":{"type":"Polygon","coordinates":[[[28.503,61.713],[28.453,61.691],[28.541,61.618],[28.283,61.608],[28.29,61.728],[28.395,61.651],[28.503,61.713]]]}},{"type":"Feature","properties":{},"geometry":{"type":"Polygon","coordinates":[[[-111.6,62.328],[-111.606,62.219],[-111.861,62.171],[-111.706,62.337],[-111.6,62.328]]]}},{"type":"Feature","properties":{},"geometry":{"type":"Polygon","coordinates":[[[-57.181,-2.583],[-57.278,-2.498],[-57.076,-2.52],[-57.181,-2.583]]]}},{"type":"Feature","properties":{},"geometry":{"type":"Polygon","coordinates":[[[32.041,-2.231],[32.078,-2.282],[31.976,-2.371],[31.946,-2.284],[32.041,-2.231]]]}},{"type":"Feature","properties":{},"geometry":{"type":"Polygon","coordinates":[[[-55.976,-2.054],[-56.084,-2.039],[-55.984,-1.976],[-55.928,-2.015],[-55.976,-2.054]]]}},{"type":"Feature","properties":{},"geometry":{"type":"Polygon","coordinates":[[[-84.134,46.511],[-84.186,46.427],[-84.119,46.332],[-84.279,46.486],[-84.134,46.511]]]}},{"type":"Feature","properties":{},"geometry":{"type":"Polygon","coordinates":[[[-74.608,48.728],[-74.738,48.584],[-74.663,48.473],[-74.779,48.604],[-74.608,48.728]]]}},{"type":"Feature","properties":{},"geometry":{"type":"Polygon","coordinates":[[[-63.743,52.22],[-63.675,52.062],[-63.838,52.16],[-63.743,52.22]]]}},{"type":"Feature","properties":{},"geometry":{"type":"Polygon","coordinates":[[[-73.933,45.313],[-74.057,45.239],[-74.17,45.287],[-73.933,45.313]]]}},{"type":"Feature","properties":{},"geometry":{"type":"Polygon","coordinates":[[[-112.462,61.74],[-112.687,61.638],[-112.771,61.702],[-112.462,61.74]]]}},{"type":"Feature","properties":{},"geometry":{"type":"Polygon","coordinates":[[[0.131,7.762],[0.18,7.728],[0.121,7.627],[0.061,7.758],[0.131,7.762]]]}},{"type":"Feature","properties":{},"geometry":{"type":"Polygon","coordinates":[[[-59.577,-29.333],[-59.571,-29.233],[-59.399,-29.171],[-59.577,-29.333]]]}},{"type":"Feature","properties":{},"geometry":{"type":"Polygon","coordinates":[[[-64.539,-3.408],[-64.619,-3.413],[-64.685,-3.303],[-64.539,-3.408]]]}},{"type":"Feature","properties":{},"geometry":{"type":"Polygon","coordinates":[[[28.458,61.501],[28.527,61.428],[28.272,61.387],[28.19,61.454],[28.458,61.501]]]}},{"type":"Feature","properties":{},"geometry":{"type":"Polygon","coordinates":[[[-64.934,-0.507],[-64.964,-0.422],[-64.858,-0.474],[-64.934,-0.507]]]}},{"type":"Feature","properties":{},"geometry":{"type":"Polygon","coordinates":[[[-180,-77.865],[-178.255,-77.931],[-176.842,-78.127],[-176.967,-78.264],[-175.142,-78.36],[-165.018,-78.614],[-164.616,-78.555],[-163.02,-78.578],[-162.375,-78.417],[-158.636,-77.872],[-158.118,-77.562],[-158.296,-77.509],[-158.137,-77.414],[-158.34,-77.328],[-158.174,-77.202],[-158.322,-77.128],[-157.912,-77.061],[-157.602,-77.158],[-157.497,-77.122],[-157.702,-77.071],[-157.232,-76.963],[-157.091,-77.004],[-157.191,-77.029],[-156.985,-77.147],[-156.78,-77.176],[-156.389,-77.071],[-155.587,-77.088],[-155.715,-77.003],[-155.507,-77.004],[-155.234,-77.072],[-155.302,-77.132],[-154.214,-77.061],[-153.454,-77.121],[-153.543,-77.132],[-153.412,-77.203],[-152.446,-77.192],[-152.542,-77.264],[-151.852,-77.391],[-152.3,-77.254],[-152.153,-77.159],[-151.528,-77.283],[-151.03,-77.214],[-151.376,-77.171],[-151.064,-77.079],[-151.569,-77.146],[-151.791,-77.106],[-151.671,-77.066],[-151.837,-77.096],[-151.581,-76.97],[-151.724,-76.941],[-150.861,-77.005],[-150.406,-76.875],[-150.052,-76.88],[-150.874,-76.732],[-150.321,-76.683],[-149.791,-76.519],[-150.492,-76.573],[-150.568,-76.521],[-149.671,-76.432],[-149.7,-76.355],[-149.515,-76.298],[-148.545,-76.23],[-148.697,-76.162],[-148.141,-76.02],[-148.387,-75.747],[-147.216,-75.743],[-146.479,-75.559],[-145.804,-75.507],[-145.829,-75.429],[-145.548,-75.368],[-145.697,-75.456],[-145.472,-75.374],[-145.002,-75.422],[-144.484,-75.36],[-143.203,-75.346],[-141.931,-75.482],[-141.359,-75.402],[-141.324,-75.497],[-140.851,-75.528],[-140.134,-75.405],[-140.254,-75.368],[-139.596,-75.218],[-139.7,-75.199],[-139.609,-75.188],[-139.655,-75.155],[-137.014,-75.023],[-136.811,-74.956],[-136.893,-74.918],[-136.845,-74.75],[-135.976,-74.718],[-135.42,-74.564],[-134.656,-74.612],[-134.502,-74.535],[-133.328,-74.501],[-132.56,-74.38],[-132.117,-74.416],[-131.666,-74.315],[-131.123,-74.439],[-130.908,-74.371],[-129.355,-74.42],[-128.19,-74.315],[-128.259,-74.28],[-127.611,-74.045],[-127.261,-73.804],[-127.26,-73.647],[-127.166,-73.599],[-127.47,-73.552],[-127.409,-73.537],[-127.5,-73.426],[-127.129,-73.279],[-126.074,-73.294],[-125.552,-73.449],[-125.631,-73.494],[-125.463,-73.58],[-124.595,-73.687],[-124.029,-73.855],[-123.274,-73.827],[-123.287,-73.763],[-123.106,-73.679],[-122.371,-73.668],[-120.498,-73.758],[-120.047,-73.847],[-119.174,-73.772],[-118.58,-73.97],[-117.33,-74.061],[-116.36,-73.859],[-115.799,-74.061],[-115.244,-74.103],[-114.793,-73.933],[-114.23,-73.863],[-113.963,-73.907],[-113.839,-74.025],[-113.556,-74.03],[-113.394,-74.168],[-112.006,-74.231],[-111.605,-74.168],[-110.876,-74.287],[-110.55,-74.242],[-110.188,-74.377],[-110.064,-74.658],[-109.465,-74.838],[-109.661,-74.921],[-109.116,-75.093],[-109.43,-75.095],[-109.163,-75.204],[-108.406,-75.255],[-107.751,-75.188],[-108.045,-75.193],[-107.749,-75.142],[-108.221,-75.057],[-107.114,-74.91],[-106.554,-74.73],[-106.141,-74.847],[-105.259,-74.777],[-105.311,-74.817],[-105.075,-74.962],[-104.505,-75.096],[-102.06,-75.129],[-101.788,-75.088],[-101.188,-74.71],[-102.46,-74.513],[-101.918,-74.398],[-101.863,-74.366],[-101.914,-74.327],[-101.442,-74.284],[-101.357,-74.192],[-101.562,-74.065],[-101.541,-74.008],[-102.906,-73.901],[-102.923,-73.825],[-102.803,-73.709],[-103.006,-73.675],[-103.005,-73.609],[-101.342,-73.637],[-101.693,-73.504],[-101.643,-73.391],[-101.819,-73.306],[-102.761,-73.325],[-103.308,-73.148],[-103.258,-73.007],[-103.421,-72.828],[-102.718,-72.647],[-102.767,-72.502],[-103.413,-72.252],[-102.654,-72.264],[-102.272,-72.141],[-102.338,-72.06],[-102.229,-72.006],[-101.436,-71.895],[-100.539,-71.914],[-100.198,-71.822],[-99.803,-71.912],[-99.159,-71.915],[-98.73,-71.72],[-97.502,-71.911],[-96.911,-71.825],[-96.238,-71.846],[-95.471,-72.109],[-95.309,-72.263],[-94.183,-72.524],[-92.884,-72.54],[-92.403,-72.641],[-91.144,-72.532],[-90.802,-72.583],[-90.707,-72.752],[-89.856,-72.45],[-89.751,-72.484],[-89.908,-72.513],[-89.829,-72.517],[-89.9,-72.533],[-89.84,-72.581],[-88.186,-72.7],[-88.142,-72.821],[-88,-72.866],[-86.472,-72.932],[-85.809,-73.044],[-85.809,-73.17],[-85.368,-73.239],[-85.477,-73.369],[-84.842,-73.542],[-83.585,-73.545],[-83.385,-73.604],[-83.498,-73.692],[-82.204,-73.84],[-81.187,-73.709],[-81.074,-73.584],[-81.349,-73.472],[-81.293,-73.351],[-81.362,-73.319],[-81.291,-73.265],[-80.336,-73.313],[-80.393,-73.208],[-80.662,-73.071],[-80.536,-72.954],[-79.66,-73.028],[-78.723,-73.401],[-78.154,-73.37],[-78.326,-73.215],[-78.071,-73.133],[-77.702,-73.197],[-77.584,-73.252],[-77.601,-73.318],[-77.382,-73.291],[-77.322,-73.208],[-77.486,-73.176],[-77.381,-73.158],[-77.458,-73.093],[-77.369,-72.987],[-78.375,-72.989],[-78.821,-73.125],[-79.317,-72.952],[-79.3,-72.87],[-78.67,-72.753],[-78.858,-72.565],[-79.285,-72.463],[-79.2,-72.351],[-78.946,-72.295],[-78.647,-72.325],[-78.294,-72.499],[-77.465,-72.415],[-77.298,-72.506],[-77.341,-72.572],[-77.19,-72.608],[-76.505,-72.528],[-76.424,-72.581],[-76.457,-72.655],[-75.805,-72.871],[-75.339,-72.818],[-74.332,-72.918],[-74.218,-72.979],[-74.336,-73.055],[-74.278,-73.095],[-73.497,-73.13],[-73.199,-73.035],[-72.96,-73.147],[-72.21,-73.137],[-72.115,-72.995],[-72.404,-72.908],[-72.336,-72.885],[-72.425,-72.799],[-72.329,-72.724],[-72.359,-72.671],[-73.172,-72.442],[-72.645,-72.27],[-72.998,-72.234],[-73.064,-72.136],[-73.322,-72.064],[-73.644,-72.054],[-74.082,-72.174],[-74.395,-72.029],[-74.846,-72.069],[-75.442,-71.846],[-75.174,-71.754],[-75.41,-71.648],[-75.112,-71.534],[-74.536,-71.568],[-74.428,-71.548],[-74.446,-71.453],[-74.319,-71.389],[-73.89,-71.403],[-73.317,-71.295],[-73.252,-71.194],[-72.947,-71.087],[-73.318,-70.99],[-73.302,-70.84],[-73.658,-70.783],[-74.461,-70.992],[-75.624,-71.097],[-76.263,-71.133],[-76.49,-71.067],[-76.549,-70.967],[-76.451,-70.918],[-75.232,-70.787],[-75.05,-70.713],[-74.998,-70.591],[-74.508,-70.693],[-74.469,-70.582],[-73.922,-70.522],[-74.65,-70.159],[-75.747,-70.103],[-75.833,-70.033],[-75.809,-69.925],[-75.368,-69.846],[-75.316,-69.808],[-75.423,-69.765],[-74.825,-69.723],[-74.41,-69.936],[-74.657,-70.011],[-73.489,-70.298],[-73.201,-70.198],[-73.187,-70.048],[-72.681,-70.01],[-72.717,-69.911],[-72.478,-69.796],[-72.52,-69.694],[-72.776,-69.66],[-72.958,-69.545],[-72.974,-69.485],[-72.862,-69.431],[-72.412,-69.454],[-71.941,-69.686],[-71.728,-69.643],[-71.745,-69.561],[-71.618,-69.457],[-71.655,-69.393],[-72.088,-69.317],[-72.041,-69.27],[-72.16,-69.228],[-72.103,-69.163],[-72.211,-69.08],[-72.014,-68.954],[-70.46,-68.78],[-70.091,-68.898],[-70.104,-69.003],[-69.99,-69.096],[-70.096,-69.136],[-70.021,-69.192],[-70.141,-69.239],[-70.108,-69.301],[-69.733,-69.281],[-69.48,-69.571],[-69.324,-69.624],[-69.294,-69.92],[-69.168,-70.034],[-68.436,-70.085],[-68.496,-69.911],[-68.37,-69.869],[-68.42,-69.762],[-68.337,-69.731],[-68.481,-69.714],[-68.343,-69.681],[-68.843,-69.403],[-68.316,-69.405],[-68.269,-69.347],[-68.352,-69.31],[-68.283,-69.281],[-67.739,-69.375],[-67.121,-69.256],[-67.24,-69.141],[-66.978,-69.026],[-67.489,-68.829],[-66.96,-68.751],[-66.999,-68.623],[-67.185,-68.508],[-66.979,-68.478],[-66.848,-68.421],[-66.959,-68.365],[-66.861,-68.368],[-67.149,-68.342],[-67.169,-68.281],[-66.761,-68.318],[-66.616,-68.24],[-66.956,-68.222],[-67.225,-68.059],[-67.066,-68.034],[-67.272,-67.966],[-66.84,-67.916],[-66.897,-67.824],[-66.764,-67.775],[-67.094,-67.774],[-66.728,-67.731],[-66.97,-67.694],[-66.74,-67.555],[-67.16,-67.597],[-67.108,-67.564],[-67.215,-67.558],[-67.097,-67.517],[-67.144,-67.492],[-67.621,-67.54],[-67.515,-67.499],[-67.664,-67.48],[-67.474,-67.343],[-67.585,-67.283],[-67.444,-67.189],[-67.625,-67.181],[-67.494,-67.042],[-67.292,-67.106],[-67.219,-66.96],[-67.119,-67.019],[-67.056,-66.994],[-67.116,-66.931],[-66.947,-66.928],[-66.947,-67.143],[-66.882,-67.165],[-66.932,-67.202],[-66.766,-67.262],[-66.698,-67.188],[-66.536,-67.351],[-66.46,-67.337],[-66.445,-67.184],[-66.529,-67.114],[-66.445,-67.082],[-66.621,-67.03],[-66.409,-66.903],[-66.591,-66.797],[-66.528,-66.776],[-66.544,-66.643],[-66.254,-66.578],[-65.712,-66.7],[-65.649,-66.645],[-65.778,-66.599],[-65.671,-66.593],[-65.735,-66.574],[-65.648,-66.525],[-65.724,-66.509],[-65.631,-66.449],[-65.681,-66.429],[-65.543,-66.404],[-65.876,-66.296],[-65.587,-66.2],[-65.723,-66.145],[-65.604,-66.096],[-65.137,-66.183],[-65.09,-66.145],[-65.334,-66.047],[-65.337,-65.981],[-64.943,-65.924],[-64.557,-66.032],[-64.464,-65.953],[-64.701,-65.835],[-64.659,-65.734],[-64.353,-65.801],[-64.335,-65.717],[-64.48,-65.628],[-64.04,-65.692],[-64.237,-65.549],[-64.129,-65.511],[-63.789,-65.603],[-63.831,-65.541],[-63.688,-65.507],[-64.104,-65.404],[-63.966,-65.364],[-64.122,-65.269],[-64.023,-65.272],[-64.086,-65.168],[-63.938,-65.142],[-63.992,-65.111],[-63.869,-65.044],[-63.23,-65.085],[-63.232,-65.147],[-63.087,-65.168],[-62.979,-65.119],[-63.034,-65.107],[-62.989,-65.026],[-63.267,-64.954],[-62.841,-64.92],[-62.813,-64.805],[-62.571,-64.914],[-62.389,-64.875],[-62.699,-64.768],[-62.489,-64.731],[-62.581,-64.655],[-62.462,-64.63],[-62.511,-64.601],[-62.302,-64.657],[-62.369,-64.756],[-62.144,-64.785],[-62.225,-64.739],[-61.933,-64.688],[-61.971,-64.651],[-61.898,-64.635],[-61.978,-64.604],[-61.787,-64.582],[-61.812,-64.492],[-61.661,-64.604],[-61.582,-64.52],[-61.448,-64.533],[-61.454,-64.457],[-61.608,-64.439],[-61.463,-64.361],[-61.312,-64.435],[-61.098,-64.394],[-61.101,-64.301],[-60.93,-64.284],[-61.005,-64.22],[-60.903,-64.206],[-60.965,-64.157],[-60.833,-64.15],[-61.022,-64.083],[-60.99,-64.04],[-60.759,-64.089],[-60.733,-64.006],[-60.317,-63.912],[-59.95,-63.956],[-59.9,-63.902],[-59.955,-63.849],[-59.827,-63.857],[-59.847,-63.772],[-59.756,-63.796],[-59.782,-63.863],[-59.422,-63.911],[-59.382,-63.867],[-59.465,-63.82],[-59.322,-63.785],[-59.417,-63.725],[-58.937,-63.673],[-58.949,-63.545],[-58.157,-63.471],[-58.162,-63.378],[-58.046,-63.418],[-57.875,-63.311],[-57.298,-63.213],[-57.033,-63.267],[-56.981,-63.371],[-57.073,-63.41],[-56.944,-63.399],[-57.008,-63.473],[-56.773,-63.542],[-56.77,-63.606],[-57.139,-63.654],[-57.18,-63.592],[-57.081,-63.553],[-57.136,-63.483],[-57.454,-63.442],[-57.469,-63.53],[-57.372,-63.556],[-57.707,-63.549],[-57.756,-63.606],[-57.614,-63.632],[-58.274,-63.737],[-58.749,-64.03],[-58.697,-64.093],[-58.798,-64.217],[-59.113,-64.229],[-58.746,-64.291],[-58.952,-64.358],[-58.777,-64.42],[-58.809,-64.551],[-58.995,-64.516],[-58.99,-64.432],[-59.366,-64.43],[-59.474,-64.309],[-59.671,-64.398],[-59.605,-64.451],[-59.654,-64.517],[-59.546,-64.578],[-59.766,-64.571],[-59.728,-64.484],[-59.957,-64.379],[-60.367,-64.65],[-60.742,-64.746],[-60.58,-64.891],[-60.089,-64.964],[-60.005,-65.066],[-59.611,-65.119],[-59.453,-65.247],[-60.38,-65.063],[-60.907,-65.107],[-61.22,-65.004],[-61.581,-65.076],[-61.528,-65.129],[-61.63,-65.181],[-61.599,-65.238],[-61.955,-65.187],[-62.203,-65.324],[-62.004,-65.385],[-62.124,-65.434],[-62.028,-65.497],[-61.338,-65.578],[-61.232,-65.645],[-61.292,-65.762],[-60.534,-65.959],[-60.614,-66.064],[-60.505,-66.15],[-60.489,-66.39],[-60.352,-66.511],[-60.404,-66.654],[-60.045,-66.817],[-60.406,-67.013],[-60.233,-67.096],[-60.335,-67.445],[-60.764,-67.5],[-60.898,-67.627],[-60.865,-67.745],[-60.52,-67.88],[-60.558,-67.963],[-60.482,-68.022],[-60.71,-68.285],[-60.722,-68.428],[-60.651,-68.49],[-60.794,-68.565],[-60.621,-68.664],[-60.734,-68.656],[-60.663,-68.785],[-60.855,-68.849],[-60.701,-68.935],[-61.508,-69.402],[-61.2,-69.634],[-60.978,-69.656],[-60.839,-69.764],[-61.275,-69.842],[-60.635,-70.37],[-60.553,-70.492],[-60.62,-70.505],[-60.459,-70.536],[-60.436,-70.615],[-60.701,-70.715],[-60.71,-70.872],[-60.511,-70.978],[-60.601,-71.13],[-60.398,-71.318],[-60.544,-71.401],[-60.452,-71.64],[-60.237,-71.745],[-60.315,-71.783],[-60.227,-71.881],[-60.326,-71.9],[-60.245,-71.942],[-60.304,-71.933],[-60.246,-72],[-60.317,-72.107],[-60.115,-72.197],[-60.123,-72.285],[-59.659,-72.478],[-59.772,-72.639],[-59.903,-72.661],[-59.924,-72.812],[-60.056,-72.868],[-59.94,-72.891],[-59.89,-72.997],[-60.046,-73.142],[-59.972,-73.247],[-60.357,-73.348],[-60.576,-73.478],[-60.554,-73.53],[-60.877,-73.637],[-60.687,-73.673],[-61.016,-73.967],[-60.882,-73.971],[-60.683,-74.133],[-60.725,-74.235],[-60.643,-74.296],[-60.922,-74.383],[-60.98,-74.423],[-60.904,-74.459],[-60.987,-74.499],[-61.481,-74.569],[-61.419,-74.578],[-61.493,-74.636],[-61.446,-74.692],[-61.656,-74.842],[-60.145,-75.211],[-54.317,-76.31],[-52.742,-76.843],[-52.01,-76.851],[-51.588,-77.028],[-50.691,-77.18],[-50.723,-77.089],[-50.613,-77.004],[-50.378,-76.992],[-49.934,-77.245],[-50.576,-77.208],[-50.096,-77.445],[-49.698,-77.611],[-48.713,-77.772],[-45.857,-77.813],[-44.911,-77.948],[-44.042,-78.172],[-43.289,-78.185],[-40.999,-77.999],[-40.083,-78.121],[-36.934,-78.258],[-36.036,-78.24],[-35.942,-78.187],[-36.063,-78.175],[-35.951,-78.114],[-35.467,-78.057],[-35.481,-77.967],[-35.351,-77.852],[-34.994,-77.82],[-35.134,-77.795],[-35.113,-77.741],[-34.792,-77.725],[-34.735,-77.629],[-34.364,-77.477],[-33.714,-77.306],[-32.586,-77.125],[-31.898,-77.151],[-31.87,-77.05],[-31.723,-76.98],[-30.649,-76.852],[-30.385,-76.7],[-29.6,-76.574],[-29.359,-76.441],[-26.646,-76.097],[-26.575,-76.001],[-26.622,-75.903],[-26.794,-75.804],[-27.661,-75.609],[-27.128,-75.49],[-26.343,-75.451],[-26.002,-75.304],[-25.244,-75.145],[-25.191,-74.996],[-24.994,-74.93],[-25.682,-74.677],[-25.281,-74.542],[-25.415,-74.346],[-25.79,-74.226],[-25.666,-74.091],[-23.88,-73.852],[-23.557,-73.92],[-23.553,-74.036],[-23.215,-73.966],[-22.995,-74.172],[-22.624,-74.126],[-22.082,-74.269],[-22.09,-74.196],[-21.94,-74.149],[-22.049,-74.108],[-21.971,-74.064],[-21.095,-73.945],[-20.866,-73.655],[-20.568,-73.551],[-20.602,-73.499],[-20.412,-73.28],[-19.863,-73.052],[-19.887,-72.989],[-19.582,-72.849],[-19.383,-72.842],[-19.434,-72.779],[-19.152,-72.669],[-18.318,-72.583],[-17.919,-72.668],[-17.192,-72.497],[-16.524,-72.529],[-16.385,-72.403],[-15.512,-72.278],[-15.34,-72.194],[-15.379,-72.16],[-13.465,-71.969],[-12.92,-72.014],[-12.581,-71.874],[-12.968,-71.927],[-12.923,-71.872],[-12.028,-71.67],[-12.378,-71.435],[-12.252,-71.308],[-11.617,-71.27],[-11.167,-71.042],[-10.703,-71.005],[-10.826,-70.958],[-10.457,-70.996],[-9.985,-70.918],[-9.577,-70.707],[-8.749,-70.528],[-8.197,-70.506],[-8.084,-70.668],[-7.738,-70.691],[-7.427,-70.611],[-7.443,-70.522],[-7.293,-70.457],[-7.054,-70.422],[-6.334,-70.478],[-6.024,-70.403],[-5.818,-70.485],[-5.573,-70.347],[-5.604,-70.398],[-4.984,-70.354],[-3.431,-70.449],[-3.211,-70.312],[-1.281,-70.049],[-1.47,-70.028],[-1.453,-69.933],[-1.651,-69.934],[-1.318,-69.715],[-1.058,-69.722],[-1.093,-69.668],[-0.96,-69.64],[0.084,-69.588],[0.19,-69.938],[0.276,-69.825],[0.255,-69.951],[0.414,-69.934],[0.277,-70.123],[0.871,-69.894],[1.218,-69.984],[1.045,-70.045],[1.468,-70.062],[1.903,-69.949],[2.494,-70.165],[3.692,-70.055],[3.778,-70.123],[4.112,-70.117],[4.054,-70.281],[5.323,-70.101],[5.493,-70.245],[5.683,-70.217],[5.516,-70.095],[5.714,-69.996],[6.497,-70.05],[7.213,-69.999],[7.408,-70.208],[7.913,-70.151],[8.061,-70.003],[8.009,-69.982],[8.156,-69.948],[8.07,-69.938],[8.147,-69.878],[8.523,-70.025],[8.397,-69.979],[8.457,-69.867],[9.049,-69.991],[8.997,-70.022],[9.095,-70.054],[9.012,-70.09],[9.865,-70.029],[10.218,-69.906],[10.972,-70.047],[10.986,-69.984],[11.293,-69.946],[11.774,-70.054],[11.895,-70.012],[11.866,-69.948],[11.977,-69.982],[11.949,-69.931],[12.335,-70.084],[12.788,-70.073],[13.015,-70.046],[12.913,-69.994],[12.961,-69.951],[12.854,-69.961],[12.878,-69.901],[13.273,-69.763],[13.265,-69.668],[13.569,-69.741],[13.797,-69.664],[13.712,-69.618],[13.859,-69.636],[13.733,-69.569],[14.819,-69.462],[15.465,-69.526],[14.926,-69.555],[15.46,-69.591],[15.344,-69.595],[15.552,-69.682],[15.225,-69.673],[15.569,-69.707],[15.491,-69.806],[15.573,-69.841],[16.005,-69.713],[17.338,-69.743],[17.734,-69.652],[17.785,-69.722],[19.048,-69.997],[19.285,-69.935],[19.939,-69.956],[19.555,-69.825],[19.95,-69.721],[21.286,-69.831],[21.45,-69.944],[21.284,-70.013],[22.205,-70.249],[22.677,-70.209],[22.727,-70.09],[23.024,-70.074],[23.652,-70.189],[23.793,-70.311],[24.314,-70.277],[24.627,-70.347],[24.738,-70.278],[24.657,-70.202],[24.935,-70.244],[24.791,-70.133],[25.078,-70.102],[24.806,-70.075],[25.115,-70.016],[25.807,-70.029],[25.847,-70.117],[25.498,-70.197],[25.913,-70.185],[25.906,-70.283],[26.262,-70.072],[26.694,-70.095],[26.627,-69.987],[26.511,-70],[26.618,-69.956],[26.459,-69.937],[27.077,-70.022],[27.409,-69.935],[27.718,-69.977],[28.111,-69.923],[27.977,-69.839],[28.406,-69.808],[28.448,-69.753],[28.378,-69.727],[28.5,-69.678],[28.717,-69.761],[29.133,-69.731],[29.367,-69.638],[29.269,-69.573],[29.349,-69.502],[29.241,-69.398],[29.976,-69.208],[30.477,-69.276],[30.545,-69.255],[30.486,-69.229],[30.564,-69.109],[30.728,-69.057],[31.431,-69.139],[32.483,-69.121],[32.489,-68.913],[32.566,-68.853],[33.167,-68.678],[33.604,-68.654],[34.322,-68.694],[34.393,-68.8],[34.867,-68.888],[34.785,-68.906],[34.923,-69.071],[35.135,-69.035],[35.615,-69.203],[35.818,-69.149],[36.494,-69.29],[36.718,-69.397],[36.628,-69.444],[36.161,-69.362],[36.398,-69.415],[36.518,-69.549],[37.057,-69.683],[37.618,-69.336],[38.055,-69.282],[37.574,-69.474],[37.263,-69.715],[38.067,-69.718],[38.278,-69.778],[38.224,-69.84],[38.401,-69.926],[38.641,-69.813],[38.799,-69.859],[38.728,-69.989],[38.831,-70.056],[38.782,-69.984],[39.218,-69.884],[39.117,-69.819],[39.151,-69.722],[39.788,-69.605],[39.681,-69.543],[39.806,-69.524],[39.74,-69.491],[39.864,-69.379],[39.699,-69.313],[39.828,-69.254],[39.731,-69.199],[39.821,-69.177],[39.689,-69.035],[39.852,-68.828],[40.881,-68.717],[41.04,-68.646],[41.008,-68.587],[42.232,-68.394],[42.607,-68.18],[43.086,-68.048],[44.663,-67.963],[44.485,-67.887],[44.927,-67.733],[45.41,-67.693],[45.766,-67.762],[45.81,-67.665],[46.259,-67.654],[46.385,-67.591],[46.273,-67.541],[46.316,-67.475],[46.218,-67.375],[46.434,-67.282],[46.975,-67.279],[46.946,-67.345],[47.365,-67.382],[47.503,-67.49],[48.006,-67.628],[48.454,-67.582],[48.623,-67.45],[49.257,-67.361],[48.417,-67.174],[48.337,-67.13],[48.34,-67.026],[49.197,-66.822],[49.306,-66.85],[49.355,-66.972],[49.821,-67.032],[49.912,-67.145],[50.184,-67.113],[50.62,-67.241],[50.723,-67.237],[50.628,-67.177],[50.89,-67.216],[50.812,-67.167],[50.978,-67.168],[50.96,-67.115],[50.462,-67.07],[50.528,-66.996],[50.417,-66.969],[50.847,-66.763],[50.224,-66.728],[50.224,-66.485],[50.418,-66.335],[51.369,-66.23],[51.496,-66.114],[52.188,-65.976],[53.778,-65.841],[55.204,-65.927],[55.617,-66.023],[56.33,-66.401],[56.768,-66.399],[57.243,-66.543],[57.286,-66.711],[56.862,-66.699],[56.643,-66.797],[56.715,-66.873],[56.655,-66.898],[57.092,-66.939],[56.929,-67.044],[57.344,-67.089],[57.322,-67.035],[57.581,-66.991],[58.01,-67.109],[58.257,-67.051],[58.273,-67.152],[58.427,-67.149],[58.416,-67.199],[58.814,-67.155],[59.099,-67.246],[58.837,-67.349],[59.099,-67.44],[59.212,-67.346],[59.646,-67.46],[59.634,-67.393],[60.465,-67.367],[60.967,-67.488],[61.372,-67.478],[61.393,-67.564],[62.06,-67.551],[62.647,-67.662],[63.538,-67.494],[64.795,-67.668],[66.715,-67.796],[67.121,-67.758],[68.343,-67.898],[68.903,-67.88],[69.3,-67.736],[69.582,-67.741],[69.692,-67.875],[69.591,-68.031],[69.638,-68.149],[70.075,-68.487],[70.225,-68.501],[70.362,-68.704],[70.649,-68.714],[70.851,-68.604],[71.059,-68.708],[71.258,-68.707],[71.392,-68.6],[72.732,-68.639],[72.767,-68.715],[73.087,-68.73],[73.478,-68.867],[73.81,-69.129],[74.262,-69.338],[74.194,-69.35],[74.277,-69.422],[73.936,-69.429],[74.169,-69.503],[73.73,-69.597],[73.688,-69.751],[74.531,-69.757],[74.596,-69.625],[74.751,-69.597],[74.893,-69.67],[75.06,-69.646],[75.108,-69.562],[75.548,-69.596],[76.513,-69.401],[76.75,-69.246],[76.839,-69.283],[77.89,-69.061],[77.943,-68.845],[78.128,-68.76],[77.826,-68.682],[78.56,-68.609],[78.457,-68.548],[78.535,-68.502],[78.455,-68.491],[78.491,-68.421],[78.783,-68.244],[81.258,-67.829],[81.391,-67.779],[81.32,-67.699],[81.403,-67.622],[81.344,-67.505],[81.768,-67.358],[81.713,-67.297],[83.407,-67.173],[83.758,-67.025],[84.511,-66.964],[84.119,-66.901],[84.151,-66.841],[83.948,-66.797],[84.044,-66.67],[84.546,-66.563],[85.023,-66.675],[85.204,-66.483],[86.042,-66.3],[88.21,-66.548],[88.765,-66.791],[89.563,-66.85],[90.454,-66.753],[91.092,-66.574],[91.408,-66.606],[91.98,-66.499],[92.728,-66.64],[93.007,-66.556],[93.783,-66.547],[94.133,-66.67],[94.336,-66.646],[94.949,-66.461],[94.962,-66.392],[94.839,-66.318],[94.891,-66.215],[95.34,-66.247],[95.572,-66.172],[95.481,-65.87],[95.546,-65.663],[95.4,-65.517],[95.538,-65.438],[95.531,-65.259],[95.848,-65.258],[95.943,-65.123],[96.382,-64.974],[97.132,-65.085],[97.416,-65.238],[97.441,-65.337],[97.859,-65.507],[97.872,-65.609],[97.781,-65.629],[97.967,-65.734],[98.392,-65.748],[98.517,-65.654],[98.995,-65.633],[99.17,-65.639],[99.277,-65.759],[99.444,-65.789],[99.66,-65.718],[100.233,-65.737],[100.319,-65.679],[100.275,-65.567],[100.435,-65.453],[100.926,-65.385],[101.252,-65.493],[101.237,-65.586],[101.7,-65.654],[101.719,-65.784],[102.534,-65.886],[102.914,-65.874],[102.903,-65.789],[103.087,-65.755],[102.886,-65.572],[103.144,-65.536],[103.161,-65.358],[102.78,-65.234],[102.772,-65.146],[102.909,-65.127],[103.171,-65.211],[103.242,-65.377],[103.987,-65.544],[104.092,-65.721],[103.997,-65.778],[104.049,-65.877],[103.886,-65.975],[104.614,-66.145],[107.768,-66.545],[107.875,-66.615],[108.066,-66.574],[108.775,-66.946],[109.535,-66.835],[109.474,-66.813],[109.587,-66.725],[109.557,-66.655],[109.713,-66.588],[110.231,-66.631],[110.137,-66.561],[110.323,-66.466],[110.486,-66.523],[110.734,-66.479],[110.6,-66.29],[110.931,-66.048],[113.225,-65.764],[113.3,-65.847],[114.521,-66.224],[114.393,-66.29],[114.497,-66.307],[114.467,-66.459],[115.136,-66.484],[115.705,-66.654],[115.872,-66.556],[116.281,-66.562],[116.672,-66.734],[116.596,-66.79],[117.054,-66.827],[117.371,-66.989],[117.61,-67.005],[118.564,-66.932],[119.504,-66.985],[120.338,-66.864],[120.682,-66.917],[121.199,-66.764],[121.139,-66.69],[121.229,-66.643],[122.047,-66.531],[122.415,-66.642],[122.615,-66.754],[122.585,-66.814],[123.568,-66.745],[124.027,-66.549],[124.328,-66.513],[124.879,-66.508],[124.879,-66.592],[124.683,-66.642],[124.877,-66.716],[125.215,-66.628],[125.394,-66.417],[126.274,-66.24],[126.94,-66.51],[127.367,-66.575],[127.411,-66.708],[127.677,-66.828],[127.637,-66.924],[127.835,-66.935],[127.882,-67.013],[128.783,-67.036],[129.479,-66.829],[129.469,-66.673],[129.668,-66.562],[129.718,-66.44],[130.375,-66.116],[131.731,-66.249],[132.524,-66.144],[132.835,-66.197],[133.457,-66.079],[134.17,-66.227],[134.656,-65.989],[134.81,-66.095],[135.775,-66.144],[136.548,-66.415],[136.927,-66.326],[137.729,-66.359],[138.321,-66.544],[139.259,-66.558],[139.917,-66.698],[140.078,-66.667],[140.173,-66.737],[140.915,-66.742],[141.356,-66.844],[141.867,-66.782],[142.486,-67.028],[142.821,-67.021],[143.53,-66.845],[143.873,-66.925],[143.947,-67.06],[144.532,-67.021],[144.715,-67.23],[144.834,-67.152],[145.044,-67.178],[145.986,-66.699],[146.218,-66.673],[146.319,-66.701],[146.191,-66.812],[146.401,-66.747],[146.636,-66.772],[146.637,-66.827],[146.373,-66.962],[146.151,-67.191],[145.266,-67.514],[145.64,-67.496],[146.189,-67.615],[146.223,-67.688],[146.531,-67.764],[146.493,-67.858],[146.713,-67.914],[146.688,-67.961],[146.836,-67.917],[147.304,-68.144],[147.597,-68.107],[148.03,-68.241],[147.724,-68.338],[148.704,-68.346],[148.752,-68.362],[148.68,-68.4],[148.838,-68.462],[149.147,-68.398],[149.124,-68.443],[149.233,-68.458],[149.453,-68.319],[150.099,-68.44],[150.926,-68.342],[151.086,-68.38],[151.137,-68.47],[151.049,-68.56],[151.444,-68.639],[151.887,-68.597],[151.881,-68.522],[152.004,-68.46],[151.956,-68.378],[153.128,-68.291],[153.475,-68.405],[153.876,-68.276],[154.628,-68.477],[154.769,-68.622],[155.157,-68.77],[155.219,-68.835],[155.15,-68.876],[155.423,-68.95],[155.723,-68.936],[155.96,-69.029],[156.332,-68.948],[156.583,-68.994],[156.643,-69.127],[156.94,-69.104],[156.964,-69.165],[157.155,-69.159],[157.277,-69.059],[157.522,-69.182],[157.49,-69.227],[158,-69.172],[158.552,-69.35],[159.151,-69.335],[159.153,-69.396],[159.471,-69.504],[159.779,-69.505],[160.425,-69.879],[160.59,-69.903],[160.585,-69.961],[160.405,-69.975],[160.672,-70.062],[160.578,-70.112],[160.789,-70.11],[161.078,-70.306],[161.236,-70.25],[161.124,-70.229],[161.19,-70.219],[161.115,-70.214],[161.152,-70.174],[161.576,-70.142],[161.766,-70.332],[161.937,-70.31],[162.003,-70.423],[162.083,-70.314],[162.678,-70.277],[162.922,-70.42],[162.83,-70.44],[162.952,-70.517],[163.64,-70.67],[163.836,-70.619],[163.636,-70.563],[163.702,-70.475],[164.036,-70.574],[164.164,-70.489],[165.14,-70.597],[165.478,-70.543],[165.425,-70.598],[165.533,-70.633],[165.915,-70.684],[166.283,-70.592],[166.719,-70.612],[166.849,-70.682],[166.424,-70.708],[166.456,-70.769],[167.717,-70.796],[167.9,-70.921],[167.763,-70.948],[167.831,-70.962],[167.785,-71.005],[168.179,-71.169],[168.687,-71.184],[168.766,-71.279],[169.282,-71.375],[169.502,-71.465],[169.477,-71.512],[169.764,-71.502],[170.186,-71.676],[170.365,-71.539],[170.209,-71.357],[170.198,-71.298],[170.275,-71.294],[170.659,-71.691],[170.824,-71.701],[170.885,-71.759],[170.839,-71.791],[170.973,-71.836],[170.726,-71.966],[170.054,-72.049],[170.098,-72.089],[170.027,-72.181],[169.76,-72.223],[170.283,-72.316],[170.37,-72.436],[170.254,-72.612],[170.094,-72.631],[170.182,-72.659],[170.147,-72.705],[169.856,-72.698],[169.943,-72.739],[169.576,-72.964],[169.637,-73.047],[169.59,-73.085],[169.229,-73.143],[169.225,-73.276],[169.014,-73.275],[169.115,-73.322],[168.976,-73.367],[169.185,-73.384],[169.18,-73.452],[168.956,-73.508],[168.535,-73.355],[168.646,-73.477],[168.466,-73.593],[167.106,-73.476],[167.317,-73.591],[167.104,-73.505],[167.036,-73.578],[166.878,-73.562],[167.035,-73.665],[166.599,-73.591],[166.494,-73.662],[166.801,-73.744],[166.419,-73.798],[166.286,-73.726],[166.169,-73.812],[165.842,-73.837],[166.15,-73.914],[165.646,-73.923],[166.283,-73.996],[166.354,-74.045],[166.273,-74.083],[165.349,-74.019],[165.088,-74.057],[165.16,-74.128],[165.055,-74.17],[164.822,-74.085],[164.937,-74.128],[164.813,-74.146],[164.898,-74.177],[164.849,-74.218],[165.064,-74.252],[165.148,-74.329],[165.111,-74.376],[165.269,-74.463],[165.487,-74.495],[165.432,-74.642],[165.235,-74.555],[164.493,-74.567],[164.567,-74.704],[164.059,-74.627],[164.028,-74.696],[164.114,-74.737],[163.954,-74.768],[164.036,-74.804],[163.941,-74.886],[163.743,-74.882],[163.613,-75.114],[163.337,-75.094],[163.358,-75.147],[163.111,-75.2],[163.059,-75.147],[163.192,-75.046],[163.088,-75.006],[162.754,-75.108],[162.913,-75.184],[162.667,-75.153],[162.608,-75.263],[162.789,-75.29],[165.357,-75.388],[165.477,-75.439],[165.368,-75.49],[165.832,-75.469],[165.83,-75.578],[162.887,-75.442],[163.024,-75.471],[162.817,-75.697],[163.019,-75.746],[162.814,-75.768],[162.908,-75.828],[162.781,-75.883],[163.043,-75.945],[162.656,-75.945],[162.731,-76.082],[162.297,-76.104],[163.054,-76.146],[162.976,-76.215],[162.571,-76.223],[162.773,-76.233],[162.708,-76.363],[162.895,-76.448],[162.723,-76.542],[162.903,-76.577],[162.635,-76.605],[162.984,-76.768],[162.882,-76.851],[162.636,-76.817],[162.419,-76.901],[162.577,-76.924],[162.285,-76.956],[162.526,-76.953],[162.365,-76.996],[162.44,-77.022],[163.163,-77.044],[163.108,-77.08],[163.475,-77.244],[163.524,-77.371],[163.836,-77.43],[163.749,-77.454],[163.843,-77.515],[163.504,-77.562],[163.729,-77.624],[163.44,-77.668],[163.474,-77.716],[164.373,-77.688],[164.579,-77.906],[164.521,-78.013],[164.342,-78.033],[164.425,-78.081],[165.767,-77.82],[166.85,-77.89],[166.629,-77.836],[166.929,-77.703],[166.449,-77.706],[166.944,-77.684],[166.159,-77.533],[166.668,-77.36],[166.374,-77.264],[166.69,-77.162],[167.001,-77.186],[167.142,-77.269],[167.089,-77.325],[167.476,-77.409],[168.32,-77.364],[169.936,-77.49],[171.43,-77.462],[175.427,-77.575],[177.399,-77.841],[180,-77.865],[180,-85],[-180,-85],[-180,-77.865]]]}},{"type":"Feature","properties":{},"geometry":{"type":"Polygon","coordinates":[[[-67.659,-66.64],[-68.027,-66.941],[-67.917,-67],[-67.98,-67.078],[-67.68,-67.159],[-68.257,-67.369],[-67.949,-67.396],[-68.122,-67.573],[-68.244,-67.513],[-68.418,-67.558],[-68.401,-67.653],[-68.555,-67.744],[-68.907,-67.765],[-69.192,-67.55],[-69.13,-67.438],[-68.816,-67.265],[-68.469,-66.869],[-67.909,-66.634],[-67.659,-66.64]]]}},{"type":"Feature","properties":{},"geometry":{"type":"Polygon","coordinates":[[[-58.202,-63.896],[-57.785,-63.782],[-57.757,-63.896],[-57.879,-63.963],[-57.816,-64.003],[-57.856,-64.07],[-57.726,-64.08],[-57.741,-64.014],[-57.498,-63.925],[-57.531,-64.022],[-57.149,-64.087],[-57.398,-64.146],[-57.325,-64.188],[-57.065,-64.16],[-57.275,-64.246],[-57.446,-64.213],[-57.304,-64.273],[-57.565,-64.287],[-57.354,-64.312],[-57.313,-64.383],[-57.667,-64.327],[-57.712,-64.399],[-57.656,-64.294],[-57.831,-64.287],[-57.862,-64.422],[-57.969,-64.399],[-57.906,-64.338],[-57.97,-64.31],[-58.232,-64.385],[-58.291,-64.301],[-58.013,-64.237],[-58.181,-64.216],[-58.131,-64.102],[-58.33,-64.147],[-58.462,-64.086],[-58.202,-63.896]]]}},{"type":"Feature","properties":{},"geometry":{"type":"Polygon","coordinates":[[[-62.856,-64.558],[-63.335,-64.765],[-63.57,-64.739],[-63.508,-64.76],[-63.686,-64.856],[-64.304,-64.688],[-64.199,-64.592],[-63.884,-64.537],[-63.936,-64.464],[-63.885,-64.437],[-63.657,-64.419],[-63.686,-64.334],[-63.553,-64.317],[-63.577,-64.269],[-63.355,-64.239],[-63.151,-64.308],[-63.357,-64.44],[-63.175,-64.387],[-63.115,-64.4],[-63.241,-64.477],[-63.09,-64.457],[-63.282,-64.58],[-63.019,-64.513],[-62.856,-64.558]]]}},{"type":"Feature","properties":{},"geometry":{"type":"Polygon","coordinates":[[[-56.171,-63.171],[-55.595,-63.122],[-55.46,-63.209],[-55.153,-63.187],[-55.053,-63.231],[-55.056,-63.324],[-55.311,-63.364],[-55.792,-63.284],[-56.435,-63.436],[-56.548,-63.339],[-56.171,-63.171]]]}},{"type":"Feature","properties":{},"geometry":{"type":"Polygon","coordinates":[[[-57.984,-61.908],[-57.653,-61.912],[-57.691,-61.975],[-57.59,-62.027],[-58.143,-62.049],[-58.193,-62.112],[-58.124,-62.147],[-58.236,-62.189],[-58.389,-62.127],[-58.28,-62.079],[-58.461,-62.066],[-58.635,-62.178],[-58.468,-62.16],[-58.456,-62.225],[-58.75,-62.24],[-58.831,-62.156],[-59.005,-62.228],[-58.695,-62.011],[-57.984,-61.908]]]}},{"type":"Feature","properties":{},"geometry":{"type":"Polygon","coordinates":[[[-62.169,-64.119],[-61.994,-64.142],[-62.209,-64.178],[-62.046,-64.216],[-62.212,-64.295],[-62.165,-64.365],[-62.457,-64.497],[-62.776,-64.499],[-62.586,-64.456],[-62.682,-64.405],[-62.457,-64.233],[-62.613,-64.14],[-62.491,-64.087],[-62.566,-64.04],[-62.296,-64.016],[-62.283,-64.093],[-62.169,-64.119]]]}},{"type":"Feature","properties":{},"geometry":{"type":"Polygon","coordinates":[[[-60.025,-62.512],[-60.095,-62.567],[-60.042,-62.618],[-59.804,-62.612],[-60.258,-62.758],[-60.337,-62.736],[-60.307,-62.679],[-60.432,-62.715],[-60.347,-62.61],[-60.731,-62.613],[-60.857,-62.683],[-61.141,-62.677],[-61.196,-62.594],[-60.826,-62.585],[-60.792,-62.46],[-60.589,-62.578],[-60.294,-62.556],[-60.135,-62.452],[-60.025,-62.512]]]}},{"type":"Feature","properties":{},"geometry":{"type":"Polygon","coordinates":[[[-65.626,-65.532],[-65.67,-65.677],[-65.914,-65.692],[-65.795,-65.841],[-66.181,-65.868],[-65.965,-65.549],[-65.626,-65.532]]]}},{"type":"Feature","properties":{},"geometry":{"type":"Polygon","coordinates":[[[-55.12,-61.085],[-54.651,-61.114],[-55.066,-61.16],[-55.246,-61.274],[-55.451,-61.116],[-55.364,-61.055],[-55.12,-61.085]]]}},{"type":"Feature","properties":{},"geometry":{"type":"Polygon","coordinates":[[[-56.317,-63.006],[-56.026,-63.042],[-56.308,-63.189],[-56.623,-63.056],[-56.487,-62.976],[-56.317,-63.006]]]}},{"type":"Feature","properties":{},"geometry":{"type":"Polygon","coordinates":[[[-45.86,-60.545],[-45.497,-60.537],[-45.193,-60.636],[-45.14,-60.737],[-45.426,-60.64],[-45.694,-60.657],[-45.792,-60.579],[-46.003,-60.621],[-45.955,-60.528],[-45.86,-60.545]]]}},{"type":"Feature","properties":{},"geometry":{"type":"Polygon","coordinates":[[[-67.12,-67.619],[-67.433,-67.785],[-67.732,-67.753],[-67.658,-67.675],[-67.769,-67.701],[-67.581,-67.603],[-67.12,-67.619]]]}},{"type":"Feature","properties":{},"geometry":{"type":"Polygon","coordinates":[[[-56.948,-64.377],[-57.053,-64.509],[-57.289,-64.575],[-57.46,-64.499],[-56.948,-64.377]]]}},{"type":"Feature","properties":{},"geometry":{"type":"Polygon","coordinates":[[[-104.559,-73.19],[-105.004,-73.167],[-105.156,-73.006],[-104.946,-72.946],[-104.559,-73.19]]]}},{"type":"Feature","properties":{},"geometry":{"type":"Polygon","coordinates":[[[-55.998,-63.395],[-55.748,-63.434],[-55.719,-63.499],[-55.958,-63.587],[-56.149,-63.539],[-56.227,-63.442],[-55.998,-63.395]]]}},{"type":"Feature","properties":{},"geometry":{"type":"Polygon","coordinates":[[[169.642,-73.598],[169.458,-73.556],[169.674,-73.429],[169.662,-73.34],[169.817,-73.335],[169.958,-73.527],[169.842,-73.621],[169.642,-73.598]]]}},{"type":"Feature","properties":{},"geometry":{"type":"Polygon","coordinates":[[[164.65,-67.515],[164.712,-67.399],[164.657,-67.245],[164.913,-67.402],[164.789,-67.573],[164.65,-67.515]]]}},{"type":"Feature","properties":{},"geometry":{"type":"Polygon","coordinates":[[[48.669,-66.697],[48.82,-66.738],[48.762,-66.79],[48.367,-66.821],[48.282,-66.74],[48.669,-66.697]]]}},{"type":"Feature","properties":{},"geometry":{"type":"Polygon","coordinates":[[[92.271,-65.719],[92.444,-65.688],[92.684,-65.778],[92.339,-65.811],[92.242,-65.781],[92.271,-65.719]]]}},{"type":"Feature","properties":{},"geometry":{"type":"Polygon","coordinates":[[[-67.256,-66.799],[-67.4,-66.91],[-67.603,-66.882],[-67.468,-66.737],[-67.256,-66.799]]]}},{"type":"Feature","properties":{},"geometry":{"type":"Polygon","coordinates":[[[-57.353,-63.804],[-57.091,-63.846],[-57.235,-63.903],[-57.697,-63.817],[-57.353,-63.804]]]}},{"type":"Feature","properties":{},"geometry":{"type":"Polygon","coordinates":[[[-66.563,-66.073],[-66.635,-66.128],[-66.602,-66.209],[-66.884,-66.33],[-66.752,-66.191],[-66.798,-66.122],[-66.563,-66.073]]]}},{"type":"Feature","properties":{},"geometry":{"type":"Polygon","coordinates":[[[162.488,-66.512],[162.3,-66.394],[162.36,-66.356],[162.295,-66.238],[162.629,-66.466],[162.488,-66.512]]]}},{"type":"Feature","properties":{},"geometry":{"type":"Polygon","coordinates":[[[-60.558,-63.696],[-60.709,-63.815],[-60.628,-63.859],[-60.74,-63.909],[-60.981,-63.864],[-60.797,-63.838],[-60.8,-63.755],[-60.665,-63.722],[-60.815,-63.676],[-60.558,-63.696]]]}},{"type":"Feature","properties":{},"geometry":{"type":"Polygon","coordinates":[[[-62.325,-62.901],[-62.708,-63.096],[-62.534,-62.918],[-62.325,-62.901]]]}},{"type":"Feature","properties":{},"geometry":{"type":"Polygon","coordinates":[[[-58.896,-62.262],[-58.837,-62.312],[-59.039,-62.352],[-59.218,-62.295],[-58.896,-62.262]]]}},{"type":"Feature","properties":{},"geometry":{"type":"Polygon","coordinates":[[[-63.166,-64.713],[-63.291,-64.853],[-63.597,-64.915],[-63.445,-64.841],[-63.521,-64.818],[-63.166,-64.713]]]}},{"type":"Feature","properties":{},"geometry":{"type":"Polygon","coordinates":[[[-59.723,-62.447],[-59.781,-62.483],[-59.725,-62.506],[-59.552,-62.5],[-59.654,-62.556],[-59.998,-62.453],[-59.723,-62.447]]]}},{"type":"Feature","properties":{},"geometry":{"type":"Polygon","coordinates":[[[-59.434,-62.375],[-59.351,-62.397],[-59.377,-62.448],[-59.505,-62.462],[-59.697,-62.38],[-59.434,-62.375]]]}},{"type":"Feature","properties":{},"geometry":{"type":"Polygon","coordinates":[[[163.167,-66.828],[163.081,-66.696],[163.206,-66.684],[163.313,-66.781],[163.274,-66.899],[163.167,-66.828]]]}},{"type":"Feature","properties":{},"geometry":{"type":"Polygon","coordinates":[[[-62.008,-63.287],[-61.952,-63.31],[-62.002,-63.351],[-62.267,-63.355],[-62.208,-63.236],[-62.008,-63.287]]]}},{"type":"Feature","properties":{},"geometry":{"type":"Polygon","coordinates":[[[-61.235,-62.727],[-61.383,-62.832],[-61.521,-62.78],[-61.235,-62.727]]]}},{"type":"Feature","properties":{},"geometry":{"type":"Polygon","coordinates":[[[-54.209,-61.282],[-54.013,-61.129],[-54.06,-61.295],[-54.209,-61.282]]]}}]}