{"type":"FeatureCollection","features":[{"type":"Feature","properties":{},"geometry":{"type":"LineString","coordinates":[[-63.55,52.896],[-63.544,52.976],[-63.635,53.094],[-63.768,53.118],[-63.928,53.072],[-63.919,52.977],[-63.983,52.934],[-63.96,52.868],[-64.172,52.851],[-64.209,52.549],[-64.082,52.373],[-64.131,52.281],[-64.116,52.151],[-64.258,52.128],[-64.274,52.003],[-64.331,51.965],[-64.357,51.851],[-64.264,51.74],[-64.592,51.56],[-64.604,51.643],[-64.703,51.693],[-64.718,51.748],[-64.588,51.829],[-64.846,51.931],[-64.853,52.022],[-65.109,52.171],[-65.454,52.208],[-65.567,52.047],[-65.759,52.111],[-65.802,52.043],[-65.917,52.051],[-66.064,52.118],[-66.068,52.216],[-66.174,52.221],[-66.276,52.312],[-66.322,52.283],[-66.33,52.141],[-66.411,52.177],[-66.487,52.313],[-66.358,52.407],[-66.447,52.531],[-66.374,52.543],[-66.436,52.7],[-66.333,52.725],[-66.382,52.829],[-66.269,52.883],[-66.477,53.034],[-66.525,52.943],[-66.652,52.94],[-66.672,52.721],[-66.813,52.664],[-66.875,52.748],[-66.884,52.675],[-67.074,52.703],[-67.078,52.948],[-66.979,53.028],[-66.949,53.11],[-66.99,53.201],[-66.902,53.326],[-66.987,53.404],[-67.068,53.384],[-67.142,53.542],[-67.492,53.604],[-67.436,53.792],[-67.588,53.857],[-67.601,53.92],[-67.783,54.054],[-67.722,54.126],[-67.485,54.234],[-67.532,54.249],[-67.495,54.314],[-67.596,54.365],[-67.633,54.48],[-67.601,54.566],[-67.492,54.582],[-67.306,54.504],[-67.219,54.608],[-67.036,54.622],[-67.214,54.669],[-67.185,54.719],[-67.308,54.784],[-67.263,54.825],[-67.362,54.876],[-67.453,55.019],[-67.428,55.071],[-67.274,55.067],[-67.309,55.016],[-67.028,54.898],[-66.947,54.802],[-66.728,54.732],[-66.712,54.782],[-66.605,54.791],[-66.732,54.943],[-66.659,54.979],[-66.766,55.106],[-66.689,55.204],[-66.84,55.333],[-66.576,55.251],[-66.24,54.992],[-66.035,54.91],[-65.858,54.908],[-65.835,54.831],[-65.69,54.713],[-65.444,54.746],[-65.112,54.695],[-64.812,54.749],[-64.552,54.721],[-64.347,54.755],[-64.012,54.639],[-63.721,54.597],[-63.624,54.666],[-63.435,54.974],[-63.566,55.06],[-63.515,55.189],[-63.094,55.334],[-63.174,55.41],[-63.144,55.526],[-63.298,55.523],[-63.448,55.599],[-63.488,55.697],[-63.715,55.859],[-63.694,55.942],[-63.445,56.023],[-63.813,56.043],[-63.88,56.077],[-63.848,56.12],[-64.016,56.073],[-64.011,56.16],[-63.877,56.217],[-64.087,56.259],[-64.137,56.304],[-64.114,56.39],[-64.17,56.423],[-63.871,56.439],[-64.129,56.71],[-63.992,56.786],[-64.005,56.851],[-63.871,56.878],[-63.918,56.93],[-63.863,56.993],[-63.874,57.066],[-63.787,57.112],[-63.741,57.233],[-63.815,57.28],[-63.855,57.194],[-63.876,57.243],[-63.837,57.326],[-63.71,57.373],[-63.765,57.574],[-63.607,57.664],[-63.592,57.73],[-63.653,57.731],[-63.701,57.663],[-63.765,57.733],[-63.826,57.69],[-63.927,57.797],[-64.007,57.813],[-64.058,57.769],[-64.214,57.978],[-64.209,58.033],[-64.432,58.086],[-64.398,58.182],[-64.212,58.236],[-64.156,58.348],[-63.819,58.471],[-63.887,58.563],[-64.022,58.521],[-64.084,58.556],[-64.051,58.676],[-63.556,58.719],[-63.48,58.766],[-63.713,58.88],[-64.156,58.745],[-64.257,58.779],[-64.3,58.883],[-64.883,58.932],[-64.829,59.033],[-64.72,59.07],[-64.461,58.984],[-64.291,59.005],[-64.35,59.067],[-64.489,59.099],[-64.535,59.197],[-64.507,59.428],[-64.34,59.496],[-64.433,59.529],[-64.701,59.446],[-64.827,59.531],[-64.773,59.699],[-64.814,59.819],[-64.744,59.845],[-64.768,59.88],[-64.662,59.884],[-64.654,59.93],[-64.848,59.964],[-64.906,60.048],[-64.599,60.111],[-64.637,60.178],[-64.767,60.175],[-64.854,60.262],[-64.533,60.303],[-64.492,60.362],[-64.4,60.371]]}},{"type":"Feature","properties":{},"geometry":{"type":"LineString","coordinates":[[-64.4,60.371],[-64.492,60.362],[-64.533,60.303],[-64.854,60.262],[-64.767,60.175],[-64.637,60.178],[-64.599,60.111],[-64.906,60.048],[-64.848,59.964],[-64.654,59.93],[-64.662,59.884],[-64.768,59.88],[-64.744,59.845],[-64.814,59.819],[-64.773,59.699],[-64.827,59.531],[-64.701,59.446],[-64.434,59.529],[-64.34,59.496],[-64.507,59.428],[-64.535,59.197],[-64.489,59.099],[-64.35,59.067],[-64.291,59.005],[-64.461,58.984],[-64.72,59.07],[-64.829,59.033],[-64.883,58.932],[-64.3,58.883],[-64.257,58.779],[-64.156,58.745],[-63.713,58.88],[-63.48,58.766],[-63.556,58.719],[-64.051,58.676],[-64.084,58.556],[-64.023,58.521],[-63.887,58.563],[-63.819,58.471],[-64.156,58.348],[-64.212,58.236],[-64.398,58.182],[-64.432,58.086],[-64.209,58.033],[-64.214,57.978],[-64.058,57.769],[-64.007,57.813],[-63.927,57.797],[-63.826,57.69],[-63.765,57.733],[-63.701,57.663],[-63.653,57.731],[-63.592,57.73],[-63.607,57.664],[-63.765,57.574],[-63.71,57.373],[-63.837,57.326],[-63.876,57.243],[-63.855,57.194],[-63.815,57.28],[-63.741,57.233],[-63.787,57.112],[-63.874,57.066],[-63.863,56.993],[-63.918,56.93],[-63.871,56.878],[-64.005,56.851],[-63.992,56.786],[-64.129,56.71],[-63.871,56.439],[-64.17,56.423],[-64.114,56.39],[-64.137,56.304],[-64.087,56.259],[-63.877,56.217],[-64.011,56.16],[-64.016,56.073],[-63.848,56.12],[-63.88,56.077],[-63.813,56.043],[-63.445,56.023],[-63.694,55.942],[-63.715,55.859],[-63.488,55.697],[-63.448,55.599],[-63.298,55.523],[-63.144,55.526],[-63.174,55.41],[-63.094,55.334],[-63.515,55.189],[-63.566,55.06],[-63.435,54.974],[-63.624,54.666],[-63.721,54.597],[-64.012,54.639],[-64.347,54.755],[-64.552,54.72],[-64.812,54.749],[-65.112,54.695],[-65.444,54.746],[-65.69,54.713],[-65.835,54.831],[-65.858,54.908],[-66.035,54.91],[-66.24,54.992],[-66.576,55.251],[-66.84,55.333],[-66.689,55.204],[-66.766,55.106],[-66.659,54.979],[-66.732,54.943],[-66.605,54.791],[-66.712,54.782],[-66.728,54.732],[-66.947,54.802],[-67.028,54.898],[-67.309,55.016],[-67.274,55.067],[-67.428,55.071],[-67.453,55.019],[-67.362,54.876],[-67.263,54.825],[-67.308,54.784],[-67.185,54.719],[-67.214,54.669],[-67.036,54.622],[-67.219,54.608],[-67.306,54.504],[-67.482,54.58],[-67.601,54.566],[-67.633,54.48],[-67.596,54.365],[-67.495,54.314],[-67.532,54.249],[-67.485,54.234],[-67.722,54.126],[-67.783,54.054],[-67.601,53.92],[-67.588,53.857],[-67.436,53.792],[-67.492,53.604],[-67.142,53.542],[-67.068,53.384],[-66.987,53.404],[-66.902,53.326],[-66.99,53.201],[-66.949,53.11],[-66.979,53.028],[-67.078,52.948],[-67.074,52.703],[-66.884,52.675],[-66.875,52.748],[-66.814,52.664],[-66.672,52.721],[-66.652,52.94],[-66.526,52.943],[-66.477,53.034],[-66.269,52.883],[-66.382,52.829],[-66.333,52.725],[-66.436,52.7],[-66.374,52.543],[-66.447,52.531],[-66.358,52.407],[-66.487,52.313],[-66.411,52.177],[-66.33,52.141],[-66.32,52.289],[-66.267,52.311],[-66.174,52.22],[-66.068,52.216],[-66.064,52.118],[-65.917,52.051],[-65.802,52.043],[-65.759,52.111],[-65.567,52.046],[-65.454,52.208],[-65.109,52.171],[-64.853,52.022],[-64.846,51.931],[-64.588,51.829],[-64.718,51.748],[-64.703,51.693],[-64.604,51.643],[-64.592,51.56],[-64.264,51.74],[-64.357,51.851],[-64.331,51.965],[-64.274,52.003],[-64.258,52.128],[-64.116,52.151],[-64.132,52.281],[-64.082,52.373],[-64.209,52.549],[-64.172,52.851],[-63.96,52.868],[-63.983,52.934],[-63.919,52.977],[-63.928,53.072],[-63.768,53.118],[-63.635,53.094],[-63.544,52.976],[-63.55,52.896]]}},{"type":"Feature","properties":{},"geometry":{"type":"LineString","coordinates":[[-91.44,40.377],[-91.5,40.286],[-91.516,40.117],[-91.376,39.722],[-91.04,39.443],[-90.787,39.299],[-90.694,38.973],[-90.625,38.888],[-90.556,38.881],[-90.437,38.966],[-90.126,38.839],[-90.201,38.718],[-90.191,38.627],[-90.377,38.344],[-90.364,38.226],[-90.126,38.025],[-89.952,37.957],[-89.962,37.889],[-89.854,37.903],[-89.528,37.683],[-89.529,37.558],[-89.442,37.411],[-89.521,37.268],[-89.467,37.243],[-89.386,37.049],[-89.281,36.995],[-89.311,37.069],[-89.269,37.086],[-89.193,36.982],[-89.115,36.956],[-89.187,36.827],[-89.128,36.772],[-89.209,36.736],[-89.175,36.669],[-89.223,36.577],[-89.372,36.628],[-89.486,36.448],[-89.504,36.557],[-89.575,36.544],[-89.528,36.375],[-89.629,36.317],[-89.559,36.266],[-89.691,36.241],[-89.607,36.133],[-89.731,36.002],[-89.664,35.898],[-89.749,35.911],[-89.781,35.879],[-89.729,35.823],[-89.959,35.738],[-89.916,35.659],[-89.856,35.652],[-89.95,35.605],[-89.939,35.539],[-90.044,35.55],[-90.013,35.434],[-90.106,35.483],[-90.179,35.424],[-90.179,35.381],[-90.094,35.39],[-90.176,35.285],[-90.084,35.231],[-90.092,35.135],[-90.301,35.044],[-90.26,34.934],[-90.296,34.863],[-90.436,34.838],[-90.473,34.879],[-90.481,34.733],[-90.549,34.796],[-90.556,34.718],[-90.471,34.686],[-90.544,34.632],[-90.571,34.704],[-90.597,34.626],[-90.53,34.557],[-90.586,34.51],[-90.591,34.416],[-90.679,34.319],[-90.69,34.37],[-90.772,34.371],[-90.761,34.296],[-90.824,34.288],[-90.86,34.215],[-90.937,34.234],[-90.813,34.173],[-90.961,34.153],[-90.876,34.103],[-90.887,34.05],[-90.985,34.023],[-90.985,33.963],[-91.094,34.01],[-91.03,33.933],[-91.069,33.856],[-91.006,33.792],[-91.159,33.774],[-91.052,33.686],[-91.228,33.716],[-91.164,33.611],[-91.246,33.59],[-91.196,33.521],[-91.247,33.458],[-91.146,33.496],[-91.135,33.454],[-91.22,33.419],[-91.178,33.393],[-91.079,33.465],[-91.154,33.356],[-91.12,33.267],[-91.052,33.283],[-91.108,33.146],[-91.204,33.143],[-91.136,33.058],[-91.228,32.928],[-91.164,32.913],[-91.101,32.982],[-91.093,32.886],[-91.179,32.787],[-91.066,32.734],[-91.17,32.647],[-91.138,32.599],[-91.017,32.636],[-91.08,32.561],[-91.012,32.498],[-91.094,32.524],[-91.11,32.473],[-90.987,32.447],[-90.997,32.366],[-90.907,32.321],[-90.987,32.303],[-90.987,32.244],[-91.159,32.216],[-91.148,32.144],[-91.012,32.163],[-91.09,32.066],[-91.165,32.085],[-91.078,32.019],[-91.179,31.972],[-91.264,31.818],[-91.344,31.847],[-91.365,31.778],[-91.279,31.764],[-91.383,31.742],[-91.423,31.633],[-91.512,31.636],[-91.419,31.58],[-91.515,31.531],[-91.494,31.393],[-91.574,31.415],[-91.516,31.294],[-91.65,31.265],[-91.572,31.069],[-91.651,31],[-89.733,31.001],[-89.844,30.673],[-89.799,30.564],[-89.676,30.462],[-89.584,30.201],[-89.522,30.187]]}},{"type":"Feature","properties":{},"geometry":{"type":"LineString","coordinates":[[-91.44,40.377],[-91.5,40.286],[-91.516,40.117],[-91.376,39.722],[-91.04,39.443],[-90.787,39.299],[-90.694,38.973],[-90.625,38.888],[-90.556,38.881],[-90.437,38.966],[-90.126,38.839],[-90.201,38.718],[-90.191,38.627],[-90.377,38.344],[-90.364,38.226],[-90.126,38.025],[-89.952,37.957],[-89.962,37.889],[-89.854,37.903],[-89.528,37.683],[-89.529,37.558],[-89.442,37.411],[-89.521,37.268],[-89.467,37.243],[-89.386,37.049],[-89.281,36.995],[-89.311,37.069],[-89.269,37.086],[-89.193,36.982],[-89.115,36.956],[-89.187,36.827],[-89.128,36.772],[-89.209,36.736],[-89.175,36.669],[-89.223,36.577],[-89.372,36.628],[-89.486,36.448],[-89.504,36.557],[-89.575,36.544],[-89.528,36.375],[-89.629,36.317],[-89.559,36.266],[-89.691,36.241],[-89.607,36.133],[-89.731,36.002],[-89.664,35.898],[-89.749,35.911],[-89.78,35.874],[-89.729,35.823],[-89.959,35.738],[-89.916,35.659],[-89.856,35.652],[-89.95,35.605],[-89.939,35.539],[-90.044,35.55],[-90.013,35.434],[-90.106,35.483],[-90.179,35.424],[-90.179,35.381],[-90.094,35.39],[-90.176,35.285],[-90.084,35.231],[-90.092,35.135],[-90.301,35.044],[-90.26,34.934],[-90.301,34.859],[-90.436,34.838],[-90.469,34.882],[-90.452,34.761],[-90.487,34.732],[-90.549,34.796],[-90.556,34.718],[-90.471,34.686],[-90.544,34.632],[-90.571,34.704],[-90.597,34.626],[-90.53,34.557],[-90.586,34.51],[-90.591,34.416],[-90.679,34.319],[-90.69,34.37],[-90.772,34.371],[-90.761,34.296],[-90.824,34.288],[-90.86,34.215],[-90.937,34.234],[-90.813,34.173],[-90.961,34.153],[-90.876,34.103],[-90.887,34.05],[-90.985,34.023],[-90.985,33.963],[-91.094,34.01],[-91.03,33.933],[-91.069,33.856],[-91.006,33.792],[-91.159,33.774],[-91.052,33.686],[-91.228,33.716],[-91.164,33.611],[-91.246,33.59],[-91.196,33.521],[-91.247,33.458],[-91.146,33.496],[-91.135,33.454],[-91.22,33.419],[-91.178,33.393],[-91.079,33.465],[-91.154,33.356],[-91.12,33.267],[-91.052,33.283],[-91.108,33.146],[-91.204,33.143],[-91.136,33.058],[-91.228,32.928],[-91.164,32.913],[-91.101,32.982],[-91.094,32.883],[-91.179,32.787],[-91.066,32.734],[-91.17,32.647],[-91.138,32.599],[-91.017,32.636],[-91.08,32.561],[-91.012,32.498],[-91.094,32.524],[-91.11,32.473],[-90.987,32.447],[-90.997,32.366],[-90.907,32.321],[-90.987,32.303],[-90.987,32.244],[-91.159,32.216],[-91.148,32.144],[-91.012,32.163],[-91.09,32.066],[-91.165,32.085],[-91.078,32.019],[-91.179,31.972],[-91.264,31.818],[-91.351,31.838],[-91.365,31.778],[-91.279,31.764],[-91.383,31.742],[-91.423,31.633],[-91.512,31.636],[-91.419,31.58],[-91.515,31.531],[-91.494,31.393],[-91.574,31.415],[-91.516,31.294],[-91.65,31.265],[-91.572,31.069],[-91.651,31],[-89.733,31.001],[-89.844,30.673],[-89.799,30.564],[-89.676,30.462],[-89.584,30.201],[-89.522,30.187]]}},{"type":"Feature","properties":{},"geometry":{"type":"LineString","coordinates":[[-46.022,-14.866],[-45.913,-14.704],[-45.971,-14.502],[-45.916,-14.36],[-46.131,-14.181],[-46.239,-13.961],[-46.275,-13.751],[-46.202,-13.424],[-46.077,-13.319],[-46.079,-13.254],[-46.186,-13.186],[-46.155,-13.031],[-46.061,-12.952],[-46.244,-12.779],[-46.157,-12.6],[-46.162,-12.495],[-46.311,-12.431],[-46.346,-12.343],[-46.332,-12.099],[-46.068,-11.92],[-46.157,-11.835],[-46.261,-11.842],[-46.272,-11.754],[-46.091,-11.659],[-46.08,-11.61],[-46.442,-11.496],[-46.564,-11.361],[-46.562,-11.289],[-46.468,-11.189],[-46.38,-10.98],[-46.23,-10.903],[-46.309,-10.765],[-45.846,-10.46],[-45.76,-10.331],[-45.587,-10.343],[-45.326,-10.778],[-45.064,-10.896],[-44.803,-10.872],[-44.743,-10.772],[-44.41,-10.586],[-44.23,-10.631],[-44.135,-10.601],[-43.993,-10.451],[-43.919,-10.441],[-43.707,-10.064],[-43.682,-9.802],[-43.835,-9.466],[-43.81,-9.429],[-43.691,-9.444],[-43.639,-9.342],[-43.521,-9.362],[-43.454,-9.301],[-43.354,-9.434],[-43.184,-9.42],[-43.124,-9.37],[-42.936,-9.45],[-42.936,-9.512],[-42.849,-9.552],[-42.749,-9.52],[-42.626,-9.569],[-42.585,-9.484],[-42.484,-9.498],[-42.314,-9.307],[-42.149,-9.296],[-42.039,-9.204],[-41.85,-9.253],[-41.733,-9.139],[-41.74,-8.981],[-41.498,-8.934],[-41.371,-8.712],[-41.156,-8.707],[-41.102,-8.723],[-41.094,-8.786],[-41.002,-8.772],[-40.888,-8.857],[-40.854,-9.154],[-40.702,-9.221],[-40.689,-9.345],[-40.757,-9.454],[-40.621,-9.487],[-40.422,-9.364],[-40.334,-9.365],[-40.242,-9.065],[-40.116,-9.105],[-39.964,-9.042],[-39.876,-8.922],[-39.888,-8.826],[-39.689,-8.789],[-39.683,-8.655],[-39.367,-8.531],[-39.28,-8.565],[-39.21,-8.687],[-38.95,-8.796],[-38.799,-8.784],[-38.698,-8.849],[-38.638,-8.98],[-38.576,-8.837],[-38.486,-8.837],[-38.51,-8.947],[-38.474,-9.007],[-38.289,-9.02],[-38.313,-9.142],[-38.204,-9.418],[-38.022,-9.475],[-37.999,-9.533],[-37.795,-9.639],[-37.352,-9.78],[-37.22,-9.897],[-36.965,-9.981],[-36.917,-10.136],[-36.698,-10.274],[-36.603,-10.264],[-36.556,-10.423],[-36.443,-10.416],[-36.406,-10.497]]}},{"type":"Feature","properties":{},"geometry":{"type":"LineString","coordinates":[[-71.325,11.853],[-71.977,11.665],[-72.26,11.154],[-72.493,11.121],[-72.905,10.443],[-72.987,9.914],[-72.962,9.837],[-73.382,9.178],[-73.219,9.171],[-73.006,9.304],[-72.942,9.104],[-72.817,9.145],[-72.772,9.113],[-72.664,8.641],[-72.389,8.372],[-72.327,8.107],[-72.334,8.049],[-72.402,8.042],[-72.481,7.948],[-72.443,7.828],[-72.472,7.492],[-72.399,7.406],[-72.183,7.383],[-72.066,7.062],[-71.875,6.984],[-71.646,7.061],[-71.453,7.014],[-71.295,7.033],[-71.181,6.961],[-70.702,7.108],[-70.564,7.089],[-70.513,7.015],[-70.319,6.942],[-70.119,6.976],[-69.429,6.119],[-69.325,6.154],[-69.24,6.083],[-69.056,6.216],[-68.644,6.134],[-68.454,6.191],[-68.314,6.167],[-68.152,6.223],[-67.962,6.216],[-67.823,6.309],[-67.568,6.265],[-67.454,6.193],[-67.144,6.468],[-67.118,6.682],[-67.027,6.898],[-67.118,7.04],[-67.102,7.132],[-66.607,7.319],[-66.463,7.582],[-66.346,7.645],[-65.895,7.698],[-65.718,7.866],[-65.576,7.918],[-65.043,7.806],[-64.953,7.709],[-64.819,7.669],[-64.483,7.802],[-64.569,7.898],[-64.534,7.989],[-64.384,7.99],[-64.256,8.076],[-64.132,7.988],[-63.977,7.952],[-63.818,8.122],[-63.477,8.162],[-63.156,8.318],[-62.896,8.267],[-62.484,8.535],[-62.258,8.591],[-62.068,8.761],[-61.996,8.889],[-62.056,8.881],[-62.066,9.064],[-62.137,9.057],[-62.153,9.101],[-62.213,9.071],[-62.329,9.143],[-62.332,9.367],[-62.402,9.415],[-62.442,9.541],[-62.308,9.756],[-62.379,9.942],[-62.355,9.998]]}},{"type":"Feature","properties":{},"geometry":{"type":"LineString","coordinates":[[-43.135,-22.102],[-43.13,-22.026],[-43.252,-22.006],[-43.548,-22.071],[-43.797,-22.058],[-44.239,-22.261],[-44.433,-22.247],[-44.66,-22.371],[-45.055,-22.463],[-45.396,-22.654],[-45.449,-22.594],[-45.516,-22.651],[-45.578,-22.614],[-45.67,-22.651],[-45.648,-22.571],[-45.731,-22.585],[-45.71,-22.656],[-45.809,-22.703],[-45.725,-22.75],[-45.787,-22.851],[-45.815,-22.823],[-45.866,-22.864],[-45.909,-22.815],[-46.124,-22.899],[-46.143,-22.847],[-46.337,-22.872],[-46.348,-22.748],[-46.477,-22.676],[-46.394,-22.631],[-46.42,-22.565],[-46.38,-22.527],[-46.649,-22.41],[-46.705,-22.307],[-46.597,-22.142],[-46.702,-22.076],[-46.614,-22.001],[-46.673,-21.823],[-46.611,-21.682],[-46.564,-21.683],[-46.515,-21.603],[-46.507,-21.459],[-46.606,-21.435],[-46.647,-21.367],[-47,-21.406],[-47.048,-21.202],[-47.132,-21.122],[-47.142,-20.979],[-47.225,-20.912],[-47.21,-20.795],[-47.109,-20.645],[-47.145,-20.531],[-47.295,-20.436],[-47.249,-20.174],[-47.405,-20.08],[-47.462,-19.966],[-47.612,-20.039],[-47.709,-19.976],[-47.85,-19.981],[-47.887,-20.108],[-47.938,-20.107],[-47.987,-20.03],[-48.058,-20.151],[-48.157,-20.113],[-48.219,-20.019],[-48.247,-20.145],[-48.405,-20.113],[-48.826,-20.154],[-48.891,-20.265],[-48.868,-20.405],[-48.903,-20.439],[-48.979,-20.389],[-49.007,-20.154],[-49.061,-20.157],[-49.134,-20.289],[-49.217,-20.298],[-49.306,-20.092],[-49.255,-19.976],[-49.426,-19.987],[-49.54,-19.904],[-49.875,-19.948],[-50.108,-19.884],[-50.321,-19.884],[-50.477,-19.781],[-50.67,-19.922],[-50.966,-20.036],[-51.046,-20.25],[-51.261,-20.315],[-51.473,-20.547],[-51.574,-20.592],[-51.627,-20.876],[-51.867,-21.138],[-51.864,-21.341],[-51.962,-21.498],[-52.05,-21.503],[-52.092,-21.556],[-52.037,-21.646],[-52.053,-21.719],[-52.15,-21.783],[-52.463,-22.193],[-52.975,-22.482],[-53.167,-22.711],[-53.568,-22.881],[-53.724,-23.305],[-53.969,-23.447],[-54.08,-23.948],[-54.243,-24.053]]}},{"type":"Feature","properties":{},"geometry":{"type":"LineString","coordinates":[[-123.824,60.011],[-124.029,60.023],[-123.974,60.098],[-124.196,60.329],[-124.206,60.457],[-124.418,60.479],[-124.459,60.57],[-124.614,60.669],[-124.619,60.71],[-124.477,60.791],[-124.592,60.961],[-124.813,60.973],[-124.878,60.917],[-124.872,60.858],[-125.175,60.851],[-125.349,60.783],[-125.712,60.827],[-125.887,60.897],[-126.009,60.803],[-126.171,60.866],[-126.239,60.857],[-126.223,60.803],[-126.273,60.785],[-126.52,60.814],[-126.672,60.744],[-126.776,60.785],[-126.84,60.757],[-126.925,60.862],[-126.899,60.942],[-126.935,61.059],[-127.102,61.071],[-127.013,61.128],[-127.007,61.185],[-127.142,61.467],[-127.288,61.519],[-127.55,61.511],[-127.973,61.689],[-128.081,61.849],[-128.214,61.851],[-128.269,61.941],[-128.547,62.122],[-128.678,62.125],[-128.765,62.058],[-128.984,62.136],[-129.294,62.156],[-129.199,62.217],[-129.311,62.326],[-129.216,62.378],[-129.308,62.421],[-129.173,62.482],[-129.418,62.585],[-129.568,62.574],[-129.488,62.619],[-129.517,62.673],[-129.625,62.705],[-129.631,62.761],[-129.773,62.869],[-129.702,62.892],[-129.706,62.952],[-129.599,63.052],[-129.847,63.087],[-129.9,63.197],[-130.045,63.27],[-130.151,63.266],[-130.132,63.316],[-129.919,63.373],[-129.897,63.452],[-129.819,63.478],[-129.949,63.614],[-130.093,63.631],[-130.11,63.704],[-130.252,63.667],[-130.321,63.696],[-130.104,63.764],[-130.12,63.808],[-130.371,63.844],[-130.522,63.935],[-130.756,63.987],[-130.751,64.046],[-130.864,64.043],[-130.948,64.137],[-130.867,64.188],[-131.061,64.279],[-131.002,64.33],[-131.142,64.424],[-131.389,64.467],[-131.593,64.369],[-131.818,64.378],[-131.694,64.535],[-131.916,64.582],[-132.047,64.696],[-132.369,64.778],[-132.571,64.772],[-132.616,64.812],[-132.482,64.877],[-132.508,64.964],[-132.333,65.035],[-132.382,65.085],[-132.54,65.094],[-132.527,65.163],[-132.576,65.191],[-132.715,65.156],[-132.788,65.188],[-132.717,65.204],[-132.784,65.225],[-132.556,65.284],[-132.521,65.363],[-132.328,65.435],[-132.274,65.547],[-132.174,65.591],[-132.286,65.716],[-132.573,65.849],[-132.334,65.947],[-132.343,65.982],[-132.511,65.979],[-132.606,66.032],[-132.906,65.908],[-132.994,65.923],[-132.908,65.997],[-132.94,66.029],[-133.148,66.025],[-133.407,65.944],[-133.619,65.966],[-133.603,66.052],[-133.705,66.072],[-133.564,66.156],[-133.57,66.278],[-133.825,66.317],[-133.75,66.448],[-133.629,66.445],[-133.694,66.526],[-133.587,66.565],[-133.772,66.644],[-133.757,66.685],[-133.84,66.728],[-133.764,66.807],[-133.908,66.909],[-134.092,66.955],[-133.831,67.003],[-136.164,67.004],[-136.222,67.064],[-136.199,67.143],[-136.236,67.18],[-136.134,67.226],[-136.091,67.303],[-136.143,67.359],[-136.117,67.383],[-136.205,67.407],[-136.158,67.508],[-136.241,67.621],[-136.421,67.655],[-136.445,67.716],[-136.42,68.9]]}},{"type":"Feature","properties":{},"geometry":{"type":"LineString","coordinates":[[-123.824,60.011],[-124.029,60.023],[-123.974,60.098],[-124.195,60.329],[-124.206,60.457],[-124.418,60.479],[-124.459,60.57],[-124.614,60.669],[-124.619,60.71],[-124.477,60.791],[-124.592,60.961],[-124.813,60.973],[-124.878,60.917],[-124.872,60.858],[-125.175,60.851],[-125.349,60.783],[-125.712,60.827],[-125.887,60.897],[-126.009,60.803],[-126.171,60.866],[-126.239,60.857],[-126.223,60.803],[-126.273,60.785],[-126.52,60.814],[-126.672,60.744],[-126.776,60.785],[-126.84,60.757],[-126.925,60.862],[-126.899,60.942],[-126.935,61.059],[-127.102,61.071],[-127.013,61.128],[-127.007,61.185],[-127.142,61.467],[-127.288,61.519],[-127.55,61.511],[-127.973,61.689],[-128.081,61.849],[-128.214,61.851],[-128.269,61.941],[-128.547,62.122],[-128.678,62.125],[-128.765,62.058],[-128.984,62.136],[-129.294,62.156],[-129.199,62.217],[-129.311,62.326],[-129.216,62.378],[-129.308,62.421],[-129.172,62.482],[-129.418,62.585],[-129.568,62.574],[-129.488,62.619],[-129.517,62.673],[-129.625,62.705],[-129.631,62.761],[-129.773,62.869],[-129.702,62.892],[-129.706,62.952],[-129.599,63.052],[-129.847,63.087],[-129.9,63.197],[-130.044,63.27],[-130.151,63.266],[-130.132,63.316],[-129.919,63.373],[-129.897,63.452],[-129.819,63.478],[-129.949,63.614],[-130.093,63.631],[-130.11,63.704],[-130.252,63.667],[-130.321,63.696],[-130.104,63.764],[-130.114,63.804],[-130.37,63.844],[-130.522,63.935],[-130.756,63.987],[-130.751,64.046],[-130.864,64.043],[-130.948,64.137],[-130.867,64.188],[-131.061,64.279],[-131.002,64.33],[-131.142,64.424],[-131.389,64.467],[-131.593,64.369],[-131.818,64.378],[-131.694,64.535],[-131.916,64.582],[-132.046,64.696],[-132.369,64.778],[-132.571,64.772],[-132.615,64.812],[-132.482,64.877],[-132.508,64.964],[-132.333,65.035],[-132.382,65.085],[-132.54,65.094],[-132.527,65.163],[-132.576,65.191],[-132.715,65.156],[-132.788,65.188],[-132.717,65.204],[-132.784,65.225],[-132.555,65.284],[-132.521,65.363],[-132.328,65.435],[-132.274,65.547],[-132.174,65.591],[-132.286,65.716],[-132.573,65.849],[-132.334,65.947],[-132.343,65.982],[-132.51,65.979],[-132.606,66.032],[-132.906,65.908],[-132.994,65.923],[-132.908,65.997],[-132.94,66.029],[-133.148,66.025],[-133.407,65.944],[-133.619,65.966],[-133.603,66.052],[-133.705,66.072],[-133.564,66.156],[-133.57,66.278],[-133.825,66.317],[-133.75,66.448],[-133.629,66.445],[-133.694,66.526],[-133.587,66.565],[-133.772,66.644],[-133.757,66.685],[-133.84,66.728],[-133.764,66.807],[-133.908,66.909],[-134.092,66.955],[-133.831,67.003],[-136.164,67.004],[-136.222,67.064],[-136.199,67.143],[-136.236,67.174],[-136.091,67.303],[-136.143,67.359],[-136.116,67.383],[-136.205,67.407],[-136.158,67.508],[-136.241,67.621],[-136.421,67.655],[-136.445,67.716],[-136.42,68.9]]}},{"type":"Feature","properties":{},"geometry":{"type":"LineString","coordinates":[[-103.067,33.001],[-103.042,36.5],[-100,36.5],[-100.001,34.581],[-99.877,34.56],[-99.636,34.379],[-99.546,34.413],[-99.41,34.376],[-99.356,34.463],[-99.2,34.339],[-99.172,34.214],[-98.971,34.218],[-98.741,34.138],[-98.594,34.158],[-98.461,34.067],[-98.356,34.139],[-98.102,34.146],[-98.078,34.019],[-97.946,33.984],[-97.943,33.876],[-97.855,33.862],[-97.639,33.987],[-97.58,33.899],[-97.471,33.896],[-97.428,33.82],[-97.196,33.898],[-97.202,33.793],[-97.13,33.723],[-97.052,33.816],[-97.077,33.854],[-97.012,33.853],[-96.947,33.956],[-96.736,33.845],[-96.594,33.91],[-96.595,33.849],[-96.407,33.783],[-96.323,33.698],[-96.291,33.76],[-96.197,33.759],[-96.144,33.826],[-95.94,33.894],[-95.777,33.851],[-95.771,33.893],[-95.59,33.944],[-95.537,33.879],[-95.34,33.866],[-95.225,33.965],[-94.976,33.861],[-94.874,33.756],[-94.47,33.641],[-94.392,33.558],[-94.293,33.592],[-94.045,33.553]]}},{"type":"Feature","properties":{},"geometry":{"type":"LineString","coordinates":[[-60.729,5.206],[-60.652,5.178],[-60.58,4.947],[-60.712,4.781],[-60.885,4.712],[-60.985,4.521],[-61.307,4.523],[-61.282,4.451],[-61.499,4.403],[-61.549,4.252],[-61.757,4.247],[-61.849,4.161],[-61.996,4.17],[-62.149,4.093],[-62.438,4.184],[-62.536,4.124],[-62.555,4.027],[-62.746,4.032],[-62.781,3.902],[-62.736,3.671],[-62.775,3.607],[-62.894,3.561],[-62.987,3.601],[-63.343,3.961],[-63.423,3.966],[-63.482,3.858],[-63.608,3.944],[-63.841,3.96],[-64,3.883],[-64.053,3.906],[-64.13,4.113],[-64.336,4.154],[-64.596,4.129],[-64.665,4.556],[-64.958,4.637],[-65.088,4.803],[-65.287,5.224],[-65.275,5.277],[-65.159,5.293],[-65.113,5.351],[-65.187,5.436],[-65.135,5.526],[-65.267,5.656],[-65.224,5.759],[-65.444,5.775],[-65.551,5.69],[-65.605,5.705],[-65.638,5.861],[-65.577,6.087],[-65.622,6.145],[-65.828,6.111],[-66.017,5.786],[-66.244,5.73],[-66.342,5.925],[-66.553,5.742],[-67.001,5.619],[-67.07,5.713],[-67.204,5.723],[-67.145,5.928],[-67.181,6.106],[-67.332,6.148],[-67.384,6.117],[-67.448,6.192]]}},{"type":"Feature","properties":{},"geometry":{"type":"LineString","coordinates":[[-73.051,4.713],[-73.143,4.221],[-73.36,4.307],[-73.517,4.283],[-73.582,4.452],[-73.698,4.488],[-73.791,4.402],[-73.742,4.195],[-73.838,4.218],[-73.94,4.106],[-74.187,4.017],[-74.447,3.693],[-74.531,3.825],[-74.474,4.124],[-74.532,4.231],[-74.577,4.25],[-74.666,4.188],[-74.796,4.28],[-74.9,4.279],[-74.794,4.51],[-74.828,4.721],[-74.759,4.796],[-74.748,5.29],[-74.661,5.46],[-74.678,5.547],[-74.636,5.562],[-74.66,5.768],[-74.583,5.914],[-74.614,5.957],[-74.569,5.997],[-74.604,6.121],[-74.574,6.23],[-74.382,6.413],[-74.413,6.552],[-74.379,6.623],[-74.265,6.666],[-73.886,7.005],[-73.939,7.244],[-73.91,7.509],[-73.825,7.611],[-73.808,7.761],[-73.858,8.093],[-73.792,8.151],[-73.688,7.94],[-73.741,7.695],[-73.307,7.75],[-73.249,7.817],[-73.258,7.945],[-73.405,8.207],[-73.405,8.268],[-73.34,8.299],[-73.338,8.405],[-73.539,8.31],[-73.584,8.34],[-73.511,8.65],[-73.424,8.736],[-73.421,9.006],[-73.315,9.173]]}},{"type":"Feature","properties":{},"geometry":{"type":"LineString","coordinates":[[-76.487,-11.06],[-76.479,-11.308],[-76.353,-11.548],[-76.295,-11.594],[-76.225,-11.581],[-76.209,-11.751],[-76.032,-12.007],[-75.887,-11.987],[-75.629,-12.125],[-75.653,-12.187],[-75.533,-12.412],[-75.57,-12.621],[-75.468,-12.686],[-75.296,-12.464],[-75.125,-12.376],[-75.172,-12.296],[-75.058,-12.185],[-75.124,-12.051],[-75.064,-11.971],[-74.947,-12.049],[-74.601,-11.998],[-74.219,-12.301],[-73.958,-12.277],[-73.855,-12.44],[-73.863,-12.5],[-73.668,-12.692],[-73.554,-12.959],[-73.559,-13.095],[-73.296,-13.365],[-73.106,-13.459],[-72.982,-13.401],[-72.805,-13.433],[-72.596,-13.568],[-72.434,-13.598],[-72.395,-13.664],[-72.158,-13.792],[-72.084,-13.933],[-72.111,-14.22],[-72.27,-14.41],[-72.493,-14.533],[-72.486,-14.674],[-72.604,-14.703],[-72.78,-14.655],[-72.847,-14.732],[-73.031,-14.627],[-73.238,-14.714],[-73.359,-14.695],[-73.427,-14.803],[-73.531,-14.82],[-73.585,-14.697],[-73.524,-14.692],[-73.497,-14.592],[-73.544,-14.488],[-73.532,-14.234],[-73.749,-13.764]]}},{"type":"Feature","properties":{},"geometry":{"type":"LineString","coordinates":[[-120.001,59.999],[-120.002,53.807],[-119.905,53.779],[-119.921,53.718],[-119.81,53.708],[-119.732,53.623],[-119.93,53.613],[-119.883,53.56],[-119.91,53.529],[-119.637,53.352],[-119.386,53.362],[-119.255,53.192],[-119.02,53.137],[-118.979,53.237],[-118.83,53.174],[-118.748,53.113],[-118.781,53.056],[-118.667,53.03],[-118.625,52.884],[-118.498,52.9],[-118.418,52.841],[-118.432,52.791],[-118.306,52.678],[-118.35,52.618],[-118.208,52.481],[-118.26,52.442],[-118.223,52.366],[-118.047,52.405],[-117.99,52.486],[-117.734,52.39],[-117.742,52.33],[-117.83,52.273],[-117.748,52.194],[-117.592,52.13],[-117.363,52.139],[-117.319,52.182],[-117.27,52.045],[-117.039,51.908],[-116.937,51.72],[-116.826,51.71],[-116.752,51.798],[-116.669,51.804],[-116.595,51.658],[-116.301,51.458],[-116.262,51.317],[-116.061,51.246],[-115.958,51.104],[-115.777,51.074],[-115.619,50.969],[-115.572,50.903],[-115.638,50.845],[-115.336,50.725],[-115.283,50.662],[-115.321,50.639],[-115.219,50.547],[-115.094,50.589],[-115.001,50.564],[-114.77,50.358],[-114.724,50.125],[-114.659,50.065],[-114.643,49.968],[-114.687,49.908],[-114.625,49.774],[-114.68,49.632],[-114.746,49.587],[-114.576,49.556],[-114.576,49.39],[-114.377,49.256],[-114.367,49.201],[-114.154,49.148],[-114.157,49.104],[-114.035,49.031],[-114.058,48.998]]}},{"type":"Feature","properties":{},"geometry":{"type":"LineString","coordinates":[[-120.001,59.999],[-120.002,53.808],[-119.909,53.782],[-119.921,53.718],[-119.81,53.708],[-119.732,53.623],[-119.93,53.613],[-119.883,53.56],[-119.91,53.529],[-119.637,53.352],[-119.386,53.362],[-119.255,53.192],[-119.029,53.136],[-118.979,53.237],[-118.83,53.174],[-118.748,53.113],[-118.781,53.056],[-118.67,53.034],[-118.625,52.884],[-118.498,52.9],[-118.418,52.841],[-118.432,52.791],[-118.305,52.678],[-118.35,52.618],[-118.208,52.481],[-118.26,52.442],[-118.223,52.366],[-118.047,52.405],[-117.99,52.486],[-117.734,52.39],[-117.742,52.33],[-117.83,52.273],[-117.748,52.194],[-117.592,52.13],[-117.363,52.139],[-117.319,52.182],[-117.27,52.045],[-117.039,51.908],[-116.937,51.72],[-116.826,51.71],[-116.752,51.798],[-116.669,51.804],[-116.595,51.658],[-116.297,51.453],[-116.262,51.317],[-116.061,51.246],[-115.958,51.104],[-115.777,51.074],[-115.619,50.969],[-115.572,50.903],[-115.638,50.845],[-115.396,50.717],[-115.34,50.729],[-115.283,50.662],[-115.321,50.639],[-115.219,50.547],[-115.094,50.589],[-115.001,50.564],[-114.772,50.362],[-114.724,50.126],[-114.659,50.065],[-114.643,49.968],[-114.687,49.908],[-114.625,49.774],[-114.68,49.632],[-114.746,49.587],[-114.576,49.556],[-114.576,49.39],[-114.377,49.256],[-114.373,49.204],[-114.154,49.148],[-114.157,49.104],[-114.035,49.031],[-114.059,48.997]]}},{"type":"Feature","properties":{},"geometry":{"type":"LineString","coordinates":[[-34.892,-7.542],[-35.106,-7.395],[-35.267,-7.38],[-35.382,-7.466],[-35.491,-7.451],[-35.556,-7.654],[-35.855,-7.758],[-35.89,-7.725],[-35.859,-7.804],[-35.919,-7.802],[-35.924,-7.842],[-36.069,-7.831],[-36.101,-7.771],[-36.161,-7.823],[-36.211,-7.781],[-36.262,-7.826],[-36.412,-7.812],[-36.447,-7.911],[-36.623,-7.962],[-36.66,-8.013],[-36.631,-8.094],[-36.767,-8.217],[-36.963,-8.284],[-37.126,-8.176],[-37.14,-7.982],[-37.348,-7.992],[-37.171,-7.786],[-37.205,-7.579],[-36.992,-7.489],[-37.022,-7.394],[-37.243,-7.271],[-37.48,-7.364],[-37.547,-7.476],[-37.875,-7.665],[-37.962,-7.772],[-38.056,-7.753],[-38.074,-7.823],[-38.144,-7.765],[-38.243,-7.851],[-38.296,-7.837],[-38.351,-7.699],[-38.408,-7.753],[-38.575,-7.753],[-38.582,-7.698],[-38.708,-7.612],[-38.527,-7.303],[-38.546,-7.231],[-38.678,-7.167],[-38.684,-7.028],[-38.748,-6.974],[-38.731,-6.888],[-38.615,-6.774],[-38.651,-6.677],[-38.529,-6.413],[-38.526,-6.382],[-38.612,-6.395],[-38.587,-6.269],[-38.447,-6.07],[-38.297,-6.082],[-38.133,-5.894],[-38.048,-5.605],[-37.924,-5.482],[-37.728,-5.069],[-37.584,-4.948],[-37.254,-4.808]]}},{"type":"Feature","properties":{},"geometry":{"type":"LineString","coordinates":[[-62.852,-34.38],[-61.906,-33.09],[-61.771,-33.018],[-61.732,-32.831],[-61.832,-32.677],[-61.899,-32.66],[-61.864,-32.588],[-61.917,-32.459],[-62.029,-32.371],[-62.082,-32.24],[-62.217,-32.144],[-62.181,-31.965],[-62.246,-31.721],[-62.132,-31.642],[-61.847,-30.729],[-62.194,-30.562],[-62.088,-30.155]]}},{"type":"Feature","properties":{},"geometry":{"type":"LineString","coordinates":[[-62.088,-30.155],[-61.71,-28.001],[-61.715,-25.665],[-63.915,-25.653],[-64.196,-25.571],[-64.479,-26.186],[-64.526,-26.435],[-64.497,-26.685],[-64.586,-26.669],[-64.882,-27.322],[-65.063,-27.47],[-64.967,-27.512],[-65.069,-27.588],[-64.994,-27.773],[-65.035,-27.78],[-65.072,-27.89],[-65.17,-27.909],[-65.072,-28.412],[-65.18,-28.651],[-65.095,-28.71],[-65.038,-29.288],[-64.882,-29.557],[-64.277,-29.419],[-64.045,-29.472],[-64.049,-29.553],[-63.822,-29.647],[-63.471,-29.649],[-63.463,-29.714],[-63.403,-29.721],[-63.387,-29.772],[-62.258,-29.769],[-62.088,-30.155]]}},{"type":"Feature","properties":{},"geometry":{"type":"LineString","coordinates":[[-62.088,-30.155],[-62.088,-30.156]]}},{"type":"Feature","properties":{},"geometry":{"type":"LineString","coordinates":[[-109.047,31.333],[-109.046,41],[-111.05,41],[-111.051,45],[-104.005,45.002],[-104.033,49.007]]}},{"type":"Feature","properties":{},"geometry":{"type":"LineString","coordinates":[[-109.047,31.333],[-109.046,41],[-111.05,41],[-111.051,45],[-104.005,45.002],[-104.033,49.007]]}},{"type":"Feature","properties":{},"geometry":{"type":"LineString","coordinates":[[-46.023,-15.212],[-46.084,-15.239],[-45.975,-15],[-46.023,-14.866],[-46.091,-14.934],[-46.289,-14.916],[-46.352,-14.801],[-46.513,-14.71],[-46.582,-14.801],[-46.545,-15.04],[-46.61,-15.078],[-46.814,-15.008],[-46.895,-15.06],[-46.937,-15.236],[-46.888,-15.237],[-46.851,-15.314],[-46.937,-15.416],[-46.933,-15.535],[-46.865,-15.592],[-46.828,-15.853],[-47.13,-15.92],[-47.229,-16.033],[-47.304,-16.034]]}},{"type":"Feature","properties":{},"geometry":{"type":"LineString","coordinates":[[-47.304,-16.034],[-48.248,-16.041],[-48.281,-15.83],[-48.203,-15.738],[-48.242,-15.707],[-48.197,-15.49],[-47.424,-15.491],[-47.424,-15.533],[-47.304,-15.595],[-47.362,-15.974],[-47.304,-16.034]]}},{"type":"Feature","properties":{},"geometry":{"type":"LineString","coordinates":[[-47.304,-16.034],[-47.318,-16.224],[-47.454,-16.496],[-47.257,-16.657],[-47.148,-16.967],[-47.234,-17.029],[-47.206,-17.076],[-47.411,-17.248],[-47.436,-17.342],[-47.509,-17.33],[-47.535,-17.457],[-47.469,-17.531],[-47.403,-17.498],[-47.273,-17.575],[-47.267,-17.672],[-47.361,-17.837],[-47.277,-18.059],[-47.623,-18.245],[-47.619,-18.302],[-47.755,-18.406],[-47.944,-18.488],[-48.263,-18.327],[-48.309,-18.379],[-48.475,-18.374],[-48.574,-18.321],[-48.82,-18.372],[-48.921,-18.304]]}},{"type":"Feature","properties":{},"geometry":{"type":"LineString","coordinates":[[-99.807,27.771],[-99.973,27.635],[-100.182,27.794],[-100.312,27.71],[-100.428,27.401],[-100.585,27.395],[-100.823,27.235],[-100.795,27.026],[-100.7,27.01],[-100.659,27.071],[-100.55,27.031],[-100.566,26.772],[-100.695,26.628],[-100.794,26.708],[-101.219,26.371],[-100.92,26.071],[-100.92,25.992],[-100.826,25.898],[-100.82,25.744],[-100.71,25.612],[-100.575,25.538],[-100.571,25.498],[-100.668,25.537],[-100.692,25.49],[-100.442,25.327],[-100.19,25.276],[-100.259,25.255],[-100.192,25.191],[-100.375,25.158],[-100.544,25.228],[-100.752,25.178],[-100.825,25.039],[-100.698,24.931],[-100.787,24.893],[-100.837,24.53],[-101.402,23.898],[-102.039,23.383],[-102.193,23.389],[-102.277,23.236],[-102.196,23.118],[-102.245,23.002],[-102.168,22.854],[-101.934,22.621],[-101.871,22.492],[-101.708,22.461],[-101.571,22.598],[-101.474,22.619],[-101.347,22.578],[-101.295,22.486],[-101.361,22.396],[-101.329,22.079],[-101.586,21.793],[-101.544,21.657],[-101.632,21.527],[-101.576,21.327],[-101.84,21.151],[-102.075,20.814],[-102.092,20.774],[-101.978,20.591],[-102.11,20.389]]}},{"type":"Feature","properties":{},"geometry":{"type":"LineString","coordinates":[[-61.398,-8.826],[-58.463,-8.818],[-58.317,-8.714],[-58.399,-8.686],[-58.344,-8.576],[-58.376,-8.459],[-58.266,-8.292],[-58.235,-8.118],[-58.311,-7.862],[-58.13,-7.636],[-58.134,-7.465],[-58.057,-7.33],[-57.878,-7.591],[-57.739,-8.029],[-57.594,-8.212],[-57.614,-8.6],[-57.562,-8.767],[-57.392,-8.821],[-57.352,-8.934],[-57.179,-8.976],[-57.045,-9.143],[-57.027,-9.279],[-56.818,-9.312],[-56.742,-9.475],[-50.232,-9.844]]}},{"type":"Feature","properties":{},"geometry":{"type":"LineString","coordinates":[[-98.1,20.431],[-97.963,20.52],[-97.877,20.803],[-97.734,20.793],[-97.74,20.646],[-97.592,20.598],[-97.559,20.541],[-97.624,20.42],[-97.693,20.47],[-97.761,20.437],[-97.769,20.298],[-97.707,20.19],[-97.545,20.105],[-97.471,20.24],[-97.381,20.256],[-97.139,20.141],[-97.309,19.896],[-97.309,19.684],[-97.44,19.586],[-97.353,19.538],[-97.335,19.401],[-97.001,19.262],[-97.08,19.183],[-97.265,19.16],[-97.243,18.905],[-97.346,18.769],[-97.273,18.633],[-97.136,18.637],[-97.044,18.479],[-96.799,18.549],[-96.726,18.384],[-96.963,18.151],[-97.282,18.16],[-97.449,17.978],[-97.641,18.173],[-97.614,18.293],[-97.648,18.341],[-97.719,18.309],[-97.795,18.179],[-97.731,18.008],[-97.799,17.94],[-97.884,17.937],[-97.943,18.033],[-98.147,18.026],[-98.247,17.91],[-98.348,17.892],[-98.38,17.533],[-98.303,17.412],[-98.303,17.276],[-98.004,17.018],[-98.078,16.764],[-98.241,16.703],[-98.211,16.635],[-98.33,16.545],[-98.328,16.405],[-98.555,16.32]]}},{"type":"Feature","properties":{},"geometry":{"type":"LineString","coordinates":[[-99.999,34.58],[-99.877,34.56],[-99.636,34.379],[-99.546,34.413],[-99.41,34.376],[-99.356,34.463],[-99.2,34.339],[-99.169,34.213],[-98.971,34.218],[-98.741,34.138],[-98.594,34.158],[-98.461,34.067],[-98.356,34.139],[-98.098,34.145],[-98.078,34.019],[-97.946,33.984],[-97.943,33.876],[-97.855,33.862],[-97.649,33.988],[-97.591,33.966],[-97.576,33.897],[-97.471,33.896],[-97.428,33.82],[-97.201,33.901],[-97.202,33.793],[-97.142,33.724],[-97.086,33.743],[-97.077,33.854],[-97.012,33.853],[-96.947,33.956],[-96.736,33.845],[-96.594,33.91],[-96.595,33.849],[-96.407,33.783],[-96.323,33.698],[-96.291,33.76],[-96.197,33.759],[-96.143,33.826],[-95.94,33.894],[-95.777,33.851],[-95.771,33.893],[-95.59,33.944],[-95.537,33.879],[-95.34,33.866],[-95.225,33.965],[-94.976,33.861],[-94.874,33.756],[-94.47,33.641],[-94.392,33.558],[-94.293,33.592],[-94.045,33.553]]}},{"type":"Feature","properties":{},"geometry":{"type":"LineString","coordinates":[[-62.64,-22.239],[-62.259,-21.057],[-62.269,-20.562],[-61.913,-20.08],[-61.742,-19.645],[-59.933,-19.299],[-59.096,-19.349],[-58.151,-19.828],[-58.16,-20.181],[-58.119,-20.208],[-58.159,-20.255],[-58.097,-20.271],[-58.086,-20.371],[-57.991,-20.441],[-57.979,-20.711],[-57.92,-20.668],[-57.857,-20.739],[-57.943,-20.794],[-57.857,-20.839],[-57.92,-20.908],[-57.814,-20.972],[-57.857,-21.056],[-57.84,-21.206],[-57.908,-21.287],[-57.85,-21.337],[-57.954,-21.511],[-57.892,-21.689],[-57.94,-21.747],[-57.923,-21.895],[-57.996,-22.104],[-57.962,-22.272],[-57.897,-22.283],[-57.819,-22.382],[-57.856,-22.415],[-57.842,-22.516],[-57.776,-22.652],[-57.906,-22.667],[-57.943,-22.72],[-57.806,-22.825],[-57.782,-23.033],[-57.633,-23.097],[-57.605,-23.186],[-57.483,-23.275],[-57.507,-23.351],[-57.447,-23.424],[-57.447,-23.58],[-57.273,-23.741],[-57.289,-23.864],[-57.345,-23.923],[-57.227,-24.041],[-57.237,-24.097],[-57.164,-24.111],[-57.198,-24.182],[-57.112,-24.273],[-57.067,-24.511],[-57.128,-24.64],[-57.088,-24.686],[-57.25,-24.897],[-57.213,-24.9],[-57.198,-24.988],[-57.272,-24.982],[-57.431,-25.119],[-57.522,-25.113],[-57.566,-25.223],[-57.67,-25.294]]}},{"type":"Feature","properties":{},"geometry":{"type":"LineString","coordinates":[[-98.515,21.402],[-98.524,21.528],[-98.642,21.609],[-98.613,21.695],[-98.451,21.782],[-98.564,21.884],[-98.519,21.951],[-98.589,21.972],[-98.484,21.994],[-98.354,22.181],[-98.372,22.264],[-98.623,22.421],[-98.866,22.339],[-99.221,22.441],[-99.378,22.679],[-99.427,22.634],[-99.549,22.73],[-99.531,22.615],[-100.048,22.834],[-99.907,22.99],[-100.026,23.127],[-100.089,23.121],[-100.043,23.315],[-100.072,23.355],[-100.019,23.413],[-99.888,23.373],[-99.956,23.532],[-99.839,23.747],[-99.598,23.763],[-99.499,23.895],[-99.451,23.894],[-99.491,23.994],[-99.606,24.077],[-99.557,24.368],[-99.627,24.497],[-99.674,24.474],[-99.732,24.529],[-99.414,24.757],[-99.259,24.804],[-99.164,24.776],[-99.195,24.876],[-99.151,25.051],[-99.035,25.123],[-98.993,25.074],[-98.904,25.072],[-98.444,25.423],[-98.451,25.493],[-98.569,25.521],[-98.585,26.041],[-98.815,26.058],[-98.889,25.993],[-99.009,26.094],[-99.114,26.079],[-99.177,26.29],[-99.387,26.355],[-99.447,26.454],[-99.382,26.51],[-99.415,26.628],[-99.501,26.673],[-99.631,26.662],[-99.566,26.853],[-99.733,26.914],[-99.699,27.159],[-99.751,27.423],[-99.895,27.447],[-99.916,27.523],[-99.716,27.668]]}},{"type":"Feature","properties":{},"geometry":{"type":"LineString","coordinates":[[-56.813,-32.917],[-56.828,-32.764],[-56.747,-32.852],[-56.723,-32.761],[-56.694,-32.833],[-56.596,-32.65],[-56.643,-32.849],[-56.567,-32.807],[-56.419,-32.861],[-56.328,-32.597],[-56.374,-32.754],[-56.31,-32.732],[-56.296,-32.805],[-56.275,-32.735],[-56.215,-32.762],[-56.186,-32.68],[-56.125,-32.664],[-56.142,-32.616],[-56.075,-32.671],[-56.065,-32.589],[-56.012,-32.571],[-55.984,-32.631],[-55.955,-32.537],[-55.821,-32.615],[-55.79,-32.572],[-55.827,-32.479],[-55.706,-32.543],[-55.714,-32.433],[-55.537,-32.503],[-55.491,-32.415],[-55.445,-32.433],[-55.491,-32.477],[-55.47,-32.519],[-55.627,-32.521],[-55.624,-32.572],[-55.761,-32.532],[-55.709,-32.695],[-55.773,-32.623],[-55.812,-32.649],[-55.767,-32.77],[-55.887,-32.642],[-55.931,-32.686],[-55.882,-32.727],[-55.92,-32.798],[-55.945,-32.757],[-56.031,-32.797],[-56.156,-32.757],[-56.177,-32.859],[-55.99,-32.952],[-56.189,-32.901],[-56.158,-32.964],[-56.217,-32.946],[-56.207,-32.988],[-56.307,-32.842],[-56.409,-32.884],[-56.582,-32.842],[-56.601,-32.914],[-56.709,-32.859],[-56.862,-32.942],[-56.866,-32.989],[-56.978,-32.988],[-56.971,-33.034],[-57.108,-33.015],[-57.179,-33.066],[-57.127,-33.129],[-57.217,-33.16],[-57.358,-33.079],[-57.436,-33.093],[-57.517,-33.023],[-57.642,-33.093],[-57.871,-33.045],[-57.968,-33.141],[-58.059,-33.134],[-58.034,-33.248],[-58.111,-33.234],[-58.144,-33.315],[-58.218,-33.306],[-58.389,-33.424]]}},{"type":"Feature","properties":{},"geometry":{"type":"LineString","coordinates":[[-58.604,-27.316],[-58.856,-27.48],[-58.818,-27.733],[-58.861,-28.034],[-58.904,-28.111],[-59.072,-28.184],[-59.082,-28.622],[-59.199,-29.031],[-59.37,-29.187],[-59.486,-29.231],[-59.584,-29.418],[-59.662,-29.855],[-59.569,-30.014],[-59.678,-30.287],[-59.58,-30.438],[-59.586,-30.64],[-60.15,-31.431],[-60.429,-31.693],[-60.649,-31.735],[-60.713,-32.006],[-60.667,-32.075],[-60.712,-32.171],[-60.669,-32.31],[-60.725,-32.352],[-60.767,-32.534],[-60.692,-32.843],[-60.535,-33.11],[-60.354,-33.188],[-60.055,-33.436],[-59.619,-33.682],[-59.522,-33.651],[-59.407,-33.743],[-59.259,-33.721],[-59.23,-33.803],[-59.019,-33.836],[-58.655,-34.051],[-58.448,-34.01]]}},{"type":"Feature","properties":{},"geometry":{"type":"LineString","coordinates":[[-62.199,-20.47],[-63.283,-20.476],[-63.362,-20.353],[-63.508,-20.463],[-63.669,-20.445],[-63.771,-19.231],[-63.743,-19.035],[-63.946,-19.027],[-63.956,-19.185],[-64.021,-19.209],[-64.081,-19.149],[-64.108,-18.976],[-64.192,-18.949],[-64.283,-18.827],[-64.376,-18.607],[-64.543,-18.675],[-64.695,-18.531],[-64.867,-18.493],[-65.057,-18.617],[-65.05,-18.682],[-65.235,-18.618],[-65.303,-18.461],[-65.448,-18.367],[-65.507,-18.262],[-65.854,-17.967],[-65.932,-17.989],[-66.02,-17.866],[-66.17,-17.865],[-66.353,-17.992],[-66.625,-17.991],[-66.804,-17.692],[-67.116,-17.404],[-67.303,-17.445],[-67.742,-17.719],[-67.772,-17.863],[-68.147,-17.656],[-68.426,-17.648],[-68.567,-17.702],[-68.82,-17.943],[-69.072,-18.035]]}},{"type":"Feature","properties":{},"geometry":{"type":"LineString","coordinates":[[-50.715,-11.75],[-50.648,-11.603],[-50.742,-11.464],[-50.609,-11.065],[-50.607,-10.656],[-50.523,-10.563],[-50.483,-10.394],[-50.409,-10.307],[-50.382,-10.11],[-50.149,-9.703],[-50.059,-9.331],[-49.766,-8.93],[-49.563,-8.807],[-49.387,-8.442],[-49.306,-8.378],[-49.198,-8.058],[-49.155,-7.791],[-49.315,-7.653],[-49.368,-7.537],[-49.186,-7.251],[-49.218,-6.937],[-49.039,-6.799],[-48.667,-6.655],[-48.662,-6.525],[-48.603,-6.438],[-48.507,-6.355],[-48.382,-6.365],[-48.434,-6.182],[-48.289,-6.103],[-48.337,-5.983],[-48.228,-5.936],[-48.302,-5.759],[-48.169,-5.698],[-48.143,-5.61],[-48.298,-5.516],[-48.372,-5.399],[-48.569,-5.411],[-48.717,-5.357]]}},{"type":"Feature","properties":{},"geometry":{"type":"LineString","coordinates":[[-62.905,1.765],[-62.795,1.5],[-62.646,1.316],[-62.492,0.929],[-62.488,0.31],[-62.41,-0.007],[-62.378,-0.456],[-62.303,-0.615],[-62.379,-0.721],[-62.498,-0.694],[-62.507,-0.779],[-62.242,-0.965],[-62.203,-1.05],[-62.019,-1.149],[-61.859,-1.386],[-61.749,-1.357],[-61.601,-1.423],[-61.623,-1.285],[-61.533,-0.727],[-61.219,-0.493],[-60.926,-0.553],[-60.807,-0.686],[-60.753,-0.846],[-60.523,-0.835],[-60.479,-0.744],[-60.307,-0.682],[-60.394,-0.519],[-60.379,-0.443],[-60.057,-0.183],[-60.052,0.003],[-59.899,0.11],[-59.837,0.231],[-58.845,0.225]]}},{"type":"Feature","properties":{},"geometry":{"type":"LineString","coordinates":[[-53.161,-22.709],[-52.94,-22.567],[-52.699,-22.608],[-52.591,-22.568],[-52.509,-22.627],[-52.261,-22.6],[-52.227,-22.65],[-52.084,-22.523],[-51.576,-22.686],[-51.274,-22.653],[-51.109,-22.765],[-50.879,-22.814],[-50.792,-22.895],[-50.796,-22.95],[-50.735,-22.965],[-50.656,-22.902],[-50.311,-22.957],[-49.977,-22.902],[-49.914,-23.038],[-49.733,-23.097],[-49.623,-23.264],[-49.642,-23.33],[-49.592,-23.429],[-49.658,-23.511],[-49.63,-23.63],[-49.549,-23.708],[-49.601,-23.873],[-49.332,-24.137],[-49.339,-24.224],[-49.219,-24.344],[-49.237,-24.422],[-49.296,-24.448],[-49.278,-24.53],[-49.319,-24.542],[-49.296,-24.667],[-49.041,-24.691],[-49.03,-24.631],[-48.778,-24.7],[-48.582,-24.68],[-48.482,-24.746],[-48.553,-24.823],[-48.573,-25.053],[-48.496,-25.082],[-48.39,-24.867],[-48.202,-24.899],[-48.231,-25.014],[-48.186,-25.201],[-48.032,-25.221],[-48.08,-25.317]]}},{"type":"Feature","properties":{},"geometry":{"type":"LineString","coordinates":[[-65.088,-36.002],[-65.085,-34.001],[-65.134,-33.218],[-65.03,-33.116],[-65.019,-32.951],[-64.879,-32.613],[-64.916,-32.307],[-65.195,-32.329],[-65.251,-32.111],[-65.636,-31.891],[-66.026,-31.868],[-66.362,-31.937],[-66.698,-31.876],[-67.351,-31.847],[-67.389,-31.893],[-67.389,-32.313],[-67.191,-32.763],[-67.226,-32.925],[-67.156,-33.424],[-66.938,-33.826],[-66.764,-34.014],[-66.756,-34.189],[-66.825,-34.239],[-66.812,-34.39],[-66.743,-34.606],[-66.54,-34.94],[-66.506,-35.353],[-66.619,-36]]}},{"type":"Feature","properties":{},"geometry":{"type":"LineString","coordinates":[[-116.048,48.999],[-116.049,47.993],[-115.721,47.708],[-115.674,47.61],[-115.737,47.556],[-115.635,47.484],[-115.725,47.437],[-115.496,47.301],[-115.318,47.256],[-115.045,46.989],[-114.916,46.924],[-114.906,46.841],[-114.766,46.776],[-114.765,46.715],[-114.669,46.751],[-114.576,46.644],[-114.325,46.669],[-114.337,46.536],[-114.4,46.506],[-114.371,46.454],[-114.456,46.27],[-114.432,46.191],[-114.505,46.16],[-114.45,46.109],[-114.474,46.002],[-114.402,45.988],[-114.382,45.893],[-114.555,45.779],[-114.491,45.71],[-114.549,45.567],[-114.307,45.478],[-114.108,45.572],[-113.991,45.704],[-113.798,45.607],[-113.811,45.529],[-113.753,45.506],[-113.719,45.313],[-113.436,45.022],[-113.484,44.933],[-113.435,44.863],[-113.331,44.79],[-113.242,44.819],[-113.141,44.777],[-113.045,44.652],[-113.069,44.604],[-112.992,44.537],[-112.996,44.459],[-112.836,44.371],[-112.752,44.489],[-112.379,44.457],[-112.329,44.538],[-112.239,44.572],[-112.087,44.536],[-111.873,44.565],[-111.802,44.526],[-111.669,44.569],[-111.457,44.548],[-111.496,44.644],[-111.45,44.665],[-111.462,44.715],[-111.363,44.758],[-111.05,44.496]]}},{"type":"Feature","properties":{},"geometry":{"type":"LineString","coordinates":[[-116.048,48.999],[-116.049,47.993],[-115.721,47.708],[-115.674,47.61],[-115.737,47.556],[-115.635,47.484],[-115.725,47.437],[-115.496,47.301],[-115.318,47.256],[-115.045,46.989],[-114.916,46.924],[-114.906,46.841],[-114.766,46.776],[-114.765,46.715],[-114.669,46.751],[-114.576,46.644],[-114.325,46.669],[-114.337,46.536],[-114.4,46.506],[-114.371,46.454],[-114.456,46.27],[-114.432,46.191],[-114.504,46.16],[-114.45,46.109],[-114.474,46.002],[-114.402,45.988],[-114.382,45.893],[-114.555,45.779],[-114.491,45.71],[-114.549,45.567],[-114.307,45.478],[-114.108,45.572],[-113.991,45.704],[-113.798,45.607],[-113.811,45.529],[-113.752,45.506],[-113.719,45.313],[-113.436,45.022],[-113.484,44.933],[-113.434,44.863],[-113.331,44.79],[-113.242,44.819],[-113.141,44.777],[-113.045,44.652],[-113.069,44.604],[-112.992,44.537],[-112.996,44.459],[-112.836,44.371],[-112.752,44.489],[-112.379,44.457],[-112.329,44.538],[-112.239,44.572],[-112.079,44.536],[-111.873,44.565],[-111.801,44.526],[-111.669,44.569],[-111.457,44.548],[-111.496,44.644],[-111.45,44.665],[-111.462,44.715],[-111.363,44.758],[-111.05,44.496]]}},{"type":"Feature","properties":{},"geometry":{"type":"LineString","coordinates":[[-53.836,-27.172],[-53.674,-27.16],[-53.643,-27.221],[-53.584,-27.179],[-53.504,-27.196],[-53.492,-27.122],[-53.407,-27.128],[-53.366,-27.078],[-53.279,-27.114],[-53.294,-27.203],[-53.173,-27.182],[-53.151,-27.139],[-53.086,-27.163],[-53.018,-27.08],[-52.995,-27.222],[-52.953,-27.165],[-52.919,-27.205],[-52.852,-27.156],[-52.696,-27.274],[-52.487,-27.257],[-52.449,-27.216],[-52.424,-27.269],[-52.406,-27.242],[-52.38,-27.293],[-52.309,-27.299],[-52.313,-27.252],[-52.262,-27.243],[-52.239,-27.32],[-52.185,-27.272],[-52.11,-27.334],[-52.017,-27.328],[-51.949,-27.386],[-52.009,-27.397],[-51.94,-27.426],[-51.952,-27.47],[-51.908,-27.455],[-51.884,-27.522],[-51.856,-27.479],[-51.796,-27.53],[-51.781,-27.489],[-51.674,-27.478],[-51.545,-27.574],[-51.46,-27.562],[-51.227,-27.769],[-51.076,-27.826],[-51.01,-27.944],[-50.878,-28.032],[-50.861,-28.135],[-50.781,-28.144],[-50.607,-28.385],[-50.159,-28.491],[-50.126,-28.446],[-50.061,-28.483],[-49.754,-28.473],[-49.701,-28.609],[-49.781,-28.609],[-49.829,-28.691],[-49.927,-28.725],[-50.002,-29.105],[-50.076,-29.094],[-50.167,-29.193],[-50.168,-29.29],[-50.039,-29.357],[-50.093,-29.247],[-49.951,-29.191],[-49.699,-29.323]]}},{"type":"Feature","properties":{},"geometry":{"type":"LineString","coordinates":[[-80.517,40.643],[-80.673,40.592],[-80.6,40.465],[-80.603,40.312],[-80.736,40.09],[-80.758,39.924],[-80.806,39.918],[-80.796,39.863],[-80.87,39.768],[-80.832,39.719],[-80.877,39.621],[-81.222,39.394],[-81.363,39.346],[-81.456,39.412],[-81.572,39.278],[-81.686,39.264],[-81.757,39.174],[-81.752,39.097],[-81.821,39.074],[-81.764,38.928],[-81.83,38.947],[-81.924,38.878],[-81.933,38.986],[-82.043,39.004],[-82.218,38.775],[-82.176,38.609],[-82.276,38.582],[-82.324,38.442],[-82.585,38.41],[-82.699,38.539],[-82.83,38.581],[-82.899,38.747],[-83.026,38.717],[-83.145,38.617],[-83.297,38.594],[-83.508,38.704],[-83.649,38.627],[-83.742,38.648],[-83.871,38.764],[-84.201,38.811],[-84.298,39.008],[-84.445,39.106],[-84.609,39.069],[-84.727,39.14],[-84.882,39.053],[-84.823,38.973],[-84.869,38.905],[-84.781,38.881],[-84.806,38.785],[-84.979,38.779],[-85.179,38.689]]}},{"type":"Feature","properties":{},"geometry":{"type":"LineString","coordinates":[[-74.642,5.735],[-74.518,5.783],[-74.413,5.758],[-74.316,5.826],[-74.285,5.623],[-74.037,5.364],[-73.96,5.385],[-73.797,5.565],[-73.781,5.502],[-73.637,5.462],[-73.488,5.16],[-73.532,4.905],[-73.218,4.732],[-73.18,4.664],[-73.094,4.659],[-73.05,4.733],[-72.921,4.506],[-72.721,4.291],[-72.594,4.304],[-72.551,4.352],[-72.398,4.329],[-72.231,4.437],[-72.132,4.447],[-72.032,4.391],[-71.806,4.578],[-71.202,4.822],[-71.043,4.929],[-70.944,5.135],[-70.697,5.309],[-70.672,5.391],[-70.444,5.528],[-70.098,5.635],[-69.852,6.03],[-69.557,6.052],[-69.429,6.119]]}},{"type":"Feature","properties":{},"geometry":{"type":"LineString","coordinates":[[-80.517,40.643],[-80.673,40.592],[-80.6,40.465],[-80.603,40.312],[-80.736,40.09],[-80.758,39.924],[-80.806,39.918],[-80.796,39.863],[-80.87,39.768],[-80.832,39.719],[-80.877,39.621],[-81.222,39.394],[-81.363,39.346],[-81.456,39.412],[-81.572,39.278],[-81.686,39.264],[-81.757,39.174],[-81.752,39.097],[-81.821,39.074],[-81.764,38.928],[-81.83,38.947],[-81.924,38.878],[-81.933,38.986],[-82.043,39.004],[-82.218,38.775],[-82.176,38.609],[-82.275,38.582],[-82.324,38.442],[-82.585,38.41],[-82.699,38.539],[-82.83,38.581],[-82.899,38.747],[-83.026,38.717],[-83.145,38.617],[-83.297,38.594],[-83.508,38.704],[-83.649,38.627],[-83.742,38.648],[-83.871,38.764],[-84.209,38.817],[-84.298,39.008],[-84.445,39.106],[-84.609,39.069],[-84.727,39.14],[-84.882,39.053],[-84.823,38.973],[-84.869,38.905],[-84.781,38.881],[-84.805,38.785],[-84.979,38.779],[-85.179,38.689]]}},{"type":"Feature","properties":{},"geometry":{"type":"LineString","coordinates":[[-67.25,-23.734],[-67.077,-23.834],[-66.867,-24.057],[-66.526,-24.163],[-66.375,-23.766],[-66.407,-23.519],[-66.338,-23.367],[-65.991,-23.535],[-66,-23.948],[-65.765,-24.069],[-65.743,-24.198],[-65.532,-24.436],[-65.277,-24.502],[-65.164,-24.451],[-64.922,-24.601],[-64.821,-24.451],[-64.619,-24.615],[-64.521,-24.491],[-64.302,-24.406],[-64.158,-24.184],[-64.181,-23.507],[-64.371,-23.504],[-64.444,-23.621],[-64.669,-23.449],[-64.88,-23.493],[-64.956,-23.303],[-65.043,-23.252],[-65.017,-23.024],[-65.231,-22.947],[-65.287,-22.728],[-65.264,-22.632],[-65.345,-22.595],[-65.191,-22.093]]}},{"type":"Feature","properties":{},"geometry":{"type":"LineString","coordinates":[[-75.908,-8.981],[-75.81,-9.059],[-75.783,-9.239],[-75.661,-9.397],[-75.602,-9.405],[-75.304,-9.243],[-74.984,-8.782],[-74.718,-8.625],[-74.532,-8.656],[-74.511,-8.755],[-74.614,-8.822],[-74.721,-9.362],[-74.614,-9.532],[-74.467,-9.501],[-74.419,-9.544],[-74.444,-9.952],[-74.356,-10.119],[-74.319,-10.756],[-74.472,-10.903],[-74.654,-10.93],[-75.05,-10.68],[-75.129,-10.74],[-75.741,-10.884],[-75.999,-10.889],[-76.043,-10.843],[-76.274,-10.887],[-76.326,-11.049],[-76.49,-11.061],[-76.567,-10.993],[-76.574,-10.824],[-76.753,-10.442]]}},{"type":"Feature","properties":{},"geometry":{"type":"LineString","coordinates":[[-77.736,39.328],[-77.836,39.145],[-78.33,39.456],[-78.422,39.154],[-78.602,38.971],[-78.743,38.933],[-78.873,38.782],[-78.997,38.847],[-79.289,38.422],[-79.507,38.479],[-79.547,38.565],[-79.653,38.588],[-79.797,38.266],[-79.921,38.175],[-79.99,38.013],[-80.287,37.686],[-80.221,37.626],[-80.306,37.569],[-80.28,37.519],[-80.452,37.429],[-80.527,37.469],[-80.744,37.381],[-80.852,37.426],[-80.861,37.344],[-80.955,37.291],[-81.219,37.243],[-81.361,37.339],[-81.584,37.204],[-81.836,37.291],[-81.983,37.468],[-81.956,37.532],[-82.134,37.567],[-82.296,37.683],[-82.316,37.77],[-82.396,37.818],[-82.486,37.937],[-82.469,37.983],[-82.633,38.153],[-82.571,38.247],[-82.589,38.417]]}},{"type":"Feature","properties":{},"geometry":{"type":"LineString","coordinates":[[-90.989,16.075],[-91.209,15.656],[-91.307,15.612],[-91.332,15.517],[-91.276,15.409],[-91.181,15.38],[-91.176,15.286],[-91.325,15.263],[-91.233,15.098],[-91.275,15.041],[-91.118,14.865],[-91.13,14.808],[-90.977,14.939],[-90.311,14.883],[-90.282,14.958],[-89.98,15.155],[-89.658,15.163],[-89.247,15.304],[-89.173,15.274],[-89.206,15.198],[-89.151,15.074]]}},{"type":"Feature","properties":{},"geometry":{"type":"LineString","coordinates":[[-87.596,13.815],[-87.596,14.1],[-87.414,14.214],[-87.442,14.283],[-87.369,14.397],[-87.452,14.523],[-87.265,14.704],[-87.249,14.897],[-87.36,14.941],[-87.449,14.913],[-87.543,15.057],[-87.736,15.016],[-87.755,15.139],[-87.919,15.195],[-87.915,15.326],[-87.819,15.405],[-87.859,15.455],[-87.814,15.45],[-87.835,15.506],[-87.76,15.602],[-87.829,15.69],[-87.757,15.734],[-87.8,15.793],[-87.728,15.918]]}},{"type":"Feature","properties":{},"geometry":{"type":"LineString","coordinates":[[-40.207,-17.977],[-40.206,-17.768],[-40.403,-17.563],[-40.488,-17.559],[-40.483,-17.431],[-40.539,-17.426],[-40.512,-17.363],[-40.598,-17.415],[-40.604,-17.313],[-40.56,-17.251],[-40.521,-16.921],[-40.476,-16.867],[-40.304,-16.885],[-40.246,-16.844],[-40.27,-16.583],[-40.139,-16.549],[-40.116,-16.463],[-39.932,-16.301],[-39.859,-16.132],[-39.934,-16.002],[-40.173,-15.899],[-40.213,-15.823],[-40.471,-15.773],[-40.542,-15.802],[-40.634,-15.72],[-40.754,-15.744],[-40.818,-15.683],[-40.951,-15.674],[-41.147,-15.784],[-41.327,-15.751],[-41.357,-15.499],[-41.791,-15.109],[-42.092,-15.184],[-42.166,-15.105],[-42.267,-15.108],[-42.564,-14.932],[-42.636,-14.941],[-42.952,-14.679],[-43.229,-14.637],[-43.505,-14.789],[-43.844,-14.686],[-43.883,-14.575]]}},{"type":"Feature","properties":{},"geometry":{"type":"LineString","coordinates":[[-67.63,-14.696],[-67.545,-14.536],[-67.592,-14.371],[-67.492,-14.298],[-67.527,-14.271],[-67.484,-13.971],[-67.378,-13.83],[-67.447,-13.767],[-67.346,-13.596],[-67.356,-13.459],[-67.207,-13.257],[-67.153,-13.304],[-67.168,-13.181],[-67.105,-13.132],[-67.096,-12.987],[-66.975,-13],[-67.033,-12.887],[-66.964,-12.817],[-66.99,-12.774],[-66.934,-12.617],[-66.846,-12.537],[-66.822,-12.387],[-66.873,-12.299],[-66.77,-12.199],[-66.829,-12.118],[-66.809,-11.994],[-66.881,-11.94],[-66.872,-11.806],[-66.692,-11.727],[-66.72,-11.628],[-66.661,-11.561],[-66.707,-11.503],[-66.307,-11.393],[-66.314,-11.342],[-66.235,-11.329],[-66.278,-11.279],[-66.207,-11.183],[-66.221,-11.095],[-66.147,-11.101],[-66.144,-10.997],[-66.079,-10.967],[-66.047,-10.882],[-66.104,-10.843],[-66.009,-10.79],[-65.89,-10.821],[-65.886,-10.764],[-65.943,-10.724],[-65.917,-10.681],[-65.857,-10.727],[-65.783,-10.703],[-65.747,-10.661],[-65.765,-10.569],[-65.658,-10.567],[-65.396,-10.394]]}},{"type":"Feature","properties":{},"geometry":{"type":"LineString","coordinates":[[-139.048,59.998],[-94.801,60]]}},{"type":"Feature","properties":{},"geometry":{"type":"LineString","coordinates":[[-139.048,59.998],[-94.801,60]]}},{"type":"Feature","properties":{},"geometry":{"type":"LineString","coordinates":[[-89.425,36.499],[-88.043,36.499],[-88.075,36.691],[-87.858,36.674],[-87.84,36.639],[-86.524,36.665],[-83.712,36.583],[-81.923,36.618],[-80.274,36.55],[-75.834,36.549]]}},{"type":"Feature","properties":{},"geometry":{"type":"LineString","coordinates":[[-89.425,36.499],[-88.043,36.499],[-88.075,36.691],[-87.858,36.674],[-87.84,36.639],[-86.523,36.665],[-83.712,36.583],[-81.923,36.618],[-80.274,36.55],[-75.834,36.549]]}},{"type":"Feature","properties":{},"geometry":{"type":"LineString","coordinates":[[-76.856,-8.556],[-76.896,-8.271],[-76.974,-8.169],[-77.25,-8.063],[-77.355,-8.081],[-77.402,-8.01],[-77.389,-7.911],[-77.465,-7.784],[-77.502,-7.556],[-77.787,-6.988],[-77.747,-6.837],[-77.556,-6.576],[-77.263,-6.508],[-77.149,-6.364],[-77.284,-6.109],[-77.597,-5.934],[-77.659,-5.761],[-77.767,-5.716],[-77.708,-5.449],[-77.646,-5.38],[-77.537,-5.363],[-77.657,-5.22],[-77.78,-4.835],[-77.751,-4.708],[-77.647,-4.583],[-77.659,-4.424],[-77.528,-4.029],[-77.638,-3.754],[-77.632,-3.64],[-77.767,-3.261],[-77.808,-2.972]]}},{"type":"Feature","properties":{},"geometry":{"type":"LineString","coordinates":[[-114.042,37],[-94.618,37],[-94.618,39.133]]}},{"type":"Feature","properties":{},"geometry":{"type":"LineString","coordinates":[[-114.042,37],[-94.618,37],[-94.618,39.133]]}},{"type":"Feature","properties":{},"geometry":{"type":"LineString","coordinates":[[-45.945,-10.316],[-45.953,-10.171],[-45.85,-9.965],[-45.844,-9.569],[-45.792,-9.453],[-45.899,-9.332],[-45.98,-8.926],[-45.934,-8.8],[-45.762,-8.612],[-45.728,-8.417],[-45.58,-8.17],[-45.477,-7.686],[-45.335,-7.558],[-44.936,-7.473],[-44.823,-7.37],[-44.688,-7.395],[-44.507,-7.186],[-44.308,-7.115],[-44.164,-6.894],[-44.096,-6.861],[-44.108,-6.816],[-44.065,-6.829],[-43.966,-6.744],[-43.668,-6.707],[-43.458,-6.847],[-43.233,-6.766],[-42.995,-6.765],[-42.916,-6.678],[-42.858,-6.494],[-42.85,-6.258]]}},{"type":"Feature","properties":{},"geometry":{"type":"LineString","coordinates":[[-98.489,43.004],[-98.007,42.781],[-97.928,42.788],[-97.848,42.867],[-97.251,42.873],[-97.123,42.783],[-96.702,42.672],[-96.62,42.526],[-96.389,42.49],[-96.409,42.366],[-96.331,42.279],[-96.342,42.181],[-96.259,42.113],[-96.252,42.043],[-96.143,41.98],[-96.152,41.898],[-96.059,41.799],[-96.104,41.688],[-96.086,41.541],[-95.989,41.538],[-95.996,41.477],[-95.92,41.457],[-95.955,41.337],[-95.872,41.305],[-95.926,41.204],[-95.851,41.174],[-95.88,41.061],[-95.819,40.881],[-95.87,40.718],[-95.776,40.661],[-95.762,40.537],[-95.691,40.515],[-95.653,40.309],[-95.467,40.233],[-95.479,40.192],[-95.4,40.109],[-95.421,40.038],[-95.101,39.863],[-94.952,39.9],[-94.882,39.819],[-94.876,39.731],[-94.966,39.736],[-95.106,39.548],[-94.898,39.379],[-94.829,39.213],[-94.609,39.155],[-94.618,39.12]]}},{"type":"Feature","properties":{},"geometry":{"type":"LineString","coordinates":[[-98.489,43.004],[-98.007,42.781],[-97.928,42.788],[-97.848,42.867],[-97.251,42.873],[-97.129,42.785],[-96.702,42.672],[-96.62,42.526],[-96.389,42.49],[-96.409,42.366],[-96.331,42.279],[-96.342,42.181],[-96.259,42.113],[-96.252,42.043],[-96.143,41.98],[-96.152,41.898],[-96.059,41.799],[-96.104,41.688],[-96.086,41.541],[-95.989,41.538],[-95.996,41.477],[-95.92,41.457],[-95.955,41.337],[-95.872,41.305],[-95.926,41.204],[-95.851,41.174],[-95.88,41.062],[-95.819,40.881],[-95.87,40.718],[-95.774,40.657],[-95.762,40.537],[-95.691,40.515],[-95.653,40.309],[-95.467,40.233],[-95.479,40.192],[-95.4,40.109],[-95.421,40.038],[-95.101,39.863],[-94.952,39.9],[-94.882,39.819],[-94.875,39.731],[-94.966,39.736],[-95.106,39.548],[-94.898,39.379],[-94.829,39.213],[-94.609,39.155],[-94.618,39.12]]}},{"type":"Feature","properties":{},"geometry":{"type":"LineString","coordinates":[[-95.763,40.601],[-93.993,40.578],[-91.74,40.627],[-91.507,40.407],[-91.379,40.391],[-91.411,40.567],[-91.143,40.672],[-91.092,40.835],[-90.947,40.977],[-90.961,41.105],[-91.104,41.23],[-91.041,41.405],[-90.679,41.455],[-90.356,41.584],[-90.308,41.746],[-90.195,41.818],[-90.14,41.993],[-90.169,42.119],[-90.404,42.249],[-90.436,42.353],[-90.641,42.47],[-90.631,42.549],[-90.692,42.644],[-91.047,42.735],[-91.159,43.076]]}},{"type":"Feature","properties":{},"geometry":{"type":"LineString","coordinates":[[-66.962,-15.82],[-66.893,-15.926],[-66.702,-15.983],[-66.328,-16.307],[-66.051,-16.412],[-65.797,-16.412],[-65.545,-16.262],[-65.45,-15.962],[-65.285,-15.801],[-64.655,-15.866],[-63.251,-15.717],[-63.354,-15.636],[-63.467,-15.156],[-63.636,-15.048],[-63.703,-14.877],[-63.58,-14.291],[-61.447,-13.546]]}},{"type":"Feature","properties":{},"geometry":{"type":"LineString","coordinates":[[-95.763,40.601],[-93.993,40.578],[-91.74,40.627],[-91.507,40.407],[-91.379,40.391],[-91.411,40.567],[-91.143,40.672],[-91.092,40.835],[-90.947,40.977],[-90.961,41.105],[-91.104,41.23],[-91.041,41.405],[-90.679,41.456],[-90.356,41.584],[-90.308,41.746],[-90.195,41.818],[-90.14,41.993],[-90.169,42.119],[-90.404,42.249],[-90.436,42.353],[-90.641,42.47],[-90.631,42.549],[-90.692,42.644],[-91.047,42.735],[-91.159,43.076]]}},{"type":"Feature","properties":{},"geometry":{"type":"LineString","coordinates":[[-61.397,-8.831],[-61.496,-8.759],[-61.909,-8.681],[-62.085,-8.567],[-62.372,-8.473],[-62.653,-8.193],[-62.771,-8.002],[-63.528,-8],[-63.677,-8.286],[-63.844,-8.269],[-63.936,-8.331],[-64.019,-8.469],[-63.95,-8.525],[-63.976,-8.661],[-64.075,-8.684],[-64.113,-8.809],[-64.332,-8.924],[-64.581,-8.971],[-64.919,-9.169],[-65.08,-9.424],[-65.266,-9.379],[-65.552,-9.519],[-65.928,-9.359],[-66.137,-9.41],[-66.316,-9.394],[-66.401,-9.455],[-66.469,-9.63],[-66.719,-9.73],[-66.833,-9.837]]}},{"type":"Feature","properties":{},"geometry":{"type":"LineString","coordinates":[[-99.79,21.414],[-99.732,21.231],[-99.823,21.174],[-100.009,21.18],[-100.114,20.9],[-100.462,20.928],[-100.601,20.691],[-100.493,20.609],[-100.405,20.291],[-100.233,20.156],[-100.057,19.877],[-100.144,19.827],[-100.187,19.641],[-100.139,19.416],[-100.297,19.335],[-100.284,19.263],[-100.534,18.983],[-100.587,18.86],[-100.457,18.814],[-100.316,18.395],[-100.123,18.516],[-100.094,18.607],[-99.889,18.658],[-99.796,18.634],[-99.651,18.765],[-99.312,18.463],[-99.149,18.534],[-99.055,18.389],[-99.032,18.238],[-98.927,18.202],[-98.904,18.125],[-98.832,18.134],[-98.768,18.014],[-98.617,17.973],[-98.449,17.994],[-98.348,17.893]]}},{"type":"Feature","properties":{},"geometry":{"type":"LineString","coordinates":[[-101.525,21.855],[-101.824,22.023],[-102.24,21.656],[-102.705,21.756],[-102.776,21.652],[-102.639,21.547],[-102.687,21.382],[-102.962,21.285],[-103.034,21.307],[-103.086,21.188],[-103.056,21.054],[-103.602,21.188],[-103.646,21.242],[-103.767,21.226],[-103.703,21.387],[-103.734,21.516],[-103.65,21.461],[-103.517,21.588],[-103.509,21.732],[-103.55,21.783],[-103.394,21.933],[-103.163,21.981],[-103.091,22.09],[-103.128,22.148],[-103.056,22.286],[-103.201,22.308],[-103.179,22.369],[-103.373,22.506],[-103.409,22.436],[-103.372,22.328],[-103.475,22.153],[-103.651,22.084],[-103.7,22.148],[-103.615,22.525],[-103.729,22.578],[-103.869,22.184],[-103.884,22.461],[-103.834,22.489],[-103.871,22.577],[-103.771,22.637],[-103.802,22.723],[-104.007,22.765],[-104.03,22.582],[-103.922,22.511],[-103.95,22.368],[-104.329,22.266]]}},{"type":"Feature","properties":{},"geometry":{"type":"LineString","coordinates":[[-77.54,-5.362],[-77.278,-5.598],[-76.931,-5.654],[-76.813,-5.896],[-76.629,-6.053],[-76.331,-5.901],[-76.118,-6.137],[-76.206,-6.274],[-76.177,-6.34],[-75.986,-6.299],[-75.851,-6.134],[-75.598,-6.172],[-75.472,-6.316],[-75.536,-6.848],[-75.686,-6.869],[-75.846,-6.764],[-76.004,-6.766],[-76.045,-6.872],[-75.981,-7.072],[-76.14,-7.233],[-75.773,-8.106],[-75.782,-8.196],[-75.912,-8.309],[-76.035,-8.608],[-76.017,-8.691],[-75.916,-8.78],[-75.909,-8.983]]}},{"type":"Feature","properties":{},"geometry":{"type":"LineString","coordinates":[[-73.356,1.684],[-73.197,1.541],[-73.024,1.248],[-72.772,1.165],[-72.572,1.024],[-72.164,0.941],[-72.046,0.783],[-71.801,0.619],[-71.723,0.66],[-71.602,0.625],[-71.623,0.491],[-71.497,0.472],[-71.557,0.333],[-71.473,0.102],[-71.078,0.133],[-71.004,0.076],[-70.921,0.136],[-70.776,0.092],[-70.732,0.151],[-70.643,0.149],[-70.615,0.053],[-70.541,0.043],[-70.45,-0.072],[-70.462,-0.222],[-70.288,-0.286],[-70.312,-0.363],[-70.216,-0.41],[-70.092,-0.583],[-70.068,-0.655],[-70.124,-0.848],[-70.016,-0.876],[-69.988,-0.814],[-69.936,-0.871],[-69.859,-0.819],[-69.861,-0.871],[-69.761,-0.962],[-69.78,-1.037],[-69.722,-1.019],[-69.603,-1.095],[-69.511,-1.043],[-69.44,-1.079]]}},{"type":"Feature","properties":{},"geometry":{"type":"LineString","coordinates":[[-90.566,14.256],[-90.593,14.411],[-90.652,14.472],[-90.617,14.643],[-90.681,14.742],[-90.766,14.778],[-90.664,14.923],[-90.872,15.148],[-90.869,15.256],[-90.6,15.204],[-90.492,15.271],[-90.489,15.334],[-90.704,15.388],[-90.604,15.54],[-90.656,15.653],[-90.79,15.681],[-90.816,15.753],[-90.73,15.863],[-90.759,15.966],[-90.662,16.037],[-90.469,16.01],[-90.447,16.075]]}},{"type":"Feature","properties":{},"geometry":{"type":"LineString","coordinates":[[-68.963,-13.027],[-69.626,-13.352],[-70.338,-13.007],[-70.35,-13.19],[-70.58,-13.449],[-70.669,-13.749],[-70.855,-13.809],[-70.784,-14.026],[-70.795,-14.176],[-70.896,-14.424],[-70.976,-14.433],[-70.986,-14.571],[-71.129,-14.667],[-71.072,-14.751],[-70.987,-14.774],[-70.979,-14.927],[-71.022,-15.003],[-70.976,-15.304],[-71.03,-15.333],[-71.037,-15.443],[-71.013,-15.564],[-70.9,-15.683],[-70.938,-15.793],[-70.835,-15.921],[-70.864,-16.246],[-70.962,-16.359],[-70.954,-16.462],[-71.207,-16.496],[-71.309,-16.62],[-71.31,-16.746],[-71.442,-16.826],[-71.41,-16.976],[-71.326,-17.04],[-71.494,-17.322]]}},{"type":"Feature","properties":{},"geometry":{"type":"LineString","coordinates":[[-60.747,-13.685],[-60.388,-13.437],[-60.27,-13.045],[-60.053,-12.889],[-60.026,-12.819],[-60.065,-12.743],[-59.924,-12.63],[-59.854,-12.505],[-59.866,-12.106],[-59.936,-12.021],[-59.956,-11.867],[-60.055,-11.821],[-60.072,-11.689],[-60.049,-11.569],[-59.894,-11.396],[-59.942,-11.18],[-60.354,-11.104],[-60.424,-11.003],[-61.094,-11.002],[-61.474,-10.525],[-61.523,-10.217],[-61.326,-9.648],[-61.44,-9.071],[-61.399,-8.832]]}},{"type":"Feature","properties":{},"geometry":{"type":"LineString","coordinates":[[-71.843,7.496],[-71.65,7.427],[-71.321,7.464],[-70.899,7.287],[-70.637,7.286],[-70.35,7.462],[-70.286,7.6],[-70.182,7.594],[-70.014,7.751],[-69.744,7.83],[-69.414,8.073],[-69.189,8.073],[-69.108,8],[-68.971,7.995],[-68.937,7.927],[-68.819,7.902],[-68.642,7.968],[-68.489,7.933],[-68.397,7.988],[-68.246,7.956],[-67.94,8.054],[-67.606,7.999],[-67.538,7.913],[-67.346,7.893],[-67.138,7.771],[-66.759,7.746],[-66.524,7.817],[-66.469,7.75],[-66.351,7.732],[-66.322,7.654]]}},{"type":"Feature","properties":{},"geometry":{"type":"LineString","coordinates":[[-38.526,-6.382],[-38.494,-6.343],[-38.493,-6.399],[-38.295,-6.505],[-38.122,-6.524],[-38.067,-6.439],[-38.022,-6.477],[-37.818,-6.28],[-37.793,-6.302],[-37.755,-6.169],[-37.211,-6.024],[-37.172,-6.127],[-37.386,-6.365],[-37.494,-6.718],[-37.3,-6.705],[-37.239,-6.836],[-37.01,-6.738],[-36.966,-6.776],[-36.92,-6.739],[-36.804,-6.756],[-36.724,-6.984],[-36.652,-6.924],[-36.57,-6.927],[-36.501,-6.804],[-36.539,-6.641],[-36.439,-6.627],[-36.527,-6.486],[-36.506,-6.384],[-36.309,-6.292],[-36.233,-6.435],[-36.137,-6.477],[-35.675,-6.446],[-35.305,-6.533],[-35.217,-6.505],[-35.051,-6.542],[-34.968,-6.504]]}},{"type":"Feature","properties":{},"geometry":{"type":"LineString","coordinates":[[-54.775,2.457],[-54.711,2.275],[-54.789,2.164],[-54.75,2.077],[-54.801,2.018],[-54.735,1.769],[-54.361,1.763],[-54.101,1.613],[-54.087,1.508],[-53.988,1.521],[-53.893,1.403],[-53.664,1.429],[-53.656,1.363],[-53.553,1.368],[-53.549,1.244],[-53.439,1.264],[-53.406,1.188],[-53.467,1.136],[-53.419,0.942],[-53.282,0.79],[-53.117,0.742],[-53.13,0.392],[-53.041,0.248],[-53.016,0.035],[-52.923,-0.186],[-52.812,-0.178],[-52.63,-0.386],[-52.627,-0.573],[-52.524,-0.658],[-52.519,-0.88],[-52.385,-0.879],[-52.37,-1.061],[-52.271,-1.134],[-52.114,-1.155],[-52.069,-1.22],[-51.977,-1.135],[-51.91,-1.154]]}},{"type":"Feature","properties":{},"geometry":{"type":"LineString","coordinates":[[-85.184,38.692],[-85.283,38.747],[-85.442,38.726],[-85.416,38.54],[-85.606,38.448],[-85.676,38.299],[-85.829,38.278],[-85.9,38.183],[-85.92,38.04],[-86.046,37.965],[-86.272,38.061],[-86.283,38.142],[-86.371,38.197],[-86.332,38.134],[-86.464,38.129],[-86.439,38.069],[-86.521,38.036],[-86.516,37.936],[-86.635,37.847],[-86.653,37.905],[-86.748,37.899],[-86.829,37.989],[-87.023,37.915],[-87.12,37.788],[-87.409,37.941],[-87.564,37.914],[-87.591,37.974],[-87.593,37.859],[-87.651,37.824],[-87.685,37.904],[-87.802,37.874],[-87.916,37.925],[-87.903,37.818],[-87.958,37.778],[-88.045,37.811],[-88.155,37.661],[-88.082,37.484],[-88.483,37.391],[-88.511,37.282],[-88.424,37.15],[-88.479,37.072],[-88.992,37.221],[-89.173,37.073],[-89.131,36.983]]}},{"type":"Feature","properties":{},"geometry":{"type":"LineString","coordinates":[[-85.184,38.692],[-85.275,38.746],[-85.442,38.726],[-85.416,38.54],[-85.606,38.448],[-85.676,38.299],[-85.829,38.278],[-85.9,38.183],[-85.92,38.04],[-86.046,37.965],[-86.272,38.061],[-86.283,38.142],[-86.371,38.197],[-86.332,38.134],[-86.464,38.129],[-86.439,38.07],[-86.521,38.036],[-86.516,37.936],[-86.635,37.847],[-86.653,37.905],[-86.748,37.899],[-86.829,37.989],[-87.023,37.915],[-87.12,37.788],[-87.409,37.941],[-87.564,37.914],[-87.591,37.974],[-87.593,37.859],[-87.651,37.824],[-87.685,37.904],[-87.802,37.874],[-87.916,37.925],[-87.903,37.818],[-87.958,37.778],[-88.045,37.811],[-88.154,37.661],[-88.082,37.484],[-88.483,37.391],[-88.511,37.282],[-88.424,37.15],[-88.479,37.072],[-88.992,37.221],[-89.173,37.073],[-89.131,36.983]]}},{"type":"Feature","properties":{},"geometry":{"type":"LineString","coordinates":[[-83.429,9.354],[-83.5,9.25],[-83.47,9.149],[-83.515,9.066],[-83.652,9.134],[-83.709,9.227],[-83.829,9.246],[-83.901,9.396],[-83.999,9.429],[-84.145,9.615],[-84.35,9.638],[-84.425,9.563],[-84.543,9.586],[-84.592,9.748],[-84.539,9.766],[-84.58,9.816],[-84.541,9.871],[-84.047,9.97],[-84.007,10.038],[-84.075,10.149],[-83.918,10.194]]}},{"type":"Feature","properties":{},"geometry":{"type":"LineString","coordinates":[[-76.001,5.502],[-76.059,5.571],[-76.119,5.838],[-76.091,5.965],[-76.252,6.06],[-76.284,6.213],[-76.715,6.172],[-76.797,6.304],[-76.787,6.479],[-76.897,6.58],[-76.865,6.627],[-76.903,6.686],[-76.966,6.699],[-76.979,6.828],[-76.9,6.899],[-76.963,7.033],[-76.922,7.127],[-76.724,7.207],[-76.608,7.047],[-76.539,7.218],[-76.6,7.28],[-76.576,7.322],[-76.741,7.434],[-76.8,7.588],[-76.942,7.64],[-77.035,7.781],[-77.13,7.748],[-76.994,8.021],[-76.837,8.134]]}},{"type":"Feature","properties":{},"geometry":{"type":"LineString","coordinates":[[-77.736,39.328],[-77.836,39.145],[-78.33,39.456],[-78.422,39.154],[-78.602,38.971],[-78.743,38.933],[-78.873,38.781],[-78.995,38.849],[-79.289,38.422],[-79.507,38.479],[-79.547,38.565],[-79.649,38.591],[-79.795,38.269],[-79.921,38.175],[-79.99,38.013],[-80.287,37.686],[-80.221,37.626],[-80.306,37.569],[-80.276,37.522],[-80.452,37.429],[-80.527,37.469],[-80.744,37.381],[-80.852,37.426],[-80.897,37.317],[-81.214,37.243],[-81.361,37.339],[-81.412,37.275],[-81.624,37.207],[-81.928,37.37],[-81.985,37.472],[-81.966,37.539]]}},{"type":"Feature","properties":{},"geometry":{"type":"LineString","coordinates":[[-78.889,-1.411],[-78.851,-1.702],[-79.023,-1.773],[-79.046,-2.074],[-79.161,-2.139],[-79.274,-1.891],[-79.213,-1.772],[-79.278,-1.521],[-79.166,-1.165],[-79.319,-1.029],[-79.374,-0.889],[-79.023,-0.649],[-78.685,-0.658],[-78.516,-0.589],[-78.443,-0.667],[-78.348,-0.624],[-78.276,-0.546],[-78.246,-0.443],[-78.28,-0.358],[-78.172,-0.148],[-77.941,-0.078],[-77.991,0.193],[-78.062,0.171]]}},{"type":"Feature","properties":{},"geometry":{"type":"LineString","coordinates":[[-78.062,0.171],[-78.149,0.176]]}},{"type":"Feature","properties":{},"geometry":{"type":"LineString","coordinates":[[-78.149,0.176],[-78.246,0.145]]}},{"type":"Feature","properties":{},"geometry":{"type":"LineString","coordinates":[[-78.246,0.145],[-78.299,0.154]]}},{"type":"Feature","properties":{},"geometry":{"type":"LineString","coordinates":[[-78.299,0.154],[-78.35,0.218]]}},{"type":"Feature","properties":{},"geometry":{"type":"LineString","coordinates":[[-78.35,0.218],[-78.428,0.257]]}},{"type":"Feature","properties":{},"geometry":{"type":"LineString","coordinates":[[-78.428,0.257],[-78.567,0.231]]}},{"type":"Feature","properties":{},"geometry":{"type":"LineString","coordinates":[[-78.567,0.231],[-78.604,0.233]]}},{"type":"Feature","properties":{},"geometry":{"type":"LineString","coordinates":[[-78.604,0.233],[-78.666,0.236]]}},{"type":"Feature","properties":{},"geometry":{"type":"LineString","coordinates":[[-78.666,0.236],[-78.723,0.239]]}},{"type":"Feature","properties":{},"geometry":{"type":"LineString","coordinates":[[-78.723,0.239],[-78.782,0.242]]}},{"type":"Feature","properties":{},"geometry":{"type":"LineString","coordinates":[[-78.782,0.242],[-78.86,0.258]]}},{"type":"Feature","properties":{},"geometry":{"type":"LineString","coordinates":[[-78.782,0.242],[-78.723,0.239]]}},{"type":"Feature","properties":{},"geometry":{"type":"LineString","coordinates":[[-78.723,0.239],[-78.666,0.236]]}},{"type":"Feature","properties":{},"geometry":{"type":"LineString","coordinates":[[-78.666,0.236],[-78.604,0.233]]}},{"type":"Feature","properties":{},"geometry":{"type":"LineString","coordinates":[[-78.604,0.233],[-78.567,0.231]]}},{"type":"Feature","properties":{},"geometry":{"type":"LineString","coordinates":[[-78.246,0.145],[-78.149,0.176]]}},{"type":"Feature","properties":{},"geometry":{"type":"LineString","coordinates":[[-78.149,0.176],[-78.062,0.171]]}},{"type":"Feature","properties":{},"geometry":{"type":"LineString","coordinates":[[-78.062,0.171],[-78.003,0.194]]}},{"type":"Feature","properties":{},"geometry":{"type":"LineString","coordinates":[[-70.422,-36.136],[-70.359,-36.195],[-70.386,-36.301],[-70.352,-36.371],[-70.263,-36.367],[-70.164,-36.582],[-70.067,-36.611],[-69.922,-36.784],[-69.791,-36.85],[-69.812,-37.009],[-69.708,-37.111],[-69.545,-37.171],[-69.271,-37.151],[-69.12,-37.198],[-68.996,-37.36],[-68.512,-37.445],[-68.424,-37.545],[-67.791,-37.629],[-67.71,-37.784],[-67.871,-37.933],[-67.868,-38.034],[-67.724,-38.087],[-67.572,-38.257],[-67.171,-38.225],[-67.084,-38.4],[-66.656,-38.554],[-66.551,-38.709],[-65.997,-38.736],[-65.674,-38.821],[-65.576,-38.78],[-65.378,-38.839],[-64.976,-38.807]]}},{"type":"Feature","properties":{},"geometry":{"type":"LineString","coordinates":[[-58.967,1.32],[-58.739,-0.619],[-58.472,-0.923],[-58.331,-1.349],[-58.219,-1.398],[-58.051,-1.691],[-57.897,-1.642],[-57.737,-1.717],[-57.587,-1.7],[-57.542,-1.772],[-57.256,-1.711],[-57.249,-1.767],[-57.086,-1.807],[-56.997,-1.942],[-56.83,-2.034],[-56.752,-2.03],[-56.761,-2.168],[-56.634,-2.226],[-57.042,-2.515],[-56.702,-2.585],[-56.576,-2.536],[-56.372,-2.353]]}},{"type":"Feature","properties":{},"geometry":{"type":"LineString","coordinates":[[-100.282,20.204],[-100.349,20.057],[-100.496,19.901],[-100.677,19.985],[-100.882,19.934],[-100.923,20.043],[-101.14,20.085],[-101.356,20.033],[-101.409,20.08],[-101.46,20.333],[-101.607,20.318],[-101.674,20.191],[-101.895,20.193],[-101.951,20.364],[-102.008,20.335],[-101.996,20.403],[-102.444,20.338],[-102.622,20.229],[-102.773,20.197],[-102.687,20.169],[-102.807,20.106],[-102.878,20.161],[-102.939,20.149],[-103.057,20.086],[-103.096,20.001],[-103.039,19.981],[-103.016,19.898],[-102.929,19.951],[-102.734,19.883],[-102.727,19.819],[-102.831,19.747],[-102.754,19.482],[-102.609,19.491],[-102.572,19.399],[-102.674,19.224],[-102.768,19.255],[-102.969,19.175],[-102.976,19.097],[-103.095,19.036],[-103.133,18.955],[-103.285,19.067],[-103.35,18.976]]}},{"type":"Feature","properties":{},"geometry":{"type":"LineString","coordinates":[[-74.396,-10.852],[-74.082,-10.906],[-73.775,-10.737],[-73.633,-10.794],[-73.536,-10.912],[-73.489,-11.025],[-73.515,-11.192],[-73.433,-11.327],[-73.091,-11.284],[-72.996,-11.188],[-72.914,-11.334],[-72.828,-11.377],[-72.712,-11.346],[-72.568,-11.434],[-72.296,-11.289],[-72.158,-11.319],[-72.02,-11.262],[-72.143,-11.167],[-72.439,-11.223],[-72.507,-11.144],[-72.486,-11.072],[-71.809,-10.982],[-71.245,-10.716],[-71.006,-10.544],[-70.854,-10.361],[-70.806,-10.074],[-70.627,-9.945]]}},{"type":"Feature","properties":{},"geometry":{"type":"LineString","coordinates":[[-48.584,-25.98],[-48.92,-25.978],[-49.047,-26.021],[-49.116,-25.991],[-49.51,-26.231],[-49.672,-26.192],[-49.944,-26.013],[-50.283,-26.036],[-50.331,-26.114],[-50.462,-26.02],[-50.591,-26.005],[-50.559,-26.048],[-50.644,-26.066],[-50.732,-26.239],[-50.908,-26.283],[-51.067,-26.231],[-51.199,-26.297],[-51.292,-26.435],[-51.239,-26.615],[-51.404,-26.709],[-51.493,-26.599],[-52.009,-26.583],[-52.193,-26.452],[-52.627,-26.409],[-52.802,-26.336],[-53.111,-26.372],[-53.341,-26.242],[-53.482,-26.295],[-53.65,-26.263]]}},{"type":"Feature","properties":{},"geometry":{"type":"LineString","coordinates":[[-108.471,26.953],[-108.306,27.061],[-108.221,26.973],[-108.036,26.947],[-108.001,26.815],[-107.847,26.64],[-107.785,26.2],[-107.363,26.112],[-107.279,25.908],[-107.101,25.68],[-107.121,25.221],[-107.042,24.994],[-106.889,24.773],[-106.803,24.757],[-106.639,24.572],[-106.539,24.319],[-106.401,24.283],[-106.249,24.39],[-106.002,24.212],[-105.908,24.055],[-105.896,23.789],[-105.718,23.475],[-105.684,23.287],[-105.529,23.144],[-105.417,23.147],[-105.399,23.051],[-105.463,23.041],[-105.488,22.971],[-105.444,22.904],[-105.528,22.853],[-105.575,22.753],[-105.479,22.681],[-105.454,22.549],[-105.715,22.467]]}},{"type":"Feature","properties":{},"geometry":{"type":"LineString","coordinates":[[-71.857,-41.011],[-71.31,-41.096],[-71.149,-41.055],[-71.034,-40.925],[-71.112,-40.797],[-71.092,-40.735],[-70.876,-40.61],[-70.648,-40.576],[-70.515,-40.502],[-70.384,-40.524],[-70.182,-40.476],[-70.166,-40.409],[-70.065,-40.356],[-70.047,-40.232],[-69.957,-40.162],[-70.012,-40.069],[-69.947,-39.947],[-69.471,-39.79],[-69.248,-39.585],[-68.942,-39.476],[-68.551,-39.075],[-68.253,-38.979],[-68.248,-36.163],[-68.295,-36.163],[-68.289,-35.999],[-65.091,-36.001]]}},{"type":"Feature","properties":{},"geometry":{"type":"LineString","coordinates":[[-52.315,-16.005],[-52.239,-15.877],[-52.037,-15.876],[-51.966,-15.801],[-51.877,-15.801],[-51.78,-15.631],[-51.789,-15.534],[-51.704,-15.482],[-51.663,-15.226],[-51.516,-15.059],[-51.325,-14.963],[-51.257,-15.021],[-51.097,-14.891],[-50.968,-14.531],[-50.999,-14.406],[-50.927,-14.12],[-50.846,-14.086],[-50.871,-13.719],[-50.79,-13.668],[-50.758,-13.538],[-50.592,-13.297],[-50.59,-13.077],[-50.477,-12.876],[-50.598,-12.811],[-50.626,-12.656],[-50.674,-12.628],[-50.614,-12.384],[-50.684,-12.049],[-50.642,-11.886],[-50.709,-11.757]]}},{"type":"Feature","properties":{},"geometry":{"type":"LineString","coordinates":[[-76.42,8.906],[-76.395,8.747],[-76.253,8.585],[-76.198,8.43],[-76.309,8.326],[-76.301,8.238],[-76.437,8.056],[-76.434,7.956],[-76.496,7.858],[-76.511,7.668],[-76.467,7.521],[-76.427,7.484],[-76.366,7.547],[-75.967,7.487],[-75.809,7.239],[-75.299,8.051],[-75.199,8.103],[-75.005,8.055],[-74.919,8.128],[-74.939,8.224],[-75.082,8.342],[-75.095,8.438],[-75.221,8.418],[-75.356,8.546],[-75.313,8.878],[-75.2,8.95],[-75.227,9.043],[-75.431,9.146],[-75.727,9.42]]}},{"type":"Feature","properties":{},"geometry":{"type":"LineString","coordinates":[[-71.08,2.677],[-71.027,2.738],[-70.991,2.692],[-70.914,2.706],[-70.779,2.809],[-70.762,2.971],[-70.697,3.036],[-70.649,3.022],[-70.647,3.187],[-70.602,3.239],[-70.53,3.269],[-70.5,3.228],[-70.377,3.287],[-70.381,3.399],[-70.336,3.336],[-70.317,3.4],[-70.072,3.412],[-70.067,3.527],[-69.97,3.499],[-69.915,3.561],[-69.864,3.527],[-69.713,3.571],[-69.659,3.523],[-69.642,3.607],[-69.41,3.512],[-69.263,3.539],[-69.229,3.598],[-69.139,3.526],[-69.122,3.626],[-68.956,3.641],[-68.937,3.708],[-68.809,3.677],[-68.808,3.735],[-68.745,3.732],[-68.682,3.829],[-68.562,3.849],[-68.587,3.92],[-68.507,3.912],[-68.476,3.97],[-68.352,3.961],[-68.36,4.014],[-68.273,4.004],[-68.255,3.938],[-68.182,3.968],[-68.179,3.914],[-68.097,4.002],[-68.056,3.949],[-68.009,3.992],[-68.001,3.935],[-67.849,3.912],[-67.708,4.047]]}},{"type":"Feature","properties":{},"geometry":{"type":"LineString","coordinates":[[-66.639,-9.916],[-68.657,-9.066],[-70.35,-8.162],[-72.644,-7.601],[-73.778,-7.05]]}},{"type":"Feature","properties":{},"geometry":{"type":"LineString","coordinates":[[-45.758,-10.331],[-45.964,-10.312],[-46.189,-10.176],[-46.343,-10.179],[-46.467,-10.014],[-46.489,-9.873],[-46.668,-9.752],[-46.666,-9.683],[-46.599,-9.653],[-46.537,-9.512],[-46.791,-9.386],[-46.882,-9.11],[-47.083,-9.039],[-46.9,-8.823],[-46.923,-8.736],[-46.827,-8.467],[-46.719,-8.406],[-46.487,-8.397],[-46.547,-8.315],[-46.464,-8.081],[-46.484,-7.97],[-46.606,-7.899],[-46.871,-7.959],[-47.02,-8.043],[-47.282,-7.735],[-47.314,-7.64],[-47.348,-7.658],[-47.402,-7.533],[-47.465,-7.536],[-47.504,-7.447],[-47.588,-7.45]]}},{"type":"Feature","properties":{},"geometry":{"type":"LineString","coordinates":[[-102.812,24.697],[-102.952,24.799],[-103.239,24.904],[-103.259,25.059],[-103.501,25.269],[-103.413,25.385],[-103.484,25.465],[-103.485,25.542],[-103.323,25.756],[-103.336,26.076],[-103.28,26.29],[-103.322,26.384],[-103.629,26.661],[-103.824,26.725],[-104.213,26.746],[-104.565,26.35],[-104.726,26.451],[-104.797,26.433],[-104.844,26.493],[-105.01,26.459],[-105.137,26.541],[-105.326,26.459],[-105.585,26.588],[-105.637,26.663],[-105.754,26.655],[-106.027,26.839],[-106.092,26.735],[-106.153,26.752],[-106.239,26.415],[-106.45,26.376],[-106.367,26.148],[-106.521,26.021],[-106.534,25.789],[-106.74,25.623],[-107.085,25.612]]}},{"type":"Feature","properties":{},"geometry":{"type":"LineString","coordinates":[[-46.088,-1.211],[-46.17,-1.3],[-46.122,-1.354],[-46.204,-1.486],[-46.206,-1.688],[-46.319,-1.746],[-46.301,-1.809],[-46.207,-1.828],[-46.269,-2.129],[-46.368,-2.252],[-46.424,-2.248],[-46.429,-2.541],[-46.661,-2.723],[-46.569,-2.855],[-46.655,-2.895],[-46.636,-3.006],[-46.717,-3.18],[-46.82,-3.329],[-46.944,-3.402],[-46.969,-3.524],[-47.034,-3.569],[-47.086,-3.894],[-47.321,-4.078],[-47.357,-4.261],[-47.454,-4.334],[-47.587,-4.555],[-47.662,-4.611],[-47.808,-4.593],[-48.751,-5.353]]}},{"type":"Feature","properties":{},"geometry":{"type":"LineString","coordinates":[[-77.137,0.366],[-77.085,0.464],[-77.142,0.66],[-76.996,0.691],[-77.047,0.964],[-77.023,1.225],[-76.731,1.339],[-76.642,1.433],[-76.541,1.376],[-76.534,1.157],[-76.444,1.008],[-76.277,0.982],[-75.989,1.077],[-75.848,0.918],[-75.749,0.878],[-75.613,0.896],[-75.431,0.773],[-75.312,0.768],[-75.204,0.516],[-75.111,0.541],[-74.985,0.448],[-75.006,0.311],[-74.965,0.271],[-74.678,0.205],[-74.681,-0.023],[-74.427,-0.142],[-74.41,-0.11],[-74.296,-0.135],[-74.277,-0.197],[-74.061,-0.168]]}},{"type":"Feature","properties":{},"geometry":{"type":"LineString","coordinates":[[-56.424,5.712],[-56.429,5.279],[-56.324,5.043],[-56.239,4.978],[-56.289,4.814],[-56.555,4.777],[-56.676,4.624],[-56.779,4.623],[-56.955,4.246],[-56.833,4.215],[-56.826,4.129],[-56.936,4.107],[-56.955,4.024],[-57.094,3.876],[-57.041,3.781],[-56.86,3.708],[-56.78,3.725],[-56.708,3.659],[-56.524,3.772],[-56.511,3.654],[-56.223,3.638],[-56.194,3.506],[-56.255,3.489],[-56.327,3.54],[-56.362,3.493],[-56.306,3.333],[-56.337,3.281],[-56.181,3.262],[-56.191,3.075],[-56.096,2.894],[-56.169,2.817],[-56.074,2.72],[-56.156,2.551],[-55.985,2.523]]}},{"type":"Feature","properties":{},"geometry":{"type":"LineString","coordinates":[[-62.342,-24.12],[-61.78,-24.339],[-61.654,-24.487],[-61.58,-24.479],[-61.453,-24.62],[-61.217,-24.659],[-61.145,-24.721],[-61.076,-24.897],[-60.65,-25.164],[-60.503,-25.206],[-60.293,-25.483],[-60.236,-25.496],[-60.178,-25.67],[-60.034,-25.697],[-59.674,-26.014],[-59.663,-26.134],[-59.432,-26.173],[-59.353,-26.339],[-59.154,-26.293],[-58.968,-26.394],[-58.354,-26.884]]}},{"type":"Feature","properties":{},"geometry":{"type":"LineString","coordinates":[[-104.309,22.318],[-104.259,22.422],[-104.201,23.063],[-104.096,23.196],[-104.078,23.447],[-103.92,23.623],[-103.808,23.675],[-103.876,23.861],[-103.851,24.073],[-103.601,24.183],[-103.612,24.276],[-103.267,24.476],[-102.514,24.452],[-102.505,24.829],[-102.666,25.118],[-102.257,25.156],[-101.837,25.027],[-101.746,24.906],[-101.586,24.858],[-101.58,24.754],[-101.445,24.761],[-101.36,24.821],[-101.321,24.779],[-101.242,24.81],[-100.996,24.59],[-100.861,24.597],[-100.59,24.291],[-100.562,24.138],[-100.601,23.96],[-100.417,23.748],[-100.468,23.611],[-100.434,23.216],[-100.057,23.241]]}},{"type":"Feature","properties":{},"geometry":{"type":"LineString","coordinates":[[-109.05,41],[-102.027,40.999],[-102.015,37.003]]}},{"type":"Feature","properties":{},"geometry":{"type":"LineString","coordinates":[[-109.05,41],[-102.027,40.999],[-102.015,37.003]]}},{"type":"Feature","properties":{},"geometry":{"type":"LineString","coordinates":[[-41.811,-20.476],[-41.795,-20.429],[-41.857,-20.357],[-41.731,-20.207],[-41.372,-20.196],[-41.309,-19.956],[-41.189,-19.876],[-41.163,-19.669],[-41.031,-19.558],[-41.047,-19.486],[-40.957,-19.466],[-40.945,-19.141],[-41.054,-19.057],[-41.051,-18.929],[-41.241,-18.85],[-41.197,-18.808],[-41.084,-18.837],[-40.92,-18.791],[-40.934,-18.679],[-41.028,-18.651],[-41.011,-18.42],[-41.089,-18.356],[-41.149,-18.387],[-41.146,-18.291],[-41.069,-18.183],[-40.926,-18.103],[-40.768,-18.152],[-40.921,-17.951],[-40.652,-17.957],[-40.526,-17.899],[-40.461,-17.931],[-40.44,-17.872],[-39.668,-18.326]]}},{"type":"Feature","properties":{},"geometry":{"type":"LineString","coordinates":[[-40.534,-7.391],[-40.586,-7.211],[-40.416,-6.806],[-40.831,-6.515],[-40.783,-6.305],[-40.876,-5.957],[-41.097,-5.614],[-41.007,-5.38],[-41.065,-5.042],[-41.168,-4.871],[-41.184,-4.666],[-41.243,-4.593],[-41.152,-4.505],[-41.074,-4.302],[-41.441,-3.385],[-41.248,-3.024]]}},{"type":"Feature","properties":{},"geometry":{"type":"LineString","coordinates":[[-74.729,-15.088],[-74.692,-14.912],[-74.768,-14.733],[-74.904,-14.552],[-75.052,-14.619],[-75.042,-14.491],[-75.127,-14.389],[-75.057,-14.29],[-75.094,-14.2],[-75.035,-14.089],[-74.926,-14.016],[-74.767,-14.021],[-74.653,-13.891],[-74.79,-13.708],[-74.808,-13.561],[-74.926,-13.453],[-74.887,-13.242],[-74.739,-13.371],[-74.641,-13.397],[-74.595,-13.338],[-74.687,-13.276],[-74.577,-13.184],[-74.403,-13.172],[-74.389,-13.016],[-74.282,-13.048],[-74.34,-12.906],[-74.297,-12.785],[-74.338,-12.603],[-74.439,-12.455],[-74.512,-12.458],[-74.558,-12.395],[-74.494,-12.233],[-74.386,-12.149]]}},{"type":"Feature","properties":{},"geometry":{"type":"LineString","coordinates":[[-86.936,15.009],[-86.864,14.922],[-86.893,14.765],[-86.853,14.645],[-86.735,14.565],[-86.685,14.391],[-86.811,14.291],[-86.948,14.064],[-86.899,13.974],[-86.964,13.959],[-86.981,13.797],[-87.028,13.76],[-87.09,13.794],[-87.087,13.685],[-87.201,13.659],[-87.201,13.595],[-87.044,13.5],[-86.912,13.647],[-86.764,13.711]]}},{"type":"Feature","properties":{},"geometry":{"type":"LineString","coordinates":[[-79.156,46.813],[-78.951,46.512],[-78.704,46.337],[-77.583,46.163],[-77.301,46.013],[-77.272,45.929],[-77.146,45.845],[-76.977,45.786],[-76.918,45.811],[-76.923,45.885],[-76.811,45.868],[-76.66,45.582],[-76.347,45.457],[-76.086,45.516],[-75.847,45.373],[-75.453,45.524],[-74.926,45.643],[-74.646,45.636],[-74.398,45.565],[-74.479,45.317],[-74.325,45.201],[-74.681,45.004]]}},{"type":"Feature","properties":{},"geometry":{"type":"LineString","coordinates":[[-79.156,46.813],[-78.951,46.512],[-78.709,46.34],[-77.583,46.163],[-77.296,46.009],[-77.272,45.929],[-77.161,45.851],[-76.977,45.786],[-76.918,45.811],[-76.923,45.885],[-76.799,45.861],[-76.66,45.582],[-76.347,45.457],[-76.086,45.516],[-75.847,45.373],[-75.479,45.516],[-74.926,45.643],[-74.646,45.636],[-74.398,45.565],[-74.479,45.317],[-74.325,45.201],[-74.681,45.004]]}},{"type":"Feature","properties":{},"geometry":{"type":"LineString","coordinates":[[-86.289,12.639],[-86.235,12.928],[-85.94,13.007],[-85.394,13.427],[-85.076,13.836],[-84.842,13.902],[-84.817,14.035],[-84.865,14.204],[-85.001,14.246],[-85.019,14.599]]}},{"type":"Feature","properties":{},"geometry":{"type":"LineString","coordinates":[[-116.886,46.001],[-118.994,45.999],[-119.128,45.94],[-119.575,45.927],[-119.663,45.863],[-120.357,45.711],[-120.612,45.755],[-121.145,45.616],[-121.299,45.715],[-121.795,45.72],[-122.272,45.567],[-122.731,45.658],[-122.807,45.981],[-122.902,46.099],[-123.089,46.189],[-123.365,46.166],[-123.443,46.281],[-123.862,46.248],[-123.988,46.312],[-124.086,46.28]]}},{"type":"Feature","properties":{},"geometry":{"type":"LineString","coordinates":[[-124.086,46.28],[-123.988,46.312],[-123.862,46.248],[-123.444,46.281],[-123.365,46.166],[-123.089,46.189],[-122.903,46.099],[-122.807,45.981],[-122.731,45.658],[-122.272,45.567],[-121.795,45.72],[-121.299,45.715],[-121.145,45.616],[-120.612,45.755],[-120.357,45.711],[-119.669,45.861],[-119.575,45.927],[-119.128,45.94],[-118.994,45.999],[-116.886,46.001]]}},{"type":"Feature","properties":{},"geometry":{"type":"LineString","coordinates":[[-80.024,8.399],[-80.081,8.464],[-80.181,9.029],[-80.366,8.848],[-80.535,8.929],[-80.547,8.774],[-80.649,8.779],[-80.715,8.632],[-80.847,8.612],[-80.694,8.317],[-80.742,8.178],[-80.476,8.09]]}},{"type":"Feature","properties":{},"geometry":{"type":"LineString","coordinates":[[-42.85,-6.26],[-43.041,-6.109],[-43.104,-5.907],[-43.102,-5.626],[-42.834,-5.334],[-42.803,-5.181],[-42.849,-4.939],[-42.954,-4.779],[-42.924,-4.734],[-42.954,-4.676],[-42.861,-4.497],[-42.887,-4.413],[-42.962,-4.384],[-42.986,-4.225],[-42.721,-3.91],[-42.67,-3.679],[-42.5,-3.458],[-42.212,-3.437],[-42.099,-3.304],[-42.115,-3.267],[-41.949,-3.183],[-41.812,-2.967],[-41.869,-2.865],[-41.842,-2.767]]}},{"type":"Feature","properties":{},"geometry":{"type":"LineString","coordinates":[[-91.437,17.257],[-91.389,17.329],[-91.496,17.404],[-91.506,17.47],[-91.665,17.506],[-91.664,17.645],[-91.699,17.714],[-91.794,17.727],[-91.776,17.8],[-91.824,17.889],[-91.942,17.854],[-91.991,17.912],[-92.078,17.833],[-92.069,17.789],[-92.366,17.717],[-92.762,17.362],[-92.906,17.53],[-92.986,17.545],[-92.995,17.919],[-93.264,17.991],[-93.309,17.96],[-93.392,17.608],[-93.617,17.384],[-93.735,17.677],[-93.924,17.746],[-93.968,17.831],[-94.075,17.881],[-94.051,17.992],[-94.137,18.208]]}},{"type":"Feature","properties":{},"geometry":{"type":"LineString","coordinates":[[-94.484,33.648],[-94.439,35.386],[-94.617,36.501],[-90.162,36.5],[-90.064,36.375],[-90.069,36.282],[-90.299,36.114],[-90.383,35.986],[-89.729,36]]}},{"type":"Feature","properties":{},"geometry":{"type":"LineString","coordinates":[[-78.705,-7.591],[-78.623,-7.561],[-78.497,-7.639],[-78.394,-7.64],[-78.284,-7.772],[-78.132,-7.663],[-78.076,-7.703],[-77.942,-7.675],[-77.928,-7.506],[-77.754,-7.469],[-77.833,-7.388],[-78.003,-6.997],[-78.009,-6.765],[-78.165,-6.47],[-78.342,-6.373],[-78.457,-6.145],[-78.618,-6.062],[-78.773,-5.836],[-78.721,-5.722],[-78.751,-5.691],[-78.61,-5.508],[-78.651,-5.15],[-78.575,-4.976],[-78.708,-4.586]]}},{"type":"Feature","properties":{},"geometry":{"type":"LineString","coordinates":[[-56.629,-2.224],[-56.499,-2.16],[-56.468,-2.261],[-56.308,-2.229],[-56.399,-2.304],[-56.374,-2.36],[-57.11,-4.047],[-58.247,-6.612],[-58.346,-6.735],[-58.338,-6.888],[-58.128,-7.094],[-58.061,-7.33]]}},{"type":"Feature","properties":{},"geometry":{"type":"LineString","coordinates":[[-117.017,41.999],[-117.028,43.815],[-116.932,44.016],[-116.973,44.093],[-116.892,44.175],[-116.985,44.268],[-117.189,44.291],[-117.214,44.477],[-117.028,44.746],[-116.896,44.831],[-116.65,45.356],[-116.453,45.607],[-116.546,45.762],[-116.758,45.831],[-116.841,45.915],[-116.971,46.093],[-116.914,46.176],[-116.947,46.264],[-117.046,46.371],[-117.04,49]]}},{"type":"Feature","properties":{},"geometry":{"type":"LineString","coordinates":[[-117.017,41.999],[-117.028,43.815],[-116.932,44.016],[-116.972,44.093],[-116.892,44.175],[-116.985,44.268],[-117.189,44.291],[-117.214,44.477],[-117.028,44.746],[-116.896,44.831],[-116.65,45.356],[-116.453,45.607],[-116.546,45.762],[-116.758,45.831],[-116.837,45.91],[-116.971,46.093],[-116.914,46.176],[-117.045,46.371],[-117.04,49]]}},{"type":"Feature","properties":{},"geometry":{"type":"LineString","coordinates":[[-95.153,49.377],[-95.153,52.824],[-93.652,53.722],[-91.244,55.405],[-88.942,56.844]]}},{"type":"Feature","properties":{},"geometry":{"type":"LineString","coordinates":[[-95.153,49.377],[-95.153,52.824],[-93.652,53.722],[-91.296,55.371],[-88.942,56.844]]}},{"type":"Feature","properties":{},"geometry":{"type":"LineString","coordinates":[[-105.402,23.069],[-105.172,23.04],[-104.915,22.925],[-104.88,22.783],[-104.998,22.679],[-104.998,22.548],[-104.757,22.677],[-104.661,22.624],[-104.612,22.473],[-104.491,22.41],[-104.345,22.452],[-104.31,22.316],[-104.403,22.076],[-104.094,21.786],[-104.207,21.547],[-103.944,21.374],[-104.042,21.211],[-104.229,21.176],[-104.21,20.978],[-104.275,20.861],[-104.286,20.708],[-104.535,20.916],[-104.77,21.021],[-104.949,20.926],[-105.083,20.925],[-105.266,20.7]]}},{"type":"Feature","properties":{},"geometry":{"type":"LineString","coordinates":[[-76.154,1.547],[-76.242,1.536],[-76.422,1.671],[-76.436,1.809],[-76.562,1.963],[-76.324,2.122],[-76.403,2.394],[-76.256,2.433],[-76.092,2.408],[-75.974,2.518],[-75.871,2.437],[-75.782,2.451],[-76.098,3.135],[-76.087,3.213],[-76.417,3.319],[-76.46,3.284],[-76.459,3.174],[-76.527,3.119],[-76.627,3.111],[-76.794,3.199],[-77.067,3.069],[-77.222,3.095],[-77.312,3.168],[-77.352,3.144],[-77.422,3.257]]}},{"type":"Feature","properties":{},"geometry":{"type":"LineString","coordinates":[[-71.084,4.899],[-71.08,2.677],[-71.389,2.722],[-71.525,2.793],[-71.608,2.774],[-71.644,2.821],[-71.676,2.777],[-71.814,2.805],[-71.927,2.764],[-71.935,2.806],[-72.007,2.808],[-72.066,2.701],[-72.203,2.773],[-72.249,2.757],[-72.244,2.694],[-72.286,2.754],[-72.556,2.67],[-72.577,2.579],[-72.607,2.621],[-72.636,2.562],[-72.673,2.614],[-72.739,2.557],[-72.815,2.608],[-72.951,2.504],[-72.952,2.413],[-73.144,2.414],[-73.159,2.379],[-73.229,2.414],[-73.356,2.339],[-73.364,2.373],[-73.442,2.349],[-73.448,2.387],[-73.47,1.738]]}},{"type":"Feature","properties":{},"geometry":{"type":"LineString","coordinates":[[-86.832,35.002],[-88.196,35.024],[-88.086,34.906],[-88.487,31.9],[-88.402,30.39]]}},{"type":"Feature","properties":{},"geometry":{"type":"LineString","coordinates":[[-86.832,35.002],[-88.196,35.024],[-88.086,34.906],[-88.487,31.9],[-88.402,30.39]]}},{"type":"Feature","properties":{},"geometry":{"type":"LineString","coordinates":[[-58.412,-33.877],[-58.155,-33.777],[-57.989,-33.864],[-57.836,-33.863],[-57.634,-33.943],[-57.384,-33.896],[-57.26,-33.956],[-57.083,-33.961]]}},{"type":"Feature","properties":{},"geometry":{"type":"LineString","coordinates":[[-57.083,-33.961],[-56.875,-33.989],[-56.598,-33.847],[-56.458,-33.901],[-56.423,-33.751],[-56.568,-33.416],[-56.679,-33.298],[-57.127,-33.128],[-57.347,-33.363],[-57.259,-33.542],[-57.159,-33.605],[-57.184,-33.759],[-57.083,-33.961]]}},{"type":"Feature","properties":{},"geometry":{"type":"LineString","coordinates":[[-57.083,-33.961],[-56.941,-34.142],[-57.096,-34.23],[-57.095,-34.392],[-57.175,-34.453]]}},{"type":"Feature","properties":{},"geometry":{"type":"LineString","coordinates":[[-66.874,1.225],[-67.077,1.173],[-67.072,1.625],[-67.335,2.111],[-67.424,2.144],[-67.644,2],[-67.806,1.788],[-67.915,1.745],[-68.005,1.763],[-68.089,1.934],[-68.191,2.018],[-68.277,1.838],[-68.143,1.723],[-69.38,1.726],[-69.556,1.784],[-69.798,1.705],[-70.137,1.763],[-70.321,1.861],[-70.723,1.913]]}},{"type":"Feature","properties":{},"geometry":{"type":"LineString","coordinates":[[-66.731,-31.877],[-66.852,-31.742],[-66.852,-31.63],[-66.945,-31.616],[-67.048,-31.529],[-67.108,-31.358],[-67.06,-31.082],[-67.129,-31.037],[-67.076,-30.899],[-67.192,-30.714],[-67.561,-30.389],[-67.626,-30.255],[-68.329,-29.687],[-68.687,-29.602],[-69.019,-29.622],[-68.978,-29.343],[-68.939,-29.315],[-68.954,-29.19],[-68.908,-29.179],[-68.891,-29.104],[-68.917,-28.923],[-69.11,-28.772],[-69.156,-28.619],[-69.341,-28.48],[-69.655,-28.401]]}},{"type":"Feature","properties":{},"geometry":{"type":"LineString","coordinates":[[-120.001,41.999],[-120.001,39.007],[-117.297,37.075],[-114.625,34.996]]}},{"type":"Feature","properties":{},"geometry":{"type":"LineString","coordinates":[[-120.001,41.999],[-120.001,39.007],[-117.3,37.077],[-114.626,34.996]]}},{"type":"Feature","properties":{},"geometry":{"type":"LineString","coordinates":[[-65.169,-27.909],[-65.231,-27.924],[-65.339,-27.858],[-65.571,-28.052],[-65.66,-27.954],[-65.699,-27.819],[-65.838,-27.799],[-65.925,-27.664],[-65.977,-27.395],[-66.195,-27.325],[-65.88,-26.936],[-65.85,-26.744],[-66.031,-26.592],[-66.213,-26.551],[-66.217,-26.389],[-66.155,-26.234],[-65.72,-26.303],[-65.665,-26.072],[-65.438,-26.122],[-65.319,-26.073],[-65.272,-26.167],[-64.942,-26.276],[-64.806,-26.212],[-64.485,-26.223]]}},{"type":"Feature","properties":{},"geometry":{"type":"LineString","coordinates":[[-65.127,-30.059],[-65.755,-29.402],[-65.811,-29.224],[-66.126,-28.967],[-66.362,-28.856],[-66.336,-28.734],[-66.46,-28.647],[-66.494,-28.502],[-66.558,-28.441],[-67.014,-28.279],[-67.136,-28.353],[-67.361,-28.337],[-67.516,-28.233],[-67.641,-28.379],[-67.763,-28.352],[-67.818,-28.385],[-67.915,-28.249],[-67.935,-28.12],[-68.098,-28.156],[-68.436,-28.008],[-68.443,-27.74],[-68.867,-27.796],[-69.121,-27.775]]}},{"type":"Feature","properties":{},"geometry":{"type":"LineString","coordinates":[[-77.241,4.259],[-77.213,4.189],[-77.121,4.197],[-76.709,3.995],[-76.685,4.062],[-76.501,4.096],[-76.389,4.212],[-76.391,4.249],[-76.491,4.276],[-76.551,4.396],[-76.425,4.532],[-76.397,4.669],[-76.132,4.978],[-75.917,4.856],[-75.914,4.764],[-75.741,4.718],[-75.753,4.657],[-75.838,4.639],[-75.846,4.54],[-75.719,4.002],[-75.777,3.948],[-75.84,3.96],[-75.915,3.849],[-76.087,3.213]]}},{"type":"Feature","properties":{},"geometry":{"type":"LineString","coordinates":[[-83.487,9.468],[-83.64,9.57],[-83.716,9.535],[-83.989,9.771],[-84.079,9.761],[-84.001,9.862],[-84.005,9.927],[-83.866,9.974],[-83.943,10.136],[-83.848,10.283],[-83.874,10.402],[-83.827,10.459],[-83.83,10.634],[-83.702,10.686],[-83.754,10.77]]}},{"type":"Feature","properties":{},"geometry":{"type":"LineString","coordinates":[[-72.401,7.061],[-72.356,6.776],[-72.495,6.495],[-72.665,6.439],[-72.692,6.54],[-72.778,6.571],[-72.73,6.368],[-72.768,6.261],[-72.894,6.117],[-73.2,5.94],[-73.19,5.864],[-73.311,5.842],[-73.393,5.766],[-73.42,5.812],[-73.354,6.024],[-73.504,6.14],[-73.545,6.005],[-73.629,5.923],[-73.672,5.693],[-73.795,5.756],[-74.064,5.786],[-74.137,5.891],[-74.223,5.924],[-74.268,6.06],[-74.412,6.07],[-74.527,6.272]]}},{"type":"Feature","properties":{},"geometry":{"type":"LineString","coordinates":[[-84.57,9.824],[-84.676,9.879],[-84.55,9.993],[-84.661,10.114],[-84.647,10.238],[-84.825,10.333],[-84.876,10.293],[-84.868,10.184],[-84.917,10.111],[-85.052,10.167],[-85.202,10.136],[-85.142,10.034],[-85.305,9.936],[-85.172,9.852],[-85.241,9.739]]}},{"type":"Feature","properties":{},"geometry":{"type":"LineString","coordinates":[[-38.237,-9.328],[-37.829,-9.009],[-37.811,-8.892],[-37.754,-8.853],[-37.693,-8.937],[-37.735,-9.03],[-37.621,-9.031],[-37.537,-8.977],[-37.507,-9.03],[-37.456,-9.005],[-37.237,-9.236],[-36.926,-9.384],[-36.89,-9.286],[-36.582,-9.335],[-36.439,-9.238],[-36.246,-9.189],[-36.242,-9.115],[-36.111,-9.01],[-36.125,-8.966],[-36.005,-8.886],[-35.801,-8.864],[-35.721,-8.926],[-35.477,-8.828],[-35.414,-8.886],[-35.149,-8.912]]}},{"type":"Feature","properties":{},"geometry":{"type":"LineString","coordinates":[[-57.799,-30.79],[-57.722,-30.755],[-57.576,-30.865],[-57.076,-31.078],[-56.698,-31.05],[-56.416,-30.884],[-56.171,-30.942],[-56.01,-31.084],[-56.072,-31.2],[-56.178,-31.241],[-56.177,-31.383],[-56.322,-31.515],[-56.355,-31.6],[-56.322,-31.752],[-56.474,-31.869],[-56.827,-31.791],[-57.167,-31.8],[-57.387,-31.677],[-57.75,-31.581],[-57.888,-31.47],[-58.035,-31.507]]}},{"type":"Feature","properties":{},"geometry":{"type":"LineString","coordinates":[[-38.693,-7.621],[-38.866,-7.703],[-38.97,-7.854],[-39.008,-7.817],[-39.07,-7.858],[-39.115,-7.745],[-39.257,-7.678],[-39.342,-7.552],[-39.528,-7.482],[-39.644,-7.376],[-39.848,-7.349],[-40.134,-7.419],[-40.662,-7.404],[-40.696,-7.487],[-40.618,-7.656],[-40.663,-7.756],[-40.532,-7.861],[-40.579,-8.108],[-40.824,-8.363],[-40.886,-8.343],[-40.906,-8.43],[-41.016,-8.416],[-41.203,-8.631],[-41.371,-8.712]]}},{"type":"Feature","properties":{},"geometry":{"type":"LineString","coordinates":[[-90.628,13.931],[-90.627,14.066],[-90.514,14.208],[-90.588,14.228],[-90.442,14.33],[-90.396,14.49],[-90.128,14.519],[-90.051,14.434],[-90.191,14.253],[-90.056,14.171],[-90.05,14.095],[-90.152,13.974],[-90.292,14.012],[-90.237,13.801]]}},{"type":"Feature","properties":{},"geometry":{"type":"LineString","coordinates":[[-124.217,42],[-111.05,42]]}},{"type":"Feature","properties":{},"geometry":{"type":"LineString","coordinates":[[-124.217,42],[-111.05,42]]}},{"type":"Feature","properties":{},"geometry":{"type":"LineString","coordinates":[[-56.182,3.271],[-56.034,3.376],[-56.024,3.329],[-55.954,3.357],[-55.865,3.288],[-55.611,3.329],[-55.596,3.443],[-55.5,3.556],[-55.482,3.729],[-55.411,3.808],[-55.271,3.837],[-55.281,4.003],[-55.012,4.184],[-54.932,4.155],[-54.868,4.304],[-54.9,4.438],[-54.826,4.534],[-54.83,4.676],[-54.764,4.852],[-54.618,4.953],[-54.477,5.305],[-54.63,5.406],[-54.615,5.548],[-54.747,5.816],[-54.725,5.965]]}},{"type":"Feature","properties":{},"geometry":{"type":"LineString","coordinates":[[-73.794,8.149],[-73.76,8.44],[-73.833,8.648],[-73.804,8.811],[-73.879,8.895],[-73.876,8.977],[-74.009,8.994],[-74.043,9.051],[-74.144,9.036],[-74.311,9.208],[-74.409,9.219],[-74.447,9.271],[-74.529,9.235],[-74.638,9.382],[-74.808,9.448],[-74.775,9.627],[-74.827,9.685],[-74.88,9.931],[-74.802,10.025],[-74.949,10.156],[-74.819,10.489],[-74.727,10.569],[-74.718,10.905],[-74.861,11.125]]}},{"type":"Feature","properties":{},"geometry":{"type":"LineString","coordinates":[[-55.294,-26.103],[-55.706,-26.27],[-55.902,-26.514],[-56.088,-26.544],[-56.19,-26.698],[-56.501,-26.776],[-56.634,-26.731],[-56.646,-26.66],[-56.808,-26.604],[-56.812,-26.548],[-56.955,-26.47],[-57.04,-26.346],[-57.206,-26.45],[-57.21,-26.539],[-57.351,-26.6],[-57.708,-26.408],[-57.678,-26.297],[-57.546,-26.249],[-57.453,-26.116],[-57.604,-25.864],[-57.73,-25.823],[-57.745,-25.759],[-57.809,-25.774]]}},{"type":"Feature","properties":{},"geometry":{"type":"LineString","coordinates":[[-99.042,21.271],[-98.943,21.294],[-98.906,21.216],[-98.811,21.185],[-98.62,21.215],[-98.611,21.325],[-98.521,21.401],[-98.479,21.363],[-98.487,21.242],[-98.411,21.154],[-98.342,21.149],[-98.285,21.235],[-98.286,21.131],[-98.212,21.157],[-98.133,21.079],[-98.218,20.968],[-98.231,20.831],[-98.367,20.859],[-98.511,20.756],[-98.499,20.712],[-98.424,20.719],[-98.566,20.502],[-98.453,20.359],[-98.152,20.628],[-98.031,20.643],[-98.053,20.488],[-98.162,20.325],[-98.245,20.29],[-98.245,20.217],[-98.134,20.199],[-98.096,20.105],[-98.258,19.846],[-98.145,19.672]]}},{"type":"Feature","properties":{},"geometry":{"type":"LineString","coordinates":[[-77.439,8.567],[-77.509,8.55],[-77.616,8.728],[-78.04,9.087],[-78.085,8.933],[-78.272,8.838],[-78.444,8.844],[-78.492,8.694],[-78.398,8.347]]}},{"type":"Feature","properties":{},"geometry":{"type":"LineString","coordinates":[[-61.025,-23.786],[-60.555,-23.586],[-60.08,-23.507],[-59.949,-23.192],[-59.668,-23.065],[-59.53,-23.124],[-59.467,-23.094],[-59.175,-23.215],[-58.973,-23.175],[-58.918,-23.228],[-58.624,-23.249],[-58.587,-23.311],[-58.424,-23.364],[-58.277,-23.334],[-58.118,-23.368],[-57.878,-23.251],[-57.896,-23.208],[-57.835,-23.209],[-57.767,-23.077],[-57.825,-23.016],[-57.783,-23.011]]}},{"type":"Feature","properties":{},"geometry":{"type":"LineString","coordinates":[[-86.341,12.475],[-86.356,12.583],[-86.288,12.638],[-85.944,12.549],[-85.694,12.67],[-85.64,12.647],[-85.406,12.74],[-85.189,12.624],[-85.078,12.795],[-85.024,12.751],[-85.024,12.434],[-84.68,11.866]]}},{"type":"Feature","properties":{},"geometry":{"type":"LineString","coordinates":[[-63.596,52.775],[-63.417,52.704],[-63.383,52.646],[-63.863,52.613],[-64.081,52.476],[-63.93,52.418],[-63.924,52.384],[-64.019,52.383],[-63.98,52.359],[-63.751,52.325],[-63.787,52.296],[-63.703,52.219],[-63.637,52.046],[-63.825,52.071],[-63.752,52],[-57.101,52],[-57.1,51.417]]}},{"type":"Feature","properties":{},"geometry":{"type":"LineString","coordinates":[[-63.596,52.775],[-63.417,52.704],[-63.383,52.646],[-63.863,52.613],[-64.081,52.476],[-63.93,52.418],[-63.924,52.384],[-64.019,52.383],[-63.987,52.363],[-63.751,52.325],[-63.787,52.296],[-63.703,52.219],[-63.637,52.046],[-63.825,52.071],[-63.752,52],[-57.101,52],[-57.1,51.417]]}},{"type":"Feature","properties":{},"geometry":{"type":"LineString","coordinates":[[-77.262,-8.563],[-76.997,-9.002],[-76.733,-9.178],[-76.855,-9.312],[-76.968,-9.636],[-77.074,-9.769],[-76.991,-10.059],[-76.903,-10.111],[-76.931,-10.286],[-77.138,-10.369],[-77.201,-10.522],[-77.487,-10.746],[-77.598,-10.748],[-77.6,-10.577],[-77.759,-10.522],[-77.674,-10.419],[-77.705,-10.364],[-77.78,-10.361],[-77.81,-10.546],[-77.892,-10.605]]}},{"type":"Feature","properties":{},"geometry":{"type":"LineString","coordinates":[[-47.589,-7.446],[-47.479,-7.38],[-47.486,-7.305],[-47.573,-7.272],[-47.641,-7.309],[-47.741,-7.195],[-47.694,-7.145],[-47.638,-7.157],[-47.501,-6.988],[-47.484,-6.672],[-47.37,-6.276],[-47.426,-6.112],[-47.413,-5.871],[-47.479,-5.747],[-47.482,-5.551],[-47.544,-5.476],[-47.839,-5.385],[-47.895,-5.256],[-48.152,-5.267],[-48.338,-5.167],[-48.519,-5.199],[-48.602,-5.328],[-48.663,-5.304],[-48.719,-5.359]]}},{"type":"Feature","properties":{},"geometry":{"type":"LineString","coordinates":[[-75.907,-8.985],[-75.989,-8.996],[-76.169,-8.769],[-76.225,-8.778],[-76.266,-8.681],[-76.433,-8.605],[-76.759,-8.532],[-76.918,-8.621],[-77.132,-8.544],[-77.262,-8.563],[-77.489,-8.236],[-77.615,-8.141],[-77.654,-8.011],[-77.789,-8.076],[-77.905,-8.058],[-77.945,-8.181],[-78.121,-8.308],[-78.238,-8.54],[-78.237,-8.631],[-78.554,-8.762],[-78.601,-8.92],[-78.662,-8.966]]}},{"type":"Feature","properties":{},"geometry":{"type":"LineString","coordinates":[[-55.317,-23.998],[-55.144,-24.172],[-55.006,-24.441],[-55.04,-24.488],[-55.209,-24.464],[-55.315,-24.549],[-55.334,-24.959],[-55.007,-25.191],[-54.949,-25.348],[-55,-25.37],[-55.04,-25.305],[-55.31,-25.241],[-55.45,-25.512],[-55.39,-25.61],[-55.457,-25.678],[-55.439,-25.986],[-55.247,-26.06],[-55.312,-26.124],[-55.289,-26.182],[-55.039,-26.262],[-54.902,-26.192],[-54.667,-26.241]]}},{"type":"Feature","properties":{},"geometry":{"type":"LineString","coordinates":[[-64.655,-15.866],[-64.7,-15.875],[-64.678,-15.925],[-64.727,-15.926],[-64.657,-16.107],[-64.679,-16.378],[-64.778,-16.556],[-64.747,-16.61],[-64.819,-16.76],[-64.71,-16.998],[-64.516,-17.068],[-64.509,-17.134],[-64.425,-17.164],[-64.397,-17.211],[-64.434,-17.221],[-64.355,-17.242],[-64.253,-17.391],[-64.398,-17.451],[-64.416,-17.54],[-64.71,-17.922],[-64.439,-18.322],[-64.423,-18.422],[-64.301,-18.501],[-64.291,-18.595],[-64.344,-18.664]]}},{"type":"Feature","properties":{},"geometry":{"type":"LineString","coordinates":[[-70.816,42.877],[-71.129,42.821],[-71.295,42.7],[-73.253,42.751],[-73.288,42.822],[-73.241,43.543],[-73.309,43.627],[-73.427,43.593],[-73.36,43.773],[-73.442,44.054],[-73.317,44.25],[-73.334,44.364],[-73.292,44.449],[-73.379,44.613],[-73.336,44.78],[-73.378,44.846],[-73.353,45.01]]}},{"type":"Feature","properties":{},"geometry":{"type":"LineString","coordinates":[[-70.816,42.877],[-71.129,42.821],[-71.295,42.7],[-73.253,42.751],[-73.288,42.822],[-73.241,43.543],[-73.309,43.627],[-73.427,43.593],[-73.36,43.773],[-73.442,44.054],[-73.317,44.25],[-73.334,44.364],[-73.292,44.449],[-73.377,44.598],[-73.336,44.78],[-73.378,44.846],[-73.353,45.01]]}},{"type":"Feature","properties":{},"geometry":{"type":"LineString","coordinates":[[-74.414,-0.561],[-74.032,-0.165],[-73.942,-0.165],[-73.93,-0.246],[-73.772,-0.341],[-73.6,-0.222],[-73.411,-0.272],[-73.305,-0.39],[-73.156,-0.426],[-73.062,-0.337],[-72.959,-0.422],[-72.749,-0.375],[-72.654,-0.471],[-72.45,-0.331],[-72.34,-0.405],[-72.212,-0.326],[-72.198,-0.203],[-71.886,0.126],[-71.556,0.32]]}},{"type":"Feature","properties":{},"geometry":{"type":"LineString","coordinates":[[-74.495,3.729],[-74.598,3.536],[-74.624,3.292],[-74.715,3.162],[-74.907,3.026],[-75.019,2.848],[-74.991,2.692],[-75.134,2.563],[-75.246,2.554],[-75.322,2.363],[-75.533,2.129],[-75.561,2],[-75.675,1.929],[-75.925,1.588],[-76.154,1.547],[-76.27,1.29],[-76.084,1.068]]}},{"type":"Feature","properties":{},"geometry":{"type":"LineString","coordinates":[[-94.043,33.55],[-94.043,31.993],[-93.839,31.791],[-93.834,31.6],[-93.725,31.516],[-93.749,31.482],[-93.653,31.374],[-93.68,31.321],[-93.604,31.202],[-93.537,31.186],[-93.56,31.094],[-93.513,31.035],[-93.574,31.006],[-93.533,30.943],[-93.564,30.822],[-93.733,30.547],[-93.698,30.452],[-93.757,30.373],[-93.711,30.276],[-93.718,30.075],[-93.944,29.815],[-93.852,29.707]]}},{"type":"Feature","properties":{},"geometry":{"type":"LineString","coordinates":[[-81.656,36.611],[-81.746,36.404],[-81.712,36.345],[-81.809,36.362],[-81.907,36.308],[-82.074,36.103],[-82.206,36.161],[-82.293,36.138],[-82.559,35.961],[-82.63,36.063],[-82.771,36],[-82.804,35.933],[-82.904,35.95],[-82.987,35.782],[-83.163,35.761],[-83.492,35.571],[-83.887,35.516],[-84.012,35.425],[-84.079,35.265],[-84.238,35.27],[-84.291,35.23],[-84.324,34.986]]}},{"type":"Feature","properties":{},"geometry":{"type":"LineString","coordinates":[[-81.656,36.611],[-81.746,36.404],[-81.712,36.345],[-81.809,36.362],[-81.907,36.308],[-82.074,36.103],[-82.206,36.161],[-82.293,36.138],[-82.559,35.961],[-82.63,36.063],[-82.766,36.003],[-82.804,35.933],[-82.904,35.95],[-82.987,35.782],[-83.163,35.761],[-83.492,35.571],[-83.887,35.516],[-84.012,35.425],[-84.079,35.265],[-84.238,35.27],[-84.291,35.23],[-84.324,34.986]]}},{"type":"Feature","properties":{},"geometry":{"type":"LineString","coordinates":[[-93.852,29.707],[-93.944,29.815],[-93.718,30.075],[-93.711,30.276],[-93.757,30.373],[-93.698,30.452],[-93.733,30.547],[-93.564,30.822],[-93.533,30.943],[-93.574,31.006],[-93.513,31.035],[-93.56,31.094],[-93.537,31.186],[-93.604,31.202],[-93.68,31.321],[-93.653,31.374],[-93.749,31.482],[-93.725,31.516],[-93.834,31.6],[-93.839,31.791],[-94.043,31.993],[-94.043,33.55]]}},{"type":"Feature","properties":{},"geometry":{"type":"LineString","coordinates":[[-48.916,-18.304],[-49.061,-18.406],[-49.196,-18.412],[-49.193,-18.463],[-49.384,-18.645],[-49.521,-18.484],[-49.636,-18.551],[-49.637,-18.594],[-49.781,-18.636],[-50.022,-18.597],[-50.09,-18.666],[-50.332,-18.693],[-50.507,-18.937],[-50.49,-19.033],[-50.533,-19.099],[-50.739,-19.169],[-50.884,-19.399],[-50.846,-19.471],[-50.961,-19.47],[-50.932,-19.557],[-50.981,-19.572],[-51.024,-19.729],[-51.007,-20.079]]}},{"type":"Feature","properties":{},"geometry":{"type":"LineString","coordinates":[[-83.098,35],[-82.754,35.07],[-82.391,35.221],[-81.338,35.171],[-81.056,35.153],[-81.037,35.056],[-80.936,35.116],[-80.787,34.956],[-80.793,34.826],[-79.668,34.807],[-78.546,33.859]]}},{"type":"Feature","properties":{},"geometry":{"type":"LineString","coordinates":[[-78.04,9.087],[-78.241,9.214],[-78.451,9.229],[-78.517,9.336],[-78.609,9.303],[-78.773,9.37],[-79.036,9.28],[-79.151,9.318],[-79.255,9.295],[-79.076,9.462],[-79.076,9.542]]}},{"type":"Feature","properties":{},"geometry":{"type":"LineString","coordinates":[[-83.098,35],[-82.754,35.07],[-82.391,35.221],[-81.338,35.171],[-81.056,35.153],[-81.037,35.056],[-80.936,35.116],[-80.787,34.956],[-80.793,34.826],[-79.668,34.807],[-78.546,33.859]]}},{"type":"Feature","properties":{},"geometry":{"type":"LineString","coordinates":[[-81.511,30.717],[-81.965,30.819],[-82.042,30.737],[-82.011,30.567],[-82.046,30.374],[-82.168,30.363],[-82.237,30.565],[-84.866,30.718],[-84.965,30.921]]}},{"type":"Feature","properties":{},"geometry":{"type":"LineString","coordinates":[[-72.02,-11.262],[-72.039,-11.399],[-72.277,-11.607],[-72.384,-11.795],[-72.314,-11.934],[-72.331,-12.082],[-72.231,-12.225],[-72.11,-12.26],[-71.986,-12.384],[-71.854,-12.381],[-71.838,-12.475],[-71.897,-12.586],[-71.791,-12.806],[-71.493,-12.863],[-70.892,-13.131],[-70.594,-13.109],[-70.478,-13.063],[-70.465,-13.007],[-70.343,-13.016]]}},{"type":"Feature","properties":{},"geometry":{"type":"LineString","coordinates":[[-53.296,2.316],[-53.262,2.391],[-53.325,2.48],[-53.314,2.629],[-53.096,3.034],[-53.163,3.361],[-53.135,3.66],[-53.188,3.751],[-53.131,3.912],[-53.268,4.047],[-53.341,4.227],[-53.332,4.489],[-53.405,4.608],[-53.404,4.834],[-53.481,4.861],[-53.466,4.951],[-53.628,5.171],[-53.495,5.571]]}},{"type":"Feature","properties":{},"geometry":{"type":"LineString","coordinates":[[-79.539,51.185],[-79.511,47.567],[-79.576,47.442],[-79.443,47.275],[-79.421,47.074],[-79.157,46.816]]}},{"type":"Feature","properties":{},"geometry":{"type":"LineString","coordinates":[[-56.399,-34.429],[-56.34,-34.354],[-56.145,-34.371],[-56.003,-34.245],[-55.868,-34.275],[-55.606,-34.199],[-55.342,-33.878],[-55.291,-33.719],[-55.325,-33.611],[-55.112,-33.453],[-55.151,-33.348],[-55.092,-33.277],[-55.111,-33.117],[-55.844,-33.432],[-56.025,-33.432],[-56.088,-33.494],[-56.243,-33.479],[-56.279,-33.428],[-56.409,-33.398],[-56.42,-33.486],[-56.533,-33.496]]}},{"type":"Feature","properties":{},"geometry":{"type":"LineString","coordinates":[[-79.539,51.185],[-79.511,47.567],[-79.576,47.442],[-79.443,47.275],[-79.421,47.074],[-79.157,46.816]]}},{"type":"Feature","properties":{},"geometry":{"type":"LineString","coordinates":[[-63.388,-40.707],[-63.382,-34.38],[-61.711,-34.377],[-60.926,-33.645],[-60.919,-33.567],[-60.48,-33.63],[-60.263,-33.269]]}},{"type":"Feature","properties":{},"geometry":{"type":"LineString","coordinates":[[-88.301,14.573],[-88.356,14.814],[-88.426,14.856],[-88.476,14.807],[-88.544,14.94],[-88.636,14.935],[-88.681,14.802],[-88.652,14.725],[-88.777,14.691],[-88.694,14.528],[-88.716,14.447],[-88.787,14.366],[-88.853,14.397],[-88.955,14.304],[-88.956,14.219]]}},{"type":"Feature","properties":{},"geometry":{"type":"LineString","coordinates":[[-83.942,10.139],[-83.597,9.977],[-83.317,9.974],[-83.33,9.826],[-83.517,9.562],[-83.463,9.394],[-83.393,9.324],[-83.319,9.368],[-83.17,9.32],[-83.055,9.154],[-82.929,9.065]]}},{"type":"Feature","properties":{},"geometry":{"type":"LineString","coordinates":[[-96.454,43.499],[-96.454,45.297],[-96.533,45.374],[-96.692,45.411],[-96.86,45.597],[-96.571,45.849],[-96.554,46.095],[-96.597,46.314],[-96.717,46.441],[-96.8,46.651],[-96.76,46.922],[-96.827,46.993],[-96.855,47.597],[-96.987,47.804],[-97.001,47.92]]}},{"type":"Feature","properties":{},"geometry":{"type":"LineString","coordinates":[[-96.454,43.499],[-96.454,45.297],[-96.533,45.374],[-96.692,45.411],[-96.86,45.597],[-96.571,45.849],[-96.554,46.095],[-96.597,46.314],[-96.717,46.441],[-96.8,46.651],[-96.76,46.922],[-96.827,46.993],[-96.855,47.597],[-96.987,47.804],[-97.001,47.92]]}},{"type":"Feature","properties":{},"geometry":{"type":"LineString","coordinates":[[-65.235,-21.534],[-65.478,-21.293],[-65.425,-20.842],[-65.296,-20.546],[-65.369,-20.203],[-65.319,-20.042],[-64.897,-19.89],[-64.735,-19.715],[-64.842,-19.575],[-64.827,-19.482],[-64.91,-19.363],[-65.152,-19.374],[-65.374,-19.265],[-65.419,-19.14],[-65.509,-19.086],[-65.542,-19.109]]}},{"type":"Feature","properties":{},"geometry":{"type":"LineString","coordinates":[[-74.659,-44.512],[-74.314,-44.59],[-73.92,-44.562],[-73.779,-44.809],[-73.629,-44.873],[-73.538,-44.791],[-73.533,-44.639],[-73.409,-44.469],[-73.351,-44.254],[-72.991,-44.229],[-72.856,-44.172],[-72.687,-44.195],[-72.649,-44.109],[-72.749,-43.974],[-72.485,-43.867],[-72.495,-43.754],[-72.404,-43.681],[-72.338,-43.684],[-72.257,-43.822],[-72.161,-43.846],[-72.097,-43.947],[-71.966,-43.936],[-71.942,-43.886],[-71.807,-43.842],[-71.697,-43.869]]}},{"type":"Feature","properties":{},"geometry":{"type":"LineString","coordinates":[[-81.511,30.717],[-81.965,30.819],[-82.042,30.737],[-82.011,30.567],[-82.046,30.374],[-82.168,30.363],[-82.237,30.564],[-84.866,30.718],[-84.965,30.921]]}},{"type":"Feature","properties":{},"geometry":{"type":"LineString","coordinates":[[-79.763,42.266],[-79.763,41.999],[-75.341,41.999],[-75.25,41.874],[-75.074,41.824],[-75.07,41.614],[-74.982,41.49],[-74.745,41.43],[-74.699,41.372],[-74.832,41.276],[-74.976,41.08],[-75.13,40.988],[-75.056,40.877],[-75.185,40.757],[-75.194,40.683]]}},{"type":"Feature","properties":{},"geometry":{"type":"LineString","coordinates":[[-79.763,42.266],[-79.763,41.999],[-75.341,41.999],[-75.25,41.874],[-75.074,41.824],[-75.07,41.614],[-74.982,41.49],[-74.745,41.43],[-74.699,41.372],[-74.832,41.276],[-74.976,41.08],[-75.13,40.988],[-75.056,40.877],[-75.185,40.757],[-75.194,40.683]]}},{"type":"Feature","properties":{},"geometry":{"type":"LineString","coordinates":[[-114.042,42],[-114.042,36.2],[-114.186,36.024],[-114.268,36.042],[-114.363,36.148],[-114.558,36.161],[-114.722,36.093],[-114.741,35.986],[-114.66,35.882],[-114.692,35.815],[-114.644,35.623],[-114.668,35.51],[-114.587,35.34]]}},{"type":"Feature","properties":{},"geometry":{"type":"LineString","coordinates":[[-114.042,42],[-114.042,36.2],[-114.186,36.024],[-114.268,36.042],[-114.363,36.148],[-114.557,36.161],[-114.722,36.093],[-114.741,35.986],[-114.66,35.882],[-114.692,35.815],[-114.644,35.623],[-114.668,35.51],[-114.587,35.34]]}},{"type":"Feature","properties":{},"geometry":{"type":"LineString","coordinates":[[-52.917,-18.618],[-52.809,-18.359],[-52.935,-18.292],[-53.066,-18.317],[-53.149,-18.248],[-53.14,-18.078],[-53.052,-18.011],[-53.114,-17.889],[-53.126,-17.672],[-53.227,-17.504],[-53.202,-17.285],[-53.04,-17.052],[-53.012,-16.861],[-52.721,-16.665],[-52.577,-16.342],[-52.435,-16.271],[-52.441,-16.097],[-52.312,-16.004]]}},{"type":"Feature","properties":{},"geometry":{"type":"LineString","coordinates":[[-65.172,-22.093],[-65.205,-21.955],[-65.329,-21.797],[-65.235,-21.58],[-65.162,-20.945],[-64.921,-21.021],[-64.831,-21.101],[-64.775,-21.078],[-64.702,-20.928],[-64.643,-20.943],[-64.532,-21.091],[-64.235,-21.145],[-64.174,-20.887],[-64.007,-20.945],[-63.986,-20.998],[-62.262,-21.001]]}},{"type":"Feature","properties":{},"geometry":{"type":"LineString","coordinates":[[-68.978,9.857],[-68.919,9.933],[-68.962,10.006],[-69.061,9.975],[-69.1,9.876],[-69.238,10.149],[-69.164,10.125],[-69.119,10.205],[-69.015,10.248],[-69.023,10.423],[-69.071,10.419],[-69.072,10.467],[-69.029,10.55],[-68.892,10.606],[-68.918,10.696],[-69.496,10.692],[-69.526,10.739],[-69.659,10.767],[-69.786,10.699],[-69.821,10.733],[-70.047,10.642],[-70.148,10.656],[-70.236,10.56],[-70.388,10.518]]}},{"type":"Feature","properties":{},"geometry":{"type":"LineString","coordinates":[[-79.233,9.333],[-79.299,9.434],[-79.409,9.383],[-79.385,9.481],[-79.487,9.477],[-79.544,9.393],[-79.568,9.2],[-79.765,9.098],[-79.894,9.194],[-79.962,9.08],[-79.955,8.98],[-80.077,8.985],[-80.137,8.941]]}},{"type":"Feature","properties":{},"geometry":{"type":"LineString","coordinates":[[-37.488,-11.521],[-37.634,-11.522],[-37.679,-11.575],[-37.808,-11.515],[-37.894,-11.403],[-37.99,-11.414],[-38.029,-11.335],[-37.986,-11.212],[-38.067,-11.167],[-38.105,-11.026],[-38.239,-10.899],[-38.195,-10.72],[-37.974,-10.782],[-37.829,-10.713],[-37.778,-10.627],[-37.843,-10.413],[-37.784,-10.315],[-37.772,-10.097],[-38.03,-9.744],[-37.989,-9.646],[-38.048,-9.617],[-38.002,-9.529]]}},{"type":"Feature","properties":{},"geometry":{"type":"LineString","coordinates":[[-66.616,9.966],[-66.581,9.825],[-66.624,9.732],[-66.541,9.635],[-66.554,9.471],[-66.669,9.259],[-66.729,9.231],[-66.914,9.412],[-67.016,9.43],[-66.985,9.504],[-66.883,9.553],[-66.868,9.676],[-67.092,9.788],[-67.173,9.916],[-67.351,9.924],[-67.432,9.988],[-67.532,9.951],[-67.554,10.003],[-67.692,10.018],[-67.65,10.298],[-67.751,10.344],[-67.819,10.322],[-67.876,10.376],[-67.868,10.463]]}},{"type":"Feature","properties":{},"geometry":{"type":"LineString","coordinates":[[-73.874,8.976],[-73.801,9.079],[-73.941,9.209],[-74.022,9.399],[-73.958,9.424],[-74.082,9.547],[-73.78,9.594],[-73.838,9.754],[-74.076,10.078],[-73.942,10.352],[-73.647,10.461],[-73.586,10.767],[-73.655,10.864],[-73.629,11.106],[-73.537,11.27]]}},{"type":"Feature","properties":{},"geometry":{"type":"LineString","coordinates":[[-78.411,-1.018],[-78.388,-1.19],[-78.244,-1.163],[-77.874,-1.243],[-77.872,-1.205],[-77,-0.953],[-76.604,-0.949],[-76.519,-1.023],[-76.55,-1.194],[-76.477,-1.269],[-76.31,-1.309],[-76.134,-1.275],[-75.951,-1.363],[-75.899,-1.336],[-75.59,-1.553]]}},{"type":"Feature","properties":{},"geometry":{"type":"LineString","coordinates":[[-70.695,9.747],[-70.647,9.679],[-70.392,9.837],[-70.241,9.779],[-70.217,9.85],[-70.011,9.693],[-70.135,9.618],[-70.034,9.43],[-69.936,9.574],[-69.797,9.565],[-69.877,9.411],[-69.732,9.435],[-69.713,9.395],[-69.632,9.416],[-69.624,9.572],[-69.368,9.688],[-69.28,9.845],[-69.267,9.731],[-69.212,9.689],[-69.062,9.712],[-68.985,9.783]]}},{"type":"Feature","properties":{},"geometry":{"type":"LineString","coordinates":[[-76.661,-2.573],[-76.96,-2.531],[-77.137,-2.306],[-77.415,-2.137],[-77.711,-2.03],[-77.835,-1.909],[-77.918,-1.664],[-78.027,-1.664],[-78.091,-1.498],[-78.196,-1.417],[-78.42,-1.576],[-78.471,-1.465],[-78.629,-1.482],[-78.741,-1.409],[-78.907,-1.406],[-78.893,-1.301]]}},{"type":"Feature","properties":{},"geometry":{"type":"LineString","coordinates":[[-72.334,6.341],[-72.33,6.24],[-72.252,6.134],[-72.113,6.083],[-71.964,6.173],[-71.63,6.231],[-71.498,6.201],[-71.221,6.292],[-70.684,6.224],[-70.389,6.299],[-70.158,6.299],[-70.062,6.158],[-69.947,6.14],[-69.844,6.035]]}},{"type":"Feature","properties":{},"geometry":{"type":"LineString","coordinates":[[-65.697,9.953],[-65.664,9.768],[-65.704,9.688],[-65.489,9.569],[-65.434,9.657],[-65.366,9.552],[-65.221,9.516],[-65.209,9.429],[-65.285,9.382],[-65.262,9.28],[-65.165,9.178],[-64.979,9.114],[-64.941,9.004],[-64.79,8.878],[-64.853,8.823],[-64.856,8.74],[-65.148,8.729],[-65.198,8.379],[-65.489,8.019],[-65.485,7.931],[-65.359,7.879]]}},{"type":"Feature","properties":{},"geometry":{"type":"LineString","coordinates":[[-70.846,-15.973],[-70.709,-16.028],[-70.496,-15.996],[-70.328,-16.206],[-70.352,-16.334],[-70.306,-16.467],[-70.012,-16.694],[-70.178,-16.781],[-70.115,-16.975],[-70.446,-17.01],[-70.596,-17.203],[-70.703,-17.25],[-70.92,-17.615],[-71.069,-17.677],[-71.181,-17.798]]}},{"type":"Feature","properties":{},"geometry":{"type":"LineString","coordinates":[[-70.033,9.43],[-70.138,9.27],[-70.051,9.259],[-70.065,9.132],[-70.172,8.99],[-69.82,8.751],[-69.702,8.723],[-69.627,8.781],[-69.488,8.667],[-69.3,8.653],[-69.165,8.439],[-69.112,8.433],[-69.134,8.351],[-68.875,8.119],[-68.816,8.135],[-68.787,8.328],[-68.637,8.434],[-68.574,8.635]]}},{"type":"Feature","properties":{},"geometry":{"type":"LineString","coordinates":[[-100.001,34.581],[-100,36.5],[-103.042,36.5],[-103.067,33.001]]}},{"type":"Feature","properties":{},"geometry":{"type":"LineString","coordinates":[[-82.589,38.417],[-82.571,38.247],[-82.637,38.161],[-82.469,37.983],[-82.484,37.933],[-82.316,37.77],[-82.291,37.679],[-82.134,37.567],[-81.965,37.539],[-82.368,37.267],[-82.699,37.13],[-82.712,37.047],[-82.846,36.989],[-82.864,36.904],[-83.062,36.854],[-83.13,36.749],[-83.673,36.603]]}},{"type":"Feature","properties":{},"geometry":{"type":"LineString","coordinates":[[-76.934,-10.287],[-76.771,-10.445],[-76.58,-10.276],[-76.454,-10.257],[-76.314,-10.282],[-76.242,-10.363],[-75.91,-10.429],[-75.719,-10.414],[-75.648,-10.337],[-75.628,-10.124],[-75.482,-10.095],[-75.4,-9.883],[-75.141,-9.775],[-74.776,-9.759],[-74.42,-9.598]]}},{"type":"Feature","properties":{},"geometry":{"type":"LineString","coordinates":[[-104.022,41.004],[-104.037,45]]}},{"type":"Feature","properties":{},"geometry":{"type":"LineString","coordinates":[[-104.022,41.004],[-104.037,45]]}},{"type":"Feature","properties":{},"geometry":{"type":"LineString","coordinates":[[-87.598,14.081],[-87.663,14.064],[-87.769,14.124],[-87.809,14.208],[-87.619,14.276],[-87.644,14.367],[-87.844,14.411],[-87.936,14.377],[-87.992,14.239],[-88.186,14.121],[-88.204,14.067],[-88.157,14.026],[-88.197,13.988]]}},{"type":"Feature","properties":{},"geometry":{"type":"LineString","coordinates":[[-74.936,8.221],[-74.863,8.194],[-74.661,8.35],[-74.584,8.319],[-74.548,8.467],[-74.589,8.754],[-74.544,8.804],[-74.637,8.965],[-74.893,9.173],[-75.042,9.541],[-75.272,9.68],[-75.384,9.669],[-75.326,9.869],[-75.451,9.926],[-75.472,10.052],[-75.527,10.066],[-75.492,10.141],[-75.565,10.141]]}},{"type":"Feature","properties":{},"geometry":{"type":"LineString","coordinates":[[-81.476,8.554],[-81.783,8.533],[-81.892,8.651],[-82.114,8.639],[-82.122,8.751],[-82.301,8.767],[-82.578,8.896],[-82.719,8.911]]}},{"type":"Feature","properties":{},"geometry":{"type":"LineString","coordinates":[[-93.589,17.379],[-93.627,17.308],[-93.867,17.15],[-94.967,17.223],[-95.001,17.336],[-95.069,17.347],[-95.253,17.597],[-95.206,17.731],[-95.608,17.513],[-95.787,17.52],[-95.919,17.771],[-95.799,17.941],[-95.854,18.113],[-96.034,18.169],[-96.166,18.149],[-96.352,18.38],[-96.402,18.537],[-96.674,18.681],[-96.636,18.522],[-96.75,18.429]]}},{"type":"Feature","properties":{},"geometry":{"type":"LineString","coordinates":[[-90.411,46.582],[-90.223,46.507],[-90.124,46.34],[-89.117,46.148],[-88.838,46.035],[-88.52,46.025],[-88.116,45.932],[-88.081,45.878],[-88.118,45.805],[-87.901,45.759],[-87.8,45.684],[-87.804,45.501],[-87.881,45.366],[-87.676,45.387],[-87.651,45.352],[-87.735,45.187],[-87.597,45.104]]}},{"type":"Feature","properties":{},"geometry":{"type":"LineString","coordinates":[[-90.411,46.582],[-90.223,46.507],[-90.124,46.34],[-89.117,46.148],[-88.838,46.035],[-88.52,46.025],[-88.116,45.932],[-88.081,45.878],[-88.118,45.805],[-87.901,45.759],[-87.8,45.684],[-87.804,45.501],[-87.882,45.371],[-87.676,45.387],[-87.651,45.352],[-87.735,45.187],[-87.597,45.104]]}},{"type":"Feature","properties":{},"geometry":{"type":"LineString","coordinates":[[-71.949,8.611],[-71.811,8.583],[-71.772,8.487],[-71.897,8.174],[-71.819,8.17],[-71.725,8.051],[-71.594,8.059],[-71.498,7.995],[-71.535,7.763],[-71.488,7.707],[-71.497,7.623],[-71.315,7.502],[-71.756,7.551],[-71.844,7.532],[-71.871,7.424],[-71.992,7.365],[-72.181,7.449],[-72.394,7.408]]}},{"type":"Feature","properties":{},"geometry":{"type":"LineString","coordinates":[[-70.242,-32.309],[-69.666,-32.261],[-69.613,-32.123],[-69.442,-32.051],[-69.299,-32.059],[-69.174,-31.955],[-69.024,-32.081],[-68.891,-32.077],[-68.539,-32.19],[-68.449,-32.069],[-68.229,-32.109],[-68.019,-32.068],[-67.837,-32.237],[-67.48,-32.285],[-67.361,-32.392]]}},{"type":"Feature","properties":{},"geometry":{"type":"LineString","coordinates":[[-108.831,31.334],[-108.891,31.192],[-108.836,31.157],[-108.798,31.205],[-108.735,30.633],[-108.678,30.576],[-108.558,29.993],[-108.614,29.401],[-108.708,29.401],[-108.624,28.771],[-108.689,28.696],[-108.566,28.289],[-108.653,28.212],[-108.881,28.298],[-109.056,28.299],[-109.146,28.176],[-108.914,27.785],[-108.821,27.729],[-108.775,27.599],[-108.656,27.52],[-108.665,27.152],[-108.604,27.038],[-108.476,26.977],[-108.469,26.909],[-108.486,26.832],[-109.23,26.263]]}},{"type":"Feature","properties":{},"geometry":{"type":"LineString","coordinates":[[-55.81,-23.758],[-55.867,-23.942],[-55.975,-23.999],[-55.898,-24.296],[-56.049,-24.387],[-55.828,-24.752],[-56.06,-24.826],[-56.14,-24.911],[-56.262,-24.771],[-56.472,-25.015],[-56.723,-24.894],[-57.007,-25.014],[-57.202,-24.963]]}},{"type":"Feature","properties":{},"geometry":{"type":"LineString","coordinates":[[-66.625,-17.989],[-66.738,-18.057],[-66.745,-18.193],[-66.52,-18.252],[-66.676,-18.346],[-66.689,-18.497],[-66.524,-18.689],[-66.335,-18.741],[-66.295,-18.957],[-66.14,-19.1],[-66.133,-19.176],[-66.448,-19.238],[-66.696,-19.427],[-67.713,-19.846],[-67.929,-19.7],[-68.576,-19.575]]}},{"type":"Feature","properties":{},"geometry":{"type":"LineString","coordinates":[[-51.836,-1.14],[-51.698,-1.094],[-51.676,-0.793],[-51.443,-0.517],[-51.197,-0.072],[-51.071,-0.049],[-50.928,0.118],[-50.68,0.179],[-50.66,0.278],[-50.542,0.394],[-50.411,0.646],[-50.039,0.729]]}},{"type":"Feature","properties":{},"geometry":{"type":"LineString","coordinates":[[-85.102,11.631],[-84.806,11.868],[-84.679,11.866],[-84.138,11.131],[-84.044,11.129],[-84.015,11.086],[-83.898,11.117],[-83.884,11.046],[-83.802,11.038],[-83.718,10.943]]}},{"type":"Feature","properties":{},"geometry":{"type":"LineString","coordinates":[[-98.143,19.673],[-98.001,19.678],[-98.011,19.616],[-97.846,19.541],[-97.883,19.51],[-97.847,19.436],[-97.775,19.456],[-97.613,19.356],[-97.656,19.286],[-97.825,19.286],[-97.892,19.161],[-97.999,19.202],[-98.154,19.09],[-98.34,19.226],[-98.468,19.422],[-98.612,19.457],[-98.713,19.578],[-98.492,19.645],[-98.344,19.589],[-98.257,19.714],[-98.147,19.672]]}},{"type":"Feature","properties":{},"geometry":{"type":"LineString","coordinates":[[-100.586,18.86],[-100.68,18.786],[-100.735,18.857],[-100.77,18.797],[-100.721,18.526],[-100.594,18.402],[-100.624,18.353],[-100.793,18.472],[-100.947,18.442],[-101.017,18.519],[-101.292,18.534],[-101.347,18.462],[-101.436,18.466],[-101.427,18.427],[-101.588,18.516],[-101.634,18.592],[-101.726,18.532],[-101.769,18.577],[-101.856,18.543],[-101.851,18.296],[-101.787,18.289],[-101.836,18.239],[-101.904,18.264]]}},{"type":"Feature","properties":{},"geometry":{"type":"LineString","coordinates":[[-72.846,-14.731],[-72.833,-14.799],[-73.017,-14.845],[-73.031,-15.126],[-73.167,-15.297],[-73.284,-15.284],[-73.286,-15.399],[-73.457,-15.364],[-73.598,-15.428],[-73.876,-15.437],[-74.066,-15.615],[-74.102,-15.444],[-74.285,-15.479],[-74.353,-15.375],[-74.412,-15.362],[-74.465,-15.193],[-74.701,-15.136],[-74.726,-15.088]]}},{"type":"Feature","properties":{},"geometry":{"type":"LineString","coordinates":[[-114.487,34.741],[-114.374,34.473],[-114.115,34.283],[-114.39,34.11],[-114.523,33.95],[-114.484,33.722],[-114.526,33.562],[-114.637,33.42],[-114.726,33.408],[-114.729,33.308],[-114.668,33.216],[-114.696,33.087],[-114.661,33.042],[-114.509,33.023],[-114.457,32.867],[-114.537,32.73],[-114.719,32.718]]}},{"type":"Feature","properties":{},"geometry":{"type":"LineString","coordinates":[[-114.487,34.741],[-114.373,34.473],[-114.115,34.283],[-114.39,34.11],[-114.522,33.95],[-114.484,33.722],[-114.526,33.562],[-114.637,33.42],[-114.726,33.408],[-114.729,33.308],[-114.668,33.216],[-114.696,33.087],[-114.661,33.042],[-114.509,33.023],[-114.458,32.86],[-114.542,32.727],[-114.719,32.718]]}},{"type":"Feature","properties":{},"geometry":{"type":"LineString","coordinates":[[-85.06,32.054],[-85.026,32.172],[-84.894,32.269],[-84.997,32.336],[-84.963,32.423],[-84.993,32.512],[-85.174,32.824],[-85.623,34.999]]}},{"type":"Feature","properties":{},"geometry":{"type":"LineString","coordinates":[[-82.202,33.656],[-81.929,33.468],[-81.936,33.359],[-81.844,33.309],[-81.76,33.158],[-81.492,33.009],[-81.403,32.618],[-81.24,32.528],[-81.131,32.324],[-81.137,32.132],[-80.894,32.029]]}},{"type":"Feature","properties":{},"geometry":{"type":"LineString","coordinates":[[-82.202,33.656],[-81.929,33.468],[-81.936,33.359],[-81.844,33.309],[-81.76,33.158],[-81.492,33.009],[-81.403,32.618],[-81.24,32.528],[-81.131,32.324],[-81.137,32.132],[-80.894,32.029]]}},{"type":"Feature","properties":{},"geometry":{"type":"LineString","coordinates":[[-85.06,32.054],[-85.026,32.172],[-84.894,32.269],[-84.997,32.336],[-84.963,32.423],[-84.993,32.512],[-85.174,32.824],[-85.623,34.999]]}},{"type":"Feature","properties":{},"geometry":{"type":"LineString","coordinates":[[-46.041,-15.219],[-45.917,-15.122],[-45.747,-15.147],[-45.557,-14.934],[-45.41,-14.916],[-45.213,-14.732],[-44.881,-14.601],[-44.836,-14.516],[-44.661,-14.399],[-44.321,-14.244],[-43.789,-14.342]]}},{"type":"Feature","properties":{},"geometry":{"type":"LineString","coordinates":[[-91.111,14.431],[-91.104,14.521],[-91.176,14.571],[-91.254,14.55],[-91.298,14.641],[-91.472,14.624],[-91.468,14.741],[-91.566,14.661],[-91.607,14.543],[-91.602,14.336],[-91.66,14.124]]}},{"type":"Feature","properties":{},"geometry":{"type":"LineString","coordinates":[[-86.37,15.554],[-86.596,15.601],[-86.751,15.528],[-86.99,15.541],[-87.354,15.436],[-87.439,15.534],[-87.633,15.522],[-87.679,15.657],[-87.773,15.715]]}},{"type":"Feature","properties":{},"geometry":{"type":"LineString","coordinates":[[-68.649,8.93],[-68.628,9.213],[-68.888,9.404],[-68.991,9.722],[-68.978,9.857],[-68.859,9.853],[-68.814,9.957],[-68.672,9.966],[-68.629,10.013],[-68.51,9.898],[-68.334,10.004],[-68.24,10.131],[-68.205,10.063],[-68.25,9.999],[-68.08,9.856],[-67.991,9.891],[-67.997,9.836],[-67.789,9.827]]}},{"type":"Feature","properties":{},"geometry":{"type":"LineString","coordinates":[[-81.221,8.784],[-81.208,8.61],[-81.138,8.497],[-81.267,8.511],[-81.332,8.571],[-81.476,8.554],[-81.524,8.476],[-81.51,8.25],[-81.614,8.135],[-81.622,7.978]]}},{"type":"Feature","properties":{},"geometry":{"type":"LineString","coordinates":[[-86.834,41.76],[-84.797,41.759],[-84.824,39.099]]}},{"type":"Feature","properties":{},"geometry":{"type":"LineString","coordinates":[[-86.834,41.76],[-84.797,41.759],[-84.824,39.099]]}},{"type":"Feature","properties":{},"geometry":{"type":"LineString","coordinates":[[-94.618,37],[-94.618,36.5],[-90.162,36.5],[-90.066,36.379],[-90.069,36.282],[-90.299,36.114],[-90.383,35.986],[-89.729,36]]}},{"type":"Feature","properties":{},"geometry":{"type":"LineString","coordinates":[[-71.494,45.021],[-71.54,44.985],[-71.508,44.899],[-71.638,44.75],[-71.551,44.592],[-71.588,44.521],[-71.847,44.349],[-72.03,44.307],[-72.1,43.968],[-72.398,43.543],[-72.467,43.006],[-72.559,42.864],[-72.465,42.726]]}},{"type":"Feature","properties":{},"geometry":{"type":"LineString","coordinates":[[-71.494,45.021],[-71.54,44.985],[-71.508,44.899],[-71.638,44.75],[-71.551,44.592],[-71.588,44.521],[-71.847,44.349],[-72.03,44.307],[-72.1,43.968],[-72.398,43.543],[-72.467,43.006],[-72.559,42.864],[-72.465,42.726]]}},{"type":"Feature","properties":{},"geometry":{"type":"LineString","coordinates":[[-87.533,39.357],[-87.626,39.305],[-87.589,39.206],[-87.669,39.11],[-87.534,38.953],[-87.558,38.868],[-87.514,38.739],[-87.666,38.56],[-87.646,38.495],[-87.756,38.458],[-87.852,38.287],[-87.939,38.299],[-87.99,38.233],[-87.935,38.143],[-88.026,38.095],[-87.969,38.079],[-88.047,38.044],[-88.036,37.898],[-88.111,37.891],[-88.036,37.838],[-88.097,37.819],[-88.048,37.805]]}},{"type":"Feature","properties":{},"geometry":{"type":"LineString","coordinates":[[-87.533,39.357],[-87.626,39.305],[-87.589,39.206],[-87.669,39.11],[-87.534,38.953],[-87.558,38.868],[-87.514,38.739],[-87.666,38.56],[-87.646,38.495],[-87.756,38.458],[-87.852,38.287],[-87.939,38.299],[-87.99,38.233],[-87.935,38.143],[-88.026,38.096],[-87.969,38.079],[-88.047,38.044],[-88.036,37.898],[-88.111,37.891],[-88.036,37.838],[-88.097,37.819],[-88.048,37.805]]}},{"type":"Feature","properties":{},"geometry":{"type":"LineString","coordinates":[[-100.12,19.943],[-99.962,20.13],[-99.95,20.243],[-99.815,20.268],[-99.664,20.139],[-99.559,20.145],[-99.486,20.082],[-99.519,19.952],[-99.382,19.776],[-99.278,19.82],[-99.191,19.986],[-98.975,20.031],[-98.954,19.804],[-98.792,19.859],[-98.695,19.839],[-98.581,19.739],[-98.659,19.587]]}},{"type":"Feature","properties":{},"geometry":{"type":"LineString","coordinates":[[-84.785,10.313],[-84.791,10.495],[-84.934,10.565],[-85.029,10.703],[-85.174,10.767],[-85.283,10.759],[-85.441,10.913],[-85.222,11.064]]}},{"type":"Feature","properties":{},"geometry":{"type":"LineString","coordinates":[[-87.985,14.789],[-88.067,14.725],[-88.078,14.651],[-88.269,14.64],[-88.332,14.483],[-88.464,14.469],[-88.478,14.395],[-88.411,14.363],[-88.389,14.239],[-88.317,14.207],[-88.311,14.114],[-88.495,13.97]]}},{"type":"Feature","properties":{},"geometry":{"type":"LineString","coordinates":[[-75.069,-14.14],[-75.33,-13.965],[-75.532,-13.902],[-75.564,-13.759],[-75.506,-13.669],[-75.555,-13.574],[-75.485,-13.454],[-75.801,-13.395],[-75.701,-13.22],[-75.717,-13.095],[-75.635,-13.045],[-75.634,-12.981],[-75.792,-13.032],[-75.956,-12.996],[-76.255,-13.322]]}},{"type":"Feature","properties":{},"geometry":{"type":"LineString","coordinates":[[-65.427,10.14],[-65.543,10.015],[-65.739,9.937],[-66.178,9.946],[-66.38,10.02],[-66.524,9.967],[-66.925,10.005],[-66.978,10.073],[-67.048,10.053],[-67.114,10.103],[-67.108,10.264],[-67.189,10.31],[-67.17,10.356],[-67.221,10.415],[-67.338,10.393],[-67.392,10.535]]}},{"type":"Feature","properties":{},"geometry":{"type":"LineString","coordinates":[[-79.901,-3.067],[-79.725,-3.067],[-79.574,-3.154],[-79.634,-3.322],[-79.326,-3.348],[-79.304,-3.483],[-79.2,-3.444],[-79.092,-3.626],[-79.189,-3.734],[-79.183,-3.909],[-79.125,-4.021],[-79.145,-4.364],[-79.203,-4.431],[-79.335,-4.468],[-79.453,-4.761]]}},{"type":"Feature","properties":{},"geometry":{"type":"LineString","coordinates":[[-101.527,21.857],[-101.323,21.861],[-101.204,21.768],[-100.969,21.745],[-100.629,21.51],[-100.55,21.516],[-100.427,21.653],[-100.297,21.649],[-99.793,21.418],[-99.691,21.555],[-99.58,21.424],[-99.412,21.461],[-99.367,21.557],[-99.2,21.644],[-99.088,21.287],[-99.043,21.268],[-99.04,21.159]]}},{"type":"Feature","properties":{},"geometry":{"type":"LineString","coordinates":[[-86.255,15.38],[-86.325,15.326],[-86.44,15.412],[-86.734,15.304],[-86.938,15.01],[-87.156,14.992],[-87.248,14.764]]}},{"type":"Feature","properties":{},"geometry":{"type":"LineString","coordinates":[[-90.444,16.086],[-89.976,16.016],[-89.858,15.911],[-89.521,15.901],[-89.514,15.84],[-89.391,15.861],[-89.341,15.917],[-89.217,15.889]]}},{"type":"Feature","properties":{},"geometry":{"type":"LineString","coordinates":[[-78.645,-2.32],[-78.645,-2.321]]}},{"type":"Feature","properties":{},"geometry":{"type":"LineString","coordinates":[[-78.645,-2.321],[-78.658,-2.472],[-78.56,-2.625],[-78.639,-2.673],[-78.709,-2.649],[-78.853,-2.809],[-79.25,-2.697],[-79.402,-2.527],[-79.463,-2.337],[-79.416,-2.278],[-79.247,-2.257],[-79.168,-2.192],[-78.95,-2.387],[-78.645,-2.321]]}},{"type":"Feature","properties":{},"geometry":{"type":"LineString","coordinates":[[-78.645,-2.321],[-78.643,-2.321]]}},{"type":"Feature","properties":{},"geometry":{"type":"LineString","coordinates":[[-79.409,-5.53],[-79.419,-5.745],[-79.349,-5.912],[-79.451,-5.989],[-79.531,-5.93],[-79.634,-5.942],[-79.681,-5.865],[-79.766,-5.847],[-79.745,-5.752],[-79.791,-5.668],[-79.964,-5.535],[-80.54,-5.442],[-80.453,-6.231],[-80.653,-6.376]]}},{"type":"Feature","properties":{},"geometry":{"type":"LineString","coordinates":[[-80.677,8.135],[-80.856,8.049],[-80.827,7.993],[-80.94,7.902],[-80.945,7.765],[-80.884,7.765],[-80.902,7.724],[-80.801,7.569],[-80.713,7.522],[-80.708,7.411],[-80.656,7.367],[-80.686,7.301],[-80.632,7.231]]}},{"type":"Feature","properties":{},"geometry":{"type":"LineString","coordinates":[[-58.394,6.266],[-58.37,5.938],[-58.642,5.356],[-58.687,5.015],[-58.629,4.738],[-58.516,4.664],[-58.396,4.495],[-58.442,4.255],[-58.331,4],[-58.043,3.999]]}},{"type":"Feature","properties":{},"geometry":{"type":"LineString","coordinates":[[-84.993,15.076],[-85.12,15.256],[-85.281,15.306],[-85.332,15.445],[-85.48,15.479],[-85.696,15.628],[-86.076,15.387],[-86.255,15.38],[-86.221,15.51],[-86.365,15.546],[-86.332,15.661],[-86.418,15.771]]}},{"type":"Feature","properties":{},"geometry":{"type":"LineString","coordinates":[[-71.031,-15.335],[-71.174,-15.231],[-71.171,-15.119],[-71.221,-15.071],[-71.314,-15.121],[-71.497,-15.009],[-71.512,-15.074],[-71.666,-15.118],[-71.856,-15.061],[-71.859,-14.927],[-71.803,-14.866],[-71.874,-14.846],[-71.995,-14.675],[-72.047,-14.696],[-72.023,-14.795],[-72.079,-14.887],[-72.147,-14.795],[-72.408,-14.827],[-72.491,-14.728],[-72.485,-14.67]]}},{"type":"Feature","properties":{},"geometry":{"type":"LineString","coordinates":[[-71.124,-37.838],[-71.278,-37.89],[-71.4,-37.865],[-71.406,-37.97],[-71.324,-38.004],[-71.416,-38.16],[-71.591,-38.231],[-71.63,-38.298],[-71.737,-38.024],[-71.882,-38.063],[-71.951,-38.011],[-72.073,-38.012],[-72.218,-37.889],[-72.382,-37.838],[-72.492,-37.642],[-72.616,-37.658],[-72.874,-37.574],[-73.041,-37.579]]}},{"type":"Feature","properties":{},"geometry":{"type":"LineString","coordinates":[[-90.89,14.49],[-90.978,14.38],[-90.985,14.421],[-91.111,14.431],[-91.166,14.272],[-91.348,14.294],[-91.354,14.373],[-91.396,14.369],[-91.414,14.294],[-91.461,14.299],[-91.454,14.197],[-91.528,14.044]]}},{"type":"Feature","properties":{},"geometry":{"type":"LineString","coordinates":[[-76.183,37.919],[-76.238,37.898],[-76.469,37.991],[-76.605,38.155],[-76.883,38.184],[-77.053,38.306],[-77.002,38.349],[-77.033,38.405],[-77.254,38.343],[-77.312,38.417],[-77.303,38.501],[-77.117,38.708],[-77.039,38.733],[-77.063,38.908]]}},{"type":"Feature","properties":{},"geometry":{"type":"LineString","coordinates":[[-71.39,-38.907],[-71.384,-38.809],[-71.494,-38.737],[-71.486,-38.666],[-71.545,-38.606],[-71.797,-38.605],[-71.892,-38.479],[-72.053,-38.406],[-72.306,-38.434],[-72.293,-38.397],[-72.418,-38.323],[-72.583,-38.415],[-72.863,-38.405],[-72.911,-38.434],[-72.874,-38.484],[-73.271,-38.43],[-73.306,-38.478],[-73.36,-38.391],[-73.504,-38.321]]}},{"type":"Feature","properties":{},"geometry":{"type":"LineString","coordinates":[[-76.802,1.313],[-76.763,1.515],[-76.869,1.594],[-77.017,1.666],[-77.101,1.628],[-77.165,1.666],[-77.367,1.64],[-77.204,1.954],[-77.339,2.096],[-77.295,2.222],[-77.554,2.189],[-77.697,2.218],[-77.941,2.61]]}},{"type":"Feature","properties":{},"geometry":{"type":"LineString","coordinates":[[-89.316,14.404],[-89.251,14.299],[-89.328,14.178],[-89.415,14.133],[-89.425,14.043],[-89.121,14.078],[-88.975,13.951],[-88.85,13.957]]}},{"type":"Feature","properties":{},"geometry":{"type":"LineString","coordinates":[[-62.683,8.381],[-62.748,8.428],[-62.736,8.473],[-63.051,8.599],[-63.056,8.709],[-62.942,8.797],[-63.293,8.772],[-63.409,9.003],[-63.629,9.165],[-63.772,9.237],[-63.905,9.201],[-63.973,9.311],[-63.97,9.412],[-63.846,9.558],[-63.965,9.757],[-63.919,9.867],[-63.986,9.937],[-64.055,9.935],[-64.063,9.981],[-64.056,10.054],[-63.949,10.08]]}},{"type":"Feature","properties":{},"geometry":{"type":"LineString","coordinates":[[-76.183,37.919],[-76.238,37.898],[-76.469,37.991],[-76.605,38.155],[-76.883,38.184],[-77.053,38.306],[-77.002,38.349],[-77.033,38.405],[-77.254,38.343],[-77.314,38.423],[-77.303,38.501],[-77.117,38.708],[-77.039,38.733],[-77.063,38.908]]}},{"type":"Feature","properties":{},"geometry":{"type":"LineString","coordinates":[[-55.473,-34.622],[-55.312,-34.611],[-54.839,-34.392],[-54.7,-34.076],[-54.551,-34.025],[-54.428,-33.868],[-54.371,-33.741],[-54.378,-33.616],[-54.208,-33.482],[-53.984,-33.392],[-53.966,-33.328],[-53.789,-33.194],[-53.614,-33.142]]}},{"type":"Feature","properties":{},"geometry":{"type":"LineString","coordinates":[[-92.017,14.531],[-92.048,14.615],[-92.136,14.64],[-92.069,14.706],[-91.834,14.736],[-91.679,14.991],[-91.688,15.139],[-91.581,15.211],[-91.519,15.156]]}},{"type":"Feature","properties":{},"geometry":{"type":"LineString","coordinates":[[-54.941,5.299],[-55.095,5.357],[-55.481,5.323],[-55.494,5.233],[-55.674,5.228],[-55.708,4.943],[-55.669,4.765],[-55.802,4.498],[-55.827,4.346],[-55.958,4.259],[-56.013,4.289],[-56.176,4.256],[-56.14,3.791],[-56.223,3.639]]}},{"type":"Feature","properties":{},"geometry":{"type":"LineString","coordinates":[[-104.011,45.942],[-96.556,45.942]]}},{"type":"Feature","properties":{},"geometry":{"type":"LineString","coordinates":[[-75.398,4.814],[-75.519,4.91],[-75.61,4.903],[-75.723,5.082],[-75.818,4.923],[-75.874,4.924],[-75.935,5.066],[-75.833,5.086],[-75.831,5.255],[-75.702,5.245],[-75.646,5.318],[-75.724,5.394],[-75.88,5.358],[-75.815,5.465],[-75.714,5.494],[-75.708,5.55],[-75.592,5.53],[-75.608,5.728]]}},{"type":"Feature","properties":{},"geometry":{"type":"LineString","coordinates":[[-104.011,45.942],[-96.556,45.942]]}},{"type":"Feature","properties":{},"geometry":{"type":"LineString","coordinates":[[-66.151,-26.229],[-66.286,-26.232],[-66.364,-26.376],[-66.411,-26.383],[-66.797,-25.877],[-66.807,-25.725],[-66.495,-25.614],[-66.469,-25.48],[-66.563,-25.269],[-67.807,-25.283],[-68.49,-25.164]]}},{"type":"Feature","properties":{},"geometry":{"type":"LineString","coordinates":[[-78.571,39.528],[-78.464,39.53],[-78.406,39.592],[-78.429,39.623],[-78.279,39.628],[-78.181,39.699],[-77.995,39.604],[-77.853,39.612],[-77.832,39.578],[-77.88,39.558],[-77.77,39.498],[-77.806,39.444],[-77.739,39.414],[-77.741,39.331],[-77.553,39.299],[-77.459,39.231],[-77.512,39.139],[-77.446,39.074],[-77.273,39.044],[-77.062,38.905]]}},{"type":"Feature","properties":{},"geometry":{"type":"LineString","coordinates":[[-96.507,43],[-96.452,43.126],[-96.479,43.218],[-96.574,43.228],[-96.531,43.376],[-96.602,43.5],[-91.221,43.501]]}},{"type":"Feature","properties":{},"geometry":{"type":"LineString","coordinates":[[-96.507,42.999],[-96.452,43.126],[-96.479,43.218],[-96.574,43.228],[-96.531,43.376],[-96.602,43.5],[-91.221,43.501]]}},{"type":"Feature","properties":{},"geometry":{"type":"LineString","coordinates":[[-74.492,3.738],[-74.4,3.865],[-74.389,4.071],[-74.245,4.11],[-74.17,4.383],[-74.208,4.402],[-74.166,4.546],[-74.224,4.625],[-74.162,4.644],[-74.069,4.819],[-73.99,4.796],[-73.986,4.586],[-74.088,4.432],[-74.149,4.015]]}},{"type":"Feature","properties":{},"geometry":{"type":"LineString","coordinates":[[-84.58,34.997],[-83.096,35],[-83.354,34.702],[-83.164,34.612],[-83.026,34.484],[-82.879,34.479],[-82.816,34.356]]}},{"type":"Feature","properties":{},"geometry":{"type":"LineString","coordinates":[[-68.844,9.369],[-68.64,8.896],[-68.581,8.858],[-68.754,8.785],[-68.562,8.629],[-68.055,8.576],[-67.944,8.401],[-67.852,8.368],[-67.769,8.235],[-67.688,8.218],[-67.576,8.078],[-67.564,7.988],[-67.514,7.977],[-67.544,7.956]]}},{"type":"Feature","properties":{},"geometry":{"type":"LineString","coordinates":[[-68.537,-25.272],[-68.624,-25.277],[-68.764,-25.374],[-68.978,-25.406],[-69.045,-25.455],[-69.095,-25.608],[-69.245,-25.57],[-69.811,-25.801],[-70.017,-25.796],[-70.131,-25.86],[-70.175,-25.947],[-70.497,-25.964],[-70.658,-26.087]]}},{"type":"Feature","properties":{},"geometry":{"type":"LineString","coordinates":[[-78.571,39.528],[-78.464,39.53],[-78.406,39.592],[-78.429,39.623],[-78.279,39.628],[-78.181,39.699],[-77.995,39.604],[-77.846,39.609],[-77.88,39.558],[-77.77,39.498],[-77.806,39.444],[-77.739,39.414],[-77.741,39.331],[-77.553,39.299],[-77.459,39.231],[-77.512,39.139],[-77.446,39.074],[-77.272,39.044],[-77.062,38.905]]}},{"type":"Feature","properties":{},"geometry":{"type":"LineString","coordinates":[[-43.14,-22.099],[-42.282,-21.722],[-42.271,-21.653],[-42.372,-21.641],[-42.367,-21.593],[-42.096,-21.019],[-42.145,-20.962],[-42.095,-20.917],[-41.969,-20.921],[-41.926,-20.803],[-41.865,-20.779]]}},{"type":"Feature","properties":{},"geometry":{"type":"LineString","coordinates":[[-84.58,34.997],[-83.096,35],[-83.354,34.702],[-83.163,34.612],[-83.026,34.484],[-82.879,34.479],[-82.816,34.356]]}},{"type":"Feature","properties":{},"geometry":{"type":"LineString","coordinates":[[-60.337,7.155],[-60.091,7.066],[-60.032,7.117],[-59.959,7.101],[-59.842,7.197],[-59.577,7.088],[-59.472,6.985],[-59.331,6.949],[-59.265,7.022],[-59.155,6.983],[-59.175,7.117],[-59.112,7.302],[-58.771,7.681]]}},{"type":"Feature","properties":{},"geometry":{"type":"LineString","coordinates":[[-78.474,0.897],[-78.484,0.496],[-79.449,0.271],[-79.443,0.086],[-79.623,0.077],[-79.593,0.119],[-79.729,0.203],[-79.721,0.269],[-79.928,0.262],[-79.96,0.35],[-80.065,0.39]]}},{"type":"Feature","properties":{},"geometry":{"type":"LineString","coordinates":[[-75.775,39.722],[-80.519,39.721],[-80.52,41.978]]}},{"type":"Feature","properties":{},"geometry":{"type":"LineString","coordinates":[[-80.52,41.978],[-80.519,39.721],[-75.775,39.722]]}},{"type":"Feature","properties":{},"geometry":{"type":"LineString","coordinates":[[-70.248,-34.704],[-70.434,-34.595],[-70.628,-34.583],[-70.861,-34.48],[-71.171,-34.596],[-71.314,-34.571],[-71.263,-34.49],[-71.398,-34.447],[-71.501,-34.159],[-71.677,-33.997],[-71.763,-34.065],[-71.725,-34.086],[-71.79,-34.204],[-71.997,-34.121]]}},{"type":"Feature","properties":{},"geometry":{"type":"LineString","coordinates":[[-79.45,-5.989],[-79.357,-6.014],[-79.319,-5.977],[-79.215,-6.038],[-79.297,-6.143],[-79.304,-6.24],[-79.415,-6.287],[-79.471,-6.37],[-79.445,-6.531],[-79.386,-6.534],[-79.329,-6.674],[-79.171,-6.705],[-79.163,-6.761],[-79.317,-6.882],[-79.327,-7.007],[-79.485,-6.959],[-79.708,-7.18]]}},{"type":"Feature","properties":{},"geometry":{"type":"LineString","coordinates":[[-94.484,33.648],[-94.439,35.386],[-94.617,36.501]]}},{"type":"Feature","properties":{},"geometry":{"type":"LineString","coordinates":[[-73.594,7.704],[-73.494,7.596],[-73.336,7.54],[-73.242,7.544],[-73.123,7.633],[-72.937,7.499],[-72.85,7.332],[-72.817,7.051],[-72.486,7.027],[-72.403,7.061],[-72.397,7.127],[-72.277,7.083],[-72.202,7.16],[-72.06,7.064]]}},{"type":"Feature","properties":{},"geometry":{"type":"LineString","coordinates":[[-91.919,46.753],[-92.021,46.71],[-92.124,46.764],[-92.214,46.663],[-92.292,46.666],[-92.293,46.083],[-92.697,45.913],[-92.886,45.709],[-92.896,45.584],[-92.757,45.557],[-92.659,45.426],[-92.76,45.29],[-92.749,45.112],[-92.804,45.067],[-92.757,44.926],[-92.822,44.754]]}},{"type":"Feature","properties":{},"geometry":{"type":"LineString","coordinates":[[-92.822,44.754],[-92.757,44.926],[-92.804,45.067],[-92.749,45.112],[-92.76,45.29],[-92.659,45.426],[-92.757,45.557],[-92.896,45.584],[-92.886,45.709],[-92.697,45.913],[-92.293,46.083],[-92.292,46.666],[-92.214,46.663],[-92.124,46.764],[-92.021,46.71],[-91.919,46.753]]}},{"type":"Feature","properties":{},"geometry":{"type":"LineString","coordinates":[[-74.862,8.194],[-74.643,8.119],[-74.587,8.031],[-74.583,7.877],[-74.522,7.78],[-74.568,7.485],[-74.431,7.373],[-74.368,7.481],[-74.33,7.469],[-74.388,7.213],[-74.337,7.01],[-74.228,7.007],[-73.938,7.225]]}},{"type":"Feature","properties":{},"geometry":{"type":"LineString","coordinates":[[-74.532,3.838],[-74.722,3.64],[-74.787,3.444],[-74.942,3.29],[-75.02,3.303],[-75.085,3.443],[-75.268,3.373],[-75.32,3.416],[-75.503,3.342],[-75.576,3.172],[-75.706,3.159],[-75.862,3.027],[-76.012,2.997]]}},{"type":"Feature","properties":{},"geometry":{"type":"LineString","coordinates":[[-75.547,39.456],[-75.511,39.559],[-75.557,39.623],[-75.431,39.778],[-75.134,39.874],[-75.118,39.946],[-75.029,40.015],[-74.727,40.151],[-74.966,40.403],[-75.047,40.422],[-75.076,40.55],[-75.182,40.569],[-75.198,40.685]]}},{"type":"Feature","properties":{},"geometry":{"type":"LineString","coordinates":[[-75.198,40.685],[-75.182,40.569],[-75.076,40.55],[-75.047,40.422],[-74.966,40.403],[-74.727,40.151],[-75.029,40.015],[-75.118,39.946],[-75.13,39.876],[-75.431,39.778],[-75.557,39.623],[-75.511,39.559],[-75.547,39.456]]}},{"type":"Feature","properties":{},"geometry":{"type":"LineString","coordinates":[[-88.607,17.106],[-88.58,17.037],[-88.666,16.926],[-88.676,16.81],[-88.769,16.751],[-88.828,16.617],[-89.184,16.414]]}},{"type":"Feature","properties":{},"geometry":{"type":"LineString","coordinates":[[-86.134,12.968],[-86.25,13.351],[-86.045,13.504],[-85.897,13.461],[-85.82,13.52],[-85.784,13.779],[-85.737,13.828]]}},{"type":"Feature","properties":{},"geometry":{"type":"LineString","coordinates":[[-67.535,9.956],[-67.529,9.906],[-67.567,9.921],[-67.594,9.857],[-67.687,9.842],[-67.808,9.926],[-67.749,9.688],[-67.899,9.63],[-67.969,9.544],[-67.916,9.45],[-67.943,9.309],[-67.854,9.078],[-67.996,8.829],[-68.024,8.533]]}},{"type":"Feature","properties":{},"geometry":{"type":"LineString","coordinates":[[-102.024,40],[-95.301,40]]}},{"type":"Feature","properties":{},"geometry":{"type":"LineString","coordinates":[[-102.024,40],[-95.301,40]]}},{"type":"Feature","properties":{},"geometry":{"type":"LineString","coordinates":[[-52.914,-18.616],[-52.55,-18.675],[-51.848,-19.051],[-51.12,-19.287],[-50.926,-19.453]]}},{"type":"Feature","properties":{},"geometry":{"type":"LineString","coordinates":[[-57.838,-21.194],[-57.973,-21.12],[-58.074,-21.235],[-58.217,-21.184],[-58.536,-21.229],[-58.537,-21.111],[-58.745,-21.187],[-58.837,-21.163],[-58.847,-20.944],[-58.997,-20.909],[-59.113,-20.744],[-59.261,-20.716],[-59.786,-19.604],[-59.908,-19.57],[-60.013,-19.302]]}},{"type":"Feature","properties":{},"geometry":{"type":"LineString","coordinates":[[-44.726,-23.355],[-44.866,-23.223],[-44.8,-23.13],[-44.797,-22.986],[-44.581,-22.875],[-44.272,-22.824],[-44.254,-22.747],[-44.161,-22.686],[-44.215,-22.585],[-44.634,-22.603],[-44.735,-22.452],[-44.833,-22.406]]}},{"type":"Feature","properties":{},"geometry":{"type":"LineString","coordinates":[[-74.991,2.692],[-74.449,2.194],[-73.352,1.679]]}},{"type":"Feature","properties":{},"geometry":{"type":"LineString","coordinates":[[-62.601,8.449],[-62.282,8.315],[-61.635,8.287],[-61.61,8.118],[-61.316,7.817],[-60.964,7.947],[-60.788,7.748],[-60.545,7.916],[-60.257,7.921]]}},{"type":"Feature","properties":{},"geometry":{"type":"LineString","coordinates":[[-71.945,-40.745],[-72.112,-40.73],[-72.126,-40.814],[-72.067,-40.93],[-72.202,-40.922],[-72.599,-41.145],[-72.939,-41.001],[-72.989,-41.033],[-73.437,-40.989],[-73.652,-41.054],[-73.691,-41.02],[-73.622,-40.988],[-73.661,-40.944],[-73.632,-40.887],[-73.789,-40.746],[-73.871,-40.731]]}},{"type":"Feature","properties":{},"geometry":{"type":"LineString","coordinates":[[-65.629,-18.569],[-65.608,-18.679],[-65.654,-18.751],[-65.457,-18.682],[-65.422,-18.707],[-65.511,-18.82],[-65.467,-18.915],[-65.541,-19.009],[-65.515,-19.086],[-65.41,-19.147],[-65.381,-19.258],[-65.142,-19.377],[-64.906,-19.366],[-64.826,-19.482],[-64.842,-19.574],[-64.734,-19.714]]}},{"type":"Feature","properties":{},"geometry":{"type":"LineString","coordinates":[[-87.508,30.275],[-87.372,30.44],[-87.443,30.528],[-87.397,30.654],[-87.624,30.857],[-87.606,30.999],[-85.006,31]]}},{"type":"Feature","properties":{},"geometry":{"type":"LineString","coordinates":[[-87.508,30.275],[-87.372,30.44],[-87.443,30.528],[-87.397,30.654],[-87.624,30.857],[-87.606,30.999],[-85.006,31]]}},{"type":"Feature","properties":{},"geometry":{"type":"LineString","coordinates":[[-59.654,-30.34],[-59.397,-30.306],[-59.241,-30.344],[-59.019,-30.203],[-58.864,-30.227],[-58.616,-30.151],[-58.448,-30.182],[-58.235,-30.244],[-58.058,-30.433],[-57.992,-30.598],[-57.804,-30.749]]}},{"type":"Feature","properties":{},"geometry":{"type":"LineString","coordinates":[[-71.687,-33.456],[-71.445,-33.481],[-71.323,-33.431],[-71.231,-33.344],[-71.216,-33.232],[-71.022,-33.188],[-71.026,-32.971],[-70.89,-32.926],[-70.609,-32.959],[-70.512,-33.08],[-70.412,-33.03],[-70.262,-33.172],[-70.1,-33.052]]}},{"type":"Feature","properties":{},"geometry":{"type":"LineString","coordinates":[[-89.144,17.341],[-88.826,17.434],[-88.749,17.415],[-88.589,17.502],[-88.559,17.189],[-88.607,17.107],[-88.289,17.123]]}},{"type":"Feature","properties":{},"geometry":{"type":"LineString","coordinates":[[-66.99,-17.55],[-66.834,-17.47],[-66.876,-17.423],[-66.847,-17.349],[-66.892,-17.171],[-67.027,-16.981],[-66.982,-16.93],[-66.826,-16.903],[-66.825,-16.658],[-67.043,-16.196],[-67.028,-15.987],[-67.072,-15.92]]}},{"type":"Feature","properties":{},"geometry":{"type":"LineString","coordinates":[[-86.699,13.207],[-86.643,13.074],[-86.691,12.796],[-86.749,12.834],[-86.866,12.815],[-86.877,12.668],[-86.958,12.546],[-87.121,12.458]]}},{"type":"Feature","properties":{},"geometry":{"type":"LineString","coordinates":[[-70.549,-36.137],[-70.644,-35.996],[-70.926,-35.948],[-71.044,-35.728],[-71.223,-35.731],[-71.424,-35.603],[-71.769,-35.55],[-71.935,-35.404],[-72.129,-35.371],[-72.144,-35.182],[-72.233,-35.125]]}},{"type":"Feature","properties":{},"geometry":{"type":"LineString","coordinates":[[-58.908,6.76],[-58.849,6.772],[-58.815,6.688],[-58.832,6.546],[-58.566,6.461],[-58.398,6.268],[-58.525,6.626],[-58.466,6.86],[-58.319,6.959],[-58.451,7.046]]}},{"type":"Feature","properties":{},"geometry":{"type":"LineString","coordinates":[[-101.367,49],[-101.545,50.95],[-101.567,51.971],[-101.613,51.97],[-101.771,54.066],[-101.812,54.066],[-101.884,55.117],[-101.926,55.117],[-101.926,55.466],[-101.968,55.468],[-101.968,55.817],[-102.001,55.816],[-102.002,59.999]]}},{"type":"Feature","properties":{},"geometry":{"type":"LineString","coordinates":[[-99.496,18.669],[-99.43,18.882],[-99.304,18.973],[-99.324,19.091],[-99.284,19.158],[-99.341,19.358],[-99.224,19.406],[-99.118,19.539],[-98.967,19.306],[-98.964,19.086],[-98.754,18.969],[-98.665,18.995]]}},{"type":"Feature","properties":{},"geometry":{"type":"LineString","coordinates":[[-101.367,49],[-101.545,50.95],[-101.567,51.971],[-101.613,51.97],[-101.771,54.066],[-101.812,54.066],[-101.884,55.117],[-101.926,55.117],[-101.926,55.466],[-101.968,55.468],[-101.968,55.817],[-102.001,55.816],[-102.002,59.999]]}},{"type":"Feature","properties":{},"geometry":{"type":"LineString","coordinates":[[-70.536,8.954],[-70.567,8.86],[-70.686,8.827],[-70.727,8.764],[-70.761,8.788],[-70.964,8.601],[-70.975,8.509],[-71.077,8.383],[-71.007,8.215],[-71.056,8.111],[-71.457,7.777],[-71.483,7.684]]}},{"type":"Feature","properties":{},"geometry":{"type":"LineString","coordinates":[[-63.952,10.081],[-63.811,10.118],[-63.735,10.208],[-63.577,10.223],[-63.462,10.321],[-63.378,10.235],[-63.204,10.169],[-63.139,10.214],[-63.069,10.198],[-62.988,10.08],[-62.908,10.093],[-62.816,10.034],[-62.621,10.106],[-62.644,10.23]]}},{"type":"Feature","properties":{},"geometry":{"type":"LineString","coordinates":[[-70.407,-35.538],[-70.526,-35.401],[-70.677,-35.329],[-70.988,-35.293],[-71.287,-34.995],[-71.444,-34.989],[-71.668,-35.101],[-71.855,-34.972],[-72.029,-34.985],[-72.151,-35.063],[-72.2,-35.028]]}},{"type":"Feature","properties":{},"geometry":{"type":"LineString","coordinates":[[-55.111,-33.119],[-55.011,-33.028],[-55.019,-32.949],[-54.878,-32.863],[-54.602,-32.826],[-54.328,-32.712],[-54.037,-32.803],[-53.961,-32.702],[-53.784,-32.775],[-53.302,-32.779]]}},{"type":"Feature","properties":{},"geometry":{"type":"LineString","coordinates":[[-91.51,14.713],[-91.667,14.659],[-91.696,14.74],[-91.859,14.52],[-92.003,14.539],[-92.164,14.486]]}},{"type":"Feature","properties":{},"geometry":{"type":"LineString","coordinates":[[-89.878,15.16],[-89.785,15.03],[-89.857,15.028],[-89.764,14.94],[-89.846,14.858],[-89.801,14.788],[-89.667,14.76],[-89.704,14.58],[-89.501,14.517],[-89.493,14.419]]}},{"type":"Feature","properties":{},"geometry":{"type":"LineString","coordinates":[[-75.717,4.081],[-75.588,4.334],[-75.58,4.447],[-75.393,4.687],[-75.438,4.762],[-75.327,4.878],[-75.36,4.953],[-75.293,5.149],[-75.119,5.17],[-75.004,5.289],[-74.744,5.286]]}},{"type":"Feature","properties":{},"geometry":{"type":"LineString","coordinates":[[-101.846,22.013],[-101.936,22.114],[-102.056,22.138],[-102.024,22.252],[-102.155,22.285],[-102.219,22.372],[-102.274,22.356],[-102.287,22.456],[-102.326,22.459],[-102.451,22.337],[-102.635,22.278],[-102.707,22.083],[-102.842,21.936],[-102.852,21.823],[-102.743,21.726]]}},{"type":"Feature","properties":{},"geometry":{"type":"LineString","coordinates":[[-69.917,-29.716],[-70.06,-29.747],[-70.296,-29.679],[-70.444,-29.525],[-70.481,-29.293],[-70.737,-29.064],[-71.121,-29.072],[-71.495,-29.184]]}},{"type":"Feature","properties":{},"geometry":{"type":"LineString","coordinates":[[-58.369,5.002],[-58.24,5.371],[-58.232,5.806],[-58.111,6.026],[-58.116,6.081],[-58.163,6.07],[-58.15,6.281],[-58.194,6.313],[-58.133,6.451],[-58.254,6.526]]}},{"type":"Feature","properties":{},"geometry":{"type":"LineString","coordinates":[[-87.521,41.713],[-87.532,39.355]]}},{"type":"Feature","properties":{},"geometry":{"type":"LineString","coordinates":[[-87.521,41.713],[-87.532,39.355]]}},{"type":"Feature","properties":{},"geometry":{"type":"LineString","coordinates":[[-71.085,45.303],[-70.95,43.588],[-70.979,43.398],[-70.816,43.246],[-70.826,43.157],[-70.741,43.08]]}},{"type":"Feature","properties":{},"geometry":{"type":"LineString","coordinates":[[-71.085,45.303],[-70.95,43.588],[-70.979,43.398],[-70.816,43.246],[-70.826,43.157],[-70.741,43.08]]}},{"type":"Feature","properties":{},"geometry":{"type":"LineString","coordinates":[[-56.509,-25.009],[-56.647,-25.471],[-56.762,-25.518],[-56.713,-25.617],[-56.769,-25.653],[-56.939,-25.624],[-56.933,-25.536],[-57.037,-25.609],[-57.172,-25.372],[-57.293,-25.341],[-57.316,-25.256],[-57.448,-25.122]]}},{"type":"Feature","properties":{},"geometry":{"type":"LineString","coordinates":[[-71.135,-37.216],[-71.261,-37.231],[-71.321,-37.349],[-71.455,-37.389],[-71.6,-37.312],[-71.889,-37.336],[-72.1,-37.165],[-72.678,-37.25],[-72.994,-37.394]]}},{"type":"Feature","properties":{},"geometry":{"type":"LineString","coordinates":[[-69.056,47.295],[-68.576,47.425],[-68.38,47.559],[-68.373,47.925],[-68.12,47.927],[-68.116,48.002],[-67.612,47.998],[-67.604,47.936],[-67.357,47.842],[-67.323,47.896],[-67.047,47.931],[-66.947,47.899],[-66.944,47.963],[-66.848,47.997]]}},{"type":"Feature","properties":{},"geometry":{"type":"LineString","coordinates":[[-69.056,47.295],[-68.576,47.425],[-68.38,47.559],[-68.373,47.925],[-68.12,47.927],[-68.116,48.002],[-67.612,47.998],[-67.604,47.936],[-67.357,47.842],[-67.323,47.896],[-67.047,47.931],[-66.947,47.899],[-66.944,47.963],[-66.848,47.997]]}},{"type":"Feature","properties":{},"geometry":{"type":"LineString","coordinates":[[-104.029,43],[-98.489,43.001]]}},{"type":"Feature","properties":{},"geometry":{"type":"LineString","coordinates":[[-75.041,38.453],[-75.712,38.454],[-75.785,39.72],[-75.644,39.844],[-75.421,39.814]]}},{"type":"Feature","properties":{},"geometry":{"type":"LineString","coordinates":[[-104.029,43],[-98.489,43.001]]}},{"type":"Feature","properties":{},"geometry":{"type":"LineString","coordinates":[[-75.041,38.453],[-75.712,38.454],[-75.785,39.72],[-75.644,39.844],[-75.421,39.814]]}},{"type":"Feature","properties":{},"geometry":{"type":"LineString","coordinates":[[-56.156,-31.303],[-56.076,-31.256],[-55.837,-31.379],[-55.791,-31.511],[-55.665,-31.584],[-55.622,-31.802],[-54.919,-31.86],[-54.659,-32.121]]}},{"type":"Feature","properties":{},"geometry":{"type":"LineString","coordinates":[[-72.121,-42.617],[-72.277,-42.574],[-72.288,-42.489],[-72.422,-42.467],[-72.548,-42.179],[-72.981,-42.117],[-73.446,-41.834],[-73.933,-41.691]]}},{"type":"Feature","properties":{},"geometry":{"type":"LineString","coordinates":[[-70.047,-34.288],[-70.161,-34.186],[-70.179,-34.052],[-70.34,-34.057],[-70.372,-33.892],[-70.429,-33.865],[-70.802,-33.961],[-70.935,-34.09],[-70.943,-34.16],[-71.524,-34.142]]}},{"type":"Feature","properties":{},"geometry":{"type":"LineString","coordinates":[[-110.001,48.999],[-110.001,59.999]]}},{"type":"Feature","properties":{},"geometry":{"type":"LineString","coordinates":[[-110.001,48.999],[-110.001,59.999]]}},{"type":"Feature","properties":{},"geometry":{"type":"LineString","coordinates":[[-79.687,-0.869],[-79.746,-0.878],[-79.939,-1.161],[-80.138,-1.196],[-80.102,-1.357],[-80.177,-1.73],[-80.556,-1.716],[-80.644,-1.672],[-80.802,-1.713]]}},{"type":"Feature","properties":{},"geometry":{"type":"LineString","coordinates":[[-88.49,13.684],[-88.364,13.654],[-88.364,13.375],[-88.226,13.311],[-88.215,13.238],[-88.109,13.167]]}},{"type":"Feature","properties":{},"geometry":{"type":"LineString","coordinates":[[-106.522,31.783],[-106.6,31.832],[-106.664,32.001],[-103.066,32],[-103.066,32.999]]}},{"type":"Feature","properties":{},"geometry":{"type":"LineString","coordinates":[[-88.034,14.922],[-88.014,15.048],[-88.098,15.082],[-88.056,15.206],[-88.11,15.252],[-88.116,15.364],[-88.186,15.39],[-88.235,15.489],[-88.4,15.537],[-88.486,15.505]]}},{"type":"Feature","properties":{},"geometry":{"type":"LineString","coordinates":[[-103.066,32.999],[-103.066,32],[-106.664,32.001],[-106.6,31.832],[-106.522,31.783]]}},{"type":"Feature","properties":{},"geometry":{"type":"LineString","coordinates":[[-79.19,-2.064],[-79.34,-2.02],[-79.484,-1.875],[-79.654,-1.878],[-79.767,-1.682],[-79.872,-1.658],[-79.854,-1.395],[-79.67,-1.174],[-79.549,-0.916]]}},{"type":"Feature","properties":{},"geometry":{"type":"LineString","coordinates":[[-81.965,37.539],[-82.368,37.267],[-82.699,37.13],[-82.712,37.047],[-82.845,36.989],[-82.864,36.904],[-83.062,36.854],[-83.13,36.749],[-83.673,36.603]]}},{"type":"Feature","properties":{},"geometry":{"type":"LineString","coordinates":[[-86.686,14.391],[-86.576,14.352],[-86.483,14.386],[-86.372,14.314],[-86.226,14.347],[-86.107,14.193],[-85.584,14.086],[-85.543,14.044]]}},{"type":"Feature","properties":{},"geometry":{"type":"LineString","coordinates":[[-70.361,-34.997],[-70.621,-34.981],[-70.779,-34.863],[-70.956,-34.859],[-71.108,-34.785],[-71.235,-34.838],[-71.312,-34.798],[-71.389,-34.853],[-71.383,-34.917],[-71.647,-34.869],[-71.741,-34.901],[-72.066,-34.688]]}},{"type":"Feature","properties":{},"geometry":{"type":"LineString","coordinates":[[-73.272,-38.431],[-73.307,-38.313],[-73.084,-38.145],[-73.084,-38.088],[-73.195,-38.017],[-73.119,-37.947],[-73.12,-37.888],[-73.012,-37.814],[-73.007,-37.717],[-73.105,-37.686],[-72.973,-37.529],[-73.001,-37.356],[-73.098,-37.306],[-73.079,-37.226],[-73.203,-37.16]]}},{"type":"Feature","properties":{},"geometry":{"type":"LineString","coordinates":[[-78.561,1.202],[-78.554,0.93],[-78.286,0.805],[-78.11,0.505],[-77.929,0.406],[-77.859,0.395],[-77.551,0.669]]}},{"type":"Feature","properties":{},"geometry":{"type":"LineString","coordinates":[[-98.628,19.477],[-98.666,19.4],[-98.647,18.942],[-98.745,18.798],[-98.665,18.693],[-98.753,18.708],[-98.673,18.433],[-98.825,18.494],[-99.051,18.371]]}},{"type":"Feature","properties":{},"geometry":{"type":"LineString","coordinates":[[-79.477,39.721],[-79.487,39.204],[-79.103,39.468],[-78.957,39.45],[-78.772,39.641],[-78.746,39.575],[-78.575,39.526]]}},{"type":"Feature","properties":{},"geometry":{"type":"LineString","coordinates":[[-41.81,-20.472],[-41.795,-20.537],[-41.857,-20.633],[-41.808,-20.65],[-41.884,-20.766],[-41.715,-20.869],[-41.718,-21.112],[-41.267,-21.234],[-41.071,-21.212],[-40.961,-21.274]]}},{"type":"Feature","properties":{},"geometry":{"type":"LineString","coordinates":[[-84.981,12.377],[-85.156,12.307],[-85.535,12.338],[-85.603,12.284],[-85.656,12.05]]}},{"type":"Feature","properties":{},"geometry":{"type":"LineString","coordinates":[[-71.841,-40.603],[-71.932,-40.569],[-72.097,-40.64],[-72.616,-40.661],[-72.872,-40.526],[-73.007,-40.364],[-73.399,-40.319],[-73.477,-40.258],[-73.626,-40.273],[-73.717,-40.21]]}},{"type":"Feature","properties":{},"geometry":{"type":"LineString","coordinates":[[-77.961,18.057],[-77.916,18.185],[-77.782,18.234],[-77.243,18.182],[-76.997,18.241]]}},{"type":"Feature","properties":{},"geometry":{"type":"LineString","coordinates":[[-89.267,14.048],[-89.277,13.992],[-89.202,13.934],[-89.265,13.738],[-89.202,13.655],[-89.212,13.528],[-89.111,13.465],[-89.137,13.412]]}},{"type":"Feature","properties":{},"geometry":{"type":"LineString","coordinates":[[-88.488,13.864],[-88.529,13.745],[-88.49,13.684],[-88.661,13.55],[-88.718,13.341],[-88.814,13.252]]}},{"type":"Feature","properties":{},"geometry":{"type":"LineString","coordinates":[[-68.557,-20.896],[-68.678,-20.862],[-68.953,-20.904],[-68.832,-20.982],[-68.687,-20.984],[-68.774,-21.304],[-68.925,-21.28],[-69.662,-21.463],[-69.769,-21.419],[-70.053,-21.426]]}},{"type":"Feature","properties":{},"geometry":{"type":"LineString","coordinates":[[-56.287,-22.68],[-56.13,-23.106],[-56.376,-23.4],[-56.596,-23.456],[-56.861,-23.417],[-57.271,-23.502],[-57.443,-23.472]]}},{"type":"Feature","properties":{},"geometry":{"type":"LineString","coordinates":[[-87.803,42.492],[-90.638,42.511]]}},{"type":"Feature","properties":{},"geometry":{"type":"LineString","coordinates":[[-87.803,42.492],[-90.638,42.511]]}},{"type":"Feature","properties":{},"geometry":{"type":"LineString","coordinates":[[-79.477,39.721],[-79.487,39.204],[-79.103,39.468],[-78.957,39.45],[-78.772,39.641],[-78.746,39.575],[-78.575,39.526]]}},{"type":"Feature","properties":{},"geometry":{"type":"LineString","coordinates":[[-56.558,-32.493],[-56.7,-32.417],[-57.027,-32.361],[-57.278,-32.448],[-57.471,-32.445],[-57.593,-32.542],[-57.758,-32.558],[-57.797,-32.617],[-57.992,-32.586],[-58.092,-32.487],[-58.201,-32.497]]}},{"type":"Feature","properties":{},"geometry":{"type":"LineString","coordinates":[[-72.783,-35.961],[-72.658,-36.007],[-72.499,-36.155],[-72.088,-36.277],[-72.092,-36.079],[-71.967,-35.837],[-72.057,-35.739],[-71.846,-35.493]]}},{"type":"Feature","properties":{},"geometry":{"type":"LineString","coordinates":[[-55.909,-25.826],[-56.082,-25.565],[-56.401,-25.566],[-56.436,-25.624],[-56.654,-25.691],[-56.683,-25.848],[-56.786,-25.849],[-56.672,-25.996],[-56.69,-26.087],[-56.634,-26.191]]}},{"type":"Feature","properties":{},"geometry":{"type":"LineString","coordinates":[[-73.48,42.055],[-72.813,42.039],[-72.797,42.005],[-72.749,42.038],[-71.802,42.028],[-71.792,41.419],[-71.835,41.406],[-71.844,41.321]]}},{"type":"Feature","properties":{},"geometry":{"type":"LineString","coordinates":[[-54.463,-31.673],[-54.584,-31.982],[-54.537,-32.007],[-54.574,-32.098],[-54.763,-32.114],[-54.853,-32.331],[-55.076,-32.486],[-55.22,-32.458],[-55.356,-32.504],[-55.444,-32.441]]}},{"type":"Feature","properties":{},"geometry":{"type":"LineString","coordinates":[[-73.48,42.055],[-72.813,42.039],[-72.797,42.005],[-72.749,42.038],[-71.802,42.028],[-71.792,41.419],[-71.835,41.406],[-71.844,41.321]]}},{"type":"Feature","properties":{},"geometry":{"type":"LineString","coordinates":[[-56.292,-23.331],[-56.151,-23.298],[-56.002,-23.514],[-55.922,-23.512],[-56.011,-23.824],[-55.885,-23.815],[-55.773,-23.73],[-55.758,-23.636],[-55.503,-23.38]]}},{"type":"Feature","properties":{},"geometry":{"type":"LineString","coordinates":[[-86.504,11.764],[-85.887,12.313]]}},{"type":"Feature","properties":{},"geometry":{"type":"LineString","coordinates":[[-89.397,15.861],[-89.667,15.562],[-89.586,15.486],[-89.652,15.384],[-89.606,15.18]]}},{"type":"Feature","properties":{},"geometry":{"type":"LineString","coordinates":[[-88.092,13.167],[-88.085,13.268],[-88.041,13.251],[-88.025,13.298],[-88.017,13.54],[-87.941,13.687],[-87.953,13.896]]}},{"type":"Feature","properties":{},"geometry":{"type":"LineString","coordinates":[[-71.682,-39.567],[-71.705,-39.492],[-71.928,-39.418],[-72.112,-39.409],[-72.32,-39.5],[-72.549,-39.436],[-72.743,-39.44],[-72.833,-39.381],[-72.85,-39.289],[-73.002,-39.29],[-73.121,-39.397],[-73.245,-39.386]]}},{"type":"Feature","properties":{},"geometry":{"type":"LineString","coordinates":[[-89.608,13.514],[-89.436,13.763],[-89.571,13.843],[-89.606,13.803],[-89.654,13.892],[-89.719,13.908]]}},{"type":"Feature","properties":{},"geometry":{"type":"LineString","coordinates":[[-89.973,15.157],[-89.915,15.246],[-89.946,15.288],[-90.244,15.298],[-90.309,15.205],[-90.497,15.263]]}},{"type":"Feature","properties":{},"geometry":{"type":"LineString","coordinates":[[-68.675,-12.499],[-68.568,-12.406],[-68.472,-12.416],[-68.4,-12.257],[-68.255,-12.167],[-68.203,-12.01],[-68.03,-11.979],[-67.971,-11.904],[-66.833,-12.429]]}},{"type":"Feature","properties":{},"geometry":{"type":"LineString","coordinates":[[-73.957,-12.277],[-73.709,-12.24],[-73.632,-12.185],[-73.487,-11.74],[-73.691,-11.644],[-73.523,-11.507],[-73.436,-11.323]]}},{"type":"Feature","properties":{},"geometry":{"type":"LineString","coordinates":[[-104.592,19.149],[-104.54,19.254],[-104.473,19.23],[-104.429,19.285],[-104.314,19.288],[-104.129,19.383],[-104.147,19.464],[-104.068,19.518],[-103.823,19.393],[-103.644,19.48],[-103.492,19.325],[-103.525,19.073],[-103.477,18.966]]}},{"type":"Feature","properties":{},"geometry":{"type":"LineString","coordinates":[[-79.164,-1.197],[-78.99,-1.226],[-78.891,-1.299],[-78.867,-1.08],[-78.683,-1.136],[-78.472,-1.063],[-78.411,-1.018],[-78.465,-0.934],[-78.332,-0.771],[-78.441,-0.667]]}},{"type":"Feature","properties":{},"geometry":{"type":"LineString","coordinates":[[-91.469,14.74],[-91.429,14.824],[-91.468,14.909],[-91.542,14.934],[-91.597,15.123],[-91.325,15.263]]}},{"type":"Feature","properties":{},"geometry":{"type":"LineString","coordinates":[[-87.199,13.659],[-87.346,13.681],[-87.38,13.756],[-87.426,13.739],[-87.438,13.652],[-87.338,13.525],[-87.324,13.428],[-87.38,13.374]]}},{"type":"Feature","properties":{},"geometry":{"type":"LineString","coordinates":[[-56.543,-26.116],[-56.381,-26.133],[-56.37,-26.004],[-56.319,-25.954],[-56.147,-25.999],[-56.049,-25.894],[-55.769,-25.782],[-55.754,-25.721],[-55.666,-25.732],[-55.628,-25.647],[-55.553,-25.628],[-55.452,-25.513]]}},{"type":"Feature","properties":{},"geometry":{"type":"LineString","coordinates":[[-73.255,42.752],[-73.511,42.079],[-73.481,42.055],[-73.552,41.307],[-73.485,41.216],[-73.725,41.103],[-73.646,41.011]]}},{"type":"Feature","properties":{},"geometry":{"type":"LineString","coordinates":[[-73.255,42.752],[-73.511,42.079],[-73.481,42.055],[-73.552,41.307],[-73.485,41.216],[-73.725,41.103],[-73.646,41.011]]}},{"type":"Feature","properties":{},"geometry":{"type":"LineString","coordinates":[[-54.734,4.888],[-54.784,4.961],[-54.868,4.98],[-54.897,5.157],[-54.985,5.213],[-54.893,5.353],[-54.864,5.73],[-54.995,5.728],[-55.121,5.796],[-55.124,5.885]]}},{"type":"Feature","properties":{},"geometry":{"type":"LineString","coordinates":[[-72.191,-37.187],[-72.106,-37.104],[-72.123,-37.067],[-72.375,-36.886],[-72.544,-36.905],[-72.614,-36.823],[-72.445,-36.629],[-72.723,-36.404],[-72.87,-36.372]]}},{"type":"Feature","properties":{},"geometry":{"type":"LineString","coordinates":[[-73.754,-13.77],[-73.686,-13.742],[-73.822,-13.571],[-73.852,-13.352],[-73.803,-13.206],[-73.482,-13.44],[-73.256,-13.479],[-73.222,-13.42]]}},{"type":"Feature","properties":{},"geometry":{"type":"LineString","coordinates":[[-86.044,13.504],[-86.049,13.589],[-86.309,13.585],[-86.402,13.626],[-86.506,13.613],[-86.684,13.455],[-86.726,13.464]]}},{"type":"Feature","properties":{},"geometry":{"type":"LineString","coordinates":[[-74.701,41.355],[-73.892,40.984],[-74.022,40.698],[-74.19,40.638],[-74.246,40.495],[-73.901,40.499]]}},{"type":"Feature","properties":{},"geometry":{"type":"LineString","coordinates":[[-74.701,41.355],[-73.892,40.984],[-74.022,40.698],[-74.19,40.638],[-74.246,40.495],[-73.901,40.499]]}},{"type":"Feature","properties":{},"geometry":{"type":"LineString","coordinates":[[-71.346,8.966],[-71.669,8.73],[-71.721,8.616],[-71.81,8.618],[-71.805,8.663],[-71.856,8.671],[-72.038,8.486],[-72.175,8.46],[-72.238,8.391],[-72.274,8.545],[-72.428,8.391]]}},{"type":"Feature","properties":{},"geometry":{"type":"LineString","coordinates":[[-75.749,-48.82],[-75.261,-48.732],[-75.056,-48.621],[-74.622,-48.703],[-74.125,-48.721],[-73.166,-49.253]]}},{"type":"Feature","properties":{},"geometry":{"type":"LineString","coordinates":[[-64.973,-38.808],[-64.249,-38.911],[-63.997,-39.004],[-63.507,-39.314],[-63.387,-39.326]]}},{"type":"Feature","properties":{},"geometry":{"type":"LineString","coordinates":[[-79.344,-7.011],[-79.337,-7.214],[-79.388,-7.332],[-79.106,-7.472],[-79.067,-7.66],[-79.002,-7.708],[-78.923,-7.597],[-78.781,-7.552],[-78.705,-7.587]]}},{"type":"Feature","properties":{},"geometry":{"type":"LineString","coordinates":[[-67.594,-14.657],[-67.35,-14.878],[-67.323,-15.238],[-67.214,-15.489],[-67.111,-15.555],[-66.961,-15.821],[-67.072,-15.917]]}},{"type":"Feature","properties":{},"geometry":{"type":"LineString","coordinates":[[-85.515,13.341],[-85.233,13.134],[-85.194,13.009],[-85.217,12.866],[-85.115,12.779]]}},{"type":"Feature","properties":{},"geometry":{"type":"LineString","coordinates":[[-88.009,13.551],[-88.207,13.593],[-88.259,13.683],[-88.204,13.758],[-88.26,13.803],[-88.259,13.905]]}},{"type":"Feature","properties":{},"geometry":{"type":"LineString","coordinates":[[-79.622,0.078],[-79.621,-0.05],[-79.498,-0.24],[-79.634,-0.385],[-79.63,-0.451],[-79.542,-0.508],[-79.687,-0.87],[-79.553,-0.916]]}},{"type":"Feature","properties":{},"geometry":{"type":"LineString","coordinates":[[-70.696,10.309],[-70.752,10.191],[-70.91,10.071],[-70.69,9.893],[-70.696,9.746],[-70.736,9.766],[-70.847,9.599],[-71.061,9.617]]}},{"type":"Feature","properties":{},"geometry":{"type":"LineString","coordinates":[[-90.765,14.777],[-90.772,14.671],[-90.89,14.486],[-90.826,14.404],[-90.734,14.473],[-90.651,14.468]]}},{"type":"Feature","properties":{},"geometry":{"type":"LineString","coordinates":[[-86.25,13.351],[-86.517,13.446],[-86.699,13.206],[-86.745,13.261]]}},{"type":"Feature","properties":{},"geometry":{"type":"LineString","coordinates":[[-96.999,47.917],[-97.131,48.15],[-97.155,48.546],[-97.092,48.656],[-97.221,48.998]]}},{"type":"Feature","properties":{},"geometry":{"type":"LineString","coordinates":[[-79.509,-3.327],[-79.512,-3.552],[-79.378,-3.694],[-79.421,-3.827],[-79.484,-3.845],[-79.579,-3.789],[-80.148,-3.88]]}},{"type":"Feature","properties":{},"geometry":{"type":"LineString","coordinates":[[-96.999,47.917],[-97.131,48.15],[-97.155,48.547],[-97.092,48.656],[-97.221,48.998]]}},{"type":"Feature","properties":{},"geometry":{"type":"LineString","coordinates":[[-70.32,-32.264],[-70.436,-32.27],[-70.474,-32.181],[-70.626,-32.154],[-70.742,-32.033],[-71.029,-32.031],[-71.144,-32.143],[-71.254,-32.132],[-71.359,-32.184],[-71.483,-32.15],[-71.539,-32.189]]}},{"type":"Feature","properties":{},"geometry":{"type":"LineString","coordinates":[[-74.678,5.776],[-74.743,5.682],[-74.831,5.729],[-75.019,5.706],[-75.251,5.464],[-75.376,5.664],[-75.609,5.73]]}},{"type":"Feature","properties":{},"geometry":{"type":"LineString","coordinates":[[-89.955,13.664],[-89.909,13.71],[-89.821,13.677],[-89.778,13.89],[-89.719,13.909],[-89.694,13.981],[-89.74,14.041]]}},{"type":"Feature","properties":{},"geometry":{"type":"LineString","coordinates":[[-82.815,34.358],[-82.731,34.169],[-82.559,33.959],[-82.3,33.805],[-82.205,33.659]]}},{"type":"Feature","properties":{},"geometry":{"type":"LineString","coordinates":[[-78.422,-3.789],[-78.579,-3.755],[-78.763,-3.785],[-78.836,-3.7],[-78.839,-3.561],[-78.962,-3.32],[-79.061,-3.414],[-79.094,-3.626]]}},{"type":"Feature","properties":{},"geometry":{"type":"LineString","coordinates":[[-82.815,34.358],[-82.731,34.169],[-82.559,33.959],[-82.3,33.805],[-82.205,33.659]]}},{"type":"Feature","properties":{},"geometry":{"type":"LineString","coordinates":[[-88.163,17.951],[-88.545,17.901],[-88.566,17.685],[-88.644,17.62],[-88.638,17.465]]}},{"type":"Feature","properties":{},"geometry":{"type":"LineString","coordinates":[[-90.983,17.82],[-90.983,17.968],[-91.189,17.976],[-91.454,18.099],[-91.609,18.097],[-91.626,17.951],[-91.855,17.951],[-91.979,18.018],[-92.158,18.157],[-92.153,18.512],[-92.422,18.513],[-92.481,18.655]]}},{"type":"Feature","properties":{},"geometry":{"type":"LineString","coordinates":[[-80.713,7.519],[-80.56,7.711],[-80.585,7.828],[-80.382,8]]}},{"type":"Feature","properties":{},"geometry":{"type":"LineString","coordinates":[[-71.017,-36.476],[-71.122,-36.367],[-71.251,-36.532],[-71.299,-36.534],[-71.457,-36.415],[-71.714,-36.341],[-71.791,-36.242],[-71.975,-36.244],[-72.089,-36.118]]}},{"type":"Feature","properties":{},"geometry":{"type":"LineString","coordinates":[[-72.908,10.427],[-73.129,10.408],[-73.194,10.447],[-73.097,10.544],[-73.1,10.67],[-73.269,10.746],[-73.284,10.855],[-73.577,10.868],[-73.628,10.918]]}},{"type":"Feature","properties":{},"geometry":{"type":"LineString","coordinates":[[-70.182,9.008],[-70.428,9.024],[-70.532,8.955],[-70.58,9.041],[-70.686,8.98],[-70.868,9.135],[-70.905,9.274],[-71.056,9.354]]}},{"type":"Feature","properties":{},"geometry":{"type":"LineString","coordinates":[[-76.257,17.996],[-76.524,18.02],[-76.632,18.074],[-76.614,17.98],[-76.657,17.93]]}},{"type":"Feature","properties":{},"geometry":{"type":"LineString","coordinates":[[-41.009,-5.382],[-40.913,-5.238],[-41.017,-4.92],[-40.985,-4.814],[-41.037,-4.574],[-40.985,-4.434],[-41.074,-4.326]]}},{"type":"Feature","properties":{},"geometry":{"type":"LineString","coordinates":[[-90.391,14.89],[-90.417,14.859],[-90.348,14.853],[-90.332,14.741],[-90.209,14.673],[-90.285,14.515]]}},{"type":"Feature","properties":{},"geometry":{"type":"LineString","coordinates":[[-67.221,10.415],[-67.165,10.448],[-67.053,10.394],[-66.9,10.412],[-66.858,10.548],[-66.625,10.534],[-66.589,10.567],[-66.324,10.526],[-66.31,10.625]]}},{"type":"Feature","properties":{},"geometry":{"type":"LineString","coordinates":[[-59.154,6.984],[-59.178,6.874],[-59.064,6.832],[-58.977,6.863],[-58.904,6.761],[-58.862,6.856],[-58.758,6.856],[-58.489,6.984],[-58.445,7.066],[-58.468,7.13]]}},{"type":"Feature","properties":{},"geometry":{"type":"LineString","coordinates":[[-68.372,9.99],[-68.426,10.172],[-68.362,10.254],[-68.391,10.486],[-68.363,10.549],[-68.256,10.593],[-68.488,10.631],[-68.634,10.761],[-68.887,10.662]]}},{"type":"Feature","properties":{},"geometry":{"type":"LineString","coordinates":[[-88.704,14.54],[-88.869,14.517],[-89.011,14.729],[-89.131,14.715]]}},{"type":"Feature","properties":{},"geometry":{"type":"LineString","coordinates":[[-86.025,12.153],[-85.959,12.101],[-86.104,11.791],[-86.094,11.611],[-86.176,11.519]]}},{"type":"Feature","properties":{},"geometry":{"type":"LineString","coordinates":[[-89.429,17.819],[-89.418,19.652],[-90.028,20.494],[-90.065,20.443],[-90.227,20.49],[-90.207,20.558],[-90.378,20.554],[-90.373,20.863],[-90.406,20.864]]}},{"type":"Feature","properties":{},"geometry":{"type":"LineString","coordinates":[[-71.759,-42],[-65.067,-41.999]]}},{"type":"Feature","properties":{},"geometry":{"type":"LineString","coordinates":[[-63.397,-25.657],[-62.334,-24.403],[-62.341,-22.47]]}},{"type":"Feature","properties":{},"geometry":{"type":"LineString","coordinates":[[-56.462,-33.903],[-56.413,-34.105],[-56.448,-34.168],[-56.422,-34.306],[-56.474,-34.356],[-56.392,-34.512],[-56.473,-34.597],[-56.464,-34.661],[-56.362,-34.737],[-56.367,-34.796]]}},{"type":"Feature","properties":{},"geometry":{"type":"LineString","coordinates":[[-76.107,4.982],[-76.298,5.298],[-76.273,5.381],[-76.056,5.495],[-75.997,5.5],[-75.946,5.421],[-75.816,5.466]]}},{"type":"Feature","properties":{},"geometry":{"type":"LineString","coordinates":[[-87.599,45.102],[-87.459,45.071],[-87.416,45.207],[-87.293,45.253],[-87.105,45.448],[-86.761,45.455],[-86.272,45.251]]}},{"type":"Feature","properties":{},"geometry":{"type":"LineString","coordinates":[[-87.599,45.102],[-87.459,45.071],[-87.416,45.207],[-87.293,45.253],[-87.105,45.448],[-86.761,45.455],[-86.272,45.251]]}},{"type":"Feature","properties":{},"geometry":{"type":"LineString","coordinates":[[-88.896,13.663],[-88.891,13.601],[-88.832,13.603],[-88.824,13.456],[-88.781,13.412],[-88.832,13.258]]}},{"type":"Feature","properties":{},"geometry":{"type":"LineString","coordinates":[[-71.037,2.684],[-70.833,2.303],[-70.72,2.233],[-70.619,2.274],[-70.561,2.208],[-70.544,2.103],[-70.697,2.032],[-70.72,1.914]]}},{"type":"Feature","properties":{},"geometry":{"type":"LineString","coordinates":[[-58.132,5.981],[-57.949,5.942],[-57.85,5.839],[-57.73,5.866],[-57.717,6.053],[-57.638,6.081],[-57.601,6.231],[-57.523,6.227]]}},{"type":"Feature","properties":{},"geometry":{"type":"LineString","coordinates":[[-91.586,15.21],[-91.717,15.353],[-91.852,15.365],[-92.055,15.278],[-92.067,15.41],[-92.108,15.438]]}},{"type":"Feature","properties":{},"geometry":{"type":"LineString","coordinates":[[-55.124,-33.381],[-54.83,-33.334],[-54.496,-33.452],[-54.311,-33.346],[-54.13,-33.464]]}},{"type":"Feature","properties":{},"geometry":{"type":"LineString","coordinates":[[-56.322,-31.751],[-56.244,-31.916],[-56.294,-31.946],[-56.353,-32.223],[-56.527,-32.388],[-56.596,-32.65]]}},{"type":"Feature","properties":{},"geometry":{"type":"LineString","coordinates":[[-84.997,15.991],[-84.984,14.742]]}},{"type":"Feature","properties":{},"geometry":{"type":"LineString","coordinates":[[-88.643,14.922],[-88.689,14.969],[-88.618,15.088],[-88.758,15.295]]}},{"type":"Feature","properties":{},"geometry":{"type":"LineString","coordinates":[[-98.616,22.417],[-98.49,22.44],[-98.314,22.398],[-98.293,22.469],[-98.193,22.471],[-98.102,22.383],[-97.905,22.32],[-97.926,22.272],[-97.874,22.219],[-97.777,22.268]]}},{"type":"Feature","properties":{},"geometry":{"type":"LineString","coordinates":[[-88.992,13.662],[-88.901,13.659],[-88.851,13.748],[-88.976,13.885],[-88.939,13.943]]}},{"type":"Feature","properties":{},"geometry":{"type":"LineString","coordinates":[[-70.387,10.52],[-70.561,10.534],[-70.627,10.464],[-70.956,10.456],[-71.08,10.628],[-71.074,10.748],[-71.281,10.989]]}},{"type":"Feature","properties":{},"geometry":{"type":"LineString","coordinates":[[-78.557,-2.626],[-78.641,-2.75],[-78.623,-3.048],[-78.791,-3.137],[-78.963,-3.319]]}},{"type":"Feature","properties":{},"geometry":{"type":"LineString","coordinates":[[-77.466,18.47],[-77.493,18.188],[-77.38,17.976],[-77.359,17.898],[-77.396,17.851]]}},{"type":"Feature","properties":{},"geometry":{"type":"LineString","coordinates":[[-84.158,10.784],[-84.2,9.957]]}},{"type":"Feature","properties":{},"geometry":{"type":"LineString","coordinates":[[-57.508,-25.984],[-57.369,-25.866],[-57.406,-25.679],[-57.257,-25.684],[-57.18,-25.587],[-57.256,-25.445],[-57.154,-25.436]]}},{"type":"Feature","properties":{},"geometry":{"type":"LineString","coordinates":[[-94.044,33.012],[-91.181,33.012]]}},{"type":"Feature","properties":{},"geometry":{"type":"LineString","coordinates":[[-94.044,33.012],[-91.181,33.012]]}},{"type":"Feature","properties":{},"geometry":{"type":"LineString","coordinates":[[-93.867,17.15],[-93.909,16.882],[-94.041,16.801],[-94.036,16.653],[-94.124,16.504],[-94.036,16.283],[-94.093,16.104],[-94.066,16.043]]}},{"type":"Feature","properties":{},"geometry":{"type":"LineString","coordinates":[[-86.643,13.061],[-86.426,13.059],[-86.258,12.904]]}},{"type":"Feature","properties":{},"geometry":{"type":"LineString","coordinates":[[-89.022,13.706],[-89.137,13.873],[-89.142,14.067]]}},{"type":"Feature","properties":{},"geometry":{"type":"LineString","coordinates":[[-70.752,-32.925],[-70.786,-32.834],[-71.037,-32.779],[-71.079,-32.583],[-71.201,-32.586],[-71.35,-32.67],[-71.444,-32.624]]}},{"type":"Feature","properties":{},"geometry":{"type":"LineString","coordinates":[[-85.062,31.627],[-85.037,31.531],[-85.103,31.204],[-84.964,30.918]]}},{"type":"Feature","properties":{},"geometry":{"type":"LineString","coordinates":[[-71.936,7.011],[-72.056,6.723],[-72.05,6.548],[-72.263,6.431],[-72.336,6.341]]}},{"type":"Feature","properties":{},"geometry":{"type":"LineString","coordinates":[[-54.483,-33.926],[-54.46,-34.078],[-54.49,-34.386],[-54.537,-34.403],[-54.496,-34.55],[-54.531,-34.806]]}},{"type":"Feature","properties":{},"geometry":{"type":"LineString","coordinates":[[-85.062,31.627],[-85.037,31.531],[-85.103,31.204],[-84.964,30.918]]}},{"type":"Feature","properties":{},"geometry":{"type":"LineString","coordinates":[[-89.735,14.779],[-89.669,14.905],[-89.516,14.862],[-89.442,14.919],[-89.295,14.902],[-89.219,14.951],[-89.186,14.907]]}},{"type":"Feature","properties":{},"geometry":{"type":"LineString","coordinates":[[-78.647,-2.32],[-78.557,-2.321],[-78.523,-2.237],[-78.563,-1.946],[-78.436,-1.855],[-78.469,-1.763],[-78.42,-1.575]]}},{"type":"Feature","properties":{},"geometry":{"type":"LineString","coordinates":[[-79.415,-4.828],[-79.471,-4.971],[-79.398,-5.055],[-79.316,-5.502],[-79.381,-5.487],[-79.406,-5.531]]}},{"type":"Feature","properties":{},"geometry":{"type":"LineString","coordinates":[[-86.094,11.61],[-86.006,11.68],[-85.756,11.723]]}},{"type":"Feature","properties":{},"geometry":{"type":"LineString","coordinates":[[-92.121,44.42],[-91.947,44.334],[-91.805,44.154],[-91.349,43.918]]}},{"type":"Feature","properties":{},"geometry":{"type":"LineString","coordinates":[[-92.121,44.42],[-91.947,44.334],[-91.805,44.154],[-91.349,43.918]]}},{"type":"Feature","properties":{},"geometry":{"type":"LineString","coordinates":[[-71.799,42.011],[-71.386,42.017],[-71.341,41.793],[-71.142,41.651],[-71.128,41.512]]}},{"type":"Feature","properties":{},"geometry":{"type":"LineString","coordinates":[[-71.799,42.011],[-71.386,42.017],[-71.341,41.793],[-71.142,41.651],[-71.128,41.512]]}},{"type":"Feature","properties":{},"geometry":{"type":"LineString","coordinates":[[-64.882,-29.557],[-64.966,-29.575],[-64.926,-29.864],[-65.145,-30.076],[-65.402,-30.14],[-65.767,-31.062],[-65.76,-31.884]]}},{"type":"Feature","properties":{},"geometry":{"type":"LineString","coordinates":[[-88.85,13.752],[-88.741,13.814],[-88.529,13.744]]}},{"type":"Feature","properties":{},"geometry":{"type":"LineString","coordinates":[[-87.442,13.679],[-87.608,13.741],[-87.609,13.829],[-87.687,13.854],[-87.695,13.818]]}},{"type":"Feature","properties":{},"geometry":{"type":"LineString","coordinates":[[-99.829,20.272],[-99.819,20.513],[-99.491,20.663],[-99.494,20.816],[-99.39,20.915],[-99.345,21.045],[-99.374,21.098],[-99.294,21.146]]}},{"type":"Feature","properties":{},"geometry":{"type":"LineString","coordinates":[[-58.895,-28],[-61.71,-28.001]]}},{"type":"Feature","properties":{},"geometry":{"type":"LineString","coordinates":[[-85.782,12.118],[-85.908,12.355],[-85.943,12.55]]}},{"type":"Feature","properties":{},"geometry":{"type":"LineString","coordinates":[[-83.466,41.738],[-84.799,41.699]]}},{"type":"Feature","properties":{},"geometry":{"type":"LineString","coordinates":[[-83.466,41.738],[-84.799,41.699]]}},{"type":"Feature","properties":{},"geometry":{"type":"LineString","coordinates":[[-87.844,14.412],[-87.823,14.439],[-87.955,14.609],[-88.057,14.629]]}},{"type":"Feature","properties":{},"geometry":{"type":"LineString","coordinates":[[-55.009,-33.025],[-55.15,-33.024],[-55.317,-32.901],[-55.32,-32.494]]}},{"type":"Feature","properties":{},"geometry":{"type":"LineString","coordinates":[[-68.642,-54.887],[-67.202,-54.919]]}},{"type":"Feature","properties":{},"geometry":{"type":"LineString","coordinates":[[-89.419,19.652],[-87.754,20.663],[-87.541,21.025],[-87.539,21.495]]}},{"type":"Feature","properties":{},"geometry":{"type":"LineString","coordinates":[[-57.981,5.935],[-57.759,6.262],[-57.739,6.545]]}},{"type":"Feature","properties":{},"geometry":{"type":"LineString","coordinates":[[-76.873,18.149],[-77.019,18.263],[-77.067,18.406]]}},{"type":"Feature","properties":{},"geometry":{"type":"LineString","coordinates":[[-103.632,26.667],[-103.955,27.871],[-103.292,28.994]]}},{"type":"Feature","properties":{},"geometry":{"type":"LineString","coordinates":[[-41.121,-4.177],[-41.124,-3.926],[-41.221,-3.719],[-41.387,-3.578]]}},{"type":"Feature","properties":{},"geometry":{"type":"LineString","coordinates":[[-80.745,8.621],[-80.732,8.735],[-80.87,8.876]]}},{"type":"Feature","properties":{},"geometry":{"type":"LineString","coordinates":[[-88.777,16.7],[-88.6,16.662],[-88.544,16.526],[-88.395,16.542]]}},{"type":"Feature","properties":{},"geometry":{"type":"LineString","coordinates":[[-86.834,34.999],[-84.584,35]]}},{"type":"Feature","properties":{},"geometry":{"type":"LineString","coordinates":[[-86.834,34.999],[-84.584,35]]}},{"type":"Feature","properties":{},"geometry":{"type":"LineString","coordinates":[[-63.949,10.083],[-64.037,10.133],[-64.154,10.079],[-64.349,10.089],[-64.535,10.252]]}},{"type":"Feature","properties":{},"geometry":{"type":"LineString","coordinates":[[-75.22,10.809],[-75.221,10.503],[-75.112,10.397],[-75.027,10.387],[-74.915,10.259]]}},{"type":"Feature","properties":{},"geometry":{"type":"LineString","coordinates":[[-91.164,43.079],[-91.167,43.164],[-91.08,43.292],[-91.209,43.361],[-91.27,43.724]]}},{"type":"Feature","properties":{},"geometry":{"type":"LineString","coordinates":[[-91.163,43.079],[-91.167,43.164],[-91.08,43.292],[-91.209,43.361],[-91.27,43.724]]}},{"type":"Feature","properties":{},"geometry":{"type":"LineString","coordinates":[[-87.735,15.016],[-87.73,14.957],[-87.967,14.82]]}},{"type":"Feature","properties":{},"geometry":{"type":"LineString","coordinates":[[-96.5,43.001],[-96.64,42.739],[-96.519,42.649],[-96.483,42.513]]}},{"type":"Feature","properties":{},"geometry":{"type":"LineString","coordinates":[[-96.5,43.001],[-96.64,42.739],[-96.519,42.649],[-96.483,42.513]]}},{"type":"Feature","properties":{},"geometry":{"type":"LineString","coordinates":[[-76.751,18.138],[-76.873,18.148],[-76.892,18.032],[-76.847,17.983]]}},{"type":"Feature","properties":{},"geometry":{"type":"LineString","coordinates":[[-90.301,35.002],[-88.191,35.003]]}},{"type":"Feature","properties":{},"geometry":{"type":"LineString","coordinates":[[-90.301,35.002],[-88.191,35.003]]}},{"type":"Feature","properties":{},"geometry":{"type":"LineString","coordinates":[[-89.686,14.578],[-89.673,14.542],[-89.807,14.524],[-89.885,14.436],[-89.945,14.474],[-90.053,14.434]]}},{"type":"Feature","properties":{},"geometry":{"type":"LineString","coordinates":[[-70.386,10.526],[-70.419,10.448],[-70.506,10.44],[-70.55,10.345],[-70.692,10.308],[-70.755,10.33],[-70.801,10.461]]}},{"type":"Feature","properties":{},"geometry":{"type":"LineString","coordinates":[[-55.62,-34.207],[-55.532,-34.401],[-55.545,-34.498],[-55.373,-34.808]]}},{"type":"Feature","properties":{},"geometry":{"type":"LineString","coordinates":[[-71.644,-45.999],[-67.585,-46]]}},{"type":"Feature","properties":{},"geometry":{"type":"LineString","coordinates":[[-86.549,12.306],[-86.478,12.211],[-86.67,12.001]]}},{"type":"Feature","properties":{},"geometry":{"type":"LineString","coordinates":[[-70.117,-16.976],[-69.926,-17.203],[-69.781,-17.236],[-69.733,-17.3],[-69.652,-17.287]]}},{"type":"Feature","properties":{},"geometry":{"type":"LineString","coordinates":[[-57.585,-26.5],[-57.678,-26.647],[-57.596,-26.859],[-57.309,-27.021],[-57.012,-27.292],[-57.156,-27.395],[-57.328,-27.396]]}},{"type":"Feature","properties":{},"geometry":{"type":"LineString","coordinates":[[-85.064,31.629],[-85.141,31.826],[-85.062,32.056]]}},{"type":"Feature","properties":{},"geometry":{"type":"LineString","coordinates":[[-63.387,-40.709],[-63.011,-40.803],[-62.777,-41.048]]}},{"type":"Feature","properties":{},"geometry":{"type":"LineString","coordinates":[[-85.064,31.629],[-85.141,31.826],[-85.062,32.056]]}},{"type":"Feature","properties":{},"geometry":{"type":"LineString","coordinates":[[-80.501,-4.054],[-80.677,-4.212],[-80.971,-4.162],[-81.061,-4.085]]}},{"type":"Feature","properties":{},"geometry":{"type":"LineString","coordinates":[[-70.343,9.834],[-70.392,9.895],[-70.523,9.888],[-70.634,10.038],[-70.69,9.893]]}},{"type":"Feature","properties":{},"geometry":{"type":"LineString","coordinates":[[-91.087,14.826],[-91.115,14.531]]}},{"type":"Feature","properties":{},"geometry":{"type":"LineString","coordinates":[[-90.209,14.674],[-89.835,14.876]]}},{"type":"Feature","properties":{},"geometry":{"type":"LineString","coordinates":[[-77.896,18.195],[-78,18.436]]}},{"type":"Feature","properties":{},"geometry":{"type":"LineString","coordinates":[[-67.216,-54.917],[-66.87,-54.992],[-66.372,-55.189]]}},{"type":"Feature","properties":{},"geometry":{"type":"LineString","coordinates":[[-65.628,-18.565],[-65.621,-18.468],[-65.685,-18.425],[-65.693,-18.351],[-65.342,-18.423]]}},{"type":"Feature","properties":{},"geometry":{"type":"LineString","coordinates":[[-114.584,35.341],[-114.575,35.155],[-114.635,35.131],[-114.634,35.041],[-114.622,34.885],[-114.558,34.811]]}},{"type":"Feature","properties":{},"geometry":{"type":"LineString","coordinates":[[-114.584,35.341],[-114.575,35.155],[-114.635,35.131],[-114.634,35.041],[-114.622,34.885],[-114.558,34.811]]}},{"type":"Feature","properties":{},"geometry":{"type":"LineString","coordinates":[[-77.692,0.559],[-77.784,0.339],[-77.989,0.103]]}},{"type":"Feature","properties":{},"geometry":{"type":"LineString","coordinates":[[-89.457,13.776],[-89.373,14.033]]}},{"type":"Feature","properties":{},"geometry":{"type":"LineString","coordinates":[[-79.681,-3.084],[-79.573,-2.893],[-79.507,-2.566],[-79.403,-2.525]]}},{"type":"Feature","properties":{},"geometry":{"type":"LineString","coordinates":[[-55.086,5.358],[-55.092,5.613],[-55.031,5.683],[-55.296,5.738],[-55.343,5.691]]}},{"type":"Feature","properties":{},"geometry":{"type":"LineString","coordinates":[[-103.348,18.974],[-103.492,18.968],[-103.611,18.89],[-103.631,18.792],[-103.746,18.687]]}},{"type":"Feature","properties":{},"geometry":{"type":"LineString","coordinates":[[-77.211,18.186],[-77.132,17.879]]}},{"type":"Feature","properties":{},"geometry":{"type":"LineString","coordinates":[[-56.77,-22.248],[-56.647,-22.752],[-56.706,-22.841],[-56.684,-22.88]]}},{"type":"Feature","properties":{},"geometry":{"type":"LineString","coordinates":[[-75.228,38.039],[-75.623,37.998],[-75.797,37.921],[-76.064,37.955]]}},{"type":"Feature","properties":{},"geometry":{"type":"LineString","coordinates":[[-56.544,-26.118],[-56.559,-26.177],[-56.625,-26.179],[-56.692,-26.257],[-56.85,-26.519]]}},{"type":"Feature","properties":{},"geometry":{"type":"LineString","coordinates":[[-75.228,38.039],[-75.623,37.998],[-75.797,37.921],[-76.064,37.955]]}},{"type":"Feature","properties":{},"geometry":{"type":"LineString","coordinates":[[-74.727,-15.092],[-74.953,-15.228],[-75.078,-15.442]]}},{"type":"Feature","properties":{},"geometry":{"type":"LineString","coordinates":[[-55.919,5.784],[-55.902,5.666],[-55.983,5.64],[-56.601,5.746],[-56.603,5.94]]}},{"type":"Feature","properties":{},"geometry":{"type":"LineString","coordinates":[[-67.214,45.183],[-67.144,45.16],[-66.972,44.849],[-66.902,44.807],[-66.941,44.769]]}},{"type":"Feature","properties":{},"geometry":{"type":"LineString","coordinates":[[-71.225,9.173],[-71.097,9.061],[-71.317,8.925],[-71.346,8.966],[-71.267,9.046],[-71.291,9.122]]}},{"type":"Feature","properties":{},"geometry":{"type":"LineString","coordinates":[[-101.9,18.261],[-102.146,18.174],[-102.18,17.922]]}},{"type":"Feature","properties":{},"geometry":{"type":"LineString","coordinates":[[-56.277,-22.681],[-56.493,-22.788],[-56.535,-22.875],[-56.692,-22.879]]}},{"type":"Feature","properties":{},"geometry":{"type":"LineString","coordinates":[[-59.988,5.002],[-58.369,5]]}},{"type":"Feature","properties":{},"geometry":{"type":"LineString","coordinates":[[-56.682,-27.372],[-56.699,-27.206],[-56.533,-27.097],[-56.62,-26.737]]}},{"type":"Feature","properties":{},"geometry":{"type":"LineString","coordinates":[[-55.309,5.327],[-55.279,5.625],[-55.336,5.657],[-55.35,5.759],[-55.293,5.928]]}},{"type":"Feature","properties":{},"geometry":{"type":"LineString","coordinates":[[-76.628,18.074],[-76.736,18.091],[-76.704,18.266]]}},{"type":"Feature","properties":{},"geometry":{"type":"LineString","coordinates":[[-56.362,-34.733],[-56.291,-34.715],[-56.227,-34.766],[-56.138,-34.72],[-56.036,-34.774],[-56.027,-34.892]]}},{"type":"Feature","properties":{},"geometry":{"type":"LineString","coordinates":[[-91.182,14.911],[-91.227,14.861],[-91.368,14.867],[-91.428,14.818]]}},{"type":"Feature","properties":{},"geometry":{"type":"LineString","coordinates":[[-55.627,-28.14],[-55.748,-28.056],[-55.836,-27.917],[-55.869,-27.725],[-56.014,-27.465],[-55.996,-27.344]]}},{"type":"Feature","properties":{},"geometry":{"type":"LineString","coordinates":[[-77.922,18.297],[-78.087,18.339],[-78.342,18.299]]}},{"type":"Feature","properties":{},"geometry":{"type":"LineString","coordinates":[[-89.144,13.489],[-89.132,13.599],[-89.064,13.638]]}},{"type":"Feature","properties":{},"geometry":{"type":"LineString","coordinates":[[-63.385,-35.002],[-65.087,-35.001]]}},{"type":"Feature","properties":{},"geometry":{"type":"LineString","coordinates":[[-114.205,28],[-112.724,27.999]]}},{"type":"Feature","properties":{},"geometry":{"type":"LineString","coordinates":[[-87.043,42.835],[-87.013,42.602],[-87.077,42.382]]}},{"type":"Feature","properties":{},"geometry":{"type":"LineString","coordinates":[[-87.043,42.835],[-87.013,42.602],[-87.077,42.382]]}},{"type":"Feature","properties":{},"geometry":{"type":"LineString","coordinates":[[-92.126,44.421],[-92.255,44.459],[-92.363,44.558],[-92.595,44.613]]}},{"type":"Feature","properties":{},"geometry":{"type":"LineString","coordinates":[[-66.085,48.022],[-66.424,48.096],[-66.605,48.029]]}},{"type":"Feature","properties":{},"geometry":{"type":"LineString","coordinates":[[-92.126,44.421],[-92.255,44.459],[-92.363,44.558],[-92.596,44.613]]}},{"type":"Feature","properties":{},"geometry":{"type":"LineString","coordinates":[[-66.085,48.022],[-66.424,48.096],[-66.605,48.029]]}},{"type":"Feature","properties":{},"geometry":{"type":"LineString","coordinates":[[-114.81,32.508],[-114.937,32.473],[-115.042,32.254]]}},{"type":"Feature","properties":{},"geometry":{"type":"LineString","coordinates":[[-88.287,17.961],[-88.435,18.087],[-88.474,18.187],[-88.6,18.236]]}},{"type":"Feature","properties":{},"geometry":{"type":"LineString","coordinates":[[-41.411,-3.52],[-41.329,-3.526],[-41.306,-3.473],[-41.307,-3.376],[-41.386,-3.369],[-41.405,-3.296]]}},{"type":"Feature","properties":{},"geometry":{"type":"LineString","coordinates":[[-77.641,18.221],[-77.566,17.858]]}},{"type":"Feature","properties":{},"geometry":{"type":"LineString","coordinates":[[-69.626,9.568],[-69.447,9.555],[-69.358,9.699]]}},{"type":"Feature","properties":{},"geometry":{"type":"LineString","coordinates":[[-75.634,-12.981],[-75.612,-12.871],[-75.503,-12.785],[-75.468,-12.682]]}},{"type":"Feature","properties":{},"geometry":{"type":"LineString","coordinates":[[-70.649,10.323],[-70.661,10.268],[-70.578,10.226],[-70.608,10.01]]}},{"type":"Feature","properties":{},"geometry":{"type":"LineString","coordinates":[[-75.404,4.676],[-75.571,4.728],[-75.74,4.715]]}},{"type":"Feature","properties":{},"geometry":{"type":"LineString","coordinates":[[-99.285,19.142],[-99.032,19.061],[-98.963,19.088]]}},{"type":"Feature","properties":{},"geometry":{"type":"LineString","coordinates":[[-58.254,6.528],[-58.175,6.673],[-58.174,6.812]]}},{"type":"Feature","properties":{},"geometry":{"type":"LineString","coordinates":[[-86.609,45.023],[-86.795,44.756]]}},{"type":"Feature","properties":{},"geometry":{"type":"LineString","coordinates":[[-99.29,21.146],[-99.219,21.113],[-99.065,21.182],[-99.034,21.158]]}},{"type":"Feature","properties":{},"geometry":{"type":"LineString","coordinates":[[-86.609,45.023],[-86.795,44.756]]}},{"type":"Feature","properties":{},"geometry":{"type":"LineString","coordinates":[[-87.171,43.513],[-87.151,43.208]]}},{"type":"Feature","properties":{},"geometry":{"type":"LineString","coordinates":[[-87.171,43.513],[-87.151,43.208]]}},{"type":"Feature","properties":{},"geometry":{"type":"LineString","coordinates":[[-115.017,31.965],[-114.999,32.136],[-115.042,32.252]]}},{"type":"Feature","properties":{},"geometry":{"type":"LineString","coordinates":[[-70.892,9.189],[-71.042,9.098],[-71.214,9.209]]}},{"type":"Feature","properties":{},"geometry":{"type":"LineString","coordinates":[[-77.977,-7.031],[-77.777,-7.067],[-77.733,-7.122]]}},{"type":"Feature","properties":{},"geometry":{"type":"LineString","coordinates":[[-77.039,38.79],[-76.902,38.893],[-77.039,38.995],[-77.121,38.943]]}},{"type":"Feature","properties":{},"geometry":{"type":"LineString","coordinates":[[-77.039,38.79],[-76.902,38.893],[-77.039,38.995],[-77.121,38.943]]}},{"type":"Feature","properties":{},"geometry":{"type":"LineString","coordinates":[[-48.424,-24.953],[-48.269,-25.04],[-48.231,-25.017]]}},{"type":"Feature","properties":{},"geometry":{"type":"LineString","coordinates":[[-43.881,-14.573],[-43.788,-14.346]]}},{"type":"Feature","properties":{},"geometry":{"type":"LineString","coordinates":[[-68.655,10.733],[-68.652,10.632],[-68.259,10.59]]}},{"type":"Feature","properties":{},"geometry":{"type":"LineString","coordinates":[[-64.043,45.989],[-64.155,45.969],[-64.273,45.829]]}},{"type":"Feature","properties":{},"geometry":{"type":"LineString","coordinates":[[-64.043,45.989],[-64.155,45.969],[-64.273,45.829]]}},{"type":"Feature","properties":{},"geometry":{"type":"LineString","coordinates":[[-78.244,-1.164],[-78.199,-1.42]]}},{"type":"Feature","properties":{},"geometry":{"type":"LineString","coordinates":[[-92.817,44.752],[-92.591,44.611]]}},{"type":"Feature","properties":{},"geometry":{"type":"LineString","coordinates":[[-92.817,44.752],[-92.591,44.611]]}},{"type":"Feature","properties":{},"geometry":{"type":"LineString","coordinates":[[-86.074,11.856],[-86.282,11.949]]}},{"type":"Feature","properties":{},"geometry":{"type":"LineString","coordinates":[[-70.957,9.292],[-71.066,9.132]]}},{"type":"Feature","properties":{},"geometry":{"type":"LineString","coordinates":[[-79.546,51.459],[-79.539,51.192]]}},{"type":"Feature","properties":{},"geometry":{"type":"LineString","coordinates":[[-79.546,51.459],[-79.539,51.192]]}},{"type":"Feature","properties":{},"geometry":{"type":"LineString","coordinates":[[-64.873,60.398],[-64.522,60.305]]}},{"type":"Feature","properties":{},"geometry":{"type":"LineString","coordinates":[[-64.873,60.398],[-64.522,60.305]]}},{"type":"Feature","properties":{},"geometry":{"type":"LineString","coordinates":[[-89.902,47.39],[-90.048,47.159]]}},{"type":"Feature","properties":{},"geometry":{"type":"LineString","coordinates":[[-89.902,47.39],[-90.048,47.159]]}},{"type":"Feature","properties":{},"geometry":{"type":"LineString","coordinates":[[-86.972,44.298],[-87.036,44.089]]}},{"type":"Feature","properties":{},"geometry":{"type":"LineString","coordinates":[[-88.753,13.993],[-88.661,14.014]]}},{"type":"Feature","properties":{},"geometry":{"type":"LineString","coordinates":[[-86.972,44.298],[-87.036,44.089]]}},{"type":"Feature","properties":{},"geometry":{"type":"LineString","coordinates":[[-103,36.5],[-103.001,36.999]]}},{"type":"Feature","properties":{},"geometry":{"type":"LineString","coordinates":[[-94.618,36.5],[-94.618,37]]}},{"type":"Feature","properties":{},"geometry":{"type":"LineString","coordinates":[[-69.95,-4.221],[-69.975,-4.307],[-70.035,-4.336]]}},{"type":"Feature","properties":{},"geometry":{"type":"LineString","coordinates":[[-103,36.5],[-103.001,36.999]]}},{"type":"Feature","properties":{},"geometry":{"type":"LineString","coordinates":[[-91.262,43.784],[-91.348,43.92]]}},{"type":"Feature","properties":{},"geometry":{"type":"LineString","coordinates":[[-91.262,43.784],[-91.348,43.92]]}},{"type":"Feature","properties":{},"geometry":{"type":"LineString","coordinates":[[-87.078,41.77],[-87.342,41.764]]}},{"type":"Feature","properties":{},"geometry":{"type":"LineString","coordinates":[[-63.868,46.254],[-63.671,46.168]]}},{"type":"Feature","properties":{},"geometry":{"type":"LineString","coordinates":[[-63.868,46.254],[-63.671,46.168]]}},{"type":"Feature","properties":{},"geometry":{"type":"LineString","coordinates":[[-87.078,41.77],[-87.342,41.764]]}},{"type":"Feature","properties":{},"geometry":{"type":"LineString","coordinates":[[-79.384,-0.911],[-79.551,-0.915]]}},{"type":"Feature","properties":{},"geometry":{"type":"LineString","coordinates":[[-62.681,45.799],[-62.497,45.779]]}},{"type":"Feature","properties":{},"geometry":{"type":"LineString","coordinates":[[-90.508,47.304],[-90.763,47.256]]}},{"type":"Feature","properties":{},"geometry":{"type":"LineString","coordinates":[[-90.508,47.304],[-90.763,47.256]]}},{"type":"Feature","properties":{},"geometry":{"type":"LineString","coordinates":[[-62.681,45.799],[-62.497,45.779]]}},{"type":"Feature","properties":{},"geometry":{"type":"LineString","coordinates":[[-91.275,47.03],[-91.509,46.923]]}},{"type":"Feature","properties":{},"geometry":{"type":"LineString","coordinates":[[-91.276,47.03],[-91.509,46.923]]}},{"type":"Feature","properties":{},"geometry":{"type":"LineString","coordinates":[[-89.508,48.004],[-89.595,47.861]]}},{"type":"Feature","properties":{},"geometry":{"type":"LineString","coordinates":[[-85.164,11.04],[-85.171,11.101]]}},{"type":"Feature","properties":{},"geometry":{"type":"LineString","coordinates":[[-89.508,48.004],[-89.595,47.861]]}},{"type":"Feature","properties":{},"geometry":{"type":"LineString","coordinates":[[-87.041,42.49],[-87.232,42.491]]}},{"type":"Feature","properties":{},"geometry":{"type":"LineString","coordinates":[[-87.041,42.49],[-87.232,42.491]]}},{"type":"Feature","properties":{},"geometry":{"type":"LineString","coordinates":[[-114.559,34.808],[-114.487,34.736]]}},{"type":"Feature","properties":{},"geometry":{"type":"LineString","coordinates":[[-77.989,0.103],[-78.003,0.194]]}},{"type":"Feature","properties":{},"geometry":{"type":"LineString","coordinates":[[-75.14,19.963],[-75.087,19.966],[-75.085,19.893]]}},{"type":"Feature","properties":{},"geometry":{"type":"LineString","coordinates":[[-56.661,-25.695],[-56.752,-25.65]]}},{"type":"Feature","properties":{},"geometry":{"type":"LineString","coordinates":[[-114.559,34.808],[-114.487,34.736]]}},{"type":"Feature","properties":{},"geometry":{"type":"LineString","coordinates":[[-75.225,19.901],[-75.159,19.962]]}},{"type":"Feature","properties":{},"geometry":{"type":"LineString","coordinates":[[-89.963,47.291],[-90.092,47.292]]}},{"type":"Feature","properties":{},"geometry":{"type":"LineString","coordinates":[[-89.963,47.291],[-90.092,47.292]]}},{"type":"Feature","properties":{},"geometry":{"type":"LineString","coordinates":[[-87.217,41.842],[-87.234,41.768]]}},{"type":"Feature","properties":{},"geometry":{"type":"LineString","coordinates":[[-87.469,41.768],[-87.533,41.74]]}},{"type":"Feature","properties":{},"geometry":{"type":"LineString","coordinates":[[-87.469,41.768],[-87.533,41.74]]}},{"type":"Feature","properties":{},"geometry":{"type":"LineString","coordinates":[[-87.217,41.842],[-87.234,41.768]]}},{"type":"Feature","properties":{},"geometry":{"type":"LineString","coordinates":[[-91.262,43.782],[-91.269,43.726]]}},{"type":"Feature","properties":{},"geometry":{"type":"LineString","coordinates":[[-91.262,43.781],[-91.269,43.726]]}},{"type":"Feature","properties":{},"geometry":{"type":"LineString","coordinates":[[-89.564,36.501],[-89.492,36.501]]}},{"type":"Feature","properties":{},"geometry":{"type":"LineString","coordinates":[[-79.157,-2.196],[-79.124,-2.143]]}},{"type":"Feature","properties":{},"geometry":{"type":"LineString","coordinates":[[-89.564,36.501],[-89.492,36.501]]}},{"type":"Feature","properties":{},"geometry":{"type":"LineString","coordinates":[[-102.667,25.074],[-102.829,24.862],[-102.809,24.696]]}},{"type":"Feature","properties":{},"geometry":{"type":"LineString","coordinates":[[-114.058,48.998],[-114.059,48.997]]}},{"type":"Feature","properties":{},"geometry":{"type":"LineString","coordinates":[[-100,34.581],[-99.999,34.58]]}},{"type":"Feature","properties":{},"geometry":{"type":"LineString","coordinates":[[128.997,-14.881],[128.99,-31.69]]}},{"type":"Feature","properties":{},"geometry":{"type":"LineString","coordinates":[[128.996,-26],[141.001,-26.006]]}},{"type":"Feature","properties":{},"geometry":{"type":"LineString","coordinates":[[137.996,-16.545],[137.999,-26.002]]}},{"type":"Feature","properties":{},"geometry":{"type":"LineString","coordinates":[[141.001,-26.006],[140.969,-38.06]]}},{"type":"Feature","properties":{},"geometry":{"type":"LineString","coordinates":[[153.553,-28.169],[153.483,-28.16],[153.357,-28.252],[153.193,-28.253],[153.108,-28.358],[152.856,-28.315],[152.747,-28.363],[152.616,-28.276],[152.579,-28.338],[152.528,-28.265],[152.469,-28.264],[152.384,-28.373],[152.068,-28.469],[152.011,-28.529],[151.959,-28.514],[151.997,-28.651],[152.073,-28.713],[152.004,-28.915],[151.847,-28.916],[151.825,-28.974],[151.724,-28.875],[151.595,-28.931],[151.394,-29.181],[151.314,-29.17],[151.28,-29.107],[151.273,-28.943],[151.048,-28.852],[151.006,-28.743],[150.765,-28.641],[150.438,-28.666],[150.288,-28.54],[149.696,-28.64],[149.591,-28.577],[149.487,-28.584],[149.393,-28.697],[149.094,-28.841],[148.967,-29.003],[141,-29.007]]}},{"type":"Feature","properties":{},"geometry":{"type":"LineString","coordinates":[[149.145,-35.595],[149.083,-35.591],[149.11,-35.705],[149.055,-35.918],[148.964,-35.9],[148.888,-35.817],[148.888,-35.724],[148.847,-35.754],[148.773,-35.656],[148.806,-35.322],[149.122,-35.127],[149.206,-35.225],[149.401,-35.327],[149.204,-35.351],[149.14,-35.433],[149.145,-35.595]]}},{"type":"Feature","properties":{},"geometry":{"type":"LineString","coordinates":[[141,-34],[141.025,-34.059],[141.241,-34.071],[141.329,-34.137],[141.499,-34.162],[141.524,-34.213],[141.699,-34.102],[141.935,-34.14],[142.041,-34.104],[142.087,-34.177],[142.22,-34.186],[142.289,-34.329],[142.397,-34.341],[142.364,-34.505],[142.472,-34.6],[142.518,-34.761],[142.638,-34.79],[142.619,-34.74],[142.699,-34.73],[142.702,-34.608],[142.797,-34.556],[142.881,-34.684],[143.119,-34.686],[143.348,-34.802],[143.32,-34.985],[143.396,-35.196],[143.562,-35.239],[143.565,-35.338],[143.642,-35.402],[143.752,-35.393],[144.047,-35.558],[144.351,-35.78],[144.521,-36.003],[144.726,-36.12],[144.981,-36.074],[144.931,-35.994],[144.968,-35.87],[145.107,-35.83],[145.363,-35.87],[145.541,-35.833],[145.817,-35.996],[145.91,-35.96],[145.964,-36.012],[146.183,-36.046],[146.373,-36.051],[146.426,-35.971],[146.608,-35.983],[146.654,-36.034],[146.947,-36.116],[147.04,-36.115],[147.103,-36.022],[147.333,-36.057],[147.406,-35.952],[147.498,-35.951],[147.551,-36.003],[147.709,-35.937],[147.908,-36.003],[148.035,-36.149],[148.04,-36.386],[148.122,-36.463],[148.135,-36.563],[148.219,-36.603],[148.105,-36.795],[148.2,-36.795],[149.978,-37.505]]}},{"type":"Feature","properties":{},"geometry":{"type":"LineString","coordinates":[[-94.802,60],[-102,60],[-102,64.233],[-109.333,64.833],[-110.667,65.5],[-112.5,65.5],[-120.681,68],[-120.681,69.557]]}},{"type":"Feature","properties":{},"geometry":{"type":"LineString","coordinates":[[-116.583,69.557],[-116.636,69.633],[-117.144,69.889],[-117.117,70],[-112.883,70],[-112.883,69.833],[-112.65,69.833],[-112.5,69.9],[-112.5,70],[-110,70],[-110,72.445]]}}]}